year,doy,hod,A(pmax),E(pmax),Ci(pmax),gs(pmax),Pleaf(pmax),Tleaf(pmax),Rublim(pmax),ksc(pmax),VCsun(pmax),VCsha(pmax),Eci(pmax),Es(pmax),sw(pmax),Ps(pmax)
[-],[-],[h],[umol m-2 s-1],[mmol m-2 s-1],[Pa],[mol m-2 s-1],[MPa],[degC],[-],[mmol m-2 s-1 MPa-1],[-],[-],[mmol m-2 s-1],[mmol m-2 s-1],[m3 m-3],[MPa]
2016.0,303.0,0.0,0.0,0.0,0.0,0.0,0.0,0.0,0.0,6.010651,1.0,1.0,0.0,0.0,0.112,-0.03564977988411399
2016.0,303.0,0.5,0.0,0.0,0.0,0.0,0.0,0.0,0.0,6.010651,1.0,1.0,0.0,0.0,0.112,-0.03564977988411399
2016.0,303.0,1.0,0.0,0.0,0.0,0.0,0.0,0.0,0.0,6.010651,1.0,1.0,0.0,0.0,0.112,-0.03564977988411399
2016.0,303.0,1.5,0.0,0.0,0.0,0.0,0.0,0.0,0.0,6.010651,1.0,1.0,0.0,0.0,0.112,-0.03564977988411399
2016.0,303.0,2.0,0.0,0.0,0.0,0.0,0.0,0.0,0.0,6.010651,1.0,1.0,0.0,0.0,0.112,-0.03564977988411399
2016.0,303.0,2.5,0.0,0.0,0.0,0.0,0.0,0.0,0.0,6.010651,1.0,1.0,0.0,0.0,0.112,-0.03564977988411399
2016.0,303.0,3.0,0.0,0.0,0.0,0.0,0.0,0.0,0.0,6.010651,1.0,1.0,0.0,0.0,0.112,-0.03564977988411399
2016.0,303.0,3.5,0.0,0.0,0.0,0.0,0.0,0.0,0.0,6.010651,1.0,1.0,0.0,0.0,0.112,-0.03564977988411399
2016.0,303.0,4.0,0.0,0.0,0.0,0.0,0.0,0.0,0.0,6.010651,1.0,1.0,0.0,0.0,0.112,-0.03564977988411399
2016.0,303.0,4.5,0.0,0.0,0.0,0.0,0.0,0.0,0.0,6.010651,1.0,1.0,0.0,0.0,0.112,-0.03564977988411399
2016.0,303.0,5.0,0.0,0.0,0.0,0.0,0.0,0.0,0.0,6.010651,1.0,1.0,0.0,0.0,0.112,-0.03564977988411399
2016.0,303.0,5.5,0.0,0.0,0.0,0.0,0.0,0.0,0.0,6.010651,1.0,1.0,0.0,0.0,0.112,-0.03564977988411399
2016,303,6.0,-2.2852415631349077,0.40034290651200083,21.94115544631624,0.058122724529427246,-0.03564977988411399,19.25240947219234,False,6.01063392215407,0.999997158736062,0.999997158736062,0.0,0.0,0.112,-0.03564977988411399
2016,303,6.5,-1.7523855144021396,0.5060311913034732,22.387218900562715,0.0761692691177765,-0.0736070598378821,19.67101924595339,False,6.01063392215407,0.9999814616268387,0.9999814616268387,0.0,0.0,0.112,-0.03564977988411399
2016,303,7.0,-1.1474566192863294,0.33138822825249925,21.336347846903244,0.054436338247604216,-0.03673320302919571,19.74669653009775,False,6.010632546886653,0.9999969299309929,0.9999969299309929,0.0,0.003650374619603474,0.1115,-0.03673320302919571
2016,303,7.5,0.7535624668208785,0.5677493064646207,23.102949561528433,0.09808574126114133,-0.07580084557015776,19.92056546915348,False,6.010631053928128,0.9999799982515537,0.9999799982515537,0.0,0.01866849096374706,0.111,-0.037854645342310235
2016,303,8.0,3.0018706079139967,0.7713798328590395,24.890055635513036,0.13023241851517695,-0.07580084557015776,21.031417196828883,False,6.010631053928128,0.9999799982515537,0.9999799982515537,0.0,0.04177000339175591,0.111,-0.037854645342310235
2016,303,8.5,3.1354208880178205,0.835345583313391,25.66426100171466,0.169112070731288,-0.07580084557015776,21.169939234504128,False,6.010631053928128,0.9999799982515537,0.9999799982515537,0.0,0.04456911876386062,0.111,-0.037854645342310235
2016,303,9.0,29.252115368843025,3.4449546633389905,37.587821148306354,0.43871009010938244,-0.18963944625370036,24.152482778329667,False,6.010631053928128,0.9997855490459115,0.9997855490459115,0.0,0.34953314992489865,0.111,-0.037854645342310235
2016,303,9.5,29.419919480823022,6.579132835957035,38.96533670940276,0.5837336019981761,-0.3414242471650905,24.443477376287433,False,6.010631053928128,0.9990186958460769,0.9990186958460769,0.0,0.3371133478128862,0.111,-0.037854645342310235
2016,303,10.0,20.108272544878083,7.36998157121062,39.46978971075532,0.42527904823648244,-0.37937044739293807,25.713593078958834,False,6.010631053928128,0.9987113244197088,0.9987113244197088,0.0,0.2216814912758102,0.111,-0.037854645342310235
2016,303,10.5,25.58638755015159,7.673746112338712,38.01231644901266,0.3978447682588018,-0.37937044739293807,26.505622331548594,False,6.010631053928128,0.9987113244197088,0.9987113244197088,0.0,0.3070574843358294,0.111,-0.037854645342310235
2016,303,11.0,6.158894327293208,4.129319382674919,28.586809608382936,0.2151527598115901,-0.2275856464815479,25.462495381855277,False,6.010631053928128,0.9996562555701132,0.9996562555701132,0.0,0.09219015438544031,0.111,-0.037854645342310235
2016,303,11.5,3.6337395233869625,1.9629702295504754,23.842720982033395,0.09377086400777246,-0.11374704579800529,26.06851313284973,False,6.010631053928128,0.9999428431892257,0.9999428431892257,0.0,0.07485982086878933,0.111,-0.037854645342310235
2016,303,12.0,-1.385940065493255,2.7443444915094206,23.926765213211354,0.20708648270876195,-0.15169324602585282,24.858274157838586,False,6.010631053928128,0.9998796344145388,0.9998796344145388,0.0,0.01974290856366594,0.111,-0.037854645342310235
2016.0,303.0,12.5,0.0,0.0,0.0,0.0,0.0,0.0,0.0,6.010631053928128,0.9998796344145388,0.9998796344145388,0.0,0.01083015316745983,0.11,-0.040217713132218724
2016,303,13.0,-0.1688776759673618,1.4939824694179729,23.750720083877066,0.13112326351565373,-0.11608636416288959,24.848159812250252,False,6.01062767123044,0.9999397524226272,0.9999397524226272,0.0,0.033236354612020506,0.11,-0.040217713132218724
2016,303,13.5,-1.81542753513791,0.044306552378088615,10.515705949096795,0.00270893975856675,-0.040217713132218724,25.95159754280789,False,6.01062767123044,0.999996118761585,0.999996118761585,0.0,0.06515875818366826,0.11,-0.040217713132218724
2016,303,14.0,0.5404505330466862,2.546261610368504,24.500709857265825,0.23633366588092572,-0.15402068967822502,24.94502492417491,False,6.01062767123044,0.9998747986717622,0.9998747986717622,0.0,0.039691762269428686,0.11,-0.040217713132218724
2016.0,303.0,14.5,0.0,0.0,0.0,0.0,0.0,0.0,0.0,6.01062767123044,0.9998747986717622,0.9998747986717622,0.0,0.005566401644582514,0.11,-0.040217713132218724
2016.0,303.0,15.0,0.0,0.0,0.0,0.0,0.0,0.0,0.0,6.01062767123044,0.9998747986717622,0.9998747986717622,0.0,0.0006936754898177936,0.11,-0.040217713132218724
2016,303,15.5,0.7246121113691757,1.1260580372319862,23.12990971759109,0.128013587154019,-0.07815203864755416,23.95805503137416,False,6.01062767123044,0.9999783534840815,0.9999783534840815,0.0,0.03672190360069857,0.11,-0.040217713132218724
2016,303,16.0,-1.2168889105846423,0.9933264408936743,22.360094745150192,0.1055593316390255,-0.07815203864755416,24.21949786984247,False,6.01062767123044,0.9999783534840815,0.9999783534840815,0.0,0.02118336963740476,0.11,-0.040217713132218724
2016,303,16.5,-2.643848335088014,1.0418921714842964,22.643060239231943,0.12333943931299456,-0.07815203864755416,24.264480421000542,False,6.01062767123044,0.9999783534840815,0.9999783534840815,0.0,0.010420701674549662,0.11,-0.040217713132218724
2016.0,303.0,17.0,0.0,0.0,0.0,0.0,0.0,0.0,0.0,6.01062767123044,0.9999783534840815,0.9999783534840815,0.0,0.004038136298296049,0.11,-0.040217713132218724
2016.0,303.0,17.5,0.0,0.0,0.0,0.0,0.0,0.0,0.0,6.01062767123044,0.9999783534840815,0.9999783534840815,0.0,0.0,0.11,-0.040217713132218724
2016.0,303.0,18.0,0.0,0.0,0.0,0.0,0.0,0.0,0.0,6.01062767123044,0.9999783534840815,0.9999783534840815,0.0,0.0,0.109,-0.04275193063584228
2016.0,303.0,18.5,0.0,0.0,0.0,0.0,0.0,0.0,0.0,6.01062767123044,0.9999783534840815,0.9999783534840815,0.0,0.0,0.109,-0.04275193063584228
2016.0,303.0,19.0,0.0,0.0,0.0,0.0,0.0,0.0,0.0,6.01062767123044,0.9999783534840815,0.9999783534840815,0.0,0.0,0.109,-0.04275193063584228
2016.0,303.0,19.5,0.0,0.0,0.0,0.0,0.0,0.0,0.0,6.01062767123044,0.9999783534840815,0.9999783534840815,0.0,0.0,0.109,-0.04275193063584228
2016.0,303.0,20.0,0.0,0.0,0.0,0.0,0.0,0.0,0.0,6.01062767123044,0.9999783534840815,0.9999783534840815,0.0,0.0,0.109,-0.04275193063584228
2016.0,303.0,20.5,0.0,0.0,0.0,0.0,0.0,0.0,0.0,6.01062767123044,0.9999783534840815,0.9999783534840815,0.0,0.0,0.109,-0.04275193063584228
2016.0,303.0,21.0,0.0,0.0,0.0,0.0,0.0,0.0,0.0,6.01062767123044,0.9999783534840815,0.9999783534840815,0.0,0.0,0.109,-0.04275193063584228
2016.0,303.0,21.5,0.0,0.0,0.0,0.0,0.0,0.0,0.0,6.01062767123044,0.9999783534840815,0.9999783534840815,0.0,0.0,0.109,-0.04275193063584228
2016.0,303.0,22.0,0.0,0.0,0.0,0.0,0.0,0.0,0.0,6.01062767123044,0.9999783534840815,0.9999783534840815,0.0,0.0,0.109,-0.04275193063584228
2016.0,303.0,22.5,0.0,0.0,0.0,0.0,0.0,0.0,0.0,6.01062767123044,0.9999783534840815,0.9999783534840815,0.0,0.0,0.109,-0.04275193063584228
2016.0,303.0,23.0,0.0,0.0,0.0,0.0,0.0,0.0,0.0,6.01062767123044,0.9999783534840815,0.9999783534840815,0.0,0.0,0.109,-0.04275193063584228
2016.0,303.0,23.5,0.0,0.0,0.0,0.0,0.0,0.0,0.0,6.01062767123044,0.9999783534840815,0.9999783534840815,0.0,0.0,0.109,-0.04275193063584228
2016.0,304.0,0.0,0.0,0.0,0.0,0.0,0.0,0.0,0.0,6.01062767123044,0.9999783534840815,0.9999783534840815,0.0,0.0,0.109,-0.04275193063584228
2016.0,304.0,0.5,0.0,0.0,0.0,0.0,0.0,0.0,0.0,6.01062767123044,0.9999783534840815,0.9999783534840815,0.0,0.0,0.109,-0.04275193063584228
2016.0,304.0,1.0,0.0,0.0,0.0,0.0,0.0,0.0,0.0,6.01062767123044,0.9999783534840815,0.9999783534840815,0.0,0.0,0.109,-0.04275193063584228
2016.0,304.0,1.5,0.0,0.0,0.0,0.0,0.0,0.0,0.0,6.01062767123044,0.9999783534840815,0.9999783534840815,0.0,0.0,0.109,-0.04275193063584228
2016.0,304.0,2.0,0.0,0.0,0.0,0.0,0.0,0.0,0.0,6.01062767123044,0.9999783534840815,0.9999783534840815,0.0,0.0,0.109,-0.04275193063584228
2016.0,304.0,2.5,0.0,0.0,0.0,0.0,0.0,0.0,0.0,6.01062767123044,0.9999783534840815,0.9999783534840815,0.0,0.0,0.109,-0.04275193063584228
2016.0,304.0,3.0,0.0,0.0,0.0,0.0,0.0,0.0,0.0,6.01062767123044,0.9999783534840815,0.9999783534840815,0.0,0.0,0.109,-0.04275193063584228
2016.0,304.0,3.5,0.0,0.0,0.0,0.0,0.0,0.0,0.0,6.01062767123044,0.9999783534840815,0.9999783534840815,0.0,0.0,0.109,-0.04275193063584228
2016.0,304.0,4.0,0.0,0.0,0.0,0.0,0.0,0.0,0.0,6.01062767123044,0.9999783534840815,0.9999783534840815,0.0,0.0,0.109,-0.04275193063584228
2016.0,304.0,4.5,0.0,0.0,0.0,0.0,0.0,0.0,0.0,6.01062767123044,0.9999783534840815,0.9999783534840815,0.0,0.0,0.1085,-0.04408758946698625
2016,304,5.0,-2.798214304780188,0.3293040829879568,10.394444495825557,0.047776023105205526,-0.04547143795776919,18.976525369406847,False,6.010618949404005,0.9999946676997226,0.9999946676997226,0.0,0.0,0.108,-0.04547143795776919
2016,304,5.5,-1.054734813105892,0.5247366661037597,29.724595867885682,0.07626353591853181,-0.08337936284584055,19.680881365125245,False,6.010618949404005,0.999974406462005,0.999974406462005,0.0,0.0033922236921889357,0.108,-0.04547143795776919
2016,304,6.0,0.4703418668463333,0.7067600773727312,24.37134459890066,0.11209558024805212,-0.08337936284584055,20.47654706727382,False,6.010618949404005,0.999974406462005,0.999974406462005,0.0,0.01933736178389494,0.108,-0.04547143795776919
2016,304,6.5,2.17006856364473,0.9576734520358072,26.24833808731219,0.13850302525904928,-0.08337936284584055,22.076060984379318,False,6.010618949404005,0.999974406462005,0.999974406462005,0.0,0.03975448215293642,0.108,-0.04547143795776919
2016,304,7.0,6.445201512210387,2.283383317110306,42.171405695590934,0.4514042329957382,-0.15919521262198327,23.152155638474888,False,6.010618949404005,0.9998636255468792,0.9998636255468792,0.0,0.0760740811424286,0.108,-0.04547143795776919
2016,304,7.5,9.452615308400059,4.906253476608294,42.443946544533674,0.8193801412348826,-0.27291898728619735,23.4216379684144,False,6.010618949404005,0.9994501048370308,0.9994501048370308,0.0,0.1019690608808685,0.108,-0.04547143795776919
2016,304,8.0,9.357703770835704,5.17296240998148,35.605970573577736,0.5814184585312951,-0.27291898728619735,24.27037995018717,False,6.010618949404005,0.9994501048370308,0.9994501048370308,0.0,0.10200028333608867,0.108,-0.04547143795776919
2016,304,8.5,12.851027099320584,5.1511948212743475,40.43874218391888,0.36777450292096986,-0.27291898728619735,25.740321136765104,False,6.010618949404005,0.9994501048370308,0.9994501048370308,0.0,0.14811243756859443,0.108,-0.04547143795776919
2016,304,9.0,12.153795102172769,5.173179329650684,40.15040760636155,0.3058469976528946,-0.27291898728619735,26.537726317951474,False,6.010618949404005,0.9994501048370308,0.9994501048370308,0.0,0.1430985966407729,0.108,-0.04547143795776919
2016,304,9.5,7.782248690272894,4.499898003723315,28.810483754989015,0.23100517324597547,-0.23501106239812597,27.329995035923744,False,6.010618949404005,0.9996264906389238,0.9996264906389238,0.0,0.12604130199741886,0.108,-0.04547143795776919
2016,304,10.0,6.4569093642179265,2.247800330384424,24.163739349320124,0.09031319805742485,-0.15919521262198327,28.940957298494475,False,6.010618949404005,0.9998636255468792,0.9998636255468792,0.0,0.14648868096969306,0.108,-0.04547143795776919
2016,304,10.5,5.692989060311211,3.532845145382567,25.48186626730734,0.1444412744481708,-0.1971031375100546,29.1593427327292,False,6.010618949404005,0.9997630293718759,0.9997630293718759,0.0,0.1289368157557561,0.108,-0.04547143795776919
2016,304,11.0,2.3120182475610176,3.0093082096764436,23.625969238578314,0.11947229130068543,-0.19850832524435774,29.35423336729837,False,6.0106162686778735,0.9997586345619869,0.9997586345619869,0.0,0.09066865338488805,0.1075,-0.046905450055852886
2016,304,11.5,1.8102125745286193,3.4074085645366865,23.583462234428584,0.12257035360093357,-0.19996469130804542,30.09142957730249,False,6.010613349638567,0.9997540273105249,0.9997540273105249,0.0,0.09167233948103569,0.107,-0.048391690295205986
2016,304,12.0,1.346832727309371,4.145348376650416,23.955935291548386,0.14700437756625462,-0.23785794156125528,30.278444859903974,False,6.010613349638567,0.9996146747368075,0.9996146747368075,0.0,0.08675535213232541,0.107,-0.048391690295205986
2016,304,12.5,0.28644021746861537,5.323382023174249,24.04826257801705,0.18212725889315817,-0.27575119181446517,30.629043855254107,False,6.010613349638567,0.9994352242264815,0.9994352242264815,0.0,0.07405752003707436,0.107,-0.048391690295205986
2016,304,13.0,-1.4790724039839658,5.496406994810801,23.538648959325815,0.18782603483134536,-0.31364444206767494,30.141077753778248,False,6.010613349638567,0.9992120555803398,0.9992120555803398,0.0,0.04717207480420496,0.107,-0.048391690295205986
2016.0,304.0,13.5,0.0,0.0,0.0,0.0,0.0,0.0,0.0,6.010613349638567,0.9992120555803398,0.9992120555803398,0.0,0.037880093731498865,0.107,-0.048391690295205986
2016.0,304.0,14.0,0.0,0.0,0.0,0.0,0.0,0.0,0.0,6.010613349638567,0.9992120555803398,0.9992120555803398,0.0,0.03234795292551713,0.1065,-0.04993231840392216
2016.0,304.0,14.5,0.0,0.0,0.0,0.0,0.0,0.0,0.0,6.010613349638567,0.9992120555803398,0.9992120555803398,0.0,0.03864280953940689,0.106,-0.05152959416956806
2016.0,304.0,15.0,0.0,0.0,0.0,0.0,0.0,0.0,0.0,6.010613349638567,0.9992120555803398,0.9992120555803398,0.0,0.016024592554375116,0.106,-0.05152959416956806
2016.0,304.0,15.5,0.0,0.0,0.0,0.0,0.0,0.0,0.0,6.010613349638567,0.9992120555803398,0.9992120555803398,0.0,0.0,0.106,-0.05152959416956806
2016.0,304.0,16.0,0.0,0.0,0.0,0.0,0.0,0.0,0.0,6.010613349638567,0.9992120555803398,0.9992120555803398,0.0,0.0,0.106,-0.05152959416956806
2016.0,304.0,16.5,0.0,0.0,0.0,0.0,0.0,0.0,0.0,6.010613349638567,0.9992120555803398,0.9992120555803398,0.0,0.0,0.106,-0.05152959416956806
2016.0,304.0,17.0,0.0,0.0,0.0,0.0,0.0,0.0,0.0,6.010613349638567,0.9992120555803398,0.9992120555803398,0.0,0.0,0.106,-0.05152959416956806
2016.0,304.0,17.5,0.0,0.0,0.0,0.0,0.0,0.0,0.0,6.010613349638567,0.9992120555803398,0.9992120555803398,0.0,0.0,0.106,-0.05152959416956806
2016.0,304.0,18.0,0.0,0.0,0.0,0.0,0.0,0.0,0.0,6.010613349638567,0.9992120555803398,0.9992120555803398,0.0,0.0,0.1055,-0.053185882577760246
2016.0,304.0,18.5,0.0,0.0,0.0,0.0,0.0,0.0,0.0,6.010613349638567,0.9992120555803398,0.9992120555803398,0.0,0.0,0.106,-0.05152959416956806
2016.0,304.0,19.0,0.0,0.0,0.0,0.0,0.0,0.0,0.0,6.010613349638567,0.9992120555803398,0.9992120555803398,0.0,0.0,0.106,-0.05152959416956806
2016.0,304.0,19.5,0.0,0.0,0.0,0.0,0.0,0.0,0.0,6.010613349638567,0.9992120555803398,0.9992120555803398,0.0,0.0,0.105,-0.05490365924070806
2016.0,304.0,20.0,0.0,0.0,0.0,0.0,0.0,0.0,0.0,6.010613349638567,0.9992120555803398,0.9992120555803398,0.0,0.0,0.105,-0.05490365924070806
2016.0,304.0,20.5,0.0,0.0,0.0,0.0,0.0,0.0,0.0,6.010613349638567,0.9992120555803398,0.9992120555803398,0.0,0.0,0.105,-0.05490365924070806
2016.0,304.0,21.0,0.0,0.0,0.0,0.0,0.0,0.0,0.0,6.010613349638567,0.9992120555803398,0.9992120555803398,0.0,0.0,0.105,-0.05490365924070806
2016.0,304.0,21.5,0.0,0.0,0.0,0.0,0.0,0.0,0.0,6.010613349638567,0.9992120555803398,0.9992120555803398,0.0,0.0,0.105,-0.05490365924070806
2016.0,304.0,22.0,0.0,0.0,0.0,0.0,0.0,0.0,0.0,6.010613349638567,0.9992120555803398,0.9992120555803398,0.0,0.0,0.105,-0.05490365924070806
2016.0,304.0,22.5,0.0,0.0,0.0,0.0,0.0,0.0,0.0,6.010613349638567,0.9992120555803398,0.9992120555803398,0.0,0.0,0.105,-0.05490365924070806
2016.0,304.0,23.0,0.0,0.0,0.0,0.0,0.0,0.0,0.0,6.010613349638567,0.9992120555803398,0.9992120555803398,0.0,0.0,0.105,-0.05490365924070806
2016.0,304.0,23.5,0.0,0.0,0.0,0.0,0.0,0.0,0.0,6.010613349638567,0.9992120555803398,0.9992120555803398,0.0,0.0,0.105,-0.05490365924070806
2016.0,305.0,0.0,0.0,0.0,0.0,0.0,0.0,0.0,0.0,6.010613349638567,0.9992120555803398,0.9992120555803398,0.0,0.0,0.105,-0.05490365924070806
2016.0,305.0,0.5,0.0,0.0,0.0,0.0,0.0,0.0,0.0,6.010613349638567,0.9992120555803398,0.9992120555803398,0.0,0.0,0.105,-0.05490365924070806
2016.0,305.0,1.0,0.0,0.0,0.0,0.0,0.0,0.0,0.0,6.010613349638567,0.9992120555803398,0.9992120555803398,0.0,0.0,0.105,-0.05490365924070806
2016.0,305.0,1.5,0.0,0.0,0.0,0.0,0.0,0.0,0.0,6.010613349638567,0.9992120555803398,0.9992120555803398,0.0,0.0,0.105,-0.05490365924070806
2016.0,305.0,2.0,0.0,0.0,0.0,0.0,0.0,0.0,0.0,6.010613349638567,0.9992120555803398,0.9992120555803398,0.0,0.0,0.105,-0.05490365924070806
2016.0,305.0,2.5,0.0,0.0,0.0,0.0,0.0,0.0,0.0,6.010613349638567,0.9992120555803398,0.9992120555803398,0.0,0.0,0.105,-0.05490365924070806
2016.0,305.0,3.0,0.0,0.0,0.0,0.0,0.0,0.0,0.0,6.010613349638567,0.9992120555803398,0.9992120555803398,0.0,0.0,0.105,-0.05490365924070806
2016.0,305.0,3.5,0.0,0.0,0.0,0.0,0.0,0.0,0.0,6.010613349638567,0.9992120555803398,0.9992120555803398,0.0,0.0,0.105,-0.05490365924070806
2016.0,305.0,4.0,0.0,0.0,0.0,0.0,0.0,0.0,0.0,6.010613349638567,0.9992120555803398,0.9992120555803398,0.0,0.0,0.105,-0.05490365924070806
2016.0,305.0,4.5,0.0,0.0,0.0,0.0,0.0,0.0,0.0,6.010613349638567,0.9992120555803398,0.9992120555803398,0.0,0.0,0.105,-0.05490365924070806
2016,305,5.0,-3.134112463270908,0.5664528491331019,6.551491217559796,0.03910911332937884,-0.09276418603188022,19.503495434729572,False,6.010598806365899,0.9999662739866642,0.9999662739866642,0.0,0.0,0.105,-0.05490365924070806
2016,305,5.5,-1.0687336321718879,0.8634306939959864,21.439904648784186,0.07265061212718518,-0.09276418603188022,18.207121734893512,False,6.010598806365899,0.9999662739866642,0.9999662739866642,0.0,0.0,0.105,-0.05490365924070806
2016,305,6.0,6.223587640557833,1.7485234868969244,35.50103664907161,0.14076116575120226,-0.134218733718229,19.458970341422386,False,6.010589403204062,0.999912299918301,0.999912299918301,0.0,0.04572374443957685,0.104,-0.05853416765766311
2016,305,6.5,12.356872728390538,2.644117068732067,34.23034913053847,0.2021796913609307,-0.17206101674851196,20.574644101514508,False,6.010589403204062,0.9998332577789228,0.9998332577789228,0.0,0.10683950826401487,0.104,-0.05853416765766311
2016,305,7.0,12.885403530565979,4.743739903374809,38.77205252273177,0.307102346552045,-0.2855878658393608,20.19122629202367,False,6.010589403204062,0.9993816344118569,0.9993816344118569,0.0,0.09543638344366431,0.104,-0.05853416765766311
2016,305,7.5,15.36507848278293,6.212779722106668,38.91663982510736,0.3425528562150188,-0.3234301488696438,20.88335312736338,False,6.010589403204062,0.9991468996748174,0.9991468996748174,0.0,0.11607585353332159,0.104,-0.05853416765766311
2016,305,8.0,20.690794199782935,6.336422279598063,36.297810415832494,0.28513484131309125,-0.3612724318999267,21.63266573423929,False,6.010589403204062,0.9988643164376025,0.9988643164376025,0.0,0.16998693867457576,0.104,-0.05853416765766311
2016,305,8.5,27.920725254575668,8.047564880549766,35.10881623896053,0.3297888527287479,-0.4369569979604926,22.69805268368747,False,6.010589403204062,0.998143049243504,0.998143049243504,0.0,0.28598541614426193,0.104,-0.05853416765766311
2016,305,9.0,29.870189177889557,7.849071925320621,34.00444541758963,0.29536097994841815,-0.3991147149302096,23.255527150961086,False,6.010589403204062,0.9985307087549957,0.9985307087549957,0.0,0.3306125080157569,0.104,-0.05853416765766311
2016,305,9.5,28.999008215142553,9.486914529377529,35.47445089226356,0.3300973295879507,-0.47661153428684255,26.076766848249704,False,6.0105840441986365,0.9976756733974097,0.9976756733974097,0.0,0.34344859715993664,0.1035,-0.06045245705084043
2016,305,10.0,23.288313709261672,7.591729796451227,34.61908474891436,0.22450239646915898,-0.4028471126524263,26.62604701124942,False,6.010578189546766,0.998494924537477,0.998494924537477,0.0,0.24642567238940044,0.103,-0.0624433631667216
2016,305,10.5,28.003331462392346,8.238052062731123,33.45117349558318,0.2389258804136469,-0.44066975148417126,26.709556809638514,False,6.010578189546766,0.9981019936602032,0.9981019936602032,0.0,0.3284137068334856,0.103,-0.0624433631667216
2016,305,11.0,19.266145528373677,7.772234979649885,36.41107317300637,0.2255268402559064,-0.4028471126524263,27.316060900872714,False,6.010578189546766,0.998494924537477,0.998494924537477,0.0,0.19991062513287855,0.103,-0.0624433631667216
2016,305,11.5,10.302282110006846,7.490122224412131,39.361613590189535,0.21963941329378797,-0.4028471126524263,27.480403524500613,False,6.010578189546766,0.998494924537477,0.998494924537477,0.0,0.1247894982253279,0.103,-0.0624433631667216
2016,305,12.0,15.248123641014658,7.812880480714321,38.08236423943988,0.23111402380422558,-0.40686890598957987,27.97369319282823,False,6.010564793914822,0.9984557738333506,0.9984557738333506,0.0,0.15786632691607863,0.102,-0.06665566250405618
2016,305,12.5,-1.189404717071052,9.072022648299265,24.15747468195884,0.26917767351886646,-0.4824718489863629,27.71759585999448,False,6.010564793914822,0.9976011036504203,0.9976011036504203,0.0,0.017857268308357013,0.102,-0.06665566250405618
2016,305,13.0,6.660619267616071,7.235949659642853,27.228863133605252,0.19438194779177959,-0.40686890598957987,28.61724564774868,False,6.010564793914822,0.9984557738333506,0.9984557738333506,0.0,0.10093833530110574,0.102,-0.06665566250405618
2016,305,13.5,4.802239363156267,6.898106905627294,25.543664544251104,0.18032606358215353,-0.36906743449118834,28.04913644691563,False,6.010564793914822,0.9987998720024465,0.9987998720024465,0.0,0.07442648722965467,0.102,-0.06665566250405618
2016,305,14.0,6.735607819149943,9.433470740879637,27.827573685335622,0.2628131230862534,-0.4845767835785378,27.713239953242113,False,6.010557140102328,0.9975739669787113,0.9975739669787113,0.0,0.08559175350705545,0.1015,-0.06888375816279445
2016,305,14.5,22.521381030906415,9.65590198773512,36.85570574063345,0.3200577589368464,-0.5245416466498215,27.278157727082874,False,6.01054876381481,0.9970227452398882,0.9970227452398882,0.0,0.2311662414897653,0.101,-0.07119789195244307
2016,305,15.0,13.85600023363281,2.335289938403233,27.41878726833695,0.07593769579099564,-0.1845338306267877,25.911480329677506,False,6.01054876381481,0.9998001667511797,0.9998001667511797,0.0,0.1475614984270022,0.101,-0.07119789195244307
2016.0,305.0,15.5,0.0,0.0,0.0,0.0,0.0,0.0,0.0,6.01054876381481,0.9998001667511797,0.9998001667511797,0.0,0.0,0.101,-0.07119789195244307
2016,305,16.0,-1.6876017852808114,2.7590127295217504,22.925048315752473,0.11499090575580367,-0.1845338306267877,21.761153552688548,False,6.01054876381481,0.9998001667511797,0.9998001667511797,0.0,0.0,0.101,-0.07119789195244307
2016,305,16.5,-1.9925141980877332,3.5548445972492004,23.387431042778108,0.1743512801673125,-0.22231247685156919,21.10898129390377,False,6.01054876381481,0.9996764798857085,0.9996764798857085,0.0,0.0,0.101,-0.07119789195244307
2016,305,17.0,-2.434522836204204,2.6955122834812597,23.0466497337438,0.13595032075763688,-0.18690153541099244,19.9528415334124,False,6.010539592761296,0.9997934665376974,0.9997934665376974,0.0,0.0,0.1005,-0.07360183711599791
2016,305,17.5,-2.4693743596900055,2.2700586347255087,22.991555688207537,0.11896162197027943,-0.18936159664363322,18.818354649030166,False,6.01052954700364,0.9997863608690861,0.9997863608690861,0.0,0.0,0.1,-0.07609955234709746
2016.0,305.0,18.0,0.0,0.0,0.0,0.0,0.0,0.0,0.0,6.01052954700364,0.9997863608690861,0.9997863608690861,0.0,0.0,0.1,-0.07609955234709746
2016.0,305.0,18.5,0.0,0.0,0.0,0.0,0.0,0.0,0.0,6.01052954700364,0.9997863608690861,0.9997863608690861,0.0,0.0,0.1,-0.07609955234709746
2016.0,305.0,19.0,0.0,0.0,0.0,0.0,0.0,0.0,0.0,6.01052954700364,0.9997863608690861,0.9997863608690861,0.0,0.0,0.1,-0.07609955234709746
2016.0,305.0,19.5,0.0,0.0,0.0,0.0,0.0,0.0,0.0,6.01052954700364,0.9997863608690861,0.9997863608690861,0.0,0.0,0.1,-0.07609955234709746
2016.0,305.0,20.0,0.0,0.0,0.0,0.0,0.0,0.0,0.0,6.01052954700364,0.9997863608690861,0.9997863608690861,0.0,0.0,0.1,-0.07609955234709746
2016.0,305.0,20.5,0.0,0.0,0.0,0.0,0.0,0.0,0.0,6.01052954700364,0.9997863608690861,0.9997863608690861,0.0,0.0,0.1,-0.07609955234709746
2016.0,305.0,21.0,0.0,0.0,0.0,0.0,0.0,0.0,0.0,6.01052954700364,0.9997863608690861,0.9997863608690861,0.0,0.0,0.1,-0.07609955234709746
2016.0,305.0,21.5,0.0,0.0,0.0,0.0,0.0,0.0,0.0,6.01052954700364,0.9997863608690861,0.9997863608690861,0.0,0.0,0.1,-0.07609955234709746
2016.0,305.0,22.0,0.0,0.0,0.0,0.0,0.0,0.0,0.0,6.01052954700364,0.9997863608690861,0.9997863608690861,0.0,0.0,0.1,-0.07609955234709746
2016.0,305.0,22.5,0.0,0.0,0.0,0.0,0.0,0.0,0.0,6.01052954700364,0.9997863608690861,0.9997863608690861,0.0,0.0,0.1,-0.07609955234709746
2016.0,305.0,23.0,0.0,0.0,0.0,0.0,0.0,0.0,0.0,6.01052954700364,0.9997863608690861,0.9997863608690861,0.0,0.0,0.1,-0.07609955234709746
2016.0,305.0,23.5,0.0,0.0,0.0,0.0,0.0,0.0,0.0,6.01052954700364,0.9997863608690861,0.9997863608690861,0.0,0.0,0.1,-0.07609955234709746
2016.0,306.0,0.0,0.0,0.0,0.0,0.0,0.0,0.0,0.0,6.01052954700364,0.9997863608690861,0.9997863608690861,0.0,0.0,0.1,-0.07609955234709746
2016.0,306.0,0.5,0.0,0.0,0.0,0.0,0.0,0.0,0.0,6.01052954700364,0.9997863608690861,0.9997863608690861,0.0,0.0,0.099,-0.08139311628306982
2016.0,306.0,1.0,0.0,0.0,0.0,0.0,0.0,0.0,0.0,6.01052954700364,0.9997863608690861,0.9997863608690861,0.0,0.0,0.099,-0.08139311628306982
2016.0,306.0,1.5,0.0,0.0,0.0,0.0,0.0,0.0,0.0,6.01052954700364,0.9997863608690861,0.9997863608690861,0.0,0.0,0.099,-0.08139311628306982
2016.0,306.0,2.0,0.0,0.0,0.0,0.0,0.0,0.0,0.0,6.01052954700364,0.9997863608690861,0.9997863608690861,0.0,0.0,0.099,-0.08139311628306982
2016.0,306.0,2.5,0.0,0.0,0.0,0.0,0.0,0.0,0.0,6.01052954700364,0.9997863608690861,0.9997863608690861,0.0,0.0,0.099,-0.08139311628306982
2016.0,306.0,3.0,0.0,0.0,0.0,0.0,0.0,0.0,0.0,6.01052954700364,0.9997863608690861,0.9997863608690861,0.0,0.0,0.099,-0.08139311628306982
2016.0,306.0,3.5,0.0,0.0,0.0,0.0,0.0,0.0,0.0,6.01052954700364,0.9997863608690861,0.9997863608690861,0.0,0.0,0.099,-0.08139311628306982
2016.0,306.0,4.0,0.0,0.0,0.0,0.0,0.0,0.0,0.0,6.01052954700364,0.9997863608690861,0.9997863608690861,0.0,0.0,0.099,-0.08139311628306982
2016.0,306.0,4.5,0.0,0.0,0.0,0.0,0.0,0.0,0.0,6.01052954700364,0.9997863608690861,0.9997863608690861,0.0,0.0,0.099,-0.08139311628306982
2016,306,5.0,-0.5085374531581491,0.12836344972739924,27.071444114507678,0.03130022341163288,-0.08139311628306982,6.626072586650354,False,6.010506468168368,0.999975954046969,0.999975954046969,0.0,0.0,0.099,-0.08139311628306982
2016,306,5.5,1.27199192494038,0.23915903341284175,35.423569008156605,0.06200913603739096,-0.08139311628306982,6.7629606402431595,False,6.010506468168368,0.999975954046969,0.999975954046969,0.0,0.0,0.099,-0.08139311628306982
2016,306,6.0,8.50230858462927,0.9679641127982338,38.05803584104049,0.23305971290888658,-0.11912053022478289,9.333318236739242,False,6.010506468168368,0.9999355938157335,0.9999355938157335,0.0,0.030290139942839862,0.099,-0.08139311628306982
2016,306,6.5,15.914999252813146,2.913410847622906,40.54280282220509,0.8493011803288395,-0.19457535810820903,11.072928901360818,False,6.010506468168368,0.9997708108681186,0.9997708108681186,0.0,0.08206053774293201,0.099,-0.08139311628306982
2016,306,7.0,14.93200932784862,3.2665331792262515,39.24338259973227,0.37929091230045286,-0.23230277204992206,13.036668564816619,False,6.010506468168368,0.9996375226023864,0.9996375226023864,0.0,0.06710352942712684,0.099,-0.08139311628306982
2016,306,7.5,11.53785074704028,2.974068789473603,33.45814654601765,0.32257278243251497,-0.23230277204992206,13.257703644332967,False,6.010506468168368,0.9996375226023864,0.9996375226023864,0.0,0.04719939496656815,0.099,-0.08139311628306982
2016,306,8.0,16.995065162220342,3.8993477470385067,38.69744398223592,0.31973872458625785,-0.27003018599163514,15.68616720814848,False,6.010506468168368,0.9994650326397176,0.9994650326397176,0.0,0.08641829605800266,0.099,-0.08139311628306982
2016,306,8.5,23.566866528962784,5.323599579671106,36.80925541043369,0.3230052701538811,-0.3077575999333482,18.39855862970804,False,6.010506468168368,0.9992497336326375,0.9992497336326375,0.0,0.1467737789963628,0.099,-0.08139311628306982
2016,306,9.0,29.49157732116373,6.6190844324412135,36.092396584688736,0.3653605263251918,-0.3859044599143781,19.721502617170874,False,6.010493228787108,0.9986531561388565,0.9986531561388565,0.0,0.21663359674335467,0.0985,-0.08419790365177743
2016,306,9.5,29.105191329968882,7.064270382695999,35.857842293209586,0.3368437151029784,-0.3887036735294541,21.105262204938384,False,6.010478699836343,0.9986277537113677,0.9986277537113677,0.0,0.21963331247162501,0.098,-0.08711436181617598
2016,306,10.0,28.079682873506155,7.224085312903435,35.346171033055015,0.29745607306858773,-0.4264023374936139,22.145864764538175,False,6.010478699836343,0.9982567768562718,0.9982567768562718,0.0,0.21584829310106568,0.098,-0.08711436181617598
2016,306,10.5,26.488614076888403,7.144848186762288,34.616234619775625,0.2508460112757607,-0.4264023374936139,24.161132772433255,False,6.010478699836343,0.9982567768562718,0.9982567768562718,0.0,0.22048276639545225,0.098,-0.08711436181617598
2016,306,11.0,17.14286878579299,6.959485736382387,37.363952840358095,0.23022548925265063,-0.3887036735294541,24.900715792704787,False,6.010478699836343,0.9986277537113677,0.9986277537113677,0.0,0.1319096406474747,0.098,-0.08711436181617598
2016,306,11.5,10.363283089568572,7.489577020087259,39.71086997231632,0.23774150332893268,-0.4292983377534065,25.945910227128742,False,6.010462748146665,0.9982260096837957,0.9982260096837957,0.0,0.09300426235320877,0.0975,-0.09014754103564299
2016,306,12.0,7.809537664564161,4.961303804602623,29.975357580941296,0.15238492701514944,-0.31930814686285514,26.46107469252295,False,6.010445226008024,0.9991747319662324,0.9991747319662324,0.0,0.08129208975583783,0.097,-0.09330274757307958
2016,306,12.5,0.09613656178047192,4.388536489867532,23.3947527804819,0.11901042328337273,-0.2816405803145592,28.24662984904012,False,6.010445226008024,0.9994034970134751,0.9994034970134751,0.0,0.029149669173910174,0.097,-0.09330274757307958
2016,306,13.0,6.165817985496305,5.0309680416243525,25.563099612994037,0.13098832314535902,-0.31930814686285514,28.505746141456118,False,6.010445226008024,0.9991747319662324,0.9991747319662324,0.0,0.0853525395356244,0.097,-0.09330274757307958
2016,306,13.5,1.2954873399351934,6.366029594032079,23.986232990107894,0.16648221275940245,-0.39464327995944704,28.155731630056685,False,6.010445226008024,0.998572886279171,0.998572886279171,0.0,0.035916326870012616,0.097,-0.09330274757307958
2016,306,14.0,6.17638459865798,6.548111559507701,26.326888898489962,0.17685398910811778,-0.4010730572508162,27.403325531538727,False,6.01040479658948,0.9985119989837404,0.9985119989837404,0.0,0.06859752978373634,0.096,-0.10000183490806634
2016,306,14.5,20.022290976656976,7.85082451894374,34.91554719251614,0.21296243751493146,-0.43870696004365994,27.749449687145958,False,6.01040479658948,0.9981237666546723,0.9981237666546723,0.0,0.18111970512626072,0.096,-0.10000183490806634
2016,306,15.0,15.290411621055059,5.65208342265166,34.2209365598889,0.15233470199064258,-0.3634391544579725,27.35689589634594,False,6.01040479658948,0.9988466217299605,0.9988466217299605,0.0,0.13220580825909348,0.096,-0.10000183490806634
2016.0,306.0,15.5,0.0,0.0,0.0,0.0,0.0,0.0,0.0,6.01040479658948,0.9988466217299605,0.9988466217299605,0.0,0.0,0.096,-0.10000183490806634
2016.0,306.0,16.0,0.0,0.0,0.0,0.0,0.0,0.0,0.0,6.01040479658948,0.9988466217299605,0.9988466217299605,0.0,0.0,0.096,-0.10000183490806634
2016.0,306.0,16.5,0.0,0.0,0.0,0.0,0.0,0.0,0.0,6.01040479658948,0.9988466217299605,0.9988466217299605,0.0,0.0,0.0955,-0.10355774227718577
2016.0,306.0,17.0,0.0,0.0,0.0,0.0,0.0,0.0,0.0,6.01040479658948,0.9988466217299605,0.9988466217299605,0.0,0.0,0.095,-0.10725976358096488
2016.0,306.0,17.5,0.0,0.0,0.0,0.0,0.0,0.0,0.0,6.01040479658948,0.9988466217299605,0.9988466217299605,0.0,0.0,0.095,-0.10725976358096488
2016.0,306.0,18.0,0.0,0.0,0.0,0.0,0.0,0.0,0.0,6.01040479658948,0.9988466217299605,0.9988466217299605,0.0,0.0,0.095,-0.10725976358096488
2016.0,306.0,18.5,0.0,0.0,0.0,0.0,0.0,0.0,0.0,6.01040479658948,0.9988466217299605,0.9988466217299605,0.0,0.0,0.095,-0.10725976358096488
2016.0,306.0,19.0,0.0,0.0,0.0,0.0,0.0,0.0,0.0,6.01040479658948,0.9988466217299605,0.9988466217299605,0.0,0.0,0.095,-0.10725976358096488
2016.0,306.0,19.5,0.0,0.0,0.0,0.0,0.0,0.0,0.0,6.01040479658948,0.9988466217299605,0.9988466217299605,0.0,0.0,0.095,-0.10725976358096488
2016.0,306.0,20.0,0.0,0.0,0.0,0.0,0.0,0.0,0.0,6.01040479658948,0.9988466217299605,0.9988466217299605,0.0,0.0,0.095,-0.10725976358096488
2016.0,306.0,20.5,0.0,0.0,0.0,0.0,0.0,0.0,0.0,6.01040479658948,0.9988466217299605,0.9988466217299605,0.0,0.0,0.095,-0.10725976358096488
2016.0,306.0,21.0,0.0,0.0,0.0,0.0,0.0,0.0,0.0,6.01040479658948,0.9988466217299605,0.9988466217299605,0.0,0.0,0.095,-0.10725976358096488
2016.0,306.0,21.5,0.0,0.0,0.0,0.0,0.0,0.0,0.0,6.01040479658948,0.9988466217299605,0.9988466217299605,0.0,0.0,0.095,-0.10725976358096488
2016.0,306.0,22.0,0.0,0.0,0.0,0.0,0.0,0.0,0.0,6.01040479658948,0.9988466217299605,0.9988466217299605,0.0,0.0,0.095,-0.10725976358096488
2016.0,306.0,22.5,0.0,0.0,0.0,0.0,0.0,0.0,0.0,6.01040479658948,0.9988466217299605,0.9988466217299605,0.0,0.0,0.095,-0.10725976358096488
2016.0,306.0,23.0,0.0,0.0,0.0,0.0,0.0,0.0,0.0,6.01040479658948,0.9988466217299605,0.9988466217299605,0.0,0.0,0.095,-0.10725976358096488
2016.0,306.0,23.5,0.0,0.0,0.0,0.0,0.0,0.0,0.0,6.01040479658948,0.9988466217299605,0.9988466217299605,0.0,0.0,0.095,-0.10725976358096488
2016.0,307.0,0.0,0.0,0.0,0.0,0.0,0.0,0.0,0.0,6.01040479658948,0.9988466217299605,0.9988466217299605,0.0,0.0,0.095,-0.10725976358096488
2016.0,307.0,0.5,0.0,0.0,0.0,0.0,0.0,0.0,0.0,6.01040479658948,0.9988466217299605,0.9988466217299605,0.0,0.0,0.094,-0.11512978840235837
2016.0,307.0,1.0,0.0,0.0,0.0,0.0,0.0,0.0,0.0,6.01040479658948,0.9988466217299605,0.9988466217299605,0.0,0.0,0.094,-0.11512978840235837
2016.0,307.0,1.5,0.0,0.0,0.0,0.0,0.0,0.0,0.0,6.01040479658948,0.9988466217299605,0.9988466217299605,0.0,0.0,0.094,-0.11512978840235837
2016.0,307.0,2.0,0.0,0.0,0.0,0.0,0.0,0.0,0.0,6.01040479658948,0.9988466217299605,0.9988466217299605,0.0,0.0,0.094,-0.11512978840235837
2016.0,307.0,2.5,0.0,0.0,0.0,0.0,0.0,0.0,0.0,6.01040479658948,0.9988466217299605,0.9988466217299605,0.0,0.0,0.094,-0.11512978840235837
2016.0,307.0,3.0,0.0,0.0,0.0,0.0,0.0,0.0,0.0,6.01040479658948,0.9988466217299605,0.9988466217299605,0.0,0.0,0.094,-0.11512978840235837
2016.0,307.0,3.5,0.0,0.0,0.0,0.0,0.0,0.0,0.0,6.01040479658948,0.9988466217299605,0.9988466217299605,0.0,0.0,0.094,-0.11512978840235837
2016.0,307.0,4.0,0.0,0.0,0.0,0.0,0.0,0.0,0.0,6.01040479658948,0.9988466217299605,0.9988466217299605,0.0,0.0,0.094,-0.11512978840235837
2016.0,307.0,4.5,0.0,0.0,0.0,0.0,0.0,0.0,0.0,6.01040479658948,0.9988466217299605,0.9988466217299605,0.0,0.0,0.094,-0.11512978840235837
2016,307,5.0,-0.4520663314511518,0.6969659974469129,28.167580900595095,0.29217485476801497,-0.1526876713283966,6.476152097242225,False,6.010296541963572,0.9998775825830852,0.9998775825830852,0.0,0.0,0.094,-0.11512978840235837
2016,307,5.5,1.5430494477135346,0.9460571007576855,42.035731547321774,0.3732684137781396,-0.1526876713283966,7.263795548424954,False,6.010296541963572,0.9998775825830852,0.9998775825830852,0.0,0.0,0.094,-0.11512978840235837
2016,307,6.0,9.587434086464832,2.004286201334928,41.13853066435327,0.7552535925119676,-0.19024555425443485,10.553551417511184,False,6.010296541963572,0.9997837715569168,0.9997837715569168,0.0,0.033853453861166186,0.094,-0.11512978840235837
2016,307,6.5,15.579592070333067,3.793864994878814,41.67776807892828,1.43117303511493,-0.3029192030325496,11.920348006811116,False,6.010296541963572,0.9992798581724083,0.9992798581724083,0.0,0.06843688372181743,0.094,-0.11512978840235837
2016,307,7.0,20.573507379228342,4.228279449547484,38.82722389089758,0.5803835891575959,-0.3029192030325496,14.90561935095089,False,6.010296541963572,0.9992798581724083,0.9992798581724083,0.0,0.11194769591624061,0.094,-0.11512978840235837
2016,307,7.5,18.736777415837054,4.438805597684506,38.90739774446149,0.4180649427614179,-0.3029192030325496,16.240738831249274,False,6.010296541963572,0.9992798581724083,0.9992798581724083,0.0,0.09108790145214751,0.094,-0.11512978840235837
2016,307,8.0,24.296380763453598,5.320513666576554,36.164042865817464,0.3309623605004473,-0.34047708595858783,18.691517881076578,False,6.010296541963572,0.999025719591243,0.999025719591243,0.0,0.14381418551093778,0.094,-0.11512978840235837
2016,307,8.5,27.577714737017143,6.579085408267406,35.579253762348834,0.33385694759813,-0.41559285181066435,20.462237828143966,False,6.010296541963572,0.9983687223542185,0.9983687223542185,0.0,0.18527453440564953,0.094,-0.11512978840235837
2016,307,9.0,30.52551739311273,6.573973220373673,33.26183047412439,0.2771417001077811,-0.41559285181066435,21.98149984985008,False,6.010296541963572,0.9983687223542185,0.9983687223542185,0.0,0.25037330668498337,0.094,-0.11512978840235837
2016,307,9.5,28.01161269539284,5.7976620377132395,30.50218406714322,0.18853619619262713,-0.3862756253057053,24.00821977161482,False,6.010224452953473,0.9986498045810217,0.9986498045810217,0.0,0.2423418348416827,0.093,-0.12367088542212278
2016,307,10.0,24.50620451598742,5.404987582230379,31.05132878387034,0.1658069847290704,-0.3862756253057053,24.244305289761307,False,6.010224452953473,0.9986498045810217,0.9986498045810217,0.0,0.1816445116462289,0.093,-0.12367088542212278
2016,307,10.5,25.05270991704382,5.0826506862394325,29.622836475989594,0.15007186192155378,-0.34876066246519355,24.70983885512307,False,6.010224452953473,0.9989632402991888,0.9989632402991888,0.0,0.19840964704820438,0.093,-0.12367088542212278
2016,307,11.0,14.18282465692047,4.9258029257231275,26.093779235597218,0.13690184411425285,-0.34876066246519355,26.049970530184417,False,6.010224452953473,0.9989632402991888,0.9989632402991888,0.0,0.09688189040006176,0.093,-0.12367088542212278
2016,307,11.5,6.44583097858085,5.052228217435784,26.906295070774114,0.12482109313466278,-0.35316606875035783,26.776432358427435,False,6.01018273404007,0.9989290384336348,0.9989290384336348,0.0,0.060746828136978084,0.0925,-0.1282132473430953
2016,307,12.0,6.804742846053317,5.597888836309205,27.101683272741425,0.13160778347665822,-0.39522683138197207,27.590221861262066,False,6.010136674873935,0.9985674244902343,0.9985674244902343,0.0,0.06871949250709701,0.092,-0.13294843755325347
2016,307,12.5,1.1680291122920043,7.551528418793097,24.57819694933518,0.17559104616217325,-0.4701635153330345,27.50098741155704,False,6.010136674873935,0.9977560629759842,0.9977560629759842,0.0,0.02278275124429861,0.092,-0.13294843755325347
2016,307,13.0,8.51155938627469,7.660471445878822,29.80553365492149,0.17183407676263024,-0.4701635153330345,27.83005173214361,False,6.010136674873935,0.9977560629759842,0.9977560629759842,0.0,0.07665580062819145,0.092,-0.13294843755325347
2016,307,13.5,0.36554374606755724,8.18417281986795,24.093836589688593,0.18643958978241348,-0.5076318573085657,27.356769612007003,False,6.010136674873935,0.9972644031112725,0.9972644031112725,0.0,0.014111721202788283,0.092,-0.13294843755325347
2016,307,14.0,5.248644305469997,9.232518539914247,26.116227507273305,0.2084948957350739,-0.5497646018972185,27.65172246123199,False,6.010085796588534,0.9966387577842866,0.9966387577842866,0.0,0.04944218391977674,0.0915,-0.137885757340547
2016,307,14.5,20.351631698565956,7.839430384583037,33.03342487220705,0.17726901558345357,-0.5172115678230937,27.438776321460196,False,6.010029564437902,0.9971290357770821,0.9971290357770821,0.0,0.16096554072078803,0.091,-0.14303501105796806
2016,307,15.0,13.301648243781678,5.96699219618885,34.21917950849929,0.13003303724882442,-0.40495860079355606,27.1660604200441,False,6.010029564437902,0.9984744467361492,0.9984744467361492,0.0,0.09335554455040491,0.091,-0.14303501105796806
2016.0,307.0,15.5,0.0,0.0,0.0,0.0,0.0,0.0,0.0,6.010029564437902,0.9984744467361492,0.9984744467361492,0.0,0.0,0.091,-0.14303501105796806
2016.0,307.0,16.0,0.0,0.0,0.0,0.0,0.0,0.0,0.0,6.010029564437902,0.9984744467361492,0.9984744467361492,0.0,0.0,0.091,-0.14303501105796806
2016.0,307.0,16.5,0.0,0.0,0.0,0.0,0.0,0.0,0.0,6.010029564437902,0.9984744467361492,0.9984744467361492,0.0,0.0,0.091,-0.14303501105796806
2016.0,307.0,17.0,0.0,0.0,0.0,0.0,0.0,0.0,0.0,6.010029564437902,0.9984744467361492,0.9984744467361492,0.0,0.0,0.09,-0.15401123611662587
2016.0,307.0,17.5,0.0,0.0,0.0,0.0,0.0,0.0,0.0,6.010029564437902,0.9984744467361492,0.9984744467361492,0.0,0.0,0.09,-0.15401123611662587
2016.0,307.0,18.0,0.0,0.0,0.0,0.0,0.0,0.0,0.0,6.010029564437902,0.9984744467361492,0.9984744467361492,0.0,0.0,0.09,-0.15401123611662587
2016.0,307.0,18.5,0.0,0.0,0.0,0.0,0.0,0.0,0.0,6.010029564437902,0.9984744467361492,0.9984744467361492,0.0,0.0,0.09,-0.15401123611662587
2016.0,307.0,19.0,0.0,0.0,0.0,0.0,0.0,0.0,0.0,6.010029564437902,0.9984744467361492,0.9984744467361492,0.0,0.0,0.09,-0.15401123611662587
2016.0,307.0,19.5,0.0,0.0,0.0,0.0,0.0,0.0,0.0,6.010029564437902,0.9984744467361492,0.9984744467361492,0.0,0.0,0.09,-0.15401123611662587
2016.0,307.0,20.0,0.0,0.0,0.0,0.0,0.0,0.0,0.0,6.010029564437902,0.9984744467361492,0.9984744467361492,0.0,0.0,0.09,-0.15401123611662587
2016.0,307.0,20.5,0.0,0.0,0.0,0.0,0.0,0.0,0.0,6.010029564437902,0.9984744467361492,0.9984744467361492,0.0,0.0,0.09,-0.15401123611662587
2016.0,307.0,21.0,0.0,0.0,0.0,0.0,0.0,0.0,0.0,6.010029564437902,0.9984744467361492,0.9984744467361492,0.0,0.0,0.09,-0.15401123611662587
2016.0,307.0,21.5,0.0,0.0,0.0,0.0,0.0,0.0,0.0,6.010029564437902,0.9984744467361492,0.9984744467361492,0.0,0.0,0.09,-0.15401123611662587
2016.0,307.0,22.0,0.0,0.0,0.0,0.0,0.0,0.0,0.0,6.010029564437902,0.9984744467361492,0.9984744467361492,0.0,0.0,0.09,-0.15401123611662587
2016.0,307.0,22.5,0.0,0.0,0.0,0.0,0.0,0.0,0.0,6.010029564437902,0.9984744467361492,0.9984744467361492,0.0,0.0,0.09,-0.15401123611662587
2016.0,307.0,23.0,0.0,0.0,0.0,0.0,0.0,0.0,0.0,6.010029564437902,0.9984744467361492,0.9984744467361492,0.0,0.0,0.09,-0.15401123611662587
2016.0,307.0,23.5,0.0,0.0,0.0,0.0,0.0,0.0,0.0,6.010029564437902,0.9984744467361492,0.9984744467361492,0.0,0.0,0.09,-0.15401123611662587
2016.0,308.0,0.0,0.0,0.0,0.0,0.0,0.0,0.0,0.0,6.010029564437902,0.9984744467361492,0.9984744467361492,0.0,0.0,0.09,-0.15401123611662587
2016.0,308.0,0.5,0.0,0.0,0.0,0.0,0.0,0.0,0.0,6.010029564437902,0.9984744467361492,0.9984744467361492,0.0,0.0,0.09,-0.15401123611662587
2016.0,308.0,1.0,0.0,0.0,0.0,0.0,0.0,0.0,0.0,6.010029564437902,0.9984744467361492,0.9984744467361492,0.0,0.0,0.09,-0.15401123611662587
2016.0,308.0,1.5,0.0,0.0,0.0,0.0,0.0,0.0,0.0,6.010029564437902,0.9984744467361492,0.9984744467361492,0.0,0.0,0.09,-0.15401123611662587
2016.0,308.0,2.0,0.0,0.0,0.0,0.0,0.0,0.0,0.0,6.010029564437902,0.9984744467361492,0.9984744467361492,0.0,0.0,0.09,-0.15401123611662587
2016.0,308.0,2.5,0.0,0.0,0.0,0.0,0.0,0.0,0.0,6.010029564437902,0.9984744467361492,0.9984744467361492,0.0,0.0,0.09,-0.15401123611662587
2016.0,308.0,3.0,0.0,0.0,0.0,0.0,0.0,0.0,0.0,6.010029564437902,0.9984744467361492,0.9984744467361492,0.0,0.0,0.09,-0.15401123611662587
2016.0,308.0,3.5,0.0,0.0,0.0,0.0,0.0,0.0,0.0,6.010029564437902,0.9984744467361492,0.9984744467361492,0.0,0.0,0.09,-0.15401123611662587
2016.0,308.0,4.0,0.0,0.0,0.0,0.0,0.0,0.0,0.0,6.010029564437902,0.9984744467361492,0.9984744467361492,0.0,0.0,0.0895,-0.15986061324751152
2016.0,308.0,4.5,0.0,0.0,0.0,0.0,0.0,0.0,0.0,6.010029564437902,0.9984744467361492,0.9984744467361492,0.0,0.0,0.089,-0.16596680679910064
2016,308,5.0,-0.5603244094635306,0.42625981567053,22.610932441892324,0.16333841370323463,-0.20326922732113517,7.364224527972112,False,6.0097380353013525,0.9997433743979696,0.9997433743979696,0.0,0.0,0.089,-0.16596680679910064
2016,308,5.5,1.17563330657938,1.0463511628576727,42.3825101171564,0.41640977182033123,-0.20326922732113517,8.385619869295002,False,6.0097380353013525,0.9997433743979696,0.9997433743979696,0.0,0.0,0.089,-0.16596680679910064
2016,308,6.0,9.345509454946992,1.8122028894935043,41.1838841933381,0.7012148460313811,-0.24057164784316967,10.970922514024608,False,6.0097380353013525,0.999603200783674,0.999603200783674,0.0,0.02928189865328138,0.089,-0.16596680679910064
2016,308,6.5,14.457764090409963,4.377663929333452,42.40393176242389,2.284859880279399,-0.35247890940927323,12.816252986543894,False,6.0097380353013525,0.9989344180815799,0.9989344180815799,0.0,0.05464474562730779,0.089,-0.16596680679910064
2016,308,7.0,20.15147907800223,3.451382723822392,38.58072766104734,0.5164422797042003,-0.3151764888872387,14.726747555291208,False,6.0097380353013525,0.9992020638155252,0.9992020638155252,0.0,0.09283486801973587,0.089,-0.16596680679910064
2016,308,7.5,9.446365320980219,4.820001119914263,41.00005255485362,0.4895428201876467,-0.38978132993130776,16.403309287746502,False,6.0097380353013525,0.9986178965447176,0.9986178965447176,0.0,0.03712599017212824,0.089,-0.16596680679910064
2016,308,8.0,25.20656704491315,4.9832033364136405,37.0791744453195,0.3941993255164039,-0.38978132993130776,18.482907623062815,False,6.0097380353013525,0.9986178965447176,0.9986178965447176,0.0,0.13351229000037343,0.089,-0.16596680679910064
2016,308,8.5,26.284061220243895,5.175600065280783,35.30543942789649,0.30117982675507965,-0.38978132993130776,20.35391884770288,False,6.0097380353013525,0.9986178965447176,0.9986178965447176,0.0,0.15118420599449203,0.089,-0.16596680679910064
2016,308,9.0,30.392199846147836,5.696707453578547,33.182089329434035,0.27011388420440036,-0.42708375045334224,21.99175508097791,False,6.0097380353013525,0.9982495671483748,0.9982495671483748,0.0,0.219212456230734,0.089,-0.16596680679910064
2016,308,9.5,30.287285060599615,5.717787295369682,32.72786419924101,0.24709750964577248,-0.42708375045334224,22.590162454463794,False,6.0097380353013525,0.9982495671483748,0.9982495671483748,0.0,0.2135335030394871,0.089,-0.16596680679910064
2016,308,10.0,24.501055300295228,6.103207921539832,34.38461179009102,0.2272127208202196,-0.43966005091892246,23.81245570136534,False,6.009540817674258,0.998113213345596,0.998113213345596,0.0,0.14807900129111407,0.088,-0.1790016182191552
2016,308,10.5,22.250333029355524,5.247593155081185,32.72486680614569,0.17016574329306833,-0.4024231319618129,24.834943633524553,False,6.009540817674258,0.9984990160031918,0.9984990160031918,0.0,0.14092706402137065,0.088,-0.1790016182191552
2016,308,11.0,15.224922665239951,5.272318764322276,27.300456182306544,0.16714781505145368,-0.4024231319618129,25.630653209728166,False,6.009540817674258,0.9984990160031918,0.9984990160031918,0.0,0.089908567403619,0.088,-0.1790016182191552
2016,308,11.5,8.160079673232765,4.984652715229617,29.823725727665682,0.13178973519705783,-0.4024231319618129,27.411676017236594,False,6.009540817674258,0.9984990160031918,0.9984990160031918,0.0,0.07081360257472995,0.088,-0.1790016182191552
2016,308,12.0,3.4614087864114795,4.671807160480847,24.205946604034644,0.11400812214837595,-0.4024231319618129,27.75160693723331,False,6.009540817674258,0.9984990160031918,0.9984990160031918,0.0,0.039901991352579734,0.088,-0.1790016182191552
2016,308,12.5,3.9611047991786847,6.618382785114699,24.871293254791823,0.1456020764825692,-0.4905505360808148,28.833824937744915,False,6.0092979811929315,0.9974959339393408,0.9974959339393408,0.0,0.047261362399478056,0.087,-0.1932270615424628
2016,308,13.0,3.796594679105908,7.349030534300573,25.053623869412164,0.16570925128273936,-0.5277159703981088,28.440210215809724,False,6.0092979811929315,0.9969759807468702,0.9969759807468702,0.0,0.04190151281096128,0.087,-0.1932270615424628
2016,308,13.5,0.8157553315247048,8.638400442167931,24.41439159693891,0.21046578660775328,-0.6020468390326968,27.47261244294635,False,6.0092979811929315,0.9957501441918948,0.9957501441918948,0.0,0.017220027946497907,0.087,-0.1932270615424628
2016,308,14.5,21.139265571403335,7.9180493407229635,32.98904265345132,0.18431990827153402,-0.5720971408454845,28.006318713025365,False,6.00915604229113,0.9962747254157913,0.9962747254157913,0.0,0.156102870783932,0.0865,-0.20082458265297198
2016,308,15.0,14.666733763641481,5.748917265722716,32.15868803485602,0.11961661433444482,-0.46837889251888964,28.491922685100356,False,6.008998259768314,0.9977780071768693,0.9977780071768693,0.0,0.1054917062246,0.086,-0.2087675009191212
2016.0,308.0,15.5,0.0,0.0,0.0,0.0,0.0,0.0,0.0,6.008998259768314,0.9977780071768693,0.9977780071768693,0.0,0.0,0.086,-0.2087675009191212
2016.0,308.0,16.0,0.0,0.0,0.0,0.0,0.0,0.0,0.0,6.008998259768314,0.9977780071768693,0.9977780071768693,0.0,0.0,0.086,-0.2087675009191212
2016.0,308.0,16.5,0.0,0.0,0.0,0.0,0.0,0.0,0.0,6.008998259768314,0.9977780071768693,0.9977780071768693,0.0,0.0,0.086,-0.2087675009191212
2016.0,308.0,17.0,0.0,0.0,0.0,0.0,0.0,0.0,0.0,6.008998259768314,0.9977780071768693,0.9977780071768693,0.0,0.0,0.086,-0.2087675009191212
2016.0,308.0,17.5,0.0,0.0,0.0,0.0,0.0,0.0,0.0,6.008998259768314,0.9977780071768693,0.9977780071768693,0.0,0.0,0.086,-0.2087675009191212
2016.0,308.0,18.0,0.0,0.0,0.0,0.0,0.0,0.0,0.0,6.008998259768314,0.9977780071768693,0.9977780071768693,0.0,0.0,0.086,-0.2087675009191212
2016.0,308.0,18.5,0.0,0.0,0.0,0.0,0.0,0.0,0.0,6.008998259768314,0.9977780071768693,0.9977780071768693,0.0,0.0,0.086,-0.2087675009191212
2016.0,308.0,19.0,0.0,0.0,0.0,0.0,0.0,0.0,0.0,6.008998259768314,0.9977780071768693,0.9977780071768693,0.0,0.0,0.085,-0.22576196041911914
2016.0,308.0,19.5,0.0,0.0,0.0,0.0,0.0,0.0,0.0,6.008998259768314,0.9977780071768693,0.9977780071768693,0.0,0.0,0.085,-0.22576196041911914
2016.0,308.0,20.0,0.0,0.0,0.0,0.0,0.0,0.0,0.0,6.008998259768314,0.9977780071768693,0.9977780071768693,0.0,0.0,0.085,-0.22576196041911914
2016.0,308.0,20.5,0.0,0.0,0.0,0.0,0.0,0.0,0.0,6.008998259768314,0.9977780071768693,0.9977780071768693,0.0,0.0,0.085,-0.22576196041911914
2016.0,308.0,21.0,0.0,0.0,0.0,0.0,0.0,0.0,0.0,6.008998259768314,0.9977780071768693,0.9977780071768693,0.0,0.0,0.085,-0.22576196041911914
2016.0,308.0,21.5,0.0,0.0,0.0,0.0,0.0,0.0,0.0,6.008998259768314,0.9977780071768693,0.9977780071768693,0.0,0.0,0.085,-0.22576196041911914
2016.0,308.0,22.0,0.0,0.0,0.0,0.0,0.0,0.0,0.0,6.008998259768314,0.9977780071768693,0.9977780071768693,0.0,0.0,0.085,-0.22576196041911914
2016.0,308.0,22.5,0.0,0.0,0.0,0.0,0.0,0.0,0.0,6.008998259768314,0.9977780071768693,0.9977780071768693,0.0,0.0,0.085,-0.22576196041911914
2016.0,308.0,23.0,0.0,0.0,0.0,0.0,0.0,0.0,0.0,6.008998259768314,0.9977780071768693,0.9977780071768693,0.0,0.0,0.085,-0.22576196041911914
2016.0,308.0,23.5,0.0,0.0,0.0,0.0,0.0,0.0,0.0,6.008998259768314,0.9977780071768693,0.9977780071768693,0.0,0.0,0.085,-0.22576196041911914
2016.0,309.0,0.0,0.0,0.0,0.0,0.0,0.0,0.0,0.0,6.008998259768314,0.9977780071768693,0.9977780071768693,0.0,0.0,0.085,-0.22576196041911914
2016.0,309.0,0.5,0.0,0.0,0.0,0.0,0.0,0.0,0.0,6.008998259768314,0.9977780071768693,0.9977780071768693,0.0,0.0,0.085,-0.22576196041911914
2016.0,309.0,1.0,0.0,0.0,0.0,0.0,0.0,0.0,0.0,6.008998259768314,0.9977780071768693,0.9977780071768693,0.0,0.0,0.085,-0.22576196041911914
2016.0,309.0,1.5,0.0,0.0,0.0,0.0,0.0,0.0,0.0,6.008998259768314,0.9977780071768693,0.9977780071768693,0.0,0.0,0.085,-0.22576196041911914
2016.0,309.0,2.0,0.0,0.0,0.0,0.0,0.0,0.0,0.0,6.008998259768314,0.9977780071768693,0.9977780071768693,0.0,0.0,0.085,-0.22576196041911914
2016.0,309.0,2.5,0.0,0.0,0.0,0.0,0.0,0.0,0.0,6.008998259768314,0.9977780071768693,0.9977780071768693,0.0,0.0,0.085,-0.22576196041911914
2016.0,309.0,3.0,0.0,0.0,0.0,0.0,0.0,0.0,0.0,6.008998259768314,0.9977780071768693,0.9977780071768693,0.0,0.0,0.085,-0.22576196041911914
2016.0,309.0,3.5,0.0,0.0,0.0,0.0,0.0,0.0,0.0,6.008998259768314,0.9977780071768693,0.9977780071768693,0.0,0.0,0.085,-0.22576196041911914
2016.0,309.0,4.0,0.0,0.0,0.0,0.0,0.0,0.0,0.0,6.008998259768314,0.9977780071768693,0.9977780071768693,0.0,0.0,0.085,-0.22576196041911914
2016.0,309.0,4.5,0.0,0.0,0.0,0.0,0.0,0.0,0.0,6.008998259768314,0.9977780071768693,0.9977780071768693,0.0,0.0,0.085,-0.22576196041911914
2016,309,5.0,-1.5891911650051,0.936332841298284,21.844758726605782,0.19447525941804966,-0.2627639027822591,13.867137481431698,False,6.008627424897719,0.9995014743643458,0.9995014743643458,0.0,0.0,0.085,-0.22576196041911914
2016,309,5.5,-0.2975918188914326,0.8902767287128133,26.409631933064745,0.18710587583745067,-0.2627639027822591,14.337508987539628,False,6.008627424897719,0.9995014743643458,0.9995014743643458,0.0,0.0,0.085,-0.22576196041911914
2016,309,6.0,7.772950663755561,1.1099207326471765,36.182389525161156,0.18061806520775808,-0.2627639027822591,16.84341912277778,False,6.008627424897719,0.9995014743643458,0.9995014743643458,0.0,0.02899437444606318,0.085,-0.22576196041911914
2016,309,6.5,11.920354376340695,4.3120166055136835,41.976178326012246,1.2214567250578239,-0.4107716722348189,18.650712475157157,False,6.008627424897719,0.9984171915378194,0.9984171915378194,0.0,0.051044161103167014,0.085,-0.22576196041911914
2016,309,7.0,15.050937275922802,5.200581186146546,41.19996345772746,0.8232848344835982,-0.44777361459795884,20.295896313446207,False,6.008627424897719,0.9980219014367796,0.9980219014367796,0.0,0.06772466820065087,0.085,-0.22576196041911914
2016,309,7.5,12.606203177325092,5.832565838762603,41.42024674029482,0.5811010983305684,-0.48477555696109875,21.52234130677041,False,6.008627424897719,0.9975713947511398,0.9975713947511398,0.0,0.05869918646382647,0.085,-0.22576196041911914
2016,309,8.0,14.696810953369287,6.363087920404848,40.599148103406925,0.46791116230812985,-0.5396336894359447,22.495136806611406,False,6.008167458465718,0.9967964115081644,0.9967964115081644,0.0,0.07103039726707351,0.084,-0.24436605378157714
2016,309,8.5,21.589895200800854,6.2852178516265225,35.2042990909579,0.24474197573405554,-0.5396336894359447,26.121141390007935,False,6.008167458465718,0.9967964115081644,0.9967964115081644,0.0,0.13525769965273016,0.084,-0.24436605378157714
2016,309,9.0,22.84985542675994,4.981301962682139,29.11707416900841,0.1431581028784064,-0.46581678052235276,27.913954394689327,False,6.008167458465718,0.9978092811980305,0.9978092811980305,0.0,0.2070435881696097,0.084,-0.24436605378157714
2016,309,9.5,21.04450036690052,4.8222817015560215,27.203827186456344,0.11107084629342304,-0.46581678052235276,29.251306700000583,False,6.008167458465718,0.9978092811980305,0.9978092811980305,0.0,0.22253303424330234,0.084,-0.24436605378157714
2016,309,10.0,18.58428173098735,4.819059125047276,27.263952997641354,0.09539203097736662,-0.46581678052235276,30.47959419095845,False,6.008167458465718,0.9978092811980305,0.9978092811980305,0.0,0.19025023289145682,0.084,-0.24436605378157714
2016,309,10.5,18.36154731768666,5.808183007496205,29.26263465682362,0.10693225216888635,-0.5123342681901754,31.12679536583677,False,6.007897126443789,0.9971984546402618,0.9971984546402618,0.0,0.17820523185253032,0.0835,-0.2543254163284225
2016,309,11.0,14.092655815266358,5.8211269557803345,31.641119313171778,0.09716868582322999,-0.5223962057746987,32.27425779035102,False,6.007595480939315,0.9970541001011342,0.9970541001011342,0.0,0.1344523232523912,0.083,-0.2647541953873816
2016,309,11.5,-1.1673786809167153,4.570834332930743,21.559411427295494,0.0734455743049655,-0.4855902042907963,32.334995543471585,False,6.007595480939315,0.9975608353767677,0.9975608353767677,0.0,0.02745713274602735,0.083,-0.2647541953873816
2016,309,12.0,1.0783623993361635,3.926553937738579,20.41679143487537,0.06104584454380009,-0.44878420280689385,32.94808728753465,False,6.007595480939315,0.9980103426473175,0.9980103426473175,0.0,0.05332250999053801,0.083,-0.2647541953873816
2016,309,12.5,1.7996938422662585,3.828268747475159,19.987987321019663,0.05666048917526294,-0.44878420280689385,33.19039939776731,False,6.007595480939315,0.9980103426473175,0.9980103426473175,0.0,0.06493521860534503,0.083,-0.2647541953873816
2016,309,13.0,-0.5755819475226671,6.113979295350126,21.79137283634608,0.09240698553573028,-0.5696864286384635,33.09648531885004,False,6.007258674240376,0.9963151255120148,0.9963151255120148,0.0,0.034419332889490166,0.0825,-0.2756775464585471
2016,309,13.5,0.08432040102791927,5.4480705181829885,20.769532760718754,0.07893252771126044,-0.5439773358548081,33.4737386152549,False,6.006882358603227,0.9967293838781599,0.9967293838781599,0.0,0.04462316145127311,0.082,-0.28712213750166166
2016,309,14.0,-0.26822433453714556,6.210129455024589,21.094853149305564,0.0919242049459206,-0.5806709356195434,33.02868765059057,False,6.006882358603227,0.9961288533562453,0.9961288533562453,0.0,0.03600216163233855,0.082,-0.28712213750166166
2016,309,14.5,12.876782325365749,5.638710879374726,30.284910834260064,0.08724981470745426,-0.5439773358548081,33.07157543206307,False,6.006882358603227,0.9967293838781599,0.9967293838781599,0.0,0.14122362181224885,0.082,-0.28712213750166166
2016,309,15.0,8.497991256543592,3.5764298675890536,29.1558877567222,0.053718929427036315,-0.4338965365606025,32.44145689897097,False,6.006882358603227,0.9981764794350869,0.9981764794350869,0.0,0.08868814444046688,0.082,-0.28712213750166166
2016.0,309.0,15.5,0.0,0.0,0.0,0.0,0.0,0.0,0.0,6.006882358603227,0.9981764794350869,0.9981764794350869,0.0,0.0,0.0815,-0.29911624987965013
2016.0,309.0,16.0,0.0,0.0,0.0,0.0,0.0,0.0,0.0,6.006882358603227,0.9981764794350869,0.9981764794350869,0.0,0.0,0.081,-0.31168988671555264
2016.0,309.0,16.5,0.0,0.0,0.0,0.0,0.0,0.0,0.0,6.006882358603227,0.9981764794350869,0.9981764794350869,0.0,0.0,0.081,-0.31168988671555264
2016.0,309.0,17.0,0.0,0.0,0.0,0.0,0.0,0.0,0.0,6.006882358603227,0.9981764794350869,0.9981764794350869,0.0,0.0,0.081,-0.31168988671555264
2016.0,309.0,17.5,0.0,0.0,0.0,0.0,0.0,0.0,0.0,6.006882358603227,0.9981764794350869,0.9981764794350869,0.0,0.0,0.081,-0.31168988671555264
2016.0,309.0,18.0,0.0,0.0,0.0,0.0,0.0,0.0,0.0,6.006882358603227,0.9981764794350869,0.9981764794350869,0.0,0.0,0.081,-0.31168988671555264
2016.0,309.0,18.5,0.0,0.0,0.0,0.0,0.0,0.0,0.0,6.006882358603227,0.9981764794350869,0.9981764794350869,0.0,0.0,0.081,-0.31168988671555264
2016.0,309.0,19.0,0.0,0.0,0.0,0.0,0.0,0.0,0.0,6.006882358603227,0.9981764794350869,0.9981764794350869,0.0,0.0,0.081,-0.31168988671555264
2016.0,309.0,19.5,0.0,0.0,0.0,0.0,0.0,0.0,0.0,6.006882358603227,0.9981764794350869,0.9981764794350869,0.0,0.0,0.081,-0.31168988671555264
2016.0,309.0,20.0,0.0,0.0,0.0,0.0,0.0,0.0,0.0,6.006882358603227,0.9981764794350869,0.9981764794350869,0.0,0.0,0.081,-0.31168988671555264
2016.0,309.0,20.5,0.0,0.0,0.0,0.0,0.0,0.0,0.0,6.006882358603227,0.9981764794350869,0.9981764794350869,0.0,0.0,0.081,-0.31168988671555264
2016.0,309.0,21.0,0.0,0.0,0.0,0.0,0.0,0.0,0.0,6.006882358603227,0.9981764794350869,0.9981764794350869,0.0,0.0,0.081,-0.31168988671555264
2016.0,309.0,21.5,0.0,0.0,0.0,0.0,0.0,0.0,0.0,6.006882358603227,0.9981764794350869,0.9981764794350869,0.0,0.0,0.081,-0.31168988671555264
2016.0,309.0,22.0,0.0,0.0,0.0,0.0,0.0,0.0,0.0,6.006882358603227,0.9981764794350869,0.9981764794350869,0.0,0.0,0.081,-0.31168988671555264
2016.0,309.0,22.5,0.0,0.0,0.0,0.0,0.0,0.0,0.0,6.006882358603227,0.9981764794350869,0.9981764794350869,0.0,0.0,0.081,-0.31168988671555264
2016.0,309.0,23.0,0.0,0.0,0.0,0.0,0.0,0.0,0.0,6.006882358603227,0.9981764794350869,0.9981764794350869,0.0,0.0,0.081,-0.31168988671555264
2016.0,309.0,23.5,0.0,0.0,0.0,0.0,0.0,0.0,0.0,6.006882358603227,0.9981764794350869,0.9981764794350869,0.0,0.0,0.081,-0.31168988671555264
2016.0,310.0,0.0,0.0,0.0,0.0,0.0,0.0,0.0,0.0,6.006882358603227,0.9981764794350869,0.9981764794350869,0.0,0.0,0.08,-0.3387050618989844
2016.0,310.0,0.5,0.0,0.0,0.0,0.0,0.0,0.0,0.0,6.006882358603227,0.9981764794350869,0.9981764794350869,0.0,0.0,0.08,-0.3387050618989844
2016.0,310.0,1.0,0.0,0.0,0.0,0.0,0.0,0.0,0.0,6.006882358603227,0.9981764794350869,0.9981764794350869,0.0,0.0,0.08,-0.3387050618989844
2016.0,310.0,1.5,0.0,0.0,0.0,0.0,0.0,0.0,0.0,6.006882358603227,0.9981764794350869,0.9981764794350869,0.0,0.0,0.08,-0.3387050618989844
2016.0,310.0,2.0,0.0,0.0,0.0,0.0,0.0,0.0,0.0,6.006882358603227,0.9981764794350869,0.9981764794350869,0.0,0.0,0.08,-0.3387050618989844
2016.0,310.0,2.5,0.0,0.0,0.0,0.0,0.0,0.0,0.0,6.006882358603227,0.9981764794350869,0.9981764794350869,0.0,0.0,0.08,-0.3387050618989844
2016.0,310.0,3.0,0.0,0.0,0.0,0.0,0.0,0.0,0.0,6.006882358603227,0.9981764794350869,0.9981764794350869,0.0,0.0,0.08,-0.3387050618989844
2016.0,310.0,3.5,0.0,0.0,0.0,0.0,0.0,0.0,0.0,6.006882358603227,0.9981764794350869,0.9981764794350869,0.0,0.0,0.08,-0.3387050618989844
2016.0,310.0,4.0,0.0,0.0,0.0,0.0,0.0,0.0,0.0,6.006882358603227,0.9981764794350869,0.9981764794350869,0.0,0.0,0.08,-0.3387050618989844
2016.0,310.0,4.5,0.0,0.0,0.0,0.0,0.0,0.0,0.0,6.006882358603227,0.9981764794350869,0.9981764794350869,0.0,0.0,0.08,-0.3387050618989844
2016.0,310.0,5.0,0.0,0.0,0.0,0.0,0.0,0.0,0.0,6.006882358603227,0.9981764794350869,0.9981764794350869,0.0,0.0,0.08,-0.3387050618989844
2016,310,5.5,-3.1502329554914756,0.6965733373010874,16.209052533835155,0.02512852940393536,-0.3751394509883562,22.438989742480764,False,6.004873425494034,0.998748154481172,0.998748154481172,0.0,0.0,0.08,-0.3387050618989844
2016,310,6.0,5.690654836828241,2.102718568657808,30.038248250909543,0.0865593016096973,-0.44800822916709976,23.897812394960653,False,6.004873425494034,0.9980192216628773,0.9980192216628773,0.0,0.03252257008749105,0.08,-0.3387050618989844
2016,310,6.5,1.7964746553229305,0.16604166431569622,14.63673747950252,0.005583981573212292,-0.3387050618989844,25.358035221396147,False,6.004873425494034,0.9990387772462639,0.9990387772462639,0.0,0.031165976027757315,0.08,-0.3387050618989844
2016,310,7.0,7.53031724044805,1.4959794241928448,22.457833381401908,0.038871037425596,-0.41157384007772796,28.137067684130965,False,6.004873425494034,0.99840918907055,0.99840918907055,0.0,0.09092762100276594,0.08,-0.3387050618989844
2016,310,7.5,10.175056461775984,3.3006659566649827,30.502343370020256,0.07932350046514594,-0.4844426182564715,28.507271101439613,False,6.004873425494034,0.9975757022029372,0.9975757022029372,0.0,0.06886258798354092,0.08,-0.3387050618989844
2016,310,8.0,9.780935557525389,6.233850795040527,37.144940670042644,0.14313427190062744,-0.6587262334384592,27.926256004649716,False,6.003468772688998,0.9946393194681795,0.9946393194681795,0.0,0.05324851009891515,0.079,-0.36844676716639596
2016,310,8.5,18.947146879497502,7.6818434817653,33.363012514379484,0.17615622538862485,-0.731296100006475,28.063246387932608,False,6.003468772688998,0.9929809316998576,0.9929809316998576,0.0,0.10848191044816248,0.079,-0.36844676716639596
2016,310,9.0,24.19505684571076,8.534443782600631,31.570520248797102,0.18858389444745757,-0.7675810332904829,28.27599401191809,False,6.003468772688998,0.9920478667641133,0.9920478667641133,0.0,0.17216740254903612,0.079,-0.36844676716639596
2016,310,9.5,24.18297440091135,8.422206442067809,31.018686592983094,0.1717249460349788,-0.7675810332904829,29.092567893664636,False,6.003468772688998,0.9920478667641133,0.9920478667641133,0.0,0.183100891329611,0.079,-0.36844676716639596
2016,310,10.0,19.29581777983774,7.633316228341461,33.30911454061901,0.16018591218440237,-0.731296100006475,28.60440453337171,False,6.003468772688998,0.9929809316998576,0.9929809316998576,0.0,0.11087250836004664,0.079,-0.36844676716639596
2016,310,10.5,21.610936674223446,7.46588797262346,32.26660476973501,0.1615296373256151,-0.7263118044988913,28.37152468929642,False,6.00169809116957,0.9931036016324198,0.9931036016324198,0.0,0.1283048644939398,0.078,-0.4012300667322298
2016,310,11.0,6.507170768579156,7.095970618238969,26.75556940814866,0.15402218453214706,-0.7263118044988913,28.80529389541595,False,6.00169809116957,0.9931036016324198,0.9931036016324198,0.0,0.04934389389082004,0.078,-0.4012300667322298
2016,310,11.5,4.512763443543804,6.29377536696334,25.45410356675073,0.14470104847164536,-0.6901916114137068,28.1878158516038,False,6.00169809116957,0.9939536117481474,0.9939536117481474,0.0,0.036147886204251745,0.078,-0.4012300667322298
2016,310,12.0,2.054107560286053,6.209776337084901,24.510684801328196,0.1474060470780939,-0.6901916114137068,27.969475957968974,False,6.00169809116957,0.9939536117481474,0.9939536117481474,0.0,0.022782716170929716,0.078,-0.4012300667322298
2016,310,12.5,15.523772986460152,7.150809815906402,35.5444903561078,0.16065888071532886,-0.7263118044988913,28.464371984425892,False,6.00169809116957,0.9931036016324198,0.9931036016324198,0.0,0.07880363691857357,0.078,-0.4012300667322298
2016,310,13.0,4.413151670624718,7.496835007744808,25.49075798289806,0.17021565833563992,-0.7608565712639426,28.219613978638556,False,5.999459507799009,0.9922261459062455,0.9922261459062455,0.0,0.03256746673430352,0.077,-0.4374111645545728
2016,310,13.5,6.766853705646099,8.23665853809232,27.173754028121323,0.1911941061835334,-0.7967949497872058,28.086165241830475,False,5.999459507799009,0.991244601861257,0.991244601861257,0.0,0.04324994642018057,0.077,-0.4374111645545728
2016,310,14.0,16.875145430602345,8.032484740813729,35.418540363300075,0.18017214816082044,-0.7967949497872058,28.556279931263397,False,5.999459507799009,0.991244601861257,0.991244601861257,0.0,0.08703270263956715,0.077,-0.4374111645545728
2016,310,14.5,18.37179662802105,7.137860224011684,33.791953033488994,0.1708971959294455,-0.7608565712639426,28.140158593739095,False,5.999459507799009,0.9922261459062455,0.9922261459062455,0.0,0.09417473068161614,0.077,-0.4374111645545728
2016,310,15.0,10.67008533988795,4.912418231814479,34.45864346964243,0.1057849010855432,-0.671942580440896,28.081894212213484,False,5.998124908755635,0.9943574243978672,0.9943574243978672,0.0,0.049499805179072,0.0765,-0.4568999096561373
2016.0,310.0,15.5,0.0,0.0,0.0,0.0,0.0,0.0,0.0,5.998124908755635,0.9943574243978672,0.9943574243978672,0.0,0.0,0.076,-0.47739341090022597
2016.0,310.0,16.0,0.0,0.0,0.0,0.0,0.0,0.0,0.0,5.998124908755635,0.9943574243978672,0.9943574243978672,0.0,0.0,0.076,-0.47739341090022597
2016.0,310.0,16.5,0.0,0.0,0.0,0.0,0.0,0.0,0.0,5.998124908755635,0.9943574243978672,0.9943574243978672,0.0,0.0,0.076,-0.47739341090022597
2016.0,310.0,17.0,0.0,0.0,0.0,0.0,0.0,0.0,0.0,5.998124908755635,0.9943574243978672,0.9943574243978672,0.0,0.0,0.076,-0.47739341090022597
2016.0,310.0,17.5,0.0,0.0,0.0,0.0,0.0,0.0,0.0,5.998124908755635,0.9943574243978672,0.9943574243978672,0.0,0.0,0.076,-0.47739341090022597
2016.0,310.0,18.0,0.0,0.0,0.0,0.0,0.0,0.0,0.0,5.998124908755635,0.9943574243978672,0.9943574243978672,0.0,0.0,0.076,-0.47739341090022597
2016.0,310.0,18.5,0.0,0.0,0.0,0.0,0.0,0.0,0.0,5.998124908755635,0.9943574243978672,0.9943574243978672,0.0,0.0,0.076,-0.47739341090022597
2016.0,310.0,19.0,0.0,0.0,0.0,0.0,0.0,0.0,0.0,5.998124908755635,0.9943574243978672,0.9943574243978672,0.0,0.0,0.076,-0.47739341090022597
2016.0,310.0,19.5,0.0,0.0,0.0,0.0,0.0,0.0,0.0,5.998124908755635,0.9943574243978672,0.9943574243978672,0.0,0.0,0.076,-0.47739341090022597
2016.0,310.0,20.0,0.0,0.0,0.0,0.0,0.0,0.0,0.0,5.998124908755635,0.9943574243978672,0.9943574243978672,0.0,0.0,0.076,-0.47739341090022597
2016.0,310.0,20.5,0.0,0.0,0.0,0.0,0.0,0.0,0.0,5.998124908755635,0.9943574243978672,0.9943574243978672,0.0,0.0,0.076,-0.47739341090022597
2016.0,310.0,21.0,0.0,0.0,0.0,0.0,0.0,0.0,0.0,5.998124908755635,0.9943574243978672,0.9943574243978672,0.0,0.0,0.076,-0.47739341090022597
2016.0,310.0,21.5,0.0,0.0,0.0,0.0,0.0,0.0,0.0,5.998124908755635,0.9943574243978672,0.9943574243978672,0.0,0.0,0.076,-0.47739341090022597
2016.0,310.0,22.0,0.0,0.0,0.0,0.0,0.0,0.0,0.0,5.998124908755635,0.9943574243978672,0.9943574243978672,0.0,0.0,0.076,-0.47739341090022597
2016.0,310.0,22.5,0.0,0.0,0.0,0.0,0.0,0.0,0.0,5.998124908755635,0.9943574243978672,0.9943574243978672,0.0,0.0,0.076,-0.47739341090022597
2016.0,310.0,23.0,0.0,0.0,0.0,0.0,0.0,0.0,0.0,5.998124908755635,0.9943574243978672,0.9943574243978672,0.0,0.0,0.075,-0.521634281110708
2016.0,310.0,23.5,0.0,0.0,0.0,0.0,0.0,0.0,0.0,5.998124908755635,0.9943574243978672,0.9943574243978672,0.0,0.0,0.075,-0.521634281110708
2016.0,311.0,0.0,0.0,0.0,0.0,0.0,0.0,0.0,0.0,5.998124908755635,0.9943574243978672,0.9943574243978672,0.0,0.0,0.075,-0.521634281110708
2016.0,311.0,0.5,0.0,0.0,0.0,0.0,0.0,0.0,0.0,5.998124908755635,0.9943574243978672,0.9943574243978672,0.0,0.0,0.075,-0.521634281110708
2016.0,311.0,1.0,0.0,0.0,0.0,0.0,0.0,0.0,0.0,5.998124908755635,0.9943574243978672,0.9943574243978672,0.0,0.0,0.075,-0.521634281110708
2016.0,311.0,1.5,0.0,0.0,0.0,0.0,0.0,0.0,0.0,5.998124908755635,0.9943574243978672,0.9943574243978672,0.0,0.0,0.075,-0.521634281110708
2016.0,311.0,2.0,0.0,0.0,0.0,0.0,0.0,0.0,0.0,5.998124908755635,0.9943574243978672,0.9943574243978672,0.0,0.0,0.075,-0.521634281110708
2016.0,311.0,2.5,0.0,0.0,0.0,0.0,0.0,0.0,0.0,5.998124908755635,0.9943574243978672,0.9943574243978672,0.0,0.0,0.075,-0.521634281110708
2016.0,311.0,3.0,0.0,0.0,0.0,0.0,0.0,0.0,0.0,5.998124908755635,0.9943574243978672,0.9943574243978672,0.0,0.0,0.075,-0.521634281110708
2016.0,311.0,3.5,0.0,0.0,0.0,0.0,0.0,0.0,0.0,5.998124908755635,0.9943574243978672,0.9943574243978672,0.0,0.0,0.075,-0.521634281110708
2016.0,311.0,4.0,0.0,0.0,0.0,0.0,0.0,0.0,0.0,5.998124908755635,0.9943574243978672,0.9943574243978672,0.0,0.0,0.075,-0.521634281110708
2016.0,311.0,4.5,0.0,0.0,0.0,0.0,0.0,0.0,0.0,5.998124908755635,0.9943574243978672,0.9943574243978672,0.0,0.0,0.075,-0.521634281110708
2016,311,5.0,-2.1856553426370384,0.3540654424159714,11.065024661635587,0.0196837468280998,-0.521634281110708,16.11906496531433,False,5.9930108606319585,0.9970651865549935,0.9970651865549935,0.0,0.0,0.075,-0.521634281110708
2016,311,5.5,-1.1074063326160954,0.7155589074694508,18.900463105940513,0.04084666602669909,-0.5571494278924831,16.906144627676714,False,5.9930108606319585,0.9965209085252117,0.9965209085252117,0.0,0.0,0.075,-0.521634281110708
2016,311,6.0,7.99397766541821,1.7254785067595582,29.387197909070906,0.1044526311988362,-0.5926645746742584,19.293420744636535,False,5.9930108606319585,0.9959190247424068,0.9959190247424068,0.0,0.02684862194148999,0.075,-0.521634281110708
2016,311,6.5,3.210039974788815,0.18363880845914024,13.079688264817147,0.009188245057136061,-0.521634281110708,20.55811163292755,False,5.9930108606319585,0.9970651865549935,0.9970651865549935,0.0,0.019814653412748205,0.075,-0.521634281110708
2016,311,7.0,14.10811515945369,1.862252744935587,24.598412856251255,0.08522069917491697,-0.5926645746742584,21.891582270598825,False,5.9930108606319585,0.9959190247424068,0.9959190247424068,0.0,0.07210858314068665,0.075,-0.521634281110708
2016,311,7.5,18.75880526466905,5.1869903078060275,33.602923647468614,0.20279571400144122,-0.7702403085831342,22.540679778228494,False,5.9930108606319585,0.9919766849231989,0.9919766849231989,0.0,0.07030801383975466,0.075,-0.521634281110708
2016,311,8.0,19.380470307107903,5.639941615693079,33.77021999303493,0.19291105335594871,-0.7932775612682605,23.725060639959537,False,5.990848958087585,0.991343808692096,0.991343808692096,0.0,0.0754644395825763,0.0745,-0.5455114336333129
2016,311,8.5,21.409151402463507,6.630812421204153,33.679833951302626,0.20181150297131872,-0.8880728712160049,24.702230439632093,False,5.988405286736491,0.9884252007751785,0.9884252007751785,0.0,0.08885009407125721,0.074,-0.5706534997675224
2016,311,9.0,26.674023502877404,7.292262804897231,31.249161193693453,0.20085178885983523,-0.8880728712160049,25.89143385647828,False,5.988405286736491,0.9884252007751785,0.9884252007751785,0.0,0.13657732407071635,0.074,-0.5706534997675224
2016,311,9.5,27.86647238370737,7.650081888177309,31.1052729519439,0.2002302642733954,-0.9233416902658363,26.251538052615466,False,5.988405286736491,0.987206102192436,0.987206102192436,0.0,0.14659304522658317,0.074,-0.5706534997675224
2016,311,10.0,18.378069953452513,7.161256747986529,34.78833328959925,0.1776133093621515,-0.8880728712160049,26.565174783424702,False,5.988405286736491,0.9884252007751785,0.9884252007751785,0.0,0.07273122873648238,0.074,-0.5706534997675224
2016,311,10.5,22.5113498813404,7.188061370938917,31.975068212317623,0.16412604399213582,-0.9133583631193467,27.67943092882966,False,5.985640967113905,0.9875586871506807,0.9875586871506807,0.0,0.10535359005463421,0.0735,-0.5971367254978646
2016,311,11.0,6.849200473711308,6.249781765469098,27.40264686399815,0.14324050887052053,-0.9050065764473778,27.50607276759849,False,5.982511471525288,0.9878490851593043,0.9878490851593043,0.0,0.03331118860364513,0.073,-0.6250425172123373
2016,311,11.5,3.047621709746581,5.994166384802062,24.386289174273486,0.12971104166766442,-0.9050065764473778,28.59503906258363,False,5.982511471525288,0.9878490851593043,0.9878490851593043,0.0,0.022267807753847065,0.073,-0.6250425172123373
2016,311,12.0,1.5039493080357502,5.398300273002025,23.521100463160664,0.11477670258014688,-0.8700110690429976,29.008255091619702,False,5.982511471525288,0.9890211267842591,0.9890211267842591,0.0,0.0177125940576178,0.073,-0.6250425172123373
2016,311,12.5,16.145622224537657,5.704268887616932,31.901452506707315,0.11431305088382818,-0.8700110690429976,29.68659535748561,False,5.982511471525288,0.9890211267842591,0.9890211267842591,0.0,0.07667132374230767,0.073,-0.6250425172123373
2016,311,13.0,2.497821341939461,6.832801075147122,23.975434625836595,0.14009031174012165,-0.968087055576969,29.337440067377337,False,5.978965766839114,0.9855519775761522,0.9855519775761522,0.0,0.02109347629901674,0.0725,-0.6544578297034795
2016,311,13.5,10.84389651985655,7.167553546112846,28.903735324847606,0.1543840342454062,-0.9977019990576557,29.39932369660596,False,5.974945323052049,0.9843898163919501,0.9843898163919501,0.0,0.04012891171488826,0.072,-0.6854755862964091
2016,311,14.0,16.35821748426217,7.153449544389151,33.90661079833343,0.14710238912326437,-0.9977019990576557,29.549769727862945,False,5.974945323052049,0.9843898163919501,0.9843898163919501,0.0,0.06818235889044168,0.072,-0.6854755862964091
2016,311,14.5,16.819826260301042,6.175333651161524,32.673340992000924,0.1379660687823103,-0.9630101754175171,28.99224959335818,False,5.974945323052049,0.9857457822138092,0.9857457822138092,0.0,0.07054145395360853,0.072,-0.6854755862964091
2016,311,15.0,9.520338368115528,3.9088023848485993,32.59301577726478,0.07773715812031196,-0.8589347044971016,28.96326150803897,False,5.974945323052049,0.98937717929139,0.98937717929139,0.0,0.03698755384118683,0.072,-0.6854755862964091
2016.0,311.0,15.5,0.0,0.0,0.0,0.0,0.0,0.0,0.0,5.974945323052049,0.98937717929139,0.98937717929139,0.0,0.0,0.072,-0.6854755862964091
2016.0,311.0,16.0,0.0,0.0,0.0,0.0,0.0,0.0,0.0,5.974945323052049,0.98937717929139,0.98937717929139,0.0,0.0,0.0715,-0.7181951340120418
2016.0,311.0,16.5,0.0,0.0,0.0,0.0,0.0,0.0,0.0,5.974945323052049,0.98937717929139,0.98937717929139,0.0,0.0,0.071,-0.752722736959751
2016.0,311.0,17.0,0.0,0.0,0.0,0.0,0.0,0.0,0.0,5.974945323052049,0.98937717929139,0.98937717929139,0.0,0.0,0.071,-0.752722736959751
2016.0,311.0,17.5,0.0,0.0,0.0,0.0,0.0,0.0,0.0,5.974945323052049,0.98937717929139,0.98937717929139,0.0,0.0,0.071,-0.752722736959751
2016.0,311.0,18.0,0.0,0.0,0.0,0.0,0.0,0.0,0.0,5.974945323052049,0.98937717929139,0.98937717929139,0.0,0.0,0.071,-0.752722736959751
2016.0,311.0,18.5,0.0,0.0,0.0,0.0,0.0,0.0,0.0,5.974945323052049,0.98937717929139,0.98937717929139,0.0,0.0,0.071,-0.752722736959751
2016.0,311.0,19.0,0.0,0.0,0.0,0.0,0.0,0.0,0.0,5.974945323052049,0.98937717929139,0.98937717929139,0.0,0.0,0.071,-0.752722736959751
2016.0,311.0,19.5,0.0,0.0,0.0,0.0,0.0,0.0,0.0,5.974945323052049,0.98937717929139,0.98937717929139,0.0,0.0,0.071,-0.752722736959751
2016.0,311.0,20.0,0.0,0.0,0.0,0.0,0.0,0.0,0.0,5.974945323052049,0.98937717929139,0.98937717929139,0.0,0.0,0.071,-0.752722736959751
2016.0,311.0,20.5,0.0,0.0,0.0,0.0,0.0,0.0,0.0,5.974945323052049,0.98937717929139,0.98937717929139,0.0,0.0,0.071,-0.752722736959751
2016.0,311.0,21.0,0.0,0.0,0.0,0.0,0.0,0.0,0.0,5.974945323052049,0.98937717929139,0.98937717929139,0.0,0.0,0.071,-0.752722736959751
2016.0,311.0,21.5,0.0,0.0,0.0,0.0,0.0,0.0,0.0,5.974945323052049,0.98937717929139,0.98937717929139,0.0,0.0,0.071,-0.752722736959751
2016.0,311.0,22.0,0.0,0.0,0.0,0.0,0.0,0.0,0.0,5.974945323052049,0.98937717929139,0.98937717929139,0.0,0.0,0.071,-0.752722736959751
2016.0,311.0,22.5,0.0,0.0,0.0,0.0,0.0,0.0,0.0,5.974945323052049,0.98937717929139,0.98937717929139,0.0,0.0,0.071,-0.752722736959751
2016.0,311.0,23.0,0.0,0.0,0.0,0.0,0.0,0.0,0.0,5.974945323052049,0.98937717929139,0.98937717929139,0.0,0.0,0.071,-0.752722736959751
2016.0,311.0,23.5,0.0,0.0,0.0,0.0,0.0,0.0,0.0,5.974945323052049,0.98937717929139,0.98937717929139,0.0,0.0,0.071,-0.752722736959751
2016.0,312.0,0.0,0.0,0.0,0.0,0.0,0.0,0.0,0.0,5.974945323052049,0.98937717929139,0.98937717929139,0.0,0.0,0.071,-0.752722736959751
2016.0,312.0,0.5,0.0,0.0,0.0,0.0,0.0,0.0,0.0,5.974945323052049,0.98937717929139,0.98937717929139,0.0,0.0,0.071,-0.752722736959751
2016.0,312.0,1.0,0.0,0.0,0.0,0.0,0.0,0.0,0.0,5.974945323052049,0.98937717929139,0.98937717929139,0.0,0.0,0.071,-0.752722736959751
2016.0,312.0,1.5,0.0,0.0,0.0,0.0,0.0,0.0,0.0,5.974945323052049,0.98937717929139,0.98937717929139,0.0,0.0,0.071,-0.752722736959751
2016.0,312.0,2.0,0.0,0.0,0.0,0.0,0.0,0.0,0.0,5.974945323052049,0.98937717929139,0.98937717929139,0.0,0.0,0.071,-0.752722736959751
2016.0,312.0,2.5,0.0,0.0,0.0,0.0,0.0,0.0,0.0,5.974945323052049,0.98937717929139,0.98937717929139,0.0,0.0,0.071,-0.752722736959751
2016.0,312.0,3.0,0.0,0.0,0.0,0.0,0.0,0.0,0.0,5.974945323052049,0.98937717929139,0.98937717929139,0.0,0.0,0.071,-0.752722736959751
2016.0,312.0,3.5,0.0,0.0,0.0,0.0,0.0,0.0,0.0,5.974945323052049,0.98937717929139,0.98937717929139,0.0,0.0,0.071,-0.752722736959751
2016.0,312.0,4.0,0.0,0.0,0.0,0.0,0.0,0.0,0.0,5.974945323052049,0.98937717929139,0.98937717929139,0.0,0.0,0.071,-0.752722736959751
2016.0,312.0,4.5,0.0,0.0,0.0,0.0,0.0,0.0,0.0,5.974945323052049,0.98937717929139,0.98937717929139,0.0,0.0,0.071,-0.752722736959751
2016,312,5.0,-1.0635315730021724,0.5940109380183269,24.77518241448923,0.11484158066936603,-0.7870766352196716,11.920597325116857,False,5.965201552757978,0.9915170345296784,0.9915170345296784,0.0,0.0,0.071,-0.752722736959751
2016,312,5.5,0.29007579278103823,0.6924079584119192,27.825115628918475,0.12970898652256174,-0.8233428470440894,12.65043946513772,False,5.9593124327819185,0.99047354024923,0.99047354024923,0.0,0.0,0.0705,-0.7891721114701507
2016,312,6.0,9.409190273755243,1.3410894874882109,35.0197595283225,0.19228942455696174,-0.8956196147069634,15.505712144078531,False,5.952613677518991,0.9881705380795397,0.9881705380795397,0.0,0.019336203311300277,0.07,-0.8276650068290242
2016,312,6.5,6.868051888059086,2.4362401096616577,41.54364306751082,0.3614385319923435,-0.929596918645933,17.499125794263094,False,5.952613677518991,0.9869821421438798,0.9869821421438798,0.0,0.014526513060758023,0.07,-0.8276650068290242
2016,312,7.0,19.041224782849632,4.347723146786078,36.2595364482253,0.33500772450774935,-1.0315288304628416,19.584863255600418,False,5.952613677518991,0.982995540335057,0.982995540335057,0.0,0.0521828102873632,0.07,-0.8276650068290242
2016,312,7.5,21.819133020649648,5.228350308536907,35.514834654475486,0.30361994995459846,-1.065506134401811,21.201943245765836,False,5.952613677518991,0.9815222251585515,0.9815222251585515,0.0,0.06442540166595094,0.07,-0.8276650068290242
2016,312,8.0,23.141641537129203,5.373239388973511,33.28051265134715,0.22816689151446895,-1.065506134401811,23.332969206989596,False,5.952613677518991,0.9815222251585515,0.9815222251585515,0.0,0.0775940391178683,0.07,-0.8276650068290242
2016,312,8.5,21.910042120527116,4.56471461281875,33.25471266683808,0.1940419253031039,-1.0315288304628416,21.996521797446583,False,5.952613677518991,0.982995540335057,0.982995540335057,0.0,0.06088204597165377,0.07,-0.8276650068290242
2016,312,9.0,29.80519346232169,5.844160657679985,32.10341742837862,0.2382882293601698,-1.0994834383407808,22.518022002609424,False,5.952613677518991,0.9799748093382539,0.9799748093382539,0.0,0.10080560073495752,0.07,-0.8276650068290242
2016,312,9.5,31.792659607019683,6.308066085956309,32.59595742133947,0.2570401425448908,-1.1334607422797505,22.488100463740686,False,5.952613677518991,0.9783522335570559,0.9783522335570559,0.0,0.10802443324754005,0.07,-0.8276650068290242
2016,312,10.0,26.80794733423766,6.41792482329677,35.476891522844625,0.2828411600224694,-1.2133250493714063,22.08929707651062,False,5.936300521549757,0.9742366684442856,0.9742366684442856,0.0,0.07211142484226923,0.069,-0.9113123600460743
2016,312,10.5,28.351192000104007,6.41792482329677,35.49786665153977,0.296765002329624,-1.2133250493714063,22.068475715785162,False,5.936300521549757,0.9742366684442856,0.9742366684442856,0.0,0.07776383427637404,0.069,-0.9113123600460743
2016,312,11.0,11.588646969397901,5.9893203868750735,39.99986985498094,0.2849123937982351,-1.1797680838908138,21.556394114877165,False,5.936300521549757,0.9760179949056559,0.9760179949056559,0.0,0.026577980046545144,0.069,-0.9113123600460743
2016,312,11.5,10.897870276937546,6.034690642066097,40.25215700824097,0.2827577567558155,-1.1797680838908138,21.69012048620553,False,5.936300521549757,0.9760179949056559,0.9760179949056559,0.0,0.02500368430412947,0.069,-0.9113123600460743
2016,312,12.0,4.6997012190028435,6.746713684764043,26.854831308228654,0.18984820293719187,-1.2133250493714063,26.274362589550485,False,5.936300521549757,0.9742366684442856,0.9742366684442856,0.0,0.016986870235693206,0.069,-0.9113123600460743
2016,312,13.0,1.0892481684521158,6.746713684764042,23.64585296468202,0.13759390141322927,-1.3026082999457214,29.387103909012453,False,5.9150947863990035,0.9691226183529907,0.9691226183529907,0.0,0.01222762236652719,0.068,-1.0048248172265413
2016,312,13.5,5.215938777543806,6.333208180483153,24.168156022314143,0.1231451112745885,-1.3026082999457214,29.705805307376515,False,5.9150947863990035,0.9691226183529907,0.9691226183529907,0.0,0.025209700721623044,0.068,-1.0048248172265413
2016,312,14.0,24.847397501120973,7.544154472605413,35.0335968755705,0.25744464770198283,-1.3687824072166503,24.212519248992866,False,5.9150947863990035,0.9649741396691697,0.9649741396691697,0.0,0.058126705871486745,0.068,-1.0048248172265413
2016,312,14.5,16.407205895819306,6.769880846974529,36.61012300312891,0.2080451563585304,-1.3026082999457214,24.53773113745514,False,5.9150947863990035,0.9691226183529907,0.9691226183529907,0.0,0.034882014947914014,0.068,-1.0048248172265413
2016,312,15.0,12.26520637603933,4.686519285700534,35.16160713312949,0.1301285369641819,-1.2364341926747926,24.647688189180037,False,5.9150947863990035,0.9729655453237807,0.9729655453237807,0.0,0.025539639370071206,0.068,-1.0048248172265413
2016,312,15.5,-1.7757356666198063,3.3682657651253862,22.18114599975808,0.08799224901809467,-1.1702600854038636,24.627891164030316,False,5.9150947863990035,0.9765089336764861,0.9765089336764861,0.0,0.0,0.068,-1.0048248172265413
2016,312,16.0,-1.0476510960129293,2.5359739650548914,20.613529748925078,0.06486034886060761,-1.187015850537448,24.52869642416445,False,5.902191394671284,0.9756396869543772,0.9756396869543772,0.0,0.0,0.0675,-1.0556900527908526
2016.0,312.0,16.5,0.0,0.0,0.0,0.0,0.0,0.0,0.0,5.902191394671284,0.9756396869543772,0.9756396869543772,0.0,0.0,0.0675,-1.0556900527908526
2016.0,312.0,17.0,0.0,0.0,0.0,0.0,0.0,0.0,0.0,5.902191394671284,0.9756396869543772,0.9756396869543772,0.0,0.0,0.067,-1.1095374308689805
2016.0,312.0,17.5,0.0,0.0,0.0,0.0,0.0,0.0,0.0,5.902191394671284,0.9756396869543772,0.9756396869543772,0.0,0.0,0.067,-1.1095374308689805
2016.0,312.0,18.0,0.0,0.0,0.0,0.0,0.0,0.0,0.0,5.902191394671284,0.9756396869543772,0.9756396869543772,0.0,0.0,0.067,-1.1095374308689805
2016.0,312.0,18.5,0.0,0.0,0.0,0.0,0.0,0.0,0.0,5.902191394671284,0.9756396869543772,0.9756396869543772,0.0,0.0,0.067,-1.1095374308689805
2016.0,312.0,19.0,0.0,0.0,0.0,0.0,0.0,0.0,0.0,5.902191394671284,0.9756396869543772,0.9756396869543772,0.0,0.0,0.067,-1.1095374308689805
2016.0,312.0,19.5,0.0,0.0,0.0,0.0,0.0,0.0,0.0,5.902191394671284,0.9756396869543772,0.9756396869543772,0.0,0.0,0.067,-1.1095374308689805
2016.0,312.0,20.0,0.0,0.0,0.0,0.0,0.0,0.0,0.0,5.902191394671284,0.9756396869543772,0.9756396869543772,0.0,0.0,0.067,-1.1095374308689805
2016.0,312.0,20.5,0.0,0.0,0.0,0.0,0.0,0.0,0.0,5.902191394671284,0.9756396869543772,0.9756396869543772,0.0,0.0,0.067,-1.1095374308689805
2016.0,312.0,21.0,0.0,0.0,0.0,0.0,0.0,0.0,0.0,5.902191394671284,0.9756396869543772,0.9756396869543772,0.0,0.0,0.067,-1.1095374308689805
2016.0,312.0,21.5,0.0,0.0,0.0,0.0,0.0,0.0,0.0,5.902191394671284,0.9756396869543772,0.9756396869543772,0.0,0.0,0.067,-1.1095374308689805
2016.0,312.0,22.0,0.0,0.0,0.0,0.0,0.0,0.0,0.0,5.902191394671284,0.9756396869543772,0.9756396869543772,0.0,0.0,0.067,-1.1095374308689805
2016.0,312.0,22.5,0.0,0.0,0.0,0.0,0.0,0.0,0.0,5.902191394671284,0.9756396869543772,0.9756396869543772,0.0,0.0,0.067,-1.1095374308689805
2016.0,312.0,23.0,0.0,0.0,0.0,0.0,0.0,0.0,0.0,5.902191394671284,0.9756396869543772,0.9756396869543772,0.0,0.0,0.067,-1.1095374308689805
2016.0,312.0,23.5,0.0,0.0,0.0,0.0,0.0,0.0,0.0,5.902191394671284,0.9756396869543772,0.9756396869543772,0.0,0.0,0.067,-1.1095374308689805
2016.0,313.0,0.0,0.0,0.0,0.0,0.0,0.0,0.0,0.0,5.902191394671284,0.9756396869543772,0.9756396869543772,0.0,0.0,0.067,-1.1095374308689805
2016.0,313.0,0.5,0.0,0.0,0.0,0.0,0.0,0.0,0.0,5.902191394671284,0.9756396869543772,0.9756396869543772,0.0,0.0,0.067,-1.1095374308689805
2016.0,313.0,1.0,0.0,0.0,0.0,0.0,0.0,0.0,0.0,5.902191394671284,0.9756396869543772,0.9756396869543772,0.0,0.0,0.067,-1.1095374308689805
2016.0,313.0,1.5,0.0,0.0,0.0,0.0,0.0,0.0,0.0,5.902191394671284,0.9756396869543772,0.9756396869543772,0.0,0.0,0.067,-1.1095374308689805
2016.0,313.0,2.0,0.0,0.0,0.0,0.0,0.0,0.0,0.0,5.902191394671284,0.9756396869543772,0.9756396869543772,0.0,0.0,0.067,-1.1095374308689805
2016.0,313.0,2.5,0.0,0.0,0.0,0.0,0.0,0.0,0.0,5.902191394671284,0.9756396869543772,0.9756396869543772,0.0,0.0,0.067,-1.1095374308689805
2016.0,313.0,3.0,0.0,0.0,0.0,0.0,0.0,0.0,0.0,5.902191394671284,0.9756396869543772,0.9756396869543772,0.0,0.0,0.067,-1.1095374308689805
2016.0,313.0,3.5,0.0,0.0,0.0,0.0,0.0,0.0,0.0,5.902191394671284,0.9756396869543772,0.9756396869543772,0.0,0.0,0.067,-1.1095374308689805
2016.0,313.0,4.0,0.0,0.0,0.0,0.0,0.0,0.0,0.0,5.902191394671284,0.9756396869543772,0.9756396869543772,0.0,0.0,0.067,-1.1095374308689805
2016.0,313.0,4.5,0.0,0.0,0.0,0.0,0.0,0.0,0.0,5.902191394671284,0.9756396869543772,0.9756396869543772,0.0,0.0,0.067,-1.1095374308689805
2016,313,5.0,-2.115472740264945,0.6860990116502124,22.07794388670117,0.07181762544596591,-1.1420982904660408,17.02303905245534,False,5.8874480423459294,0.9779276454877466,0.9779276454877466,0.0,0.0,0.067,-1.1095374308689805
2016,313,5.5,-0.7331487969675607,0.8694574123164234,22.805051113994526,0.08781872216845159,-1.1420982904660408,17.85109090093926,False,5.8874480423459294,0.9779276454877466,0.9779276454877466,0.0,0.0,0.067,-1.1095374308689805
2016,313,6.0,5.087856819597148,1.700913748405566,39.13970508399851,0.16574727977580925,-1.174659150063101,19.825265661756546,False,5.8874480423459294,0.9762825440560096,0.9762825440560096,0.0,0.010400911570387694,0.067,-1.1095374308689805
2016,313,6.5,0.6242028638859387,0.9032401411650524,22.538601568000562,0.08537012319816926,-1.1420982904660408,20.432253352216314,False,5.8874480423459294,0.9779276454877466,0.9779276454877466,0.0,0.003976507983611113,0.067,-1.1095374308689805
2016,313,7.0,-1.1239250500761337,1.2452001965763828,22.963035093336124,0.11031553519459981,-1.2909311704230524,21.31392242358944,False,5.851305221906068,0.9698227827487214,0.9698227827487214,0.0,0.0010812559441200497,0.066,-1.226989877831571
2016,313,7.5,-1.3851771187077715,0.5131764065654809,20.599513750241794,0.04070667215726539,-1.1988403175187534,21.062705485596943,False,5.8705910572768865,0.9750148992760357,0.9750148992760357,0.0,7.349010700382304e-05,0.0665,-1.1665660338158987
2016,313,8.0,-0.447606831385855,0.6724512280674398,20.327879853662715,0.04657880828372265,-1.2589605241273119,21.629841430973727,False,5.851305221906068,0.9716913172664727,0.9716913172664727,0.0,0.0022665200257089716,0.066,-1.226989877831571
2016,313,8.5,0.909298600945041,0.9395894671251094,21.30908054297798,0.0650058771136919,-1.2589605241273119,22.294983610733283,False,5.851305221906068,0.9716913172664727,0.9716913172664727,0.0,0.006117553553578011,0.066,-1.226989877831571
2016,313,9.0,-0.3381784043029581,0.8167830902957155,21.8310980882432,0.06188399326327292,-1.2589605241273119,22.521110870848673,False,5.851305221906068,0.9716913172664727,0.9716913172664727,0.0,0.0035284009285860975,0.066,-1.226989877831571
2016,313,9.5,-0.8442719089343893,0.6453835274188771,22.036262539764945,0.052532285174360524,-1.2589605241273119,22.092045761196587,False,5.851305221906068,0.9716913172664727,0.9716913172664727,0.0,0.002284865877942859,0.066,-1.226989877831571
2016,313,10.0,1.5548920136658637,1.2081395500973409,23.14733428107405,0.0859639933175291,-1.2909311704230524,23.33990762074363,False,5.851305221906068,0.9698227827487214,0.9698227827487214,0.0,0.008933734589574678,0.066,-1.226989877831571
2016,313,10.5,5.849333783962635,1.1030199484082936,25.26635019676436,0.07180045419984266,-1.2909311704230524,24.313636556271405,False,5.851305221906068,0.9698227827487214,0.9698227827487214,0.0,0.020509812156925288,0.066,-1.226989877831571
2016,313,11.0,5.003569897841151,1.0301562423389319,24.27651444797756,0.035096774816415516,-1.2909311704230524,27.511617337058674,False,5.851305221906068,0.9698227827487214,0.9698227827487214,0.0,0.030963066544458965,0.066,-1.226989877831571
2016,313,11.5,4.631270616664294,2.4364147232128532,22.33126138736908,0.0692768620598385,-1.354872463014534,29.861847837476525,False,5.851305221906068,0.9658717979507727,0.9658717979507727,0.0,0.029908863442553252,0.066,-1.226989877831571
2016,313,12.0,11.729152517834441,2.9914127357329727,31.196625777990498,0.07632533697325272,-1.354872463014534,30.4944728595554,False,5.851305221906068,0.9658717979507727,0.9658717979507727,0.0,0.044509354659060155,0.066,-1.226989877831571
2016,313,12.5,13.543852643600065,6.30660761188393,34.45633208849305,0.12282426919297468,-1.5147256944932372,32.86116109312405,False,5.851305221906068,0.954719260418571,0.954719260418571,0.0,0.04936297053219014,0.066,-1.226989877831571
2016,313,13.0,-1.0445053636786916,5.96844743821116,22.94290433257413,0.12741551102435067,-1.640728856038174,31.582077574395257,False,5.80394070801875,0.9446139401669841,0.9446139401669841,0.0,0.010813664626486896,0.065,-1.3589616101865312
2016,313,13.5,0.5470570400412758,4.556775514029285,21.901396547335878,0.09694882124607257,-1.5781139125155867,31.32414575962845,False,5.80394070801875,0.9497822187559118,0.9497822187559118,0.0,0.01477614466850538,0.065,-1.3589616101865312
2016,313,14.0,-1.4285877348508547,6.176039393948641,22.43197833720884,0.13527987767903588,-1.640728856038174,32.69821547041903,False,5.80394070801875,0.9446139401669841,0.9446139401669841,0.0,0.013516775043724777,0.065,-1.3589616101865312
2016,313,14.5,-1.773357477316734,4.556897466525038,22.6415999282803,0.14835163970129928,-1.5781139125155867,30.354153447015964,False,5.80394070801875,0.9497822187559118,0.9497822187559118,0.0,0.00914619744816932,0.065,-1.3589616101865312
2016.0,313.0,15.0,0.0,0.0,0.0,0.0,0.0,0.0,0.0,5.80394070801875,0.9497822187559118,0.9497822187559118,0.0,0.0020414215148420083,0.065,-1.3589616101865312
2016.0,313.0,15.5,0.0,0.0,0.0,0.0,0.0,0.0,0.0,5.80394070801875,0.9497822187559118,0.9497822187559118,0.0,0.0,0.065,-1.3589616101865312
2016.0,313.0,16.0,0.0,0.0,0.0,0.0,0.0,0.0,0.0,5.80394070801875,0.9497822187559118,0.9497822187559118,0.0,0.0,0.065,-1.3589616101865312
2016.0,313.0,16.5,0.0,0.0,0.0,0.0,0.0,0.0,0.0,5.80394070801875,0.9497822187559118,0.9497822187559118,0.0,0.0,0.065,-1.3589616101865312
2016.0,313.0,17.0,0.0,0.0,0.0,0.0,0.0,0.0,0.0,5.80394070801875,0.9497822187559118,0.9497822187559118,0.0,0.0,0.065,-1.3589616101865312
2016.0,313.0,17.5,0.0,0.0,0.0,0.0,0.0,0.0,0.0,5.80394070801875,0.9497822187559118,0.9497822187559118,0.0,0.0,0.065,-1.3589616101865312
2016.0,313.0,18.0,0.0,0.0,0.0,0.0,0.0,0.0,0.0,5.80394070801875,0.9497822187559118,0.9497822187559118,0.0,0.0,0.065,-1.3589616101865312
2016.0,313.0,18.5,0.0,0.0,0.0,0.0,0.0,0.0,0.0,5.80394070801875,0.9497822187559118,0.9497822187559118,0.0,0.0,0.065,-1.3589616101865312
2016.0,313.0,19.0,0.0,0.0,0.0,0.0,0.0,0.0,0.0,5.80394070801875,0.9497822187559118,0.9497822187559118,0.0,0.0,0.065,-1.3589616101865312
2016.0,313.0,19.5,0.0,0.0,0.0,0.0,0.0,0.0,0.0,5.80394070801875,0.9497822187559118,0.9497822187559118,0.0,0.0,0.065,-1.3589616101865312
2016.0,313.0,20.0,0.0,0.0,0.0,0.0,0.0,0.0,0.0,5.80394070801875,0.9497822187559118,0.9497822187559118,0.0,0.0,0.065,-1.3589616101865312
2016.0,313.0,20.5,0.0,0.0,0.0,0.0,0.0,0.0,0.0,5.80394070801875,0.9497822187559118,0.9497822187559118,0.0,0.0,0.065,-1.3589616101865312
2016.0,313.0,21.0,0.0,0.0,0.0,0.0,0.0,0.0,0.0,5.80394070801875,0.9497822187559118,0.9497822187559118,0.0,0.0,0.065,-1.3589616101865312
2016.0,313.0,21.5,0.0,0.0,0.0,0.0,0.0,0.0,0.0,5.80394070801875,0.9497822187559118,0.9497822187559118,0.0,0.0,0.065,-1.3589616101865312
2016.0,313.0,22.0,0.0,0.0,0.0,0.0,0.0,0.0,0.0,5.80394070801875,0.9497822187559118,0.9497822187559118,0.0,0.0,0.065,-1.3589616101865312
2016.0,313.0,22.5,0.0,0.0,0.0,0.0,0.0,0.0,0.0,5.80394070801875,0.9497822187559118,0.9497822187559118,0.0,0.0,0.065,-1.3589616101865312
2016.0,313.0,23.0,0.0,0.0,0.0,0.0,0.0,0.0,0.0,5.80394070801875,0.9497822187559118,0.9497822187559118,0.0,0.0,0.0645,-1.4310239929470283
2016.0,313.0,23.5,0.0,0.0,0.0,0.0,0.0,0.0,0.0,5.80394070801875,0.9497822187559118,0.9497822187559118,0.0,0.0,0.065,-1.3589616101865312
2016.0,314.0,0.0,0.0,0.0,0.0,0.0,0.0,0.0,0.0,5.80394070801875,0.9497822187559118,0.9497822187559118,0.0,0.0,0.065,-1.3589616101865312
2016.0,314.0,0.5,0.0,0.0,0.0,0.0,0.0,0.0,0.0,5.80394070801875,0.9497822187559118,0.9497822187559118,0.0,0.0,0.0645,-1.4310239929470283
2016.0,314.0,1.0,0.0,0.0,0.0,0.0,0.0,0.0,0.0,5.80394070801875,0.9497822187559118,0.9497822187559118,0.0,0.0,0.065,-1.3589616101865312
2016.0,314.0,1.5,0.0,0.0,0.0,0.0,0.0,0.0,0.0,5.80394070801875,0.9497822187559118,0.9497822187559118,0.0,0.0,0.065,-1.3589616101865312
2016.0,314.0,2.0,0.0,0.0,0.0,0.0,0.0,0.0,0.0,5.80394070801875,0.9497822187559118,0.9497822187559118,0.0,0.0,0.065,-1.3589616101865312
2016.0,314.0,2.5,0.0,0.0,0.0,0.0,0.0,0.0,0.0,5.80394070801875,0.9497822187559118,0.9497822187559118,0.0,0.0,0.064,-1.5075137161482992
2016.0,314.0,3.0,0.0,0.0,0.0,0.0,0.0,0.0,0.0,5.80394070801875,0.9497822187559118,0.9497822187559118,0.0,0.0,0.0645,-1.4310239929470283
2016.0,314.0,3.5,0.0,0.0,0.0,0.0,0.0,0.0,0.0,5.80394070801875,0.9497822187559118,0.9497822187559118,0.0,0.0,0.0645,-1.4310239929470283
2016.0,314.0,4.0,0.0,0.0,0.0,0.0,0.0,0.0,0.0,5.80394070801875,0.9497822187559118,0.9497822187559118,0.0,0.0,0.064,-1.5075137161482992
2016.0,314.0,4.5,0.0,0.0,0.0,0.0,0.0,0.0,0.0,5.80394070801875,0.9497822187559118,0.9497822187559118,0.0,0.0,0.064,-1.5075137161482992
2016.0,314.0,5.0,0.0,0.0,0.0,0.0,0.0,0.0,0.0,5.80394070801875,0.9497822187559118,0.9497822187559118,0.0,0.0,0.064,-1.5075137161482992
2016.0,314.0,5.5,0.0,0.0,0.0,0.0,0.0,0.0,0.0,5.80394070801875,0.9497822187559118,0.9497822187559118,0.0,0.0,0.064,-1.5075137161482992
2016.0,314.0,6.0,0.0,0.0,0.0,0.0,0.0,0.0,0.0,5.80394070801875,0.9497822187559118,0.9497822187559118,0.0,0.0,0.064,-1.5075137161482992
2016.0,314.0,6.5,0.0,0.0,0.0,0.0,0.0,0.0,0.0,5.80394070801875,0.9497822187559118,0.9497822187559118,0.0,0.0,0.064,-1.5075137161482992
2016,314,7.0,-2.0455930582001374,0.7510576512794276,22.90868505519323,0.11747307652983234,-1.53807469491481,21.043583407828194,False,5.741748196006188,0.9529350736660653,0.9529350736660653,0.0,0.00021440963807565483,0.064,-1.5075137161482992
2016,314,7.5,0.42930109964863483,1.0270185695296448,24.16661168648457,0.16360179961509574,-1.568635673681321,21.408465794449736,False,5.741748196006188,0.9505392526400802,0.9505392526400802,0.0,0.0048962625506422395,0.064,-1.5075137161482992
2016,314,8.0,4.511371962401357,1.077931155757196,26.276537895829243,0.1502171777482456,-1.568635673681321,22.32114751851468,False,5.741748196006188,0.9505392526400802,0.9505392526400802,0.0,0.013598293630070897,0.064,-1.5075137161482992
2016,314,8.5,11.764161809487884,2.1006672619402726,31.905783181750287,0.2827891138062043,-1.5991966524478318,23.789917903393594,False,5.741748196006188,0.9480745056038853,0.9480745056038853,0.0,0.027950219171032877,0.064,-1.5075137161482992
2016,314,9.0,4.677164748550986,1.4895483492587918,27.002990928293556,0.19388255382861147,-1.568635673681321,22.475171571310206,False,5.741748196006188,0.9505392526400802,0.9505392526400802,0.0,0.014163980826954756,0.064,-1.5075137161482992
2016,314,9.5,26.19558321769633,4.042100168883168,37.069132337999605,0.342799382719955,-1.6908795887473647,25.3563160299775,False,5.741748196006188,0.940264026207143,0.940264026207143,0.0,0.06017443587659104,0.064,-1.5075137161482992
2016,314,10.0,6.92753069688466,3.392028828332453,30.224016087622164,0.24774180333646406,-1.6603186099808538,24.26975214439762,False,5.741748196006188,0.942937129817367,0.942937129817367,0.0,0.018033348628874173,0.064,-1.5075137161482992
2016,314,10.5,2.161098013318109,2.3911487829867872,24.898614052289222,0.14850257634105127,-1.629757631214343,24.643667577434094,False,5.741748196006188,0.9455405489506958,0.9455405489506958,0.0,0.00971569220484782,0.064,-1.5075137161482992
2016,314,11.0,3.0393149518091986,2.562594273315065,25.67468053215051,0.17390055031184481,-1.629757631214343,25.77300624878305,False,5.741748196006188,0.9455405489506958,0.9455405489506958,0.0,0.013592013130030523,0.064,-1.5075137161482992
2016,314,11.5,1.9744065575334555,0.6075773004904894,18.902673348693227,0.03587924054396621,-1.53807469491481,25.409785007014946,False,5.741748196006188,0.9529350736660653,0.9529350736660653,0.0,0.012756157033810856,0.064,-1.5075137161482992
2016,314,12.0,4.173927655573789,0.8626205953192496,20.56232754208161,0.03746954030989255,-1.53807469491481,27.3580096455796,False,5.741748196006188,0.9529350736660653,0.9529350736660653,0.0,0.024028308640967846,0.064,-1.5075137161482992
2016,314,12.5,6.487119360019105,2.899939069029809,26.484558525170673,0.11796901798449429,-1.7395046334860922,27.253094722161137,False,5.70366037507109,0.9358667957577155,0.9358667957577155,0.0,0.0210869690958608,0.0635,-1.5887406165480027
2016,314,13.0,2.7910436437820874,4.432462836172898,25.309703441202878,0.19366616249893415,-1.8830729099907975,27.192610333278605,False,5.659979332962941,0.9218466873216367,0.9218466873216367,0.0,0.011936947527747687,0.063,-1.6750389044446923
2016,314,13.5,0.6020578534603938,3.1756548216093257,24.253797291086403,0.17824209921452747,-1.8236346226919102,25.963105321713158,False,5.659979332962941,0.9278393584265412,0.9278393584265412,0.0,0.007113814809970787,0.063,-1.6750389044446923
2016,314,14.0,-0.7971568134207714,2.453509279577962,23.736089174741785,0.18678782165219232,-1.7939154790424667,25.058286019279635,False,5.659979332962941,0.9307359010684796,0.9307359010684796,0.0,0.004464521064416461,0.063,-1.6750389044446923
2016,314,14.5,-1.1840382000376186,0.7280065913344735,21.943557309255,0.06566244007601739,-1.7047580480941358,24.03863990062203,False,5.659979332962941,0.9390270461097232,0.9390270461097232,0.0,0.003220170783599991,0.063,-1.6750389044446923
2016.0,314.0,15.0,0.0,0.0,0.0,0.0,0.0,0.0,0.0,5.659979332962941,0.9390270461097232,0.9390270461097232,0.0,0.0,0.063,-1.6750389044446923
2016.0,314.0,15.5,0.0,0.0,0.0,0.0,0.0,0.0,0.0,5.659979332962941,0.9390270461097232,0.9390270461097232,0.0,0.0,0.063,-1.6750389044446923
2016.0,314.0,16.0,0.0,0.0,0.0,0.0,0.0,0.0,0.0,5.659979332962941,0.9390270461097232,0.9390270461097232,0.0,0.0,0.063,-1.6750389044446923
2016.0,314.0,16.5,0.0,0.0,0.0,0.0,0.0,0.0,0.0,5.659979332962941,0.9390270461097232,0.9390270461097232,0.0,0.0,0.063,-1.6750389044446923
2016.0,314.0,17.0,0.0,0.0,0.0,0.0,0.0,0.0,0.0,5.659979332962941,0.9390270461097232,0.9390270461097232,0.0,0.0,0.063,-1.6750389044446923
2016.0,314.0,17.5,0.0,0.0,0.0,0.0,0.0,0.0,0.0,5.659979332962941,0.9390270461097232,0.9390270461097232,0.0,0.0,0.063,-1.6750389044446923
2016.0,314.0,18.0,0.0,0.0,0.0,0.0,0.0,0.0,0.0,5.659979332962941,0.9390270461097232,0.9390270461097232,0.0,0.0,0.063,-1.6750389044446923
2016.0,314.0,18.5,0.0,0.0,0.0,0.0,0.0,0.0,0.0,5.659979332962941,0.9390270461097232,0.9390270461097232,0.0,0.0,0.063,-1.6750389044446923
2016.0,314.0,19.0,0.0,0.0,0.0,0.0,0.0,0.0,0.0,5.659979332962941,0.9390270461097232,0.9390270461097232,0.0,0.0,0.063,-1.6750389044446923
2016.0,314.0,19.5,0.0,0.0,0.0,0.0,0.0,0.0,0.0,5.659979332962941,0.9390270461097232,0.9390270461097232,0.0,0.0,0.063,-1.6750389044446923
2016.0,314.0,20.0,0.0,0.0,0.0,0.0,0.0,0.0,0.0,5.659979332962941,0.9390270461097232,0.9390270461097232,0.0,0.0,0.063,-1.6750389044446923
2016.0,314.0,20.5,0.0,0.0,0.0,0.0,0.0,0.0,0.0,5.659979332962941,0.9390270461097232,0.9390270461097232,0.0,0.0,0.063,-1.6750389044446923
2016.0,314.0,21.0,0.0,0.0,0.0,0.0,0.0,0.0,0.0,5.659979332962941,0.9390270461097232,0.9390270461097232,0.0,0.0,0.063,-1.6750389044446923
2016.0,314.0,21.5,0.0,0.0,0.0,0.0,0.0,0.0,0.0,5.659979332962941,0.9390270461097232,0.9390270461097232,0.0,0.0,0.063,-1.6750389044446923
2016.0,314.0,22.0,0.0,0.0,0.0,0.0,0.0,0.0,0.0,5.659979332962941,0.9390270461097232,0.9390270461097232,0.0,0.0,0.063,-1.6750389044446923
2016.0,314.0,22.5,0.0,0.0,0.0,0.0,0.0,0.0,0.0,5.659979332962941,0.9390270461097232,0.9390270461097232,0.0,0.0,0.063,-1.6750389044446923
2016.0,314.0,23.0,0.0,0.0,0.0,0.0,0.0,0.0,0.0,5.659979332962941,0.9390270461097232,0.9390270461097232,0.0,0.0,0.063,-1.6750389044446923
2016.0,314.0,23.5,0.0,0.0,0.0,0.0,0.0,0.0,0.0,5.659979332962941,0.9390270461097232,0.9390270461097232,0.0,0.0,0.063,-1.6750389044446923
2016.0,315.0,0.0,0.0,0.0,0.0,0.0,0.0,0.0,0.0,5.659979332962941,0.9390270461097232,0.9390270461097232,0.0,0.0,0.063,-1.6750389044446923
2016.0,315.0,0.5,0.0,0.0,0.0,0.0,0.0,0.0,0.0,5.659979332962941,0.9390270461097232,0.9390270461097232,0.0,0.0,0.063,-1.6750389044446923
2016.0,315.0,1.0,0.0,0.0,0.0,0.0,0.0,0.0,0.0,5.659979332962941,0.9390270461097232,0.9390270461097232,0.0,0.0,0.063,-1.6750389044446923
2016.0,315.0,1.5,0.0,0.0,0.0,0.0,0.0,0.0,0.0,5.659979332962941,0.9390270461097232,0.9390270461097232,0.0,0.0,0.063,-1.6750389044446923
2016.0,315.0,2.0,0.0,0.0,0.0,0.0,0.0,0.0,0.0,5.659979332962941,0.9390270461097232,0.9390270461097232,0.0,0.0,0.063,-1.6750389044446923
2016.0,315.0,2.5,0.0,0.0,0.0,0.0,0.0,0.0,0.0,5.659979332962941,0.9390270461097232,0.9390270461097232,0.0,0.0,0.063,-1.6750389044446923
2016.0,315.0,3.0,0.0,0.0,0.0,0.0,0.0,0.0,0.0,5.659979332962941,0.9390270461097232,0.9390270461097232,0.0,0.0,0.063,-1.6750389044446923
2016.0,315.0,3.5,0.0,0.0,0.0,0.0,0.0,0.0,0.0,5.659979332962941,0.9390270461097232,0.9390270461097232,0.0,0.0,0.063,-1.6750389044446923
2016.0,315.0,4.0,0.0,0.0,0.0,0.0,0.0,0.0,0.0,5.659979332962941,0.9390270461097232,0.9390270461097232,0.0,0.0,0.063,-1.6750389044446923
2016.0,315.0,4.5,0.0,0.0,0.0,0.0,0.0,0.0,0.0,5.659979332962941,0.9390270461097232,0.9390270461097232,0.0,0.0,0.063,-1.6750389044446923
2016,315,5.0,-2.4131761401350116,0.4760506559376799,20.510785360072877,0.0849803585117854,-1.7047580480941358,17.46079969551601,False,5.659979332962941,0.9390270461097232,0.9390270461097232,0.0,0.0,0.063,-1.6750389044446923
2016,315,5.5,-1.6675186424811599,0.5483285564256546,22.962816850150425,0.0996673902883894,-1.7047580480941358,17.778917763417986,False,5.659979332962941,0.9390270461097232,0.9390270461097232,0.0,0.0,0.063,-1.6750389044446923
2016,315,6.0,-1.6339287835591314,0.6846226245541979,23.51016351728847,0.13049148743940384,-1.7047580480941358,18.474487382471438,False,5.659979332962941,0.9390270461097232,0.9390270461097232,0.0,0.0,0.063,-1.6750389044446923
2016,315,6.5,0.020522522072186744,0.7272536843726188,24.341805852171856,0.13896581501293453,-1.893089327608766,19.14230101493109,False,5.552434987014947,0.9208106080089093,0.9208106080089093,0.0,0.00205581357244739,0.062,-1.8643213520376791
2016,315,7.0,2.6317820528562486,0.7599327599537266,26.345334909914655,0.1454096758795655,-1.893089327608766,19.79061377903095,False,5.552434987014947,0.9208106080089093,0.9208106080089093,0.0,0.006255242155966732,0.062,-1.8643213520376791
2016,315,7.5,9.494830891409126,1.7991176113856475,33.713639028353484,0.36999789125415133,-1.9506252787509397,20.439584919374546,False,5.552434987014947,0.9147128617889623,0.9147128617889623,0.0,0.016280970814118043,0.062,-1.8643213520376791
2016,315,8.0,18.361242311346622,3.6287877042326184,41.16679158957473,0.7176014051049194,-1.853353766341354,21.024820385477092,False,5.659979332962941,0.924876294588467,0.924876294588467,0.0,0.03199280251662505,0.063,-1.6750389044446923
2016,315,8.5,25.4347572970254,6.401974333801153,40.92666746171714,0.9794734744609391,-2.180769083319635,22.785544610250653,False,5.552434987014947,0.887842819361946,0.887842819361946,0.0,0.050076875919962405,0.062,-1.8643213520376791
2016,315,9.0,31.341901224220244,6.7645718493908165,39.75852522279142,0.7963309204542235,-2.2095370588907217,23.930563077219745,False,5.552434987014947,0.8842079726939557,0.8842079726939557,0.0,0.06666036108664515,0.062,-1.8643213520376791
2016,315,9.5,30.716024562394875,7.687241396659751,39.406909509094575,0.6863011886933438,-2.2383050344618085,25.61755641842507,False,5.552434987014947,0.880512586747292,0.880512586747292,0.0,0.06351222661865702,0.062,-1.8643213520376791
2016,315,10.0,17.776494717836208,6.612930766820039,39.94788785007384,0.4173741672020965,-2.180769083319635,26.375309690143563,False,5.552434987014947,0.887842819361946,0.887842819361946,0.0,0.03420162584656712,0.062,-1.8643213520376791
2016,315,10.5,21.23231148202197,6.645258763707378,38.133967035978216,0.32890104897277345,-2.2095370588907217,27.361916249848917,False,5.552434987014947,0.8842079726939557,0.8842079726939557,0.0,0.04345593936614609,0.062,-1.8643213520376791
2016,315,11.0,2.390610760839826,5.936995895845051,25.784300881166942,0.253577695135975,-2.152001107748548,27.939866983961444,False,5.552434987014947,0.8914168391273866,0.8914168391273866,0.0,0.011339170251051342,0.062,-1.8643213520376791
2016,315,11.5,15.693878913558496,4.6820168982157355,35.12736855572643,0.1515624930232904,-2.094465156606374,29.35720388488643,False,5.552434987014947,0.8983813709745655,0.8983813709745655,0.0,0.03110299022056484,0.062,-1.8643213520376791
2016,315,12.0,17.79743731418612,4.659639553018815,32.18825671703164,0.1277756028556318,-2.1940871960099084,30.629258574072676,False,5.486581126664495,0.8861676145769677,0.8861676145769677,0.0,0.040793123389424035,0.0615,-1.9681160423062827
2016,315,12.5,-0.11146825554358308,3.852221916713074,22.686271168596992,0.09957703175121564,-2.272446651841946,30.39598069490639,False,5.411134002275945,0.8760488045913365,0.8760488045913365,0.0,0.008616563392459992,0.061,-2.0786085639674976
2016,315,13.0,1.1527478685543024,4.924504092764937,23.18577043406887,0.1214289227890871,-2.3278289626632174,30.508881829474994,False,5.411134002275945,0.8686290178853886,0.8686290178853886,0.0,0.010642426243604073,0.061,-2.0786085639674976
2016,315,13.5,4.995623487277583,3.516271628827163,22.63462354239159,0.08891351295103558,-2.244755496431311,30.686358964592216,False,5.411134002275945,0.8796757159051151,0.8796757159051151,0.0,0.020277026466319435,0.061,-2.0786085639674976
2016,315,14.0,7.728991123214151,3.280335740875673,33.485202025999264,0.06534071496886837,-2.244755496431311,32.183729341809524,False,5.411134002275945,0.8796757159051151,0.8796757159051151,0.0,0.021814934687285528,0.061,-2.0786085639674976
2016,315,14.5,14.193940981697885,4.510788449332482,30.589833039560382,0.0965005478187281,-2.300137807252582,31.866312089073073,False,5.411134002275945,0.872366463309876,0.872366463309876,0.0,0.038589729534504826,0.061,-2.0786085639674976
2016,315,15.0,-1.4652630035756906,1.9273734382376728,16.42923893064116,0.038817463158359614,-2.1893731856100396,31.81058441293173,False,5.411134002275945,0.8867620502658491,0.8867620502658491,0.0,0.009897677300795247,0.061,-2.0786085639674976
2016.0,315.0,15.5,0.0,0.0,0.0,0.0,0.0,0.0,0.0,5.411134002275945,0.8867620502658491,0.8867620502658491,0.0,0.0,0.06,-2.321697907845493
2016.0,315.0,16.0,0.0,0.0,0.0,0.0,0.0,0.0,0.0,5.411134002275945,0.8867620502658491,0.8867620502658491,0.0,0.00022076642786388002,0.06,-2.321697907845493
2016.0,315.0,16.5,0.0,0.0,0.0,0.0,0.0,0.0,0.0,5.411134002275945,0.8867620502658491,0.8867620502658491,0.0,0.0003897162703075074,0.06,-2.321697907845493
2016.0,315.0,17.0,0.0,0.0,0.0,0.0,0.0,0.0,0.0,5.411134002275945,0.8867620502658491,0.8867620502658491,0.0,0.0,0.06,-2.321697907845493
2016.0,315.0,17.5,0.0,0.0,0.0,0.0,0.0,0.0,0.0,5.411134002275945,0.8867620502658491,0.8867620502658491,0.0,0.0,0.06,-2.321697907845493
2016.0,315.0,18.0,0.0,0.0,0.0,0.0,0.0,0.0,0.0,5.411134002275945,0.8867620502658491,0.8867620502658491,0.0,0.0,0.06,-2.321697907845493
2016.0,315.0,18.5,0.0,0.0,0.0,0.0,0.0,0.0,0.0,5.411134002275945,0.8867620502658491,0.8867620502658491,0.0,0.0,0.06,-2.321697907845493
2016.0,315.0,19.0,0.0,0.0,0.0,0.0,0.0,0.0,0.0,5.411134002275945,0.8867620502658491,0.8867620502658491,0.0,0.0,0.06,-2.321697907845493
2016.0,315.0,19.5,0.0,0.0,0.0,0.0,0.0,0.0,0.0,5.411134002275945,0.8867620502658491,0.8867620502658491,0.0,0.0,0.06,-2.321697907845493
2016.0,315.0,20.0,0.0,0.0,0.0,0.0,0.0,0.0,0.0,5.411134002275945,0.8867620502658491,0.8867620502658491,0.0,0.0,0.06,-2.321697907845493
2016.0,315.0,20.5,0.0,0.0,0.0,0.0,0.0,0.0,0.0,5.411134002275945,0.8867620502658491,0.8867620502658491,0.0,0.0,0.06,-2.321697907845493
2016.0,315.0,21.0,0.0,0.0,0.0,0.0,0.0,0.0,0.0,5.411134002275945,0.8867620502658491,0.8867620502658491,0.0,0.0,0.06,-2.321697907845493
2016.0,315.0,21.5,0.0,0.0,0.0,0.0,0.0,0.0,0.0,5.411134002275945,0.8867620502658491,0.8867620502658491,0.0,0.0,0.06,-2.321697907845493
2016.0,315.0,22.0,0.0,0.0,0.0,0.0,0.0,0.0,0.0,5.411134002275945,0.8867620502658491,0.8867620502658491,0.0,0.0,0.06,-2.321697907845493
2016.0,315.0,22.5,0.0,0.0,0.0,0.0,0.0,0.0,0.0,5.411134002275945,0.8867620502658491,0.8867620502658491,0.0,0.0,0.06,-2.321697907845493
2016.0,315.0,23.0,0.0,0.0,0.0,0.0,0.0,0.0,0.0,5.411134002275945,0.8867620502658491,0.8867620502658491,0.0,0.0,0.06,-2.321697907845493
2016.0,315.0,23.5,0.0,0.0,0.0,0.0,0.0,0.0,0.0,5.411134002275945,0.8867620502658491,0.8867620502658491,0.0,0.0,0.06,-2.321697907845493
2016.0,316.0,0.0,0.0,0.0,0.0,0.0,0.0,0.0,0.0,5.411134002275945,0.8867620502658491,0.8867620502658491,0.0,0.0,0.06,-2.321697907845493
2016.0,316.0,0.5,0.0,0.0,0.0,0.0,0.0,0.0,0.0,5.411134002275945,0.8867620502658491,0.8867620502658491,0.0,0.0,0.06,-2.321697907845493
2016.0,316.0,1.0,0.0,0.0,0.0,0.0,0.0,0.0,0.0,5.411134002275945,0.8867620502658491,0.8867620502658491,0.0,0.0,0.06,-2.321697907845493
2016.0,316.0,1.5,0.0,0.0,0.0,0.0,0.0,0.0,0.0,5.411134002275945,0.8867620502658491,0.8867620502658491,0.0,0.0,0.06,-2.321697907845493
2016.0,316.0,2.0,0.0,0.0,0.0,0.0,0.0,0.0,0.0,5.411134002275945,0.8867620502658491,0.8867620502658491,0.0,0.0,0.06,-2.321697907845493
2016.0,316.0,2.5,0.0,0.0,0.0,0.0,0.0,0.0,0.0,5.411134002275945,0.8867620502658491,0.8867620502658491,0.0,0.0,0.06,-2.321697907845493
2016.0,316.0,3.0,0.0,0.0,0.0,0.0,0.0,0.0,0.0,5.411134002275945,0.8867620502658491,0.8867620502658491,0.0,0.0,0.06,-2.321697907845493
2016.0,316.0,3.5,0.0,0.0,0.0,0.0,0.0,0.0,0.0,5.411134002275945,0.8867620502658491,0.8867620502658491,0.0,0.0,0.06,-2.321697907845493
2016.0,316.0,4.0,0.0,0.0,0.0,0.0,0.0,0.0,0.0,5.411134002275945,0.8867620502658491,0.8867620502658491,0.0,0.0,0.06,-2.321697907845493
2016.0,316.0,4.5,0.0,0.0,0.0,0.0,0.0,0.0,0.0,5.411134002275945,0.8867620502658491,0.8867620502658491,0.0,0.0,0.06,-2.321697907845493
2016.0,316.0,5.0,0.0,0.0,0.0,0.0,0.0,0.0,0.0,5.411134002275945,0.8867620502658491,0.8867620502658491,0.0,0.0,0.06,-2.321697907845493
2016,316,5.5,-1.6298713423118603,0.6648094918585717,22.55466300829289,0.09494295521002272,-2.3481675087642793,19.27080802662944,False,5.226028143620038,0.8658490471366778,0.8658490471366778,0.0,0.0,0.06,-2.321697907845493
2016,316,6.0,4.504912284886226,0.8845232823218278,38.659422485336314,0.12444033662425044,-2.3746371096830656,20.062114591040217,False,5.226028143620038,0.8621870540400817,0.8621870540400817,0.0,0.004675262795685799,0.06,-2.321697907845493
2016,316,6.5,6.114704792689407,3.061892445538164,42.481735927978406,0.6126902084679154,-2.4805155133582106,21.672062275770774,False,5.226028143620038,0.8470481333884223,0.8470481333884223,0.0,0.007048781238413022,0.06,-2.321697907845493
2016,316,7.0,8.774107444726159,3.56077507573904,42.220158125948146,0.635843341415721,-2.506985114276997,21.678593678806735,False,5.226028143620038,0.8431425491492565,0.8431425491492565,0.0,0.009403393794382209,0.06,-2.321697907845493
2016,316,7.5,2.4677256407689425,4.074077519281089,27.794907740548222,0.822894549302761,-2.5334547151957834,22.20344874273398,False,5.226028143620038,0.8391894356207134,0.8391894356207134,0.0,0.0046712041478852865,0.06,-2.321697907845493
2016,316,8.0,12.339634202483406,4.413836704308966,41.29904215255982,0.49861501397886376,-2.5599243161145697,23.63375718337719,False,5.226028143620038,0.8351892282065867,0.8351892282065867,0.0,0.014176050529447683,0.06,-2.321697907845493
2016,316,8.5,13.47439984961404,4.016286557562045,40.68346774315313,0.40575948757225205,-2.5334547151957834,22.884446136660266,False,5.226028143620038,0.8391894356207134,0.8391894356207134,0.0,0.014567305920438556,0.06,-2.321697907845493
2016,316,9.0,20.68658870536261,4.965950071218089,38.13651933105413,0.3355592884637863,-2.739180426024728,25.955184837079614,False,5.113313526777013,0.8068964228943882,0.8068964228943882,0.0,0.026599349806812826,0.0595,-2.4554056988372195
2016,316,9.5,23.484013948450254,5.95737893638845,36.7897394264579,0.3034158690815115,-2.92409337282055,26.42117623559271,False,4.984915479919241,0.7756414579817368,0.7756414579817368,0.0,0.03135207951170087,0.059,-2.5980411333999887
2016,316,10.0,13.860814041355198,5.710519173368604,38.688543884653164,0.2388377104052715,-2.92409337282055,26.91200282635264,False,4.984915479919241,0.7756414579817368,0.7756414579817368,0.0,0.018207874580459686,0.059,-2.5980411333999887
2016,316,10.5,18.238537529264438,6.8122275163317765,37.427269792571394,0.24972457643020346,-2.9742552558083286,28.16086052567695,False,4.984915479919241,0.7668268265318353,0.7668268265318353,0.0,0.025671430115749877,0.059,-2.5980411333999887
2016,316,11.0,1.8117859263024005,6.798347610067262,25.315522222053332,0.23284740717543936,-2.9742552558083286,28.22053901426664,False,4.984915479919241,0.7668268265318353,0.7668268265318353,0.0,0.00717490030577413,0.059,-2.5980411333999887
2016,316,11.5,17.813904645685408,6.336045253670961,35.78979979890716,0.1900138286357292,-2.9491743143144395,29.03801362785821,False,4.984915479919241,0.7712512915401957,0.7712512915401957,0.0,0.026695562578081825,0.059,-2.5980411333999887
2016,316,12.0,20.09804719255009,5.544069249624046,31.950830606667303,0.1419443402773621,-2.899012431326661,30.479369705040465,False,4.984915479919241,0.7799967523776593,0.7799967523776593,0.0,0.03682817082449581,0.059,-2.5980411333999887
2016,316,12.5,-0.017135539301334823,5.68834423655494,23.49859904099698,0.13771345568450985,-3.090706336647642,30.74886251428516,False,4.839037572972991,0.7458518912076655,0.7458518912076655,0.0,0.007028135042083339,0.0585,-2.750283687153001
2016,316,13.0,11.415031106578043,6.0597418898341555,37.0255363553423,0.1447128517804286,-3.2888531167539305,30.896126701887,False,4.673849528078996,0.7086687245642125,0.7086687245642125,0.0,0.019861145527725953,0.058,-2.912871007557862
2016,316,13.5,13.196848817861664,7.664152223877312,37.80904097789666,0.19293888922331284,-3.382848644052948,31.06805595989818,False,4.673849528078996,0.6904515224030522,0.6904515224030522,0.0,0.02274679817436419,0.058,-2.912871007557862
2016,316,14.0,9.083718735663522,7.729219532456165,36.48152616335252,0.2236831274613483,-3.382848644052948,30.80864429160579,False,4.673849528078996,0.6904515224030522,0.6904515224030522,0.0,0.011734236542152462,0.058,-2.912871007557862
2016,316,14.5,12.466315800130955,7.898416419273645,39.12009416799417,0.24979783151983118,-3.4063475258777025,30.17176356731366,False,4.673849528078996,0.6858455458831787,0.6858455458831787,0.0,0.01542760127121468,0.058,-2.912871007557862
2016,316,15.0,8.942955133035799,2.0662021992107062,31.95050447398141,0.06776741612135913,-3.0303654166816334,30.025435290170492,False,4.673849528078996,0.7568073844510842,0.7568073844510842,0.0,0.013468305112960774,0.058,-2.912871007557862
2016.0,316.0,15.5,0.0,0.0,0.0,0.0,0.0,0.0,0.0,4.673849528078996,0.7568073844510842,0.7568073844510842,0.0,0.001442061340203638,0.058,-2.912871007557862
2016.0,316.0,16.0,0.0,0.0,0.0,0.0,0.0,0.0,0.0,4.673849528078996,0.7568073844510842,0.7568073844510842,0.0,0.0005071740776657026,0.0575,-3.0866044568329984
2016.0,316.0,16.5,0.0,0.0,0.0,0.0,0.0,0.0,0.0,4.673849528078996,0.7568073844510842,0.7568073844510842,0.0,0.0,0.057,-3.272355237598531
2016.0,316.0,17.0,0.0,0.0,0.0,0.0,0.0,0.0,0.0,4.673849528078996,0.7568073844510842,0.7568073844510842,0.0,0.0,0.057,-3.272355237598531
2016.0,316.0,17.5,0.0,0.0,0.0,0.0,0.0,0.0,0.0,4.673849528078996,0.7568073844510842,0.7568073844510842,0.0,0.0,0.057,-3.272355237598531
2016.0,316.0,18.0,0.0,0.0,0.0,0.0,0.0,0.0,0.0,4.673849528078996,0.7568073844510842,0.7568073844510842,0.0,0.0,0.057,-3.272355237598531
2016.0,316.0,18.5,0.0,0.0,0.0,0.0,0.0,0.0,0.0,4.673849528078996,0.7568073844510842,0.7568073844510842,0.0,0.0,0.057,-3.272355237598531
2016.0,316.0,19.0,0.0,0.0,0.0,0.0,0.0,0.0,0.0,4.673849528078996,0.7568073844510842,0.7568073844510842,0.0,0.0,0.057,-3.272355237598531
2016.0,316.0,19.5,0.0,0.0,0.0,0.0,0.0,0.0,0.0,4.673849528078996,0.7568073844510842,0.7568073844510842,0.0,0.0,0.057,-3.272355237598531
2016.0,316.0,20.0,0.0,0.0,0.0,0.0,0.0,0.0,0.0,4.673849528078996,0.7568073844510842,0.7568073844510842,0.0,0.0,0.057,-3.272355237598531
2016.0,316.0,20.5,0.0,0.0,0.0,0.0,0.0,0.0,0.0,4.673849528078996,0.7568073844510842,0.7568073844510842,0.0,0.0,0.057,-3.272355237598531
2016.0,316.0,21.0,0.0,0.0,0.0,0.0,0.0,0.0,0.0,4.673849528078996,0.7568073844510842,0.7568073844510842,0.0,0.0,0.057,-3.272355237598531
2016.0,316.0,21.5,0.0,0.0,0.0,0.0,0.0,0.0,0.0,4.673849528078996,0.7568073844510842,0.7568073844510842,0.0,0.0,0.057,-3.272355237598531
2016.0,316.0,22.0,0.0,0.0,0.0,0.0,0.0,0.0,0.0,4.673849528078996,0.7568073844510842,0.7568073844510842,0.0,0.0,0.057,-3.272355237598531
2016.0,316.0,22.5,0.0,0.0,0.0,0.0,0.0,0.0,0.0,4.673849528078996,0.7568073844510842,0.7568073844510842,0.0,0.0,0.057,-3.272355237598531
2016.0,316.0,23.0,0.0,0.0,0.0,0.0,0.0,0.0,0.0,4.673849528078996,0.7568073844510842,0.7568073844510842,0.0,0.0,0.057,-3.272355237598531
2016.0,316.0,23.5,0.0,0.0,0.0,0.0,0.0,0.0,0.0,4.673849528078996,0.7568073844510842,0.7568073844510842,0.0,0.0,0.057,-3.272355237598531
2016.0,317.0,0.0,0.0,0.0,0.0,0.0,0.0,0.0,0.0,4.673849528078996,0.7568073844510842,0.7568073844510842,0.0,0.0,0.057,-3.272355237598531
2016.0,317.0,0.5,0.0,0.0,0.0,0.0,0.0,0.0,0.0,4.673849528078996,0.7568073844510842,0.7568073844510842,0.0,0.0,0.057,-3.272355237598531
2016.0,317.0,1.0,0.0,0.0,0.0,0.0,0.0,0.0,0.0,4.673849528078996,0.7568073844510842,0.7568073844510842,0.0,0.0,0.057,-3.272355237598531
2016.0,317.0,1.5,0.0,0.0,0.0,0.0,0.0,0.0,0.0,4.673849528078996,0.7568073844510842,0.7568073844510842,0.0,0.0,0.057,-3.272355237598531
2016.0,317.0,2.0,0.0,0.0,0.0,0.0,0.0,0.0,0.0,4.673849528078996,0.7568073844510842,0.7568073844510842,0.0,0.0,0.057,-3.272355237598531
2016.0,317.0,2.5,0.0,0.0,0.0,0.0,0.0,0.0,0.0,4.673849528078996,0.7568073844510842,0.7568073844510842,0.0,0.0,0.057,-3.272355237598531
2016.0,317.0,3.0,0.0,0.0,0.0,0.0,0.0,0.0,0.0,4.673849528078996,0.7568073844510842,0.7568073844510842,0.0,0.0,0.057,-3.272355237598531
2016.0,317.0,3.5,0.0,0.0,0.0,0.0,0.0,0.0,0.0,4.673849528078996,0.7568073844510842,0.7568073844510842,0.0,0.0,0.057,-3.272355237598531
2016.0,317.0,4.0,0.0,0.0,0.0,0.0,0.0,0.0,0.0,4.673849528078996,0.7568073844510842,0.7568073844510842,0.0,0.0,0.057,-3.272355237598531
2016.0,317.0,4.5,0.0,0.0,0.0,0.0,0.0,0.0,0.0,4.673849528078996,0.7568073844510842,0.7568073844510842,0.0,0.0,0.057,-3.272355237598531
2016.0,317.0,5.0,0.0,0.0,0.0,0.0,0.0,0.0,0.0,4.673849528078996,0.7568073844510842,0.7568073844510842,0.0,0.0,0.057,-3.272355237598531
2016.0,317.0,5.5,0.0,0.0,0.0,0.0,0.0,0.0,0.0,4.673849528078996,0.7568073844510842,0.7568073844510842,0.0,0.0,0.057,-3.272355237598531
2016.0,317.0,6.0,0.0,0.0,0.0,0.0,0.0,0.0,0.0,4.673849528078996,0.7568073844510842,0.7568073844510842,0.0,0.0,0.057,-3.272355237598531
2016.0,317.0,6.5,0.0,0.0,0.0,0.0,0.0,0.0,0.0,4.673849528078996,0.7568073844510842,0.7568073844510842,0.0,0.0,0.057,-3.272355237598531
2016,317,7.0,-1.546196600924468,0.8636319514979184,22.947776374473644,0.11633467765121075,-3.337432522820925,21.77418490174306,False,4.278562860784596,0.6992960425331983,0.6992960425331983,0.0,0.0006024432778319157,0.057,-3.272355237598531
2016,317,7.5,-1.1051206727621399,0.8261315336009248,23.05762310754737,0.12165421963199989,-3.31574009441346,22.065299920435045,False,4.278562860784596,0.7034927975582367,0.7034927975582367,0.0,0.0010513137921529417,0.057,-3.272355237598531
2016,317,8.0,3.342391105171399,1.1397923255668148,24.899213982181397,0.1481594168321831,-3.337432522820925,23.059274012835623,False,4.278562860784596,0.6992960425331983,0.6992960425331983,0.0,0.00465142795771478,0.057,-3.272355237598531
2016,317,8.5,5.661881016736191,1.397863156956396,27.14270795664387,0.18795327900951697,-3.3591249512283894,24.2481671317053,False,4.278562860784596,0.6950811986925017,0.6950811986925017,0.0,0.00723629720257999,0.057,-3.272355237598531
2016,317,9.0,18.51473754007915,3.789007560006277,39.92709465035118,0.43626167839757113,-3.5326643784881053,25.88467880318297,False,4.278562860784596,0.660768082004787,0.660768082004787,0.0,0.0179458458594369,0.057,-3.272355237598531
2016,317,9.5,28.351386229974914,6.967901126359991,38.58227805015814,0.5144025073078577,-3.7495886625627506,27.10461689466865,False,4.278562860784596,0.6166699910156048,0.6166699910156048,0.0,0.03119351874429429,0.057,-3.272355237598531
2016,317,10.0,17.775988108993722,8.75560339742332,40.37469981895043,0.47680844561007096,-3.879743233007537,28.128419705551252,False,4.278562860784596,0.5897617378861082,0.5897617378861082,0.0,0.018895999197189088,0.057,-3.272355237598531
2016,317,10.5,20.257294381627492,8.68146156627431,38.78202597140582,0.36275167811864184,-3.879743233007537,29.675416905032254,False,4.278562860784596,0.5897617378861082,0.5897617378861082,0.0,0.023869077137171037,0.057,-3.272355237598531
2016.0,317.0,11.0,0.0,0.0,0.0,0.0,0.0,0.0,0.0,4.278562860784596,0.5897617378861082,0.5897617378861082,0.0,0.004349968728217889,0.057,-3.272355237598531
2016,317,11.5,14.459166682635045,6.634528207754855,36.65368449154346,0.1721063881213088,-3.947029853850636,33.15947835044672,False,4.045530868976135,0.5757651851901222,0.5757651851901222,0.0,0.023364606652493288,0.0565,-3.471071168355371
2016,317,12.0,13.35333004456262,6.443710094789126,35.93771983413756,0.142964105569486,-4.194032787156711,34.5132977015325,False,3.7876869319601627,0.524178490846648,0.524178490846648,0.0,0.021252707417116823,0.056,-3.6837841843144643
2016.0,317.0,12.5,0.0,0.0,0.0,0.0,0.0,0.0,0.0,3.7876869319601627,0.524178490846648,0.524178490846648,0.0,0.002800047337495046,0.056,-3.6837841843144643
2016,317,13.0,4.768667670482516,4.68453193524492,37.7918349294585,0.06815361759587157,-4.0370332170514045,36.98802847884485,False,3.7876869319601627,0.556986627899134,0.556986627899134,0.0,0.010929302320238102,0.056,-3.6837841843144643
2016.0,317.0,13.5,0.0,0.0,0.0,0.0,0.0,0.0,0.0,3.7876869319601627,0.556986627899134,0.556986627899134,0.0,0.003944086408904913,0.056,-3.6837841843144643
2016.0,317.0,14.0,0.0,0.0,0.0,0.0,0.0,0.0,0.0,3.7876869319601627,0.556986627899134,0.556986627899134,0.0,0.006920212781703329,0.056,-3.6837841843144643
2016,317,14.5,7.009336775639354,4.268866577072677,32.67705427717274,0.057651012417831854,-4.017408270788241,37.1554807186308,False,3.7876869319601627,0.5610851334061289,0.5610851334061289,0.0,0.01779305262105683,0.056,-3.6837841843144643
2016.0,317.0,15.0,0.0,0.0,0.0,0.0,0.0,0.0,0.0,3.7876869319601627,0.5610851334061289,0.5610851334061289,0.0,0.003477984076736189,0.0555,-3.9116186486462903
2016.0,317.0,15.5,0.0,0.0,0.0,0.0,0.0,0.0,0.0,3.7876869319601627,0.5610851334061289,0.5610851334061289,0.0,0.000149250138748242,0.056,-3.6837841843144643
2016.0,317.0,16.0,0.0,0.0,0.0,0.0,0.0,0.0,0.0,3.7876869319601627,0.5610851334061289,0.5610851334061289,0.0,0.0,0.0555,-3.9116186486462903
2016.0,317.0,16.5,0.0,0.0,0.0,0.0,0.0,0.0,0.0,3.7876869319601627,0.5610851334061289,0.5610851334061289,0.0,0.0,0.055,-4.155800570083817
2016.0,317.0,17.0,0.0,0.0,0.0,0.0,0.0,0.0,0.0,3.7876869319601627,0.5610851334061289,0.5610851334061289,0.0,0.0,0.055,-4.155800570083817
2016.0,317.0,17.5,0.0,0.0,0.0,0.0,0.0,0.0,0.0,3.7876869319601627,0.5610851334061289,0.5610851334061289,0.0,0.0,0.055,-4.155800570083817
2016.0,317.0,18.0,0.0,0.0,0.0,0.0,0.0,0.0,0.0,3.7876869319601627,0.5610851334061289,0.5610851334061289,0.0,0.0,0.055,-4.155800570083817
2016.0,317.0,18.5,0.0,0.0,0.0,0.0,0.0,0.0,0.0,3.7876869319601627,0.5610851334061289,0.5610851334061289,0.0,0.0,0.055,-4.155800570083817
2016.0,317.0,19.0,0.0,0.0,0.0,0.0,0.0,0.0,0.0,3.7876869319601627,0.5610851334061289,0.5610851334061289,0.0,0.0,0.055,-4.155800570083817
2016.0,317.0,19.5,0.0,0.0,0.0,0.0,0.0,0.0,0.0,3.7876869319601627,0.5610851334061289,0.5610851334061289,0.0,0.0,0.055,-4.155800570083817
2016.0,317.0,20.0,0.0,0.0,0.0,0.0,0.0,0.0,0.0,3.7876869319601627,0.5610851334061289,0.5610851334061289,0.0,0.0,0.055,-4.155800570083817
2016.0,317.0,20.5,0.0,0.0,0.0,0.0,0.0,0.0,0.0,3.7876869319601627,0.5610851334061289,0.5610851334061289,0.0,0.0,0.055,-4.155800570083817
2016.0,317.0,21.0,0.0,0.0,0.0,0.0,0.0,0.0,0.0,3.7876869319601627,0.5610851334061289,0.5610851334061289,0.0,0.0,0.055,-4.155800570083817
2016.0,317.0,21.5,0.0,0.0,0.0,0.0,0.0,0.0,0.0,3.7876869319601627,0.5610851334061289,0.5610851334061289,0.0,0.0,0.055,-4.155800570083817
2016.0,317.0,22.0,0.0,0.0,0.0,0.0,0.0,0.0,0.0,3.7876869319601627,0.5610851334061289,0.5610851334061289,0.0,0.0,0.055,-4.155800570083817
2016.0,317.0,22.5,0.0,0.0,0.0,0.0,0.0,0.0,0.0,3.7876869319601627,0.5610851334061289,0.5610851334061289,0.0,0.0,0.055,-4.155800570083817
2016.0,317.0,23.0,0.0,0.0,0.0,0.0,0.0,0.0,0.0,3.7876869319601627,0.5610851334061289,0.5610851334061289,0.0,0.0,0.055,-4.155800570083817
2016.0,317.0,23.5,0.0,0.0,0.0,0.0,0.0,0.0,0.0,3.7876869319601627,0.5610851334061289,0.5610851334061289,0.0,0.0,0.055,-4.155800570083817
2016.0,318.0,0.0,0.0,0.0,0.0,0.0,0.0,0.0,0.0,3.7876869319601627,0.5610851334061289,0.5610851334061289,0.0,0.0,0.055,-4.155800570083817
2016.0,318.0,0.5,0.0,0.0,0.0,0.0,0.0,0.0,0.0,3.7876869319601627,0.5610851334061289,0.5610851334061289,0.0,0.0,0.055,-4.155800570083817
2016.0,318.0,1.0,0.0,0.0,0.0,0.0,0.0,0.0,0.0,3.7876869319601627,0.5610851334061289,0.5610851334061289,0.0,0.0,0.055,-4.155800570083817
2016.0,318.0,1.5,0.0,0.0,0.0,0.0,0.0,0.0,0.0,3.7876869319601627,0.5610851334061289,0.5610851334061289,0.0,0.0,0.055,-4.155800570083817
2016.0,318.0,2.0,0.0,0.0,0.0,0.0,0.0,0.0,0.0,3.7876869319601627,0.5610851334061289,0.5610851334061289,0.0,0.0,0.055,-4.155800570083817
2016.0,318.0,2.5,0.0,0.0,0.0,0.0,0.0,0.0,0.0,3.7876869319601627,0.5610851334061289,0.5610851334061289,0.0,0.0,0.055,-4.155800570083817
2016.0,318.0,3.0,0.0,0.0,0.0,0.0,0.0,0.0,0.0,3.7876869319601627,0.5610851334061289,0.5610851334061289,0.0,0.0,0.055,-4.155800570083817
2016.0,318.0,3.5,0.0,0.0,0.0,0.0,0.0,0.0,0.0,3.7876869319601627,0.5610851334061289,0.5610851334061289,0.0,0.0,0.055,-4.155800570083817
2016.0,318.0,4.0,0.0,0.0,0.0,0.0,0.0,0.0,0.0,3.7876869319601627,0.5610851334061289,0.5610851334061289,0.0,0.0,0.055,-4.155800570083817
2016.0,318.0,4.5,0.0,0.0,0.0,0.0,0.0,0.0,0.0,3.7876869319601627,0.5610851334061289,0.5610851334061289,0.0,0.0,0.055,-4.155800570083817
2016,318,5.0,-1.9849446503200392,0.6534111322761443,9.606812681320918,0.0867665565915806,-4.207559583962211,16.338852238911663,False,3.1986630838619625,0.5213538390982783,0.5213538390982783,0.0,0.0,0.055,-4.155800570083817
2016,318,5.5,-1.142526897192053,0.8652912199248444,23.820353776940053,0.11906221469776108,-4.2248125885883425,16.611904081174515,False,3.1986630838619625,0.5177523917433926,0.5177523917433926,0.0,0.0,0.055,-4.155800570083817
2016,318,6.0,8.85449997545696,1.6829930608781738,34.86987548907773,0.18393512059793404,-4.311077611719,19.385227603205976,False,3.1986630838619625,0.49977583226447614,0.49977583226447614,0.0,0.00210146787011661,0.055,-4.155800570083817
2016,318,6.5,13.99246808423353,2.3108379215017463,32.56151683123187,0.19063039405251822,-4.362836625597394,21.36885947069156,False,3.1986630838619625,0.48902359145341134,0.48902359145341134,0.0,0.0041295433551088705,0.055,-4.155800570083817
2016,318,7.0,19.00326379001808,5.026139369801471,35.2889582924701,0.3064239605157746,-4.6216316949893645,22.55899309731408,False,3.1986630838619625,0.4358980011807995,0.4358980011807995,0.0,0.0057530730162578024,0.055,-4.155800570083817
2016,318,7.5,16.999155107837474,6.6265705112023,37.31496038798906,0.2952188561163006,-4.794161741250679,24.50790206518659,False,3.1986630838619625,0.4013456877845314,0.4013456877845314,0.0,0.004840555260928629,0.055,-4.155800570083817
2016,318,8.0,12.436167553381154,7.640969168924023,39.736469892848845,0.30656813780420217,-4.914932773633599,25.635152569243452,False,3.1986630838619625,0.3777117384146088,0.3777117384146088,0.0,0.0036427680058221342,0.055,-4.155800570083817
2016,318,8.5,17.898030913340875,7.289627749811154,36.16535917635339,0.22569224871427457,-4.880426764381336,27.317989632857913,False,3.1986630838619625,0.3844126518797928,0.3844126518797928,0.0,0.005934401970539288,0.055,-4.155800570083817
2016,318,9.0,23.359089720447145,7.326163859917369,31.84848351615741,0.1836586337942981,-5.262333537398158,29.27294605654241,False,2.8711070742275546,0.3129277267760527,0.3129277267760527,0.0,0.011276322542963112,0.0545,-4.417667835177966
2016,318,9.5,19.978542130575,6.029394881114862,29.126869059613718,0.12007665211324464,-5.497554342520372,31.157979701508584,False,2.5266587700291314,0.2722767741835832,0.2722767741835832,0.0,0.012393752665224553,0.054,-4.698681577596776
2016,318,10.0,13.036843837682108,4.7546946875421225,30.035172176006895,0.08015818610787176,-5.294204911448912,32.287807680896606,False,2.5266587700291314,0.30725601439306793,0.30725601439306793,0.0,0.0069747553979200485,0.054,-4.698681577596776
2016,318,10.5,11.430221101508302,4.726060139327632,31.14898798645151,0.07584492965981911,-5.294204911448912,32.47960929780939,False,2.5266587700291314,0.30725601439306793,0.30725601439306793,0.0,0.005982620376987054,0.054,-4.698681577596776
2016.0,318.0,11.0,0.0,0.0,0.0,0.0,0.0,0.0,0.0,2.5266587700291314,0.30725601439306793,0.30725601439306793,0.0,0.0005876956047306701,0.054,-4.698681577596776
2016,318,11.5,9.811454459490998,3.5024318367158793,30.134188766708974,0.05901779480447501,-5.119905399101945,32.48840293392411,False,2.5266587700291314,0.3388583941832412,0.3388583941832412,0.0,0.005534978416424893,0.054,-4.698681577596776
2016.0,318.0,12.0,0.0,0.0,0.0,0.0,0.0,0.0,0.0,2.5266587700291314,0.3388583941832412,0.3388583941832412,0.0,0.00041174811047194943,0.054,-4.698681577596776
2016.0,318.0,12.5,0.0,0.0,0.0,0.0,0.0,0.0,0.0,2.5266587700291314,0.3388583941832412,0.3388583941832412,0.0,0.0005516150751630934,0.054,-4.698681577596776
2016,318,13.0,-0.6759086693524581,7.281843218476055,23.182580224974295,0.14035841797873136,-7.350185171987474,31.68875489309786,False,1.814484606410297,0.06343364102929154,0.06343364102929154,0.0,0.0015474353931512262,0.053,-5.3246865658933755
2016,318,13.5,0.0,0.0,0.0,0.0,0.0,0.0,False,1.814484606410297,0.05000000000000003,0.05000000000000003,0.0,0.0,0.053,-5.3246865658933755
2016,318,14.0,0.0,0.0,0.0,0.0,0.0,0.0,False,1.814484606410297,0.05000000000000003,0.05000000000000003,0.0,0.0,0.053,-5.3246865658933755
2016,318,14.5,0.0,0.0,0.0,0.0,0.0,0.0,False,1.814484606410297,0.05000000000000003,0.05000000000000003,0.0,0.0,0.053,-5.3246865658933755
2016,318,15.0,7.835181254761395,5.67429993692473,28.324686812561335,0.12242613430950998,-6.5650199819847055,29.43670222442306,False,1.814484606410297,0.12759713794516783,0.12759713794516783,0.0,0.0,0.053,-5.3246865658933755
2016.0,318.0,15.5,0.0,0.0,0.0,0.0,0.0,0.0,0.0,1.814484606410297,0.12759713794516783,0.12759713794516783,0.0,0.0,0.053,-5.3246865658933755
2016.0,318.0,16.0,0.0,0.0,0.0,0.0,0.0,0.0,0.0,1.814484606410297,0.12759713794516783,0.12759713794516783,0.0,0.0,0.053,-5.3246865658933755
2016.0,318.0,16.5,0.0,0.0,0.0,0.0,0.0,0.0,0.0,1.814484606410297,0.12759713794516783,0.12759713794516783,0.0,0.0,0.053,-5.3246865658933755
2016.0,318.0,17.0,0.0,0.0,0.0,0.0,0.0,0.0,0.0,1.814484606410297,0.12759713794516783,0.12759713794516783,0.0,0.0,0.053,-5.3246865658933755
2016.0,318.0,17.5,0.0,0.0,0.0,0.0,0.0,0.0,0.0,1.814484606410297,0.12759713794516783,0.12759713794516783,0.0,0.0,0.0525,-5.67333745760483
2016.0,318.0,18.0,0.0,0.0,0.0,0.0,0.0,0.0,0.0,1.814484606410297,0.12759713794516783,0.12759713794516783,0.0,0.0,0.052,-6.048487305117891
2016.0,318.0,18.5,0.0,0.0,0.0,0.0,0.0,0.0,0.0,1.814484606410297,0.12759713794516783,0.12759713794516783,0.0,0.0,0.052,-6.048487305117891
2016.0,318.0,19.0,0.0,0.0,0.0,0.0,0.0,0.0,0.0,1.814484606410297,0.12759713794516783,0.12759713794516783,0.0,0.0,0.052,-6.048487305117891
2016.0,318.0,19.5,0.0,0.0,0.0,0.0,0.0,0.0,0.0,1.814484606410297,0.12759713794516783,0.12759713794516783,0.0,0.0,0.052,-6.048487305117891
2016.0,318.0,20.0,0.0,0.0,0.0,0.0,0.0,0.0,0.0,1.814484606410297,0.12759713794516783,0.12759713794516783,0.0,0.0,0.052,-6.048487305117891
2016.0,318.0,20.5,0.0,0.0,0.0,0.0,0.0,0.0,0.0,1.814484606410297,0.12759713794516783,0.12759713794516783,0.0,0.0,0.052,-6.048487305117891
2016.0,318.0,21.0,0.0,0.0,0.0,0.0,0.0,0.0,0.0,1.814484606410297,0.12759713794516783,0.12759713794516783,0.0,0.0,0.052,-6.048487305117891
2016.0,318.0,21.5,0.0,0.0,0.0,0.0,0.0,0.0,0.0,1.814484606410297,0.12759713794516783,0.12759713794516783,0.0,0.0,0.052,-6.048487305117891
2016.0,318.0,22.0,0.0,0.0,0.0,0.0,0.0,0.0,0.0,1.814484606410297,0.12759713794516783,0.12759713794516783,0.0,0.0,0.052,-6.048487305117891
2016.0,318.0,22.5,0.0,0.0,0.0,0.0,0.0,0.0,0.0,1.814484606410297,0.12759713794516783,0.12759713794516783,0.0,0.0,0.052,-6.048487305117891
2016.0,318.0,23.0,0.0,0.0,0.0,0.0,0.0,0.0,0.0,1.814484606410297,0.12759713794516783,0.12759713794516783,0.0,0.0,0.052,-6.048487305117891
2016.0,318.0,23.5,0.0,0.0,0.0,0.0,0.0,0.0,0.0,1.814484606410297,0.12759713794516783,0.12759713794516783,0.0,0.0,0.052,-6.048487305117891
2016.0,319.0,0.0,0.0,0.0,0.0,0.0,0.0,0.0,0.0,1.814484606410297,0.12759713794516783,0.12759713794516783,0.0,0.0,0.052,-6.048487305117891
2016.0,319.0,0.5,0.0,0.0,0.0,0.0,0.0,0.0,0.0,1.814484606410297,0.12759713794516783,0.12759713794516783,0.0,0.0,0.052,-6.048487305117891
2016.0,319.0,1.0,0.0,0.0,0.0,0.0,0.0,0.0,0.0,1.814484606410297,0.12759713794516783,0.12759713794516783,0.0,0.0,0.052,-6.048487305117891
2016.0,319.0,1.5,0.0,0.0,0.0,0.0,0.0,0.0,0.0,1.814484606410297,0.12759713794516783,0.12759713794516783,0.0,0.0,0.052,-6.048487305117891
2016.0,319.0,2.0,0.0,0.0,0.0,0.0,0.0,0.0,0.0,1.814484606410297,0.12759713794516783,0.12759713794516783,0.0,0.0,0.052,-6.048487305117891
2016.0,319.0,2.5,0.0,0.0,0.0,0.0,0.0,0.0,0.0,1.814484606410297,0.12759713794516783,0.12759713794516783,0.0,0.0,0.052,-6.048487305117891
2016.0,319.0,3.0,0.0,0.0,0.0,0.0,0.0,0.0,0.0,1.814484606410297,0.12759713794516783,0.12759713794516783,0.0,0.0,0.052,-6.048487305117891
2016.0,319.0,3.5,0.0,0.0,0.0,0.0,0.0,0.0,0.0,1.814484606410297,0.12759713794516783,0.12759713794516783,0.0,0.0,0.052,-6.048487305117891
2016.0,319.0,4.0,0.0,0.0,0.0,0.0,0.0,0.0,0.0,1.814484606410297,0.12759713794516783,0.12759713794516783,0.0,0.0,0.052,-6.048487305117891
2016.0,319.0,4.5,0.0,0.0,0.0,0.0,0.0,0.0,0.0,1.814484606410297,0.12759713794516783,0.12759713794516783,0.0,0.0,0.052,-6.048487305117891
2016,319,5.0,-2.895973846756044,0.8366079603837929,19.335044527201365,0.0532939585224625,-6.265263753338243,19.372802282803626,False,1.1365260456957729,0.16131306887333258,0.16131306887333258,0.0,0.0,0.052,-6.048487305117891
2016,319,5.5,-1.803889816733864,0.8396165019128637,20.388782496281284,0.05668363840834763,-6.265263753338243,19.674533346569085,False,1.1365260456957729,0.16131306887333258,0.16131306887333258,0.0,0.0,0.052,-6.048487305117891
2016,319,6.0,-1.2165414419238745,0.4190375103248573,15.707592424455664,0.026722202724913127,-6.149133513220197,20.027610733421188,False,1.1365260456957729,0.17583561691807512,0.17583561691807512,0.0,0.0,0.052,-6.048487305117891
2016,319,6.5,-0.49655774216221693,0.6827393335339506,19.06788233457098,0.04421973037872742,-6.218811657291025,20.26070424485013,False,1.1365260456957729,0.16702362646241595,0.16702362646241595,0.0,0.0,0.052,-6.048487305117891
2016,319,7.0,8.802245145609557,0.6575004122569772,16.698149072559037,0.03030236999636796,-6.218811657291025,23.08425419254337,False,1.1365260456957729,0.16702362646241595,0.16702362646241595,0.0,0.0,0.052,-6.048487305117891
2016,319,7.5,6.225213227048714,0.5020788212829633,18.4283544570036,0.021290529619713387,-6.172359561243806,22.750668689815363,False,1.1365260456957729,0.1728654567744553,0.1728654567744553,0.0,0.0,0.052,-6.048487305117891
2016,319,8.0,5.722529746397716,2.4342258906687535,24.578576045070527,0.08557689968661944,-6.814946889896995,24.919362913012662,False,1.1365260456957729,0.10353744966146902,0.10353744966146902,0.0,0.0,0.052,-6.048487305117891
2016,319,8.5,0.0,0.0,0.0,0.0,0.0,0.0,False,1.1365260456957729,0.05000000000000003,0.05000000000000003,0.0,0.0,0.052,-6.048487305117891
2016,319,9.0,0.0,0.0,0.0,0.0,0.0,0.0,False,1.1365260456957729,0.05000000000000003,0.05000000000000003,0.0,0.0,0.052,-6.048487305117891
2016,319,9.5,0.0,0.0,0.0,0.0,0.0,0.0,False,1.1365260456957729,0.05000000000000003,0.05000000000000003,0.0,0.0,0.052,-6.048487305117891
2016,319,10.0,0.0,0.0,0.0,0.0,0.0,0.0,False,1.1365260456957729,0.05000000000000003,0.05000000000000003,0.0,0.0,0.052,-6.048487305117891
2016,319,10.5,0.0,0.0,0.0,0.0,0.0,0.0,False,0.8392563293780803,0.05000000000000003,0.05000000000000003,0.0,0.0,0.0515,-6.452434612407716
2016,319,11.0,0.0,0.0,0.0,0.0,0.0,0.0,False,0.584232973397601,0.05000000000000003,0.05000000000000003,0.0,0.0,0.051,-6.8877024241280935
2016,319,11.5,0.0,0.0,0.0,0.0,0.0,0.0,False,0.584232973397601,0.05000000000000003,0.05000000000000003,0.0,0.0,0.051,-6.8877024241280935
2016,319,12.0,0.0,0.0,0.0,0.0,0.0,0.0,False,0.584232973397601,0.05000000000000003,0.05000000000000003,0.0,0.0,0.051,-6.8877024241280935
2016,319,12.5,0.0,0.0,0.0,0.0,0.0,0.0,False,0.584232973397601,0.05000000000000003,0.05000000000000003,0.0,0.0,0.051,-6.8877024241280935
2016,319,13.0,0.0,0.0,0.0,0.0,0.0,0.0,False,0.584232973397601,0.05000000000000003,0.05000000000000003,0.0,0.0,0.051,-6.8877024241280935
2016,319,13.5,0.0,0.0,0.0,0.0,0.0,0.0,False,0.584232973397601,0.05000000000000003,0.05000000000000003,0.0,0.0,0.051,-6.8877024241280935
2016,319,14.0,0.0,0.0,0.0,0.0,0.0,0.0,False,0.584232973397601,0.05000000000000003,0.05000000000000003,0.0,0.0,0.051,-6.8877024241280935
2016,319,14.5,0.0,0.0,0.0,0.0,0.0,0.0,False,0.584232973397601,0.05000000000000003,0.05000000000000003,0.0,0.0,0.051,-6.8877024241280935
2016,319,15.0,0.0,0.0,0.0,0.0,0.0,0.0,False,0.584232973397601,0.05000000000000003,0.05000000000000003,0.0,0.0,0.051,-6.8877024241280935
2016.0,319.0,15.5,0.0,0.0,0.0,0.0,0.0,0.0,0.0,0.584232973397601,0.05000000000000003,0.05000000000000003,0.0,0.0,0.05,-7.863564046704504
2016.0,319.0,16.0,0.0,0.0,0.0,0.0,0.0,0.0,0.0,0.584232973397601,0.05000000000000003,0.05000000000000003,0.0,0.0,0.05,-7.863564046704504
2016.0,319.0,16.5,0.0,0.0,0.0,0.0,0.0,0.0,0.0,0.584232973397601,0.05000000000000003,0.05000000000000003,0.0,0.0,0.05,-7.863564046704504
2016.0,319.0,17.0,0.0,0.0,0.0,0.0,0.0,0.0,0.0,0.584232973397601,0.05000000000000003,0.05000000000000003,0.0,0.0,0.05,-7.863564046704504
2016.0,319.0,17.5,0.0,0.0,0.0,0.0,0.0,0.0,0.0,0.584232973397601,0.05000000000000003,0.05000000000000003,0.0,0.0,0.05,-7.863564046704504
2016.0,319.0,18.0,0.0,0.0,0.0,0.0,0.0,0.0,0.0,0.584232973397601,0.05000000000000003,0.05000000000000003,0.0,0.0,0.05,-7.863564046704504
2016.0,319.0,18.5,0.0,0.0,0.0,0.0,0.0,0.0,0.0,0.584232973397601,0.05000000000000003,0.05000000000000003,0.0,0.0,0.05,-7.863564046704504
2016.0,319.0,19.0,0.0,0.0,0.0,0.0,0.0,0.0,0.0,0.584232973397601,0.05000000000000003,0.05000000000000003,0.0,0.0,0.05,-7.863564046704504
2016.0,319.0,19.5,0.0,0.0,0.0,0.0,0.0,0.0,0.0,0.584232973397601,0.05000000000000003,0.05000000000000003,0.0,0.0,0.05,-7.863564046704504
2016.0,319.0,20.0,0.0,0.0,0.0,0.0,0.0,0.0,0.0,0.584232973397601,0.05000000000000003,0.05000000000000003,0.0,0.0,0.05,-7.863564046704504
2016.0,319.0,20.5,0.0,0.0,0.0,0.0,0.0,0.0,0.0,0.584232973397601,0.05000000000000003,0.05000000000000003,0.0,0.0,0.05,-7.863564046704504
2016.0,319.0,21.0,0.0,0.0,0.0,0.0,0.0,0.0,0.0,0.584232973397601,0.05000000000000003,0.05000000000000003,0.0,0.0,0.05,-7.863564046704504
2016.0,319.0,21.5,0.0,0.0,0.0,0.0,0.0,0.0,0.0,0.584232973397601,0.05000000000000003,0.05000000000000003,0.0,0.0,0.05,-7.863564046704504
2016.0,319.0,22.0,0.0,0.0,0.0,0.0,0.0,0.0,0.0,0.584232973397601,0.05000000000000003,0.05000000000000003,0.0,0.0,0.05,-7.863564046704504
2016.0,319.0,22.5,0.0,0.0,0.0,0.0,0.0,0.0,0.0,0.584232973397601,0.05000000000000003,0.05000000000000003,0.0,0.0,0.05,-7.863564046704504
2016.0,319.0,23.0,0.0,0.0,0.0,0.0,0.0,0.0,0.0,0.584232973397601,0.05000000000000003,0.05000000000000003,0.0,0.0,0.05,-7.863564046704504
2016.0,319.0,23.5,0.0,0.0,0.0,0.0,0.0,0.0,0.0,0.584232973397601,0.05000000000000003,0.05000000000000003,0.0,0.0,0.05,-7.863564046704504
2016.0,320.0,0.0,0.0,0.0,0.0,0.0,0.0,0.0,0.0,0.584232973397601,0.05000000000000003,0.05000000000000003,0.0,0.0,0.05,-7.863564046704504
2016.0,320.0,0.5,0.0,0.0,0.0,0.0,0.0,0.0,0.0,0.584232973397601,0.05000000000000003,0.05000000000000003,0.0,0.0,0.05,-7.863564046704504
2016.0,320.0,1.0,0.0,0.0,0.0,0.0,0.0,0.0,0.0,0.584232973397601,0.05000000000000003,0.05000000000000003,0.0,0.0,0.05,-7.863564046704504
2016.0,320.0,1.5,0.0,0.0,0.0,0.0,0.0,0.0,0.0,0.584232973397601,0.05000000000000003,0.05000000000000003,0.0,0.0,0.05,-7.863564046704504
2016.0,320.0,2.0,0.0,0.0,0.0,0.0,0.0,0.0,0.0,0.584232973397601,0.05000000000000003,0.05000000000000003,0.0,0.0,0.05,-7.863564046704504
2016.0,320.0,2.5,0.0,0.0,0.0,0.0,0.0,0.0,0.0,0.584232973397601,0.05000000000000003,0.05000000000000003,0.0,0.0,0.05,-7.863564046704504
2016.0,320.0,3.0,0.0,0.0,0.0,0.0,0.0,0.0,0.0,0.584232973397601,0.05000000000000003,0.05000000000000003,0.0,0.0,0.05,-7.863564046704504
2016.0,320.0,3.5,0.0,0.0,0.0,0.0,0.0,0.0,0.0,0.584232973397601,0.05000000000000003,0.05000000000000003,0.0,0.0,0.05,-7.863564046704504
2016.0,320.0,4.0,0.0,0.0,0.0,0.0,0.0,0.0,0.0,0.584232973397601,0.05000000000000003,0.05000000000000003,0.0,0.0,0.05,-7.863564046704504
2016.0,320.0,4.5,0.0,0.0,0.0,0.0,0.0,0.0,0.0,0.584232973397601,0.05000000000000003,0.05000000000000003,0.0,0.0,0.051,-6.8877024241280935
2016,320,5.0,0.0,0.0,0.0,0.0,0.0,0.0,False,0.3787387708429918,0.05000000000000003,0.05000000000000003,0.0,0.0,0.0505,-7.357062769630571
2016,320,5.5,0.0,0.0,0.0,0.0,0.0,0.0,False,0.3787387708429918,0.05000000000000003,0.05000000000000003,0.0,0.0,0.0505,-7.357062769630571
2016,320,6.0,0.9468214655940295,0.8025165817333885,26.57971996266386,0.1322769917585409,-7.345933522883188,17.16186958867962,False,0.584232973397601,0.06369584295260572,0.06369584295260572,0.0,0.0,0.051,-6.8877024241280935
2016,320,6.5,0.0,0.0,0.0,0.0,0.0,0.0,False,0.584232973397601,0.05000000000000003,0.05000000000000003,0.0,0.0,0.051,-6.8877024241280935
2016,320,7.0,2.184649435609338,0.7847111270720192,25.88590337930038,0.13681269698035853,-7.331834104459954,18.44798779818654,False,0.584232973397601,0.06457139475082996,0.06457139475082996,0.0,0.0,0.051,-6.8877024241280935
2016,320,7.5,0.0,0.0,0.0,0.0,0.0,0.0,False,0.3787387708429918,0.05000000000000003,0.05000000000000003,0.0,0.0,0.0505,-7.357062769630571
2016.0,320.0,8.0,0.0,0.0,0.0,0.0,0.0,0.0,0.0,0.3787387708429918,0.05000000000000003,0.05000000000000003,0.0,0.0,0.05,-7.863564046704504
2016.0,320.0,8.5,0.0,0.0,0.0,0.0,0.0,0.0,0.0,0.3787387708429918,0.05000000000000003,0.05000000000000003,0.0,0.0,0.05,-7.863564046704504
2016.0,320.0,9.0,0.0,0.0,0.0,0.0,0.0,0.0,0.0,0.3787387708429918,0.05000000000000003,0.05000000000000003,0.0,0.0,0.05,-7.863564046704504
2016.0,320.0,9.5,0.0,0.0,0.0,0.0,0.0,0.0,0.0,0.3787387708429918,0.05000000000000003,0.05000000000000003,0.0,0.0,0.05,-7.863564046704504
2016.0,320.0,10.0,0.0,0.0,0.0,0.0,0.0,0.0,0.0,0.3787387708429918,0.05000000000000003,0.05000000000000003,0.0,0.0,0.05,-7.863564046704504
2016.0,320.0,10.5,0.0,0.0,0.0,0.0,0.0,0.0,0.0,0.3787387708429918,0.05000000000000003,0.05000000000000003,0.0,0.0,0.05,-7.863564046704504
2016.0,320.0,11.0,0.0,0.0,0.0,0.0,0.0,0.0,0.0,0.3787387708429918,0.05000000000000003,0.05000000000000003,0.0,0.0,0.05,-7.863564046704504
2016.0,320.0,11.5,0.0,0.0,0.0,0.0,0.0,0.0,0.0,0.3787387708429918,0.05000000000000003,0.05000000000000003,0.0,0.0,0.05,-7.863564046704504
2016.0,320.0,12.0,0.0,0.0,0.0,0.0,0.0,0.0,0.0,0.3787387708429918,0.05000000000000003,0.05000000000000003,0.0,0.0,0.05,-7.863564046704504
2016.0,320.0,12.5,0.0,0.0,0.0,0.0,0.0,0.0,0.0,0.3787387708429918,0.05000000000000003,0.05000000000000003,0.0,0.0,0.05,-7.863564046704504
2016.0,320.0,13.0,0.0,0.0,0.0,0.0,0.0,0.0,0.0,0.3787387708429918,0.05000000000000003,0.05000000000000003,0.0,0.0,0.05,-7.863564046704504
2016.0,320.0,13.5,0.0,0.0,0.0,0.0,0.0,0.0,0.0,0.3787387708429918,0.05000000000000003,0.05000000000000003,0.0,0.0,0.05,-7.863564046704504
2016.0,320.0,14.0,0.0,0.0,0.0,0.0,0.0,0.0,0.0,0.3787387708429918,0.05000000000000003,0.05000000000000003,0.0,0.0,0.0495,-8.213147767034087
2016.0,320.0,14.5,0.0,0.0,0.0,0.0,0.0,0.0,0.0,0.3787387708429918,0.05000000000000003,0.05000000000000003,0.0,0.0,0.049,-8.578272630895233
2016.0,320.0,15.0,0.0,0.0,0.0,0.0,0.0,0.0,0.0,0.3787387708429918,0.05000000000000003,0.05000000000000003,0.0,0.0,0.049,-8.578272630895233
2016.0,320.0,15.5,0.0,0.0,0.0,0.0,0.0,0.0,0.0,0.3787387708429918,0.05000000000000003,0.05000000000000003,0.0,0.0,0.049,-8.578272630895233
2016.0,320.0,16.0,0.0,0.0,0.0,0.0,0.0,0.0,0.0,0.3787387708429918,0.05000000000000003,0.05000000000000003,0.0,0.0,0.049,-8.578272630895233
2016.0,320.0,16.5,0.0,0.0,0.0,0.0,0.0,0.0,0.0,0.3787387708429918,0.05000000000000003,0.05000000000000003,0.0,0.0,0.049,-8.578272630895233
2016.0,320.0,17.0,0.0,0.0,0.0,0.0,0.0,0.0,0.0,0.3787387708429918,0.05000000000000003,0.05000000000000003,0.0,0.0,0.049,-8.578272630895233
2016.0,320.0,17.5,0.0,0.0,0.0,0.0,0.0,0.0,0.0,0.3787387708429918,0.05000000000000003,0.05000000000000003,0.0,0.0,0.049,-8.578272630895233
2016.0,320.0,18.0,0.0,0.0,0.0,0.0,0.0,0.0,0.0,0.3787387708429918,0.05000000000000003,0.05000000000000003,0.0,0.0,0.049,-8.578272630895233
2016.0,320.0,18.5,0.0,0.0,0.0,0.0,0.0,0.0,0.0,0.3787387708429918,0.05000000000000003,0.05000000000000003,0.0,0.0,0.049,-8.578272630895233
2016.0,320.0,19.0,0.0,0.0,0.0,0.0,0.0,0.0,0.0,0.3787387708429918,0.05000000000000003,0.05000000000000003,0.0,0.0,0.049,-8.578272630895233
2016.0,320.0,19.5,0.0,0.0,0.0,0.0,0.0,0.0,0.0,0.3787387708429918,0.05000000000000003,0.05000000000000003,0.0,0.0,0.049,-8.578272630895233
2016.0,320.0,20.0,0.0,0.0,0.0,0.0,0.0,0.0,0.0,0.3787387708429918,0.05000000000000003,0.05000000000000003,0.0,0.0,0.049,-8.578272630895233
2016.0,320.0,20.5,0.0,0.0,0.0,0.0,0.0,0.0,0.0,0.3787387708429918,0.05000000000000003,0.05000000000000003,0.0,0.0,0.049,-8.578272630895233
2016.0,320.0,21.0,0.0,0.0,0.0,0.0,0.0,0.0,0.0,0.3787387708429918,0.05000000000000003,0.05000000000000003,0.0,0.0,0.049,-8.578272630895233
2016.0,320.0,21.5,0.0,0.0,0.0,0.0,0.0,0.0,0.0,0.3787387708429918,0.05000000000000003,0.05000000000000003,0.0,0.0,0.049,-8.578272630895233
2016.0,320.0,22.0,0.0,0.0,0.0,0.0,0.0,0.0,0.0,0.3787387708429918,0.05000000000000003,0.05000000000000003,0.0,0.0,0.049,-8.578272630895233
2016.0,320.0,22.5,0.0,0.0,0.0,0.0,0.0,0.0,0.0,0.3787387708429918,0.05000000000000003,0.05000000000000003,0.0,0.0,0.049,-8.578272630895233
2016.0,320.0,23.0,0.0,0.0,0.0,0.0,0.0,0.0,0.0,0.3787387708429918,0.05000000000000003,0.05000000000000003,0.0,0.0,0.049,-8.578272630895233
2016.0,320.0,23.5,0.0,0.0,0.0,0.0,0.0,0.0,0.0,0.3787387708429918,0.05000000000000003,0.05000000000000003,0.0,0.0,0.049,-8.578272630895233
