year,doy,hod,A(pmax),E(pmax),Ci(pmax),gs(pmax),Pleaf(pmax),Tleaf(pmax),Rublim(pmax),ksc(pmax),VCsun(pmax),VCsha(pmax),Eci(pmax),Es(pmax),sw(pmax),Ps(pmax)
[-],[-],[h],[umol m-2 s-1],[mmol m-2 s-1],[Pa],[mol m-2 s-1],[MPa],[degC],[-],[mmol m-2 s-1 MPa-1],[-],[-],[mmol m-2 s-1],[mmol m-2 s-1],[m3 m-3],[MPa]
2016.0,303.0,0.0,0.0,0.0,0.0,0.0,0.0,0.0,0.0,6.010651,1.0,1.0,0.0,0.0,0.112,-0.03564977988411399
2016.0,303.0,0.5,0.0,0.0,0.0,0.0,0.0,0.0,0.0,6.010651,1.0,1.0,0.0,0.0,0.112,-0.03564977988411399
2016.0,303.0,1.0,0.0,0.0,0.0,0.0,0.0,0.0,0.0,6.010651,1.0,1.0,0.0,0.0,0.112,-0.03564977988411399
2016.0,303.0,1.5,0.0,0.0,0.0,0.0,0.0,0.0,0.0,6.010651,1.0,1.0,0.0,0.0,0.112,-0.03564977988411399
2016.0,303.0,2.0,0.0,0.0,0.0,0.0,0.0,0.0,0.0,6.010651,1.0,1.0,0.0,0.0,0.112,-0.03564977988411399
2016.0,303.0,2.5,0.0,0.0,0.0,0.0,0.0,0.0,0.0,6.010651,1.0,1.0,0.0,0.0,0.112,-0.03564977988411399
2016.0,303.0,3.0,0.0,0.0,0.0,0.0,0.0,0.0,0.0,6.010651,1.0,1.0,0.0,0.0,0.112,-0.03564977988411399
2016.0,303.0,3.5,0.0,0.0,0.0,0.0,0.0,0.0,0.0,6.010651,1.0,1.0,0.0,0.0,0.112,-0.03564977988411399
2016.0,303.0,4.0,0.0,0.0,0.0,0.0,0.0,0.0,0.0,6.010651,1.0,1.0,0.0,0.0,0.112,-0.03564977988411399
2016.0,303.0,4.5,0.0,0.0,0.0,0.0,0.0,0.0,0.0,6.010651,1.0,1.0,0.0,0.0,0.112,-0.03564977988411399
2016.0,303.0,5.0,0.0,0.0,0.0,0.0,0.0,0.0,0.0,6.010651,1.0,1.0,0.0,0.0,0.112,-0.03564977988411399
2016.0,303.0,5.5,0.0,0.0,0.0,0.0,0.0,0.0,0.0,6.010651,1.0,1.0,0.0,0.0,0.112,-0.03564977988411399
2016,303,6.0,-2.2533959732179283,0.40034290651200083,22.013934619777896,0.012762598878243533,-0.03564977988411399,19.187990506325335,False,6.01063392215407,0.999997158736062,0.999997158736062,0.0,0.0,0.112,-0.03564977988411399
2016,303,6.5,-1.7241330256996674,0.5060311913034732,22.361134250549632,0.02482240248664536,-0.0736070598378821,19.61050878655174,False,6.01063392215407,0.9999814616268387,0.9999814616268387,0.0,0.0,0.112,-0.03564977988411399
2016,303,7.0,-1.1268424973277726,0.33138822825249925,21.34613897477167,0.023623474814182102,-0.03673320302919571,19.704613206196903,False,6.010632546886653,0.9999969299309929,0.9999969299309929,0.0,0.003650374619603474,0.1115,-0.03673320302919571
2016,303,7.5,0.769223801012348,0.5677493064646207,23.09845613978409,0.050995419672907744,-0.07580084557015776,19.891796974920382,False,6.010631053928128,0.9999799982515537,0.9999799982515537,0.0,0.01866849096374706,0.111,-0.037854645342310235
2016,303,8.0,3.582615287938331,0.7713798328590395,39.200258999964355,0.05757362336235575,-0.07580084557015776,21.028104505676346,False,6.010631053928128,0.9999799982515537,0.9999799982515537,0.0,0.04177000339175591,0.111,-0.037854645342310235
2016,303,8.5,3.1431075286905887,0.835345583313391,25.699726461665158,0.13449306901657843,-0.07580084557015776,21.165970299812585,False,6.010631053928128,0.9999799982515537,0.9999799982515537,0.0,0.04456911876386062,0.111,-0.037854645342310235
2016,303,9.0,29.10602483887646,3.4449546633389905,37.58050428220767,0.48027357801098014,-0.18963944625370036,24.39873729888775,False,6.010631053928128,0.9997855490459115,0.9997855490459115,0.0,0.34953314992489865,0.111,-0.037854645342310235
2016,303,9.5,29.385548392927518,6.579132835957035,39.010207780484734,0.6557996620619113,-0.3414242471650905,24.520067369242817,False,6.010631053928128,0.9990186958460769,0.9990186958460769,0.0,0.3371133478128862,0.111,-0.037854645342310235
2016,303,10.0,20.1995081778934,7.36998157121062,39.54543482066786,0.4643498516226381,-0.37937044739293807,25.612995166895402,False,6.010631053928128,0.9987113244197088,0.9987113244197088,0.0,0.2216814912758102,0.111,-0.037854645342310235
2016,303,10.5,25.63896750311471,7.673746112338712,38.16708872278515,0.4133559004306585,-0.37937044739293807,26.483705479845444,False,6.010631053928128,0.9987113244197088,0.9987113244197088,0.0,0.3070574843358294,0.111,-0.037854645342310235
2016,303,11.0,6.2591247279088895,4.129319382674919,28.899570847847738,0.17527782555543833,-0.2275856464815479,25.335146996273508,False,6.010631053928128,0.9996562555701132,0.9996562555701132,0.0,0.09219015438544031,0.111,-0.037854645342310235
2016,303,11.5,3.672400535275153,1.9629702295504754,23.961088370820715,0.09954199418102086,-0.11374704579800529,26.027373934477495,False,6.010631053928128,0.9999428431892257,0.9999428431892257,0.0,0.07485982086878933,0.111,-0.037854645342310235
2016,303,12.0,-1.3130671078213654,2.7443444915094206,23.974218903973398,0.1720448699039472,-0.15169324602585282,24.710025024169866,False,6.010631053928128,0.9998796344145388,0.9998796344145388,0.0,0.01974290856366594,0.111,-0.037854645342310235
2016.0,303.0,12.5,0.0,0.0,0.0,0.0,0.0,0.0,0.0,6.010631053928128,0.9998796344145388,0.9998796344145388,0.0,0.01083015316745983,0.11,-0.040217713132218724
2016,303,13.0,-0.13509074711449287,1.4939824694179729,23.75611845884633,0.11208342744053981,-0.11608636416288959,24.781629015876867,False,6.01062767123044,0.9999397524226272,0.9999397524226272,0.0,0.033236354612020506,0.11,-0.040217713132218724
2016,303,13.5,-1.8193795181019472,0.044306552378088615,10.567546105853149,0.0021509461441829754,-0.040217713132218724,26.01754589430206,False,6.01062767123044,0.999996118761585,0.999996118761585,0.0,0.06515875818366826,0.11,-0.040217713132218724
2016,303,14.0,0.6015393915921541,2.546261610368504,24.571504396524155,0.29448094428109794,-0.15402068967822502,24.840975549138378,False,6.01062767123044,0.9998747986717622,0.9998747986717622,0.0,0.039691762269428686,0.11,-0.040217713132218724
2016.0,303.0,14.5,0.0,0.0,0.0,0.0,0.0,0.0,0.0,6.01062767123044,0.9998747986717622,0.9998747986717622,0.0,0.005566401644582514,0.11,-0.040217713132218724
2016.0,303.0,15.0,0.0,0.0,0.0,0.0,0.0,0.0,0.0,6.01062767123044,0.9998747986717622,0.9998747986717622,0.0,0.0006936754898177936,0.11,-0.040217713132218724
2016,303,15.5,1.5244767647695243,1.1260580372319862,35.962792210679254,0.03703432512023264,-0.07815203864755416,23.925662751433357,False,6.01062767123044,0.9999783534840815,0.9999783534840815,0.0,0.03672190360069857,0.11,-0.040217713132218724
2016,303,16.0,-1.1825209291062133,0.9933264408936743,22.390480682972157,0.05238798878838946,-0.07815203864755416,24.169311371154862,False,6.01062767123044,0.9999783534840815,0.9999783534840815,0.0,0.02118336963740476,0.11,-0.040217713132218724
2016,303,16.5,-2.601707493029827,1.0418921714842964,22.64542053034243,0.1015545765074192,-0.07815203864755416,24.19594721605261,False,6.01062767123044,0.9999783534840815,0.9999783534840815,0.0,0.010420701674549662,0.11,-0.040217713132218724
2016.0,303.0,17.0,0.0,0.0,0.0,0.0,0.0,0.0,0.0,6.01062767123044,0.9999783534840815,0.9999783534840815,0.0,0.004038136298296049,0.11,-0.040217713132218724
2016.0,303.0,17.5,0.0,0.0,0.0,0.0,0.0,0.0,0.0,6.01062767123044,0.9999783534840815,0.9999783534840815,0.0,0.0,0.11,-0.040217713132218724
2016.0,303.0,18.0,0.0,0.0,0.0,0.0,0.0,0.0,0.0,6.01062767123044,0.9999783534840815,0.9999783534840815,0.0,0.0,0.109,-0.04275193063584228
2016.0,303.0,18.5,0.0,0.0,0.0,0.0,0.0,0.0,0.0,6.01062767123044,0.9999783534840815,0.9999783534840815,0.0,0.0,0.109,-0.04275193063584228
2016.0,303.0,19.0,0.0,0.0,0.0,0.0,0.0,0.0,0.0,6.01062767123044,0.9999783534840815,0.9999783534840815,0.0,0.0,0.109,-0.04275193063584228
2016.0,303.0,19.5,0.0,0.0,0.0,0.0,0.0,0.0,0.0,6.01062767123044,0.9999783534840815,0.9999783534840815,0.0,0.0,0.109,-0.04275193063584228
2016.0,303.0,20.0,0.0,0.0,0.0,0.0,0.0,0.0,0.0,6.01062767123044,0.9999783534840815,0.9999783534840815,0.0,0.0,0.109,-0.04275193063584228
2016.0,303.0,20.5,0.0,0.0,0.0,0.0,0.0,0.0,0.0,6.01062767123044,0.9999783534840815,0.9999783534840815,0.0,0.0,0.109,-0.04275193063584228
2016.0,303.0,21.0,0.0,0.0,0.0,0.0,0.0,0.0,0.0,6.01062767123044,0.9999783534840815,0.9999783534840815,0.0,0.0,0.109,-0.04275193063584228
2016.0,303.0,21.5,0.0,0.0,0.0,0.0,0.0,0.0,0.0,6.01062767123044,0.9999783534840815,0.9999783534840815,0.0,0.0,0.109,-0.04275193063584228
2016.0,303.0,22.0,0.0,0.0,0.0,0.0,0.0,0.0,0.0,6.01062767123044,0.9999783534840815,0.9999783534840815,0.0,0.0,0.109,-0.04275193063584228
2016.0,303.0,22.5,0.0,0.0,0.0,0.0,0.0,0.0,0.0,6.01062767123044,0.9999783534840815,0.9999783534840815,0.0,0.0,0.109,-0.04275193063584228
2016.0,303.0,23.0,0.0,0.0,0.0,0.0,0.0,0.0,0.0,6.01062767123044,0.9999783534840815,0.9999783534840815,0.0,0.0,0.109,-0.04275193063584228
2016.0,303.0,23.5,0.0,0.0,0.0,0.0,0.0,0.0,0.0,6.01062767123044,0.9999783534840815,0.9999783534840815,0.0,0.0,0.109,-0.04275193063584228
2016.0,304.0,0.0,0.0,0.0,0.0,0.0,0.0,0.0,0.0,6.01062767123044,0.9999783534840815,0.9999783534840815,0.0,0.0,0.109,-0.04275193063584228
2016.0,304.0,0.5,0.0,0.0,0.0,0.0,0.0,0.0,0.0,6.01062767123044,0.9999783534840815,0.9999783534840815,0.0,0.0,0.109,-0.04275193063584228
2016.0,304.0,1.0,0.0,0.0,0.0,0.0,0.0,0.0,0.0,6.01062767123044,0.9999783534840815,0.9999783534840815,0.0,0.0,0.109,-0.04275193063584228
2016.0,304.0,1.5,0.0,0.0,0.0,0.0,0.0,0.0,0.0,6.01062767123044,0.9999783534840815,0.9999783534840815,0.0,0.0,0.109,-0.04275193063584228
2016.0,304.0,2.0,0.0,0.0,0.0,0.0,0.0,0.0,0.0,6.01062767123044,0.9999783534840815,0.9999783534840815,0.0,0.0,0.109,-0.04275193063584228
2016.0,304.0,2.5,0.0,0.0,0.0,0.0,0.0,0.0,0.0,6.01062767123044,0.9999783534840815,0.9999783534840815,0.0,0.0,0.109,-0.04275193063584228
2016.0,304.0,3.0,0.0,0.0,0.0,0.0,0.0,0.0,0.0,6.01062767123044,0.9999783534840815,0.9999783534840815,0.0,0.0,0.109,-0.04275193063584228
2016.0,304.0,3.5,0.0,0.0,0.0,0.0,0.0,0.0,0.0,6.01062767123044,0.9999783534840815,0.9999783534840815,0.0,0.0,0.109,-0.04275193063584228
2016.0,304.0,4.0,0.0,0.0,0.0,0.0,0.0,0.0,0.0,6.01062767123044,0.9999783534840815,0.9999783534840815,0.0,0.0,0.109,-0.04275193063584228
2016.0,304.0,4.5,0.0,0.0,0.0,0.0,0.0,0.0,0.0,6.01062767123044,0.9999783534840815,0.9999783534840815,0.0,0.0,0.1085,-0.04408758946698625
2016,304,5.0,-2.757456811816636,0.3293040829879568,10.425168891888301,2.4196012233419806e-07,-0.04547143795776919,18.909765167376545,False,6.010618949404005,0.9999946676997226,0.9999946676997226,0.0,0.0,0.108,-0.04547143795776919
2016,304,5.5,-1.0156222942219346,0.5247366661037597,29.841795860732905,0.008372498883826497,-0.08337936284584055,19.626682239211796,False,6.010618949404005,0.999974406462005,0.999974406462005,0.0,0.0033922236921889357,0.108,-0.04547143795776919
2016,304,6.0,0.505166909054032,0.7067600773727312,24.448055941927024,0.02373852382525503,-0.08337936284584055,20.44145654389656,False,6.010618949404005,0.999974406462005,0.999974406462005,0.0,0.01933736178389494,0.108,-0.04547143795776919
2016,304,6.5,2.2053718621968463,0.9576734520358072,26.419945044776405,0.10120625318825828,-0.08337936284584055,22.060980831681157,False,6.010618949404005,0.999974406462005,0.999974406462005,0.0,0.03975448215293642,0.108,-0.04547143795776919
2016,304,7.0,6.4667106508197,2.283383317110306,42.175546652253324,0.5160821597963337,-0.15919521262198327,23.11959278797582,False,6.010618949404005,0.9998636255468792,0.9998636255468792,0.0,0.0760740811424286,0.108,-0.04547143795776919
2016,304,7.5,9.515144570591069,4.906253476608294,42.50448425980865,1.0801838443367107,-0.27291898728619735,23.323964851026393,False,6.010618949404005,0.9994501048370308,0.9994501048370308,0.0,0.1019690608808685,0.108,-0.04547143795776919
2016,304,8.0,9.463080724778752,5.17296240998148,35.600483845842234,0.7864838022323694,-0.27291898728619735,24.169164338301222,False,6.010618949404005,0.9994501048370308,0.9994501048370308,0.0,0.10200028333608867,0.108,-0.04547143795776919
2016,304,8.5,12.926775983140068,5.1511948212743475,40.54461616760399,0.3730405271988929,-0.27291898728619735,25.65406531572934,False,6.010618949404005,0.9994501048370308,0.9994501048370308,0.0,0.14811243756859443,0.108,-0.04547143795776919
2016,304,9.0,12.212541997271325,5.173179329650684,40.066362560135204,0.36273214624695116,-0.27291898728619735,26.442297067197167,False,6.010618949404005,0.9994501048370308,0.9994501048370308,0.0,0.1430985966407729,0.108,-0.04547143795776919
2016,304,9.5,7.897805933882121,4.499898003723315,29.30360709981498,0.1882689519522983,-0.23501106239812597,27.239123119843885,False,6.010618949404005,0.9996264906389238,0.9996264906389238,0.0,0.12604130199741886,0.108,-0.04547143795776919
2016,304,10.0,6.44609361687923,2.247800330384424,24.351025301860492,0.07213376244067443,-0.15919521262198327,28.985599722086853,False,6.010618949404005,0.9998636255468792,0.9998636255468792,0.0,0.14648868096969306,0.108,-0.04547143795776919
2016,304,10.5,5.764487004404605,3.532845145382567,25.714503675921843,0.11138114679073893,-0.1971031375100546,29.106736728527906,False,6.010618949404005,0.9997630293718759,0.9997630293718759,0.0,0.1289368157557561,0.108,-0.04547143795776919
2016,304,11.0,2.381956838496637,3.0093082096764436,23.72549028900601,0.13085640042493504,-0.19850832524435774,29.27558613754291,False,6.0106162686778735,0.9997586345619869,0.9997586345619869,0.0,0.09066865338488805,0.1075,-0.046905450055852886
2016,304,11.5,1.8970124034897795,3.4074085645366865,23.669700904644635,0.10245708214762879,-0.19996469130804542,29.99090789853755,False,6.010613349638567,0.9997540273105249,0.9997540273105249,0.0,0.09167233948103569,0.107,-0.048391690295205986
2016,304,12.0,1.4729268747318414,4.145348376650416,24.075108908344184,0.1157757879680281,-0.23785794156125528,30.13473943227551,False,6.010613349638567,0.9996146747368075,0.9996146747368075,0.0,0.08675535213232541,0.107,-0.048391690295205986
2016,304,12.5,0.46409357796694195,5.323382023174249,24.161044407824622,0.14902954675796826,-0.27575119181446517,30.41748538173769,False,6.010613349638567,0.9994352242264815,0.9994352242264815,0.0,0.07405752003707436,0.107,-0.048391690295205986
2016,304,13.0,-1.2854851708127093,5.496406994810801,23.660297002617085,0.1541085675928227,-0.31364444206767494,29.887853747434047,False,6.010613349638567,0.9992120555803398,0.9992120555803398,0.0,0.04717207480420496,0.107,-0.048391690295205986
2016.0,304.0,13.5,0.0,0.0,0.0,0.0,0.0,0.0,0.0,6.010613349638567,0.9992120555803398,0.9992120555803398,0.0,0.037880093731498865,0.107,-0.048391690295205986
2016.0,304.0,14.0,0.0,0.0,0.0,0.0,0.0,0.0,0.0,6.010613349638567,0.9992120555803398,0.9992120555803398,0.0,0.03234795292551713,0.1065,-0.04993231840392216
2016.0,304.0,14.5,0.0,0.0,0.0,0.0,0.0,0.0,0.0,6.010613349638567,0.9992120555803398,0.9992120555803398,0.0,0.03864280953940689,0.106,-0.05152959416956806
2016.0,304.0,15.0,0.0,0.0,0.0,0.0,0.0,0.0,0.0,6.010613349638567,0.9992120555803398,0.9992120555803398,0.0,0.016024592554375116,0.106,-0.05152959416956806
2016.0,304.0,15.5,0.0,0.0,0.0,0.0,0.0,0.0,0.0,6.010613349638567,0.9992120555803398,0.9992120555803398,0.0,0.0,0.106,-0.05152959416956806
2016.0,304.0,16.0,0.0,0.0,0.0,0.0,0.0,0.0,0.0,6.010613349638567,0.9992120555803398,0.9992120555803398,0.0,0.0,0.106,-0.05152959416956806
2016.0,304.0,16.5,0.0,0.0,0.0,0.0,0.0,0.0,0.0,6.010613349638567,0.9992120555803398,0.9992120555803398,0.0,0.0,0.106,-0.05152959416956806
2016.0,304.0,17.0,0.0,0.0,0.0,0.0,0.0,0.0,0.0,6.010613349638567,0.9992120555803398,0.9992120555803398,0.0,0.0,0.106,-0.05152959416956806
2016.0,304.0,17.5,0.0,0.0,0.0,0.0,0.0,0.0,0.0,6.010613349638567,0.9992120555803398,0.9992120555803398,0.0,0.0,0.106,-0.05152959416956806
2016.0,304.0,18.0,0.0,0.0,0.0,0.0,0.0,0.0,0.0,6.010613349638567,0.9992120555803398,0.9992120555803398,0.0,0.0,0.1055,-0.053185882577760246
2016.0,304.0,18.5,0.0,0.0,0.0,0.0,0.0,0.0,0.0,6.010613349638567,0.9992120555803398,0.9992120555803398,0.0,0.0,0.106,-0.05152959416956806
2016.0,304.0,19.0,0.0,0.0,0.0,0.0,0.0,0.0,0.0,6.010613349638567,0.9992120555803398,0.9992120555803398,0.0,0.0,0.106,-0.05152959416956806
2016.0,304.0,19.5,0.0,0.0,0.0,0.0,0.0,0.0,0.0,6.010613349638567,0.9992120555803398,0.9992120555803398,0.0,0.0,0.105,-0.05490365924070806
2016.0,304.0,20.0,0.0,0.0,0.0,0.0,0.0,0.0,0.0,6.010613349638567,0.9992120555803398,0.9992120555803398,0.0,0.0,0.105,-0.05490365924070806
2016.0,304.0,20.5,0.0,0.0,0.0,0.0,0.0,0.0,0.0,6.010613349638567,0.9992120555803398,0.9992120555803398,0.0,0.0,0.105,-0.05490365924070806
2016.0,304.0,21.0,0.0,0.0,0.0,0.0,0.0,0.0,0.0,6.010613349638567,0.9992120555803398,0.9992120555803398,0.0,0.0,0.105,-0.05490365924070806
2016.0,304.0,21.5,0.0,0.0,0.0,0.0,0.0,0.0,0.0,6.010613349638567,0.9992120555803398,0.9992120555803398,0.0,0.0,0.105,-0.05490365924070806
2016.0,304.0,22.0,0.0,0.0,0.0,0.0,0.0,0.0,0.0,6.010613349638567,0.9992120555803398,0.9992120555803398,0.0,0.0,0.105,-0.05490365924070806
2016.0,304.0,22.5,0.0,0.0,0.0,0.0,0.0,0.0,0.0,6.010613349638567,0.9992120555803398,0.9992120555803398,0.0,0.0,0.105,-0.05490365924070806
2016.0,304.0,23.0,0.0,0.0,0.0,0.0,0.0,0.0,0.0,6.010613349638567,0.9992120555803398,0.9992120555803398,0.0,0.0,0.105,-0.05490365924070806
2016.0,304.0,23.5,0.0,0.0,0.0,0.0,0.0,0.0,0.0,6.010613349638567,0.9992120555803398,0.9992120555803398,0.0,0.0,0.105,-0.05490365924070806
2016.0,305.0,0.0,0.0,0.0,0.0,0.0,0.0,0.0,0.0,6.010613349638567,0.9992120555803398,0.9992120555803398,0.0,0.0,0.105,-0.05490365924070806
2016.0,305.0,0.5,0.0,0.0,0.0,0.0,0.0,0.0,0.0,6.010613349638567,0.9992120555803398,0.9992120555803398,0.0,0.0,0.105,-0.05490365924070806
2016.0,305.0,1.0,0.0,0.0,0.0,0.0,0.0,0.0,0.0,6.010613349638567,0.9992120555803398,0.9992120555803398,0.0,0.0,0.105,-0.05490365924070806
2016.0,305.0,1.5,0.0,0.0,0.0,0.0,0.0,0.0,0.0,6.010613349638567,0.9992120555803398,0.9992120555803398,0.0,0.0,0.105,-0.05490365924070806
2016.0,305.0,2.0,0.0,0.0,0.0,0.0,0.0,0.0,0.0,6.010613349638567,0.9992120555803398,0.9992120555803398,0.0,0.0,0.105,-0.05490365924070806
2016.0,305.0,2.5,0.0,0.0,0.0,0.0,0.0,0.0,0.0,6.010613349638567,0.9992120555803398,0.9992120555803398,0.0,0.0,0.105,-0.05490365924070806
2016.0,305.0,3.0,0.0,0.0,0.0,0.0,0.0,0.0,0.0,6.010613349638567,0.9992120555803398,0.9992120555803398,0.0,0.0,0.105,-0.05490365924070806
2016.0,305.0,3.5,0.0,0.0,0.0,0.0,0.0,0.0,0.0,6.010613349638567,0.9992120555803398,0.9992120555803398,0.0,0.0,0.105,-0.05490365924070806
2016.0,305.0,4.0,0.0,0.0,0.0,0.0,0.0,0.0,0.0,6.010613349638567,0.9992120555803398,0.9992120555803398,0.0,0.0,0.105,-0.05490365924070806
2016.0,305.0,4.5,0.0,0.0,0.0,0.0,0.0,0.0,0.0,6.010613349638567,0.9992120555803398,0.9992120555803398,0.0,0.0,0.105,-0.05490365924070806
2016,305,5.0,-3.0770098956385787,0.5664528491331019,6.576190835944242,2.0155548625471747e-07,-0.09276418603188022,19.405521033326437,False,6.010598806365899,0.9999662739866642,0.9999662739866642,0.0,0.0,0.105,-0.05490365924070806
2016,305,5.5,-1.0129312977439309,0.8634306939959864,21.552307558137585,0.008156177518075621,-0.09276418603188022,18.117817706196604,False,6.010598806365899,0.9999662739866642,0.9999662739866642,0.0,0.0,0.105,-0.05490365924070806
2016,305,6.0,6.256269080775496,1.7485234868969244,35.50113257095756,0.16277278607279783,-0.134218733718229,19.412449633004847,False,6.010589403204062,0.999912299918301,0.999912299918301,0.0,0.04572374443957685,0.104,-0.05853416765766311
2016,305,6.5,12.445181329142493,2.644117068732067,34.946019959373345,0.14089233473975676,-0.17206101674851196,20.587469380075724,False,6.010589403204062,0.9998332577789228,0.9998332577789228,0.0,0.10683950826401487,0.104,-0.05853416765766311
2016,305,7.0,12.94337005071548,4.743739903374809,38.66786980418378,0.38958208078417805,-0.2855878658393608,20.0742757345705,False,6.010589403204062,0.9993816344118569,0.9993816344118569,0.0,0.09543638344366431,0.104,-0.05853416765766311
2016,305,7.5,15.466156465987662,6.212779722106668,39.013928628051545,0.35861525216386003,-0.3234301488696438,20.725703722977325,False,6.010589403204062,0.9991468996748174,0.9991468996748174,0.0,0.11607585353332159,0.104,-0.05853416765766311
2016,305,8.0,20.74155998447673,6.336422279598063,36.199172787502214,0.3349570003723832,-0.3612724318999267,21.546641236876923,False,6.010589403204062,0.9988643164376025,0.9988643164376025,0.0,0.16998693867457576,0.104,-0.05853416765766311
2016,305,8.5,28.004546308615986,8.047564880549766,35.41290843884824,0.3140963655813222,-0.4369569979604926,22.703767711661676,False,6.010589403204062,0.998143049243504,0.998143049243504,0.0,0.28598541614426193,0.104,-0.05853416765766311
2016,305,9.0,30.004293220561742,7.849071925320621,34.90630306208029,0.23896046268736917,-0.3991147149302096,23.323847277408284,False,6.010589403204062,0.9985307087549957,0.9985307087549957,0.0,0.3306125080157569,0.104,-0.05853416765766311
2016,305,9.5,28.99312386022492,9.486914529377529,35.35885705290783,0.38851106340316305,-0.47661153428684255,26.05583260396991,False,6.0105840441986365,0.9976756733974097,0.9976756733974097,0.0,0.34344859715993664,0.1035,-0.06045245705084043
2016,305,10.0,23.619894944489324,7.591729796451227,36.033521743101836,0.17534605285303917,-0.4028471126524263,26.562725274418938,False,6.010578189546766,0.998494924537477,0.998494924537477,0.0,0.24642567238940044,0.103,-0.0624433631667216
2016,305,10.5,28.30544349057425,8.238052062731123,34.96665465249804,0.1874114950525157,-0.44066975148417126,26.727239633873346,False,6.010578189546766,0.9981019936602032,0.9981019936602032,0.0,0.3284137068334856,0.103,-0.0624433631667216
2016,305,11.0,19.609779573862312,7.772234979649885,37.64202866684893,0.18048954862257294,-0.4028471126524263,27.173946781153454,False,6.010578189546766,0.998494924537477,0.998494924537477,0.0,0.19991062513287855,0.103,-0.0624433631667216
2016,305,11.5,10.455753048454111,7.490122224412131,39.30468153738772,0.26044105366652365,-0.4028471126524263,27.23629695009641,False,6.010578189546766,0.998494924537477,0.998494924537477,0.0,0.1247894982253279,0.103,-0.0624433631667216
2016,305,12.0,15.546074904748844,7.812880480714321,38.98623570994617,0.188618711075119,-0.40686890598957987,27.777606234464056,False,6.010564793914822,0.9984557738333506,0.9984557738333506,0.0,0.15786632691607863,0.102,-0.06665566250405618
2016,305,12.5,-0.9170928441071813,9.072022648299265,24.308794465009786,0.23683469506397903,-0.4824718489863629,27.2668155265375,False,6.010564793914822,0.9976011036504203,0.9976011036504203,0.0,0.017857268308357013,0.102,-0.06665566250405618
2016,305,13.0,6.908764604371461,7.235949659642853,27.706011266268106,0.15530474089946444,-0.40686890598957987,28.355081432632236,False,6.010564793914822,0.9984557738333506,0.9984557738333506,0.0,0.10093833530110574,0.102,-0.06665566250405618
2016,305,13.5,5.0500713960029024,6.898106905627294,25.910030230036273,0.14112001521705636,-0.36906743449118834,27.76392688383654,False,6.010564793914822,0.9987998720024465,0.9987998720024465,0.0,0.07442648722965467,0.102,-0.06665566250405618
2016,305,14.0,7.074254317109398,9.433470740879637,28.530237542486265,0.22529870526277318,-0.4845767835785378,27.34826832340418,False,6.010557140102328,0.9975739669787113,0.9975739669787113,0.0,0.08559175350705545,0.1015,-0.06888375816279445
2016,305,14.5,22.72588209276772,9.65590198773512,37.181746431250914,0.30672917132908595,-0.5245416466498215,27.131617154796803,False,6.01054876381481,0.9970227452398882,0.9970227452398882,0.0,0.2311662414897653,0.101,-0.07119789195244307
2016.0,305.0,15.0,0.0,0.0,0.0,0.0,0.0,0.0,0.0,6.01054876381481,0.9970227452398882,0.9970227452398882,0.0,0.1475614984270022,0.101,-0.07119789195244307
2016.0,305.0,15.5,0.0,0.0,0.0,0.0,0.0,0.0,0.0,6.01054876381481,0.9970227452398882,0.9970227452398882,0.0,0.0,0.101,-0.07119789195244307
2016,305,16.0,-1.598503856799265,2.7590127295217504,22.968421044206753,0.08205006592426681,-0.1845338306267877,21.55558180898421,False,6.01054876381481,0.9998001667511797,0.9998001667511797,0.0,0.0,0.101,-0.07119789195244307
2016,305,16.5,-1.8839818607580492,3.5548445972492004,23.469493911639823,0.12355582295713474,-0.22231247685156919,20.8688297529026,False,6.01054876381481,0.9996764798857085,0.9996764798857085,0.0,0.0,0.101,-0.07119789195244307
2016,305,17.0,-2.3398960133011086,2.6955122834812597,23.09664294566391,0.08887534871868558,-0.18690153541099244,19.742731137377053,False,6.010539592761296,0.9997934665376974,0.9997934665376974,0.0,0.0,0.1005,-0.07360183711599791
2016,305,17.5,-2.379347725395173,2.2700586347255087,23.086066440431747,0.0731437945787248,-0.18936159664363322,18.625348357607315,False,6.01052954700364,0.9997863608690861,0.9997863608690861,0.0,0.0,0.1,-0.07609955234709746
2016.0,305.0,18.0,0.0,0.0,0.0,0.0,0.0,0.0,0.0,6.01052954700364,0.9997863608690861,0.9997863608690861,0.0,0.0,0.1,-0.07609955234709746
2016.0,305.0,18.5,0.0,0.0,0.0,0.0,0.0,0.0,0.0,6.01052954700364,0.9997863608690861,0.9997863608690861,0.0,0.0,0.1,-0.07609955234709746
2016.0,305.0,19.0,0.0,0.0,0.0,0.0,0.0,0.0,0.0,6.01052954700364,0.9997863608690861,0.9997863608690861,0.0,0.0,0.1,-0.07609955234709746
2016.0,305.0,19.5,0.0,0.0,0.0,0.0,0.0,0.0,0.0,6.01052954700364,0.9997863608690861,0.9997863608690861,0.0,0.0,0.1,-0.07609955234709746
2016.0,305.0,20.0,0.0,0.0,0.0,0.0,0.0,0.0,0.0,6.01052954700364,0.9997863608690861,0.9997863608690861,0.0,0.0,0.1,-0.07609955234709746
2016.0,305.0,20.5,0.0,0.0,0.0,0.0,0.0,0.0,0.0,6.01052954700364,0.9997863608690861,0.9997863608690861,0.0,0.0,0.1,-0.07609955234709746
2016.0,305.0,21.0,0.0,0.0,0.0,0.0,0.0,0.0,0.0,6.01052954700364,0.9997863608690861,0.9997863608690861,0.0,0.0,0.1,-0.07609955234709746
2016.0,305.0,21.5,0.0,0.0,0.0,0.0,0.0,0.0,0.0,6.01052954700364,0.9997863608690861,0.9997863608690861,0.0,0.0,0.1,-0.07609955234709746
2016.0,305.0,22.0,0.0,0.0,0.0,0.0,0.0,0.0,0.0,6.01052954700364,0.9997863608690861,0.9997863608690861,0.0,0.0,0.1,-0.07609955234709746
2016.0,305.0,22.5,0.0,0.0,0.0,0.0,0.0,0.0,0.0,6.01052954700364,0.9997863608690861,0.9997863608690861,0.0,0.0,0.1,-0.07609955234709746
2016.0,305.0,23.0,0.0,0.0,0.0,0.0,0.0,0.0,0.0,6.01052954700364,0.9997863608690861,0.9997863608690861,0.0,0.0,0.1,-0.07609955234709746
2016.0,305.0,23.5,0.0,0.0,0.0,0.0,0.0,0.0,0.0,6.01052954700364,0.9997863608690861,0.9997863608690861,0.0,0.0,0.1,-0.07609955234709746
2016.0,306.0,0.0,0.0,0.0,0.0,0.0,0.0,0.0,0.0,6.01052954700364,0.9997863608690861,0.9997863608690861,0.0,0.0,0.1,-0.07609955234709746
2016.0,306.0,0.5,0.0,0.0,0.0,0.0,0.0,0.0,0.0,6.01052954700364,0.9997863608690861,0.9997863608690861,0.0,0.0,0.099,-0.08139311628306982
2016.0,306.0,1.0,0.0,0.0,0.0,0.0,0.0,0.0,0.0,6.01052954700364,0.9997863608690861,0.9997863608690861,0.0,0.0,0.099,-0.08139311628306982
2016.0,306.0,1.5,0.0,0.0,0.0,0.0,0.0,0.0,0.0,6.01052954700364,0.9997863608690861,0.9997863608690861,0.0,0.0,0.099,-0.08139311628306982
2016.0,306.0,2.0,0.0,0.0,0.0,0.0,0.0,0.0,0.0,6.01052954700364,0.9997863608690861,0.9997863608690861,0.0,0.0,0.099,-0.08139311628306982
2016.0,306.0,2.5,0.0,0.0,0.0,0.0,0.0,0.0,0.0,6.01052954700364,0.9997863608690861,0.9997863608690861,0.0,0.0,0.099,-0.08139311628306982
2016.0,306.0,3.0,0.0,0.0,0.0,0.0,0.0,0.0,0.0,6.01052954700364,0.9997863608690861,0.9997863608690861,0.0,0.0,0.099,-0.08139311628306982
2016.0,306.0,3.5,0.0,0.0,0.0,0.0,0.0,0.0,0.0,6.01052954700364,0.9997863608690861,0.9997863608690861,0.0,0.0,0.099,-0.08139311628306982
2016.0,306.0,4.0,0.0,0.0,0.0,0.0,0.0,0.0,0.0,6.01052954700364,0.9997863608690861,0.9997863608690861,0.0,0.0,0.099,-0.08139311628306982
2016.0,306.0,4.5,0.0,0.0,0.0,0.0,0.0,0.0,0.0,6.01052954700364,0.9997863608690861,0.9997863608690861,0.0,0.0,0.099,-0.08139311628306982
2016,306,5.0,-0.3418995408551349,0.12836344972739924,41.57496271053725,5.967782368290197e-05,-0.08139311628306982,6.564316198223345,False,6.010506468168368,0.999975954046969,0.999975954046969,0.0,0.0,0.099,-0.08139311628306982
2016,306,5.5,1.2809828900627966,0.23915903341284175,35.37618077760241,0.07206169917844155,-0.08139311628306982,6.7139269448064764,False,6.010506468168368,0.999975954046969,0.999975954046969,0.0,0.0,0.099,-0.08139311628306982
2016,306,6.0,8.508565561862246,0.9679641127982338,38.114969865299145,0.2615545408763975,-0.11912053022478289,9.32963531777475,False,6.010506468168368,0.9999355938157335,0.9999355938157335,0.0,0.030290139942839862,0.099,-0.08139311628306982
2016,306,6.5,15.94527273677394,2.913410847622906,40.561688078889986,1.1394358083813203,-0.19457535810820903,11.099671204411564,False,6.010506468168368,0.9997708108681186,0.9997708108681186,0.0,0.08206053774293201,0.099,-0.08139311628306982
2016,306,7.0,14.959665779766524,3.2665331792262515,39.35414723455085,0.41047507154368523,-0.23230277204992206,12.989980079777228,False,6.010506468168368,0.9996375226023864,0.9996375226023864,0.0,0.06710352942712684,0.099,-0.08139311628306982
2016,306,7.5,11.564300893293934,2.974068789473603,33.36226527000754,0.42212213467393783,-0.23230277204992206,13.182339045768535,False,6.010506468168368,0.9996375226023864,0.9996375226023864,0.0,0.04719939496656815,0.099,-0.08139311628306982
2016,306,8.0,17.009716403002955,3.8993477470385067,38.61611570922617,0.3622389519291999,-0.27003018599163514,15.63138421603321,False,6.010506468168368,0.9994650326397176,0.9994650326397176,0.0,0.08641829605800266,0.099,-0.08139311628306982
2016,306,8.5,23.6661145728743,5.323599579671106,37.417223453854454,0.2781560304799303,-0.3077575999333482,18.37941415327691,False,6.010506468168368,0.9992497336326375,0.9992497336326375,0.0,0.1467737789963628,0.099,-0.08139311628306982
2016,306,9.0,29.510957707623497,6.6190844324412135,36.05051234417171,0.41473513293677405,-0.3859044599143781,19.75955760668637,False,6.010493228787108,0.9986531561388565,0.9986531561388565,0.0,0.21663359674335467,0.0985,-0.08419790365177743
2016,306,9.5,29.108022883115368,7.064270382695999,35.77691299217919,0.3789879702767492,-0.3887036735294541,21.111196148043113,False,6.010478699836343,0.9986277537113677,0.9986277537113677,0.0,0.21963331247162501,0.098,-0.08711436181617598
2016,306,10.0,28.306454220919278,7.224085312903435,36.5536317486679,0.2402960655712549,-0.4264023374936139,22.126622638734204,False,6.010478699836343,0.9982567768562718,0.9982567768562718,0.0,0.21584829310106568,0.098,-0.08711436181617598
2016,306,10.5,26.78609272284703,7.144848186762288,36.106242695607676,0.1975015243309437,-0.4264023374936139,24.13999961794648,False,6.010478699836343,0.9982567768562718,0.9982567768562718,0.0,0.22048276639545225,0.098,-0.08711436181617598
2016,306,11.0,17.40720671650582,6.959485736382387,38.472286956379385,0.1837675721295498,-0.3887036735294541,24.73462645336084,False,6.010478699836343,0.9986277537113677,0.9986277537113677,0.0,0.1319096406474747,0.098,-0.08711436181617598
2016,306,11.5,10.514575149478677,7.489577020087259,39.7315643174184,0.19555545096079113,-0.4292983377534065,25.685070546722876,False,6.010462748146665,0.9982260096837957,0.9982260096837957,0.0,0.09300426235320877,0.0975,-0.09014754103564299
2016,306,12.0,7.989126024687575,4.961303804602623,31.034902320059558,0.11920337382803833,-0.31930814686285514,26.298057045892083,False,6.010445226008024,0.9991747319662324,0.9991747319662324,0.0,0.08129208975583783,0.097,-0.09330274757307958
2016,306,12.5,0.251708906301618,4.388536489867532,23.484383174645522,0.08908357430039016,-0.2816405803145592,28.016801179101243,False,6.010445226008024,0.9994034970134751,0.9994034970134751,0.0,0.029149669173910174,0.097,-0.09330274757307958
2016,306,13.0,6.332502988966231,5.0309680416243525,25.94344103957963,0.09699797938282322,-0.31930814686285514,28.342810008635283,False,6.010445226008024,0.9991747319662324,0.9991747319662324,0.0,0.0853525395356244,0.097,-0.09330274757307958
2016,306,13.5,1.5211258832725618,6.366029594032079,24.17076423819615,0.12971146423189653,-0.39464327995944704,27.844897018837397,False,6.010445226008024,0.998572886279171,0.998572886279171,0.0,0.035916326870012616,0.097,-0.09330274757307958
2016,306,14.0,6.3998247459515545,6.548111559507701,26.776432020458483,0.13599755115174275,-0.4010730572508162,27.15005452799423,False,6.01040479658948,0.9985119989837404,0.9985119989837404,0.0,0.06859752978373634,0.096,-0.10000183490806634
2016,306,14.5,20.349703819175147,7.85082451894374,36.072150904771206,0.16354759459897839,-0.43870696004365994,27.640642571371934,False,6.01040479658948,0.9981237666546723,0.9981237666546723,0.0,0.18111970512626072,0.096,-0.10000183490806634
2016,306,15.0,15.613016909465527,5.65208342265166,35.605136734006365,0.10764644858003652,-0.3634391544579725,27.26870332294832,False,6.01040479658948,0.9988466217299605,0.9988466217299605,0.0,0.13220580825909348,0.096,-0.10000183490806634
2016.0,306.0,15.5,0.0,0.0,0.0,0.0,0.0,0.0,0.0,6.01040479658948,0.9988466217299605,0.9988466217299605,0.0,0.0,0.096,-0.10000183490806634
2016.0,306.0,16.0,0.0,0.0,0.0,0.0,0.0,0.0,0.0,6.01040479658948,0.9988466217299605,0.9988466217299605,0.0,0.0,0.096,-0.10000183490806634
2016.0,306.0,16.5,0.0,0.0,0.0,0.0,0.0,0.0,0.0,6.01040479658948,0.9988466217299605,0.9988466217299605,0.0,0.0,0.0955,-0.10355774227718577
2016.0,306.0,17.0,0.0,0.0,0.0,0.0,0.0,0.0,0.0,6.01040479658948,0.9988466217299605,0.9988466217299605,0.0,0.0,0.095,-0.10725976358096488
2016,306,17.5,-2.5759895606563656,2.956860767988201,23.02992053459303,0.08203453260707258,-0.2576494867388142,19.502872572554466,False,6.010355870165757,0.9995261850448914,0.9995261850448914,0.0,0.0,0.095,-0.10725976358096488
2016.0,306.0,18.0,0.0,0.0,0.0,0.0,0.0,0.0,0.0,6.010355870165757,0.9995261850448914,0.9995261850448914,0.0,0.0,0.095,-0.10725976358096488
2016.0,306.0,18.5,0.0,0.0,0.0,0.0,0.0,0.0,0.0,6.010355870165757,0.9995261850448914,0.9995261850448914,0.0,0.0,0.095,-0.10725976358096488
2016.0,306.0,19.0,0.0,0.0,0.0,0.0,0.0,0.0,0.0,6.010355870165757,0.9995261850448914,0.9995261850448914,0.0,0.0,0.095,-0.10725976358096488
2016.0,306.0,19.5,0.0,0.0,0.0,0.0,0.0,0.0,0.0,6.010355870165757,0.9995261850448914,0.9995261850448914,0.0,0.0,0.095,-0.10725976358096488
2016.0,306.0,20.0,0.0,0.0,0.0,0.0,0.0,0.0,0.0,6.010355870165757,0.9995261850448914,0.9995261850448914,0.0,0.0,0.095,-0.10725976358096488
2016.0,306.0,20.5,0.0,0.0,0.0,0.0,0.0,0.0,0.0,6.010355870165757,0.9995261850448914,0.9995261850448914,0.0,0.0,0.095,-0.10725976358096488
2016.0,306.0,21.0,0.0,0.0,0.0,0.0,0.0,0.0,0.0,6.010355870165757,0.9995261850448914,0.9995261850448914,0.0,0.0,0.095,-0.10725976358096488
2016.0,306.0,21.5,0.0,0.0,0.0,0.0,0.0,0.0,0.0,6.010355870165757,0.9995261850448914,0.9995261850448914,0.0,0.0,0.095,-0.10725976358096488
2016.0,306.0,22.0,0.0,0.0,0.0,0.0,0.0,0.0,0.0,6.010355870165757,0.9995261850448914,0.9995261850448914,0.0,0.0,0.095,-0.10725976358096488
2016.0,306.0,22.5,0.0,0.0,0.0,0.0,0.0,0.0,0.0,6.010355870165757,0.9995261850448914,0.9995261850448914,0.0,0.0,0.095,-0.10725976358096488
2016.0,306.0,23.0,0.0,0.0,0.0,0.0,0.0,0.0,0.0,6.010355870165757,0.9995261850448914,0.9995261850448914,0.0,0.0,0.095,-0.10725976358096488
2016.0,306.0,23.5,0.0,0.0,0.0,0.0,0.0,0.0,0.0,6.010355870165757,0.9995261850448914,0.9995261850448914,0.0,0.0,0.095,-0.10725976358096488
2016.0,307.0,0.0,0.0,0.0,0.0,0.0,0.0,0.0,0.0,6.010355870165757,0.9995261850448914,0.9995261850448914,0.0,0.0,0.095,-0.10725976358096488
2016.0,307.0,0.5,0.0,0.0,0.0,0.0,0.0,0.0,0.0,6.010355870165757,0.9995261850448914,0.9995261850448914,0.0,0.0,0.094,-0.11512978840235837
2016.0,307.0,1.0,0.0,0.0,0.0,0.0,0.0,0.0,0.0,6.010355870165757,0.9995261850448914,0.9995261850448914,0.0,0.0,0.094,-0.11512978840235837
2016.0,307.0,1.5,0.0,0.0,0.0,0.0,0.0,0.0,0.0,6.010355870165757,0.9995261850448914,0.9995261850448914,0.0,0.0,0.094,-0.11512978840235837
2016.0,307.0,2.0,0.0,0.0,0.0,0.0,0.0,0.0,0.0,6.010355870165757,0.9995261850448914,0.9995261850448914,0.0,0.0,0.094,-0.11512978840235837
2016.0,307.0,2.5,0.0,0.0,0.0,0.0,0.0,0.0,0.0,6.010355870165757,0.9995261850448914,0.9995261850448914,0.0,0.0,0.094,-0.11512978840235837
2016.0,307.0,3.0,0.0,0.0,0.0,0.0,0.0,0.0,0.0,6.010355870165757,0.9995261850448914,0.9995261850448914,0.0,0.0,0.094,-0.11512978840235837
2016.0,307.0,3.5,0.0,0.0,0.0,0.0,0.0,0.0,0.0,6.010355870165757,0.9995261850448914,0.9995261850448914,0.0,0.0,0.094,-0.11512978840235837
2016.0,307.0,4.0,0.0,0.0,0.0,0.0,0.0,0.0,0.0,6.010355870165757,0.9995261850448914,0.9995261850448914,0.0,0.0,0.094,-0.11512978840235837
2016.0,307.0,4.5,0.0,0.0,0.0,0.0,0.0,0.0,0.0,6.010355870165757,0.9995261850448914,0.9995261850448914,0.0,0.0,0.094,-0.11512978840235837
2016,307,5.0,-0.431542112095615,0.6969659974469129,28.28958061651449,0.3362722727159163,-0.1526876713283966,6.394572563522181,False,6.010296541963572,0.9998775825830852,0.9998775825830852,0.0,0.0,0.094,-0.11512978840235837
2016,307,5.5,1.557605010921529,0.9460571007576855,42.029644556803945,0.4494481849156636,-0.1526876713283966,7.189291358084585,False,6.010296541963572,0.9998775825830852,0.9998775825830852,0.0,0.0,0.094,-0.11512978840235837
2016,307,6.0,9.607348983425,2.004286201334928,41.28789027927792,1.0223717078455585,-0.19024555425443485,10.525835295438931,False,6.010296541963572,0.9997837715569168,0.9997837715569168,0.0,0.033853453861166186,0.094,-0.11512978840235837
2016,307,6.5,15.608730265770317,3.793864994878814,41.69483539123928,2.628593147429288,-0.3029192030325496,11.906098340206327,False,6.010296541963572,0.9992798581724083,0.9992798581724083,0.0,0.06843688372181743,0.094,-0.11512978840235837
2016,307,7.0,20.623831902934256,4.228279449547484,38.850885205536414,0.691301189610942,-0.3029192030325496,14.948374985536443,False,6.010296541963572,0.9992798581724083,0.9992798581724083,0.0,0.11194769591624061,0.094,-0.11512978840235837
2016,307,7.5,18.771689026464845,4.438805597684506,38.98126124770853,0.4606732248808371,-0.3029192030325496,16.197191721643094,False,6.010296541963572,0.9992798581724083,0.9992798581724083,0.0,0.09108790145214751,0.094,-0.11512978840235837
2016,307,8.0,24.314697018473822,5.320513666576554,36.124993802893925,0.37900459958337723,-0.34047708595858783,18.70721005586863,False,6.010296541963572,0.999025719591243,0.999025719591243,0.0,0.14381418551093778,0.094,-0.11512978840235837
2016,307,8.5,27.590469336897527,6.579085408267406,35.47856919960186,0.3841486689490172,-0.41559285181066435,20.487496315374482,False,6.010296541963572,0.9983687223542185,0.9983687223542185,0.0,0.18527453440564953,0.094,-0.11512978840235837
2016,307,9.0,30.48975054098062,6.573973220373673,33.21258314402935,0.30419368460565344,-0.41559285181066435,22.125532092847852,False,6.010296541963572,0.9983687223542185,0.9983687223542185,0.0,0.25037330668498337,0.094,-0.11512978840235837
2016,307,9.5,28.3700170964078,5.7976620377132395,32.71446745955305,0.1372415024286716,-0.3862756253057053,24.155395766948228,False,6.010224452953473,0.9986498045810217,0.9986498045810217,0.0,0.2423418348416827,0.093,-0.12367088542212278
2016,307,10.0,24.922227015657135,5.404987582230379,33.34144662002116,0.11892154630278733,-0.3862756253057053,24.300881975203353,False,6.010224452953473,0.9986498045810217,0.9986498045810217,0.0,0.1816445116462289,0.093,-0.12367088542212278
2016,307,10.5,24.988164463569035,5.0826506862394325,29.698093958745268,0.15353630311735478,-0.34876066246519355,24.815735238862615,False,6.010224452953473,0.9989632402991888,0.9989632402991888,0.0,0.19840964704820438,0.093,-0.12367088542212278
2016,307,11.0,15.081720332843995,4.9258029257231275,28.30412621194339,0.08849278102238957,-0.34876066246519355,25.9563036787203,False,6.010224452953473,0.9989632402991888,0.9989632402991888,0.0,0.09688189040006176,0.093,-0.12367088542212278
2016,307,11.5,6.626885541016897,5.052228217435784,27.453393624028877,0.09925075573770781,-0.35316606875035783,26.578374162622687,False,6.01018273404007,0.9989290384336348,0.9989290384336348,0.0,0.060746828136978084,0.0925,-0.1282132473430953
2016,307,12.0,7.013813741394008,5.597888836309205,27.718673290014724,0.10371569614729925,-0.39522683138197207,27.37844339985857,False,6.010136674873935,0.9985674244902343,0.9985674244902343,0.0,0.06871949250709701,0.092,-0.13294843755325347
2016,307,12.5,1.4220141568223283,7.551528418793097,24.722533843040512,0.13767931443679024,-0.4701635153330345,27.107343586067227,False,6.010136674873935,0.9977560629759842,0.9977560629759842,0.0,0.02278275124429861,0.092,-0.13294843755325347
2016,307,13.0,8.854461965018976,7.660471445878822,31.426757557105425,0.13198391652190525,-0.4701635153330345,27.54076145373602,False,6.010136674873935,0.9977560629759842,0.9977560629759842,0.0,0.07665580062819145,0.092,-0.13294843755325347
2016,307,13.5,0.6439128980911564,8.18417281986795,24.27456857156612,0.14573007869531193,-0.5076318573085657,26.920512611003566,False,6.010136674873935,0.9972644031112725,0.9972644031112725,0.0,0.014111721202788283,0.092,-0.13294843755325347
2016,307,14.0,5.584458900724961,9.232518539914247,26.586658889657798,0.16484662186295118,-0.5497646018972185,27.24459414708531,False,6.010085796588534,0.9966387577842866,0.9966387577842866,0.0,0.04944218391977674,0.0915,-0.137885757340547
2016,307,14.5,20.428837208699946,7.839430384583037,32.87247896738401,0.19677409359869363,-0.5172115678230937,27.32734842068863,False,6.010029564437902,0.9971290357770821,0.9971290357770821,0.0,0.16096554072078803,0.091,-0.14303501105796806
2016,307,15.0,13.698156834357249,5.96699219618885,35.830507682110884,0.09495960629447076,-0.40495860079355606,27.004035938410205,False,6.010029564437902,0.9984744467361492,0.9984744467361492,0.0,0.09335554455040491,0.091,-0.14303501105796806
2016.0,307.0,15.5,0.0,0.0,0.0,0.0,0.0,0.0,0.0,6.010029564437902,0.9984744467361492,0.9984744467361492,0.0,0.0,0.091,-0.14303501105796806
2016.0,307.0,16.0,0.0,0.0,0.0,0.0,0.0,0.0,0.0,6.010029564437902,0.9984744467361492,0.9984744467361492,0.0,0.0,0.091,-0.14303501105796806
2016.0,307.0,16.5,0.0,0.0,0.0,0.0,0.0,0.0,0.0,6.010029564437902,0.9984744467361492,0.9984744467361492,0.0,0.0,0.091,-0.14303501105796806
2016.0,307.0,17.0,0.0,0.0,0.0,0.0,0.0,0.0,0.0,6.010029564437902,0.9984744467361492,0.9984744467361492,0.0,0.0,0.09,-0.15401123611662587
2016.0,307.0,17.5,0.0,0.0,0.0,0.0,0.0,0.0,0.0,6.010029564437902,0.9984744467361492,0.9984744467361492,0.0,0.0,0.09,-0.15401123611662587
2016.0,307.0,18.0,0.0,0.0,0.0,0.0,0.0,0.0,0.0,6.010029564437902,0.9984744467361492,0.9984744467361492,0.0,0.0,0.09,-0.15401123611662587
2016.0,307.0,18.5,0.0,0.0,0.0,0.0,0.0,0.0,0.0,6.010029564437902,0.9984744467361492,0.9984744467361492,0.0,0.0,0.09,-0.15401123611662587
2016.0,307.0,19.0,0.0,0.0,0.0,0.0,0.0,0.0,0.0,6.010029564437902,0.9984744467361492,0.9984744467361492,0.0,0.0,0.09,-0.15401123611662587
2016.0,307.0,19.5,0.0,0.0,0.0,0.0,0.0,0.0,0.0,6.010029564437902,0.9984744467361492,0.9984744467361492,0.0,0.0,0.09,-0.15401123611662587
2016.0,307.0,20.0,0.0,0.0,0.0,0.0,0.0,0.0,0.0,6.010029564437902,0.9984744467361492,0.9984744467361492,0.0,0.0,0.09,-0.15401123611662587
2016.0,307.0,20.5,0.0,0.0,0.0,0.0,0.0,0.0,0.0,6.010029564437902,0.9984744467361492,0.9984744467361492,0.0,0.0,0.09,-0.15401123611662587
2016.0,307.0,21.0,0.0,0.0,0.0,0.0,0.0,0.0,0.0,6.010029564437902,0.9984744467361492,0.9984744467361492,0.0,0.0,0.09,-0.15401123611662587
2016.0,307.0,21.5,0.0,0.0,0.0,0.0,0.0,0.0,0.0,6.010029564437902,0.9984744467361492,0.9984744467361492,0.0,0.0,0.09,-0.15401123611662587
2016.0,307.0,22.0,0.0,0.0,0.0,0.0,0.0,0.0,0.0,6.010029564437902,0.9984744467361492,0.9984744467361492,0.0,0.0,0.09,-0.15401123611662587
2016.0,307.0,22.5,0.0,0.0,0.0,0.0,0.0,0.0,0.0,6.010029564437902,0.9984744467361492,0.9984744467361492,0.0,0.0,0.09,-0.15401123611662587
2016.0,307.0,23.0,0.0,0.0,0.0,0.0,0.0,0.0,0.0,6.010029564437902,0.9984744467361492,0.9984744467361492,0.0,0.0,0.09,-0.15401123611662587
2016.0,307.0,23.5,0.0,0.0,0.0,0.0,0.0,0.0,0.0,6.010029564437902,0.9984744467361492,0.9984744467361492,0.0,0.0,0.09,-0.15401123611662587
2016.0,308.0,0.0,0.0,0.0,0.0,0.0,0.0,0.0,0.0,6.010029564437902,0.9984744467361492,0.9984744467361492,0.0,0.0,0.09,-0.15401123611662587
2016.0,308.0,0.5,0.0,0.0,0.0,0.0,0.0,0.0,0.0,6.010029564437902,0.9984744467361492,0.9984744467361492,0.0,0.0,0.09,-0.15401123611662587
2016.0,308.0,1.0,0.0,0.0,0.0,0.0,0.0,0.0,0.0,6.010029564437902,0.9984744467361492,0.9984744467361492,0.0,0.0,0.09,-0.15401123611662587
2016.0,308.0,1.5,0.0,0.0,0.0,0.0,0.0,0.0,0.0,6.010029564437902,0.9984744467361492,0.9984744467361492,0.0,0.0,0.09,-0.15401123611662587
2016.0,308.0,2.0,0.0,0.0,0.0,0.0,0.0,0.0,0.0,6.010029564437902,0.9984744467361492,0.9984744467361492,0.0,0.0,0.09,-0.15401123611662587
2016.0,308.0,2.5,0.0,0.0,0.0,0.0,0.0,0.0,0.0,6.010029564437902,0.9984744467361492,0.9984744467361492,0.0,0.0,0.09,-0.15401123611662587
2016.0,308.0,3.0,0.0,0.0,0.0,0.0,0.0,0.0,0.0,6.010029564437902,0.9984744467361492,0.9984744467361492,0.0,0.0,0.09,-0.15401123611662587
2016.0,308.0,3.5,0.0,0.0,0.0,0.0,0.0,0.0,0.0,6.010029564437902,0.9984744467361492,0.9984744467361492,0.0,0.0,0.09,-0.15401123611662587
2016.0,308.0,4.0,0.0,0.0,0.0,0.0,0.0,0.0,0.0,6.010029564437902,0.9984744467361492,0.9984744467361492,0.0,0.0,0.0895,-0.15986061324751152
2016.0,308.0,4.5,0.0,0.0,0.0,0.0,0.0,0.0,0.0,6.010029564437902,0.9984744467361492,0.9984744467361492,0.0,0.0,0.089,-0.16596680679910064
2016,308,5.0,-0.5429752111720889,0.42625981567053,22.647965417830953,0.1092695389395488,-0.20326922732113517,7.293010636315021,False,6.0097380353013525,0.9997433743979696,0.9997433743979696,0.0,0.0,0.089,-0.16596680679910064
2016,308,5.5,1.1930752578225998,1.0463511628576727,42.421106438385806,0.518601776725222,-0.20326922732113517,8.30547514761708,False,6.0097380353013525,0.9997433743979696,0.9997433743979696,0.0,0.0,0.089,-0.16596680679910064
2016,308,6.0,9.360447273598734,1.8122028894935043,41.253538058159535,0.9229597292458014,-0.24057164784316967,10.948211404938576,False,6.0097380353013525,0.999603200783674,0.999603200783674,0.0,0.02928189865328138,0.089,-0.16596680679910064
2016,308,6.5,14.484731820856918,4.377663929333452,42.42830041730889,9.57136819442221,-0.35247890940927323,12.77022322212249,False,6.0097380353013525,0.9989344180815799,0.9989344180815799,0.0,0.05464474562730779,0.089,-0.16596680679910064
2016,308,7.0,20.18508511558068,3.451382723822392,38.607921329994404,0.5949782196008994,-0.3151764888872387,14.788149266200229,False,6.0097380353013525,0.9992020638155252,0.9992020638155252,0.0,0.09283486801973587,0.089,-0.16596680679910064
2016,308,7.5,9.499414646897643,4.820001119914263,40.984606657187975,0.579554125811615,-0.38978132993130776,16.248124606806076,False,6.0097380353013525,0.9986178965447176,0.9986178965447176,0.0,0.03712599017212824,0.089,-0.16596680679910064
2016,308,8.0,25.214783980716604,4.9832033364136405,37.02694224303342,0.45541343109500576,-0.38978132993130776,18.53575362093855,False,6.0097380353013525,0.9986178965447176,0.9986178965447176,0.0,0.13351229000037343,0.089,-0.16596680679910064
2016,308,8.5,26.28200227673684,5.175600065280783,35.295802018438934,0.3306835669311103,-0.38978132993130776,20.421406018884127,False,6.0097380353013525,0.9986178965447176,0.9986178965447176,0.0,0.15118420599449203,0.089,-0.16596680679910064
2016,308,9.0,30.3374656468498,5.696707453578547,33.174858312398584,0.28941728191082083,-0.42708375045334224,22.178880454557106,False,6.0097380353013525,0.9982495671483748,0.9982495671483748,0.0,0.219212456230734,0.089,-0.16596680679910064
2016,308,9.5,30.22097613952122,5.717787295369682,32.75780646648519,0.2601541984600247,-0.42708375045334224,22.750326041158356,False,6.0097380353013525,0.9982495671483748,0.9982495671483748,0.0,0.2135335030394871,0.089,-0.16596680679910064
2016,308,10.0,24.810401769484173,6.103207921539832,36.05382712980702,0.17505500779524527,-0.43966005091892246,23.80881782654366,False,6.009540817674258,0.998113213345596,0.998113213345596,0.0,0.14807900129111407,0.088,-0.1790016182191552
2016,308,10.5,22.625660004688793,5.247593155081185,34.76906138528302,0.12535761917775168,-0.4024231319618129,24.853824804322002,False,6.009540817674258,0.9984990160031918,0.9984990160031918,0.0,0.14092706402137065,0.088,-0.1790016182191552
2016,308,11.0,15.986874261314743,5.272318764322276,29.145576877066745,0.10269093467843803,-0.4024231319618129,25.53638118752847,False,6.009540817674258,0.9984990160031918,0.9984990160031918,0.0,0.089908567403619,0.088,-0.1790016182191552
2016,308,11.5,8.359534516865908,4.984652715229617,31.11553534415097,0.10675380104547946,-0.4024231319618129,27.25913691092144,False,6.009540817674258,0.9984990160031918,0.9984990160031918,0.0,0.07081360257472995,0.088,-0.1790016182191552
2016,308,12.0,3.616364791192776,4.671807160480847,24.362850515018057,0.09117145014926911,-0.4024231319618129,27.542124474609977,False,6.009540817674258,0.9984990160031918,0.9984990160031918,0.0,0.039901991352579734,0.088,-0.1790016182191552
2016,308,12.5,4.205090791172802,6.618382785114699,25.12313543580819,0.11302540212387868,-0.4905505360808148,28.54166474609901,False,6.0092979811929315,0.9974959339393408,0.9974959339393408,0.0,0.047261362399478056,0.087,-0.1932270615424628
2016,308,13.0,4.067186801788628,7.349030534300573,25.340246838675903,0.12839941774353303,-0.5277159703981088,28.10691438568876,False,6.0092979811929315,0.9969759807468702,0.9969759807468702,0.0,0.04190151281096128,0.087,-0.1932270615424628
2016,308,13.5,1.1000988140503036,8.638400442167931,24.591010126285777,0.1696508481174082,-0.6020468390326968,27.034254629182847,False,6.0092979811929315,0.9957501441918948,0.9957501441918948,0.0,0.017220027946497907,0.087,-0.1932270615424628
2016,308,14.5,21.181262038605304,7.9180493407229635,32.828574085970395,0.20482540051457065,-0.5720971408454845,27.92951066794026,False,6.00915604229113,0.9962747254157913,0.9962747254157913,0.0,0.156102870783932,0.0865,-0.20082458265297198
2016,308,15.0,15.094207488446585,5.748917265722716,33.96805251349956,0.08167433273670635,-0.46837889251888964,28.40008802242439,False,6.008998259768314,0.9977780071768693,0.9977780071768693,0.0,0.1054917062246,0.086,-0.2087675009191212
2016.0,308.0,15.5,0.0,0.0,0.0,0.0,0.0,0.0,0.0,6.008998259768314,0.9977780071768693,0.9977780071768693,0.0,0.0,0.086,-0.2087675009191212
2016.0,308.0,16.0,0.0,0.0,0.0,0.0,0.0,0.0,0.0,6.008998259768314,0.9977780071768693,0.9977780071768693,0.0,0.0,0.086,-0.2087675009191212
2016.0,308.0,16.5,0.0,0.0,0.0,0.0,0.0,0.0,0.0,6.008998259768314,0.9977780071768693,0.9977780071768693,0.0,0.0,0.086,-0.2087675009191212
2016.0,308.0,17.0,0.0,0.0,0.0,0.0,0.0,0.0,0.0,6.008998259768314,0.9977780071768693,0.9977780071768693,0.0,0.0,0.086,-0.2087675009191212
2016.0,308.0,17.5,0.0,0.0,0.0,0.0,0.0,0.0,0.0,6.008998259768314,0.9977780071768693,0.9977780071768693,0.0,0.0,0.086,-0.2087675009191212
2016.0,308.0,18.0,0.0,0.0,0.0,0.0,0.0,0.0,0.0,6.008998259768314,0.9977780071768693,0.9977780071768693,0.0,0.0,0.086,-0.2087675009191212
2016.0,308.0,18.5,0.0,0.0,0.0,0.0,0.0,0.0,0.0,6.008998259768314,0.9977780071768693,0.9977780071768693,0.0,0.0,0.086,-0.2087675009191212
2016.0,308.0,19.0,0.0,0.0,0.0,0.0,0.0,0.0,0.0,6.008998259768314,0.9977780071768693,0.9977780071768693,0.0,0.0,0.085,-0.22576196041911914
2016.0,308.0,19.5,0.0,0.0,0.0,0.0,0.0,0.0,0.0,6.008998259768314,0.9977780071768693,0.9977780071768693,0.0,0.0,0.085,-0.22576196041911914
2016.0,308.0,20.0,0.0,0.0,0.0,0.0,0.0,0.0,0.0,6.008998259768314,0.9977780071768693,0.9977780071768693,0.0,0.0,0.085,-0.22576196041911914
2016.0,308.0,20.5,0.0,0.0,0.0,0.0,0.0,0.0,0.0,6.008998259768314,0.9977780071768693,0.9977780071768693,0.0,0.0,0.085,-0.22576196041911914
2016.0,308.0,21.0,0.0,0.0,0.0,0.0,0.0,0.0,0.0,6.008998259768314,0.9977780071768693,0.9977780071768693,0.0,0.0,0.085,-0.22576196041911914
2016.0,308.0,21.5,0.0,0.0,0.0,0.0,0.0,0.0,0.0,6.008998259768314,0.9977780071768693,0.9977780071768693,0.0,0.0,0.085,-0.22576196041911914
2016.0,308.0,22.0,0.0,0.0,0.0,0.0,0.0,0.0,0.0,6.008998259768314,0.9977780071768693,0.9977780071768693,0.0,0.0,0.085,-0.22576196041911914
2016.0,308.0,22.5,0.0,0.0,0.0,0.0,0.0,0.0,0.0,6.008998259768314,0.9977780071768693,0.9977780071768693,0.0,0.0,0.085,-0.22576196041911914
2016.0,308.0,23.0,0.0,0.0,0.0,0.0,0.0,0.0,0.0,6.008998259768314,0.9977780071768693,0.9977780071768693,0.0,0.0,0.085,-0.22576196041911914
2016.0,308.0,23.5,0.0,0.0,0.0,0.0,0.0,0.0,0.0,6.008998259768314,0.9977780071768693,0.9977780071768693,0.0,0.0,0.085,-0.22576196041911914
2016.0,309.0,0.0,0.0,0.0,0.0,0.0,0.0,0.0,0.0,6.008998259768314,0.9977780071768693,0.9977780071768693,0.0,0.0,0.085,-0.22576196041911914
2016.0,309.0,0.5,0.0,0.0,0.0,0.0,0.0,0.0,0.0,6.008998259768314,0.9977780071768693,0.9977780071768693,0.0,0.0,0.085,-0.22576196041911914
2016.0,309.0,1.0,0.0,0.0,0.0,0.0,0.0,0.0,0.0,6.008998259768314,0.9977780071768693,0.9977780071768693,0.0,0.0,0.085,-0.22576196041911914
2016.0,309.0,1.5,0.0,0.0,0.0,0.0,0.0,0.0,0.0,6.008998259768314,0.9977780071768693,0.9977780071768693,0.0,0.0,0.085,-0.22576196041911914
2016.0,309.0,2.0,0.0,0.0,0.0,0.0,0.0,0.0,0.0,6.008998259768314,0.9977780071768693,0.9977780071768693,0.0,0.0,0.085,-0.22576196041911914
2016.0,309.0,2.5,0.0,0.0,0.0,0.0,0.0,0.0,0.0,6.008998259768314,0.9977780071768693,0.9977780071768693,0.0,0.0,0.085,-0.22576196041911914
2016.0,309.0,3.0,0.0,0.0,0.0,0.0,0.0,0.0,0.0,6.008998259768314,0.9977780071768693,0.9977780071768693,0.0,0.0,0.085,-0.22576196041911914
2016.0,309.0,3.5,0.0,0.0,0.0,0.0,0.0,0.0,0.0,6.008998259768314,0.9977780071768693,0.9977780071768693,0.0,0.0,0.085,-0.22576196041911914
2016.0,309.0,4.0,0.0,0.0,0.0,0.0,0.0,0.0,0.0,6.008998259768314,0.9977780071768693,0.9977780071768693,0.0,0.0,0.085,-0.22576196041911914
2016.0,309.0,4.5,0.0,0.0,0.0,0.0,0.0,0.0,0.0,6.008998259768314,0.9977780071768693,0.9977780071768693,0.0,0.0,0.085,-0.22576196041911914
2016,309,5.0,-1.5476201338056133,0.936332841298284,21.916952559261162,0.13659509029025915,-0.2627639027822591,13.770927041697588,False,6.008627424897719,0.9995014743643458,0.9995014743643458,0.0,0.0,0.085,-0.22576196041911914
2016,309,5.5,-0.2611330735371511,0.8902767287128133,26.527123622523803,0.13039664785232807,-0.2627639027822591,14.256926887384804,False,6.008627424897719,0.9995014743643458,0.9995014743643458,0.0,0.0,0.085,-0.22576196041911914
2016,309,6.0,7.788110649461169,1.1099207326471765,36.325607324046814,0.20155776106694284,-0.2627639027822591,16.848360159868452,False,6.008627424897719,0.9995014743643458,0.9995014743643458,0.0,0.02899437444606318,0.085,-0.22576196041911914
2016,309,6.5,11.960612024615328,4.3120166055136835,42.01727212585306,2.0668979382391686,-0.4107716722348189,18.59225969776962,False,6.008627424897719,0.9984171915378194,0.9984171915378194,0.0,0.051044161103167014,0.085,-0.22576196041911914
2016,309,7.0,15.104338317242675,5.200581186146546,41.263426845196264,1.1031873134170758,-0.44777361459795884,20.22738391189466,False,6.008627424897719,0.9980219014367796,0.9980219014367796,0.0,0.06772466820065087,0.085,-0.22576196041911914
2016,309,7.5,12.681802197077904,5.832565838762603,41.41431552499556,0.7027417913891449,-0.48477555696109875,21.383377925642762,False,6.008627424897719,0.9975713947511398,0.9975713947511398,0.0,0.05869918646382647,0.085,-0.22576196041911914
2016,309,8.0,14.783804697949584,6.363087920404848,40.61313117089682,0.5378569559935886,-0.5396336894359447,22.34920910654123,False,6.008167458465718,0.9967964115081644,0.9967964115081644,0.0,0.07103039726707351,0.084,-0.24436605378157714
2016,309,8.5,21.79208700296278,6.2852178516265225,36.24803095776235,0.19032798364270634,-0.5396336894359447,26.112520634731744,False,6.008167458465718,0.9967964115081644,0.9967964115081644,0.0,0.13525769965273016,0.084,-0.24436605378157714
2016,309,9.0,22.673761434727687,4.981301962682139,29.321421288287468,0.1466579362204668,-0.46581678052235276,28.149482881841752,False,6.008167458465718,0.9978092811980305,0.9978092811980305,0.0,0.2070435881696097,0.084,-0.24436605378157714
2016,309,9.5,20.78879312231078,4.8222817015560215,27.425448477837737,0.11165480740466145,-0.46581678052235276,29.521852741346812,False,6.008167458465718,0.9978092811980305,0.9978092811980305,0.0,0.22253303424330234,0.084,-0.24436605378157714
2016,309,10.0,18.42822142340205,4.819059125047276,27.433218815496105,0.09608688618018439,-0.46581678052235276,30.656309816975412,False,6.008167458465718,0.9978092811980305,0.9978092811980305,0.0,0.19025023289145682,0.084,-0.24436605378157714
2016.0,309.0,10.5,0.0,0.0,0.0,0.0,0.0,0.0,0.0,6.008167458465718,0.9978092811980305,0.9978092811980305,0.0,0.17820523185253032,0.0835,-0.2543254163284225
2016.0,309.0,11.0,0.0,0.0,0.0,0.0,0.0,0.0,0.0,6.008167458465718,0.9978092811980305,0.9978092811980305,0.0,0.1344523232523912,0.083,-0.2647541953873816
2016,309,11.5,-0.9543157340218813,4.570834332930743,21.634389169026687,0.032881061411850675,-0.4855902042907963,32.09565508789031,False,6.007595480939315,0.9975608353767677,0.9975608353767677,0.0,0.02745713274602735,0.083,-0.2647541953873816
2016,309,12.0,1.212146445999816,3.926553937738579,20.501963133217217,0.026929136879774468,-0.44878420280689385,32.813966437681046,False,6.007595480939315,0.9980103426473175,0.9980103426473175,0.0,0.05332250999053801,0.083,-0.2647541953873816
2016,309,12.5,1.9342145187293127,3.828268747475159,20.181965258984377,0.02459124310965982,-0.44878420280689385,33.091856393994,False,6.007595480939315,0.9980103426473175,0.9980103426473175,0.0,0.06493521860534503,0.083,-0.2647541953873816
2016,309,13.0,-0.2901838300151214,6.113979295350126,21.881517228115115,0.23054977012380287,-0.5696864286384635,32.79957293118737,False,6.007258674240376,0.9963151255120148,0.9963151255120148,0.0,0.034419332889490166,0.0825,-0.2756775464585471
2016,309,13.5,0.3381766362530403,5.4480705181829885,20.903739204404516,0.032697728877785485,-0.5439773358548081,33.23782854432642,False,6.006882358603227,0.9967293838781599,0.9967293838781599,0.0,0.04462316145127311,0.082,-0.28712213750166166
2016,309,14.0,0.02911931830893444,6.210129455024589,21.218538172018967,0.07077349440695826,-0.5806709356195434,32.735412668634666,False,6.006882358603227,0.9961288533562453,0.9961288533562453,0.0,0.03600216163233855,0.082,-0.28712213750166166
2016.0,309.0,14.5,0.0,0.0,0.0,0.0,0.0,0.0,0.0,6.006882358603227,0.9961288533562453,0.9961288533562453,0.0,0.14122362181224885,0.082,-0.28712213750166166
2016.0,309.0,15.0,0.0,0.0,0.0,0.0,0.0,0.0,0.0,6.006882358603227,0.9961288533562453,0.9961288533562453,0.0,0.08868814444046688,0.082,-0.28712213750166166
2016.0,309.0,15.5,0.0,0.0,0.0,0.0,0.0,0.0,0.0,6.006882358603227,0.9961288533562453,0.9961288533562453,0.0,0.0,0.0815,-0.29911624987965013
2016.0,309.0,16.0,0.0,0.0,0.0,0.0,0.0,0.0,0.0,6.006882358603227,0.9961288533562453,0.9961288533562453,0.0,0.0,0.081,-0.31168988671555264
2016.0,309.0,16.5,0.0,0.0,0.0,0.0,0.0,0.0,0.0,6.006882358603227,0.9961288533562453,0.9961288533562453,0.0,0.0,0.081,-0.31168988671555264
2016.0,309.0,17.0,0.0,0.0,0.0,0.0,0.0,0.0,0.0,6.006882358603227,0.9961288533562453,0.9961288533562453,0.0,0.0,0.081,-0.31168988671555264
2016.0,309.0,17.5,0.0,0.0,0.0,0.0,0.0,0.0,0.0,6.006882358603227,0.9961288533562453,0.9961288533562453,0.0,0.0,0.081,-0.31168988671555264
2016.0,309.0,18.0,0.0,0.0,0.0,0.0,0.0,0.0,0.0,6.006882358603227,0.9961288533562453,0.9961288533562453,0.0,0.0,0.081,-0.31168988671555264
2016.0,309.0,18.5,0.0,0.0,0.0,0.0,0.0,0.0,0.0,6.006882358603227,0.9961288533562453,0.9961288533562453,0.0,0.0,0.081,-0.31168988671555264
2016.0,309.0,19.0,0.0,0.0,0.0,0.0,0.0,0.0,0.0,6.006882358603227,0.9961288533562453,0.9961288533562453,0.0,0.0,0.081,-0.31168988671555264
2016.0,309.0,19.5,0.0,0.0,0.0,0.0,0.0,0.0,0.0,6.006882358603227,0.9961288533562453,0.9961288533562453,0.0,0.0,0.081,-0.31168988671555264
2016.0,309.0,20.0,0.0,0.0,0.0,0.0,0.0,0.0,0.0,6.006882358603227,0.9961288533562453,0.9961288533562453,0.0,0.0,0.081,-0.31168988671555264
2016.0,309.0,20.5,0.0,0.0,0.0,0.0,0.0,0.0,0.0,6.006882358603227,0.9961288533562453,0.9961288533562453,0.0,0.0,0.081,-0.31168988671555264
2016.0,309.0,21.0,0.0,0.0,0.0,0.0,0.0,0.0,0.0,6.006882358603227,0.9961288533562453,0.9961288533562453,0.0,0.0,0.081,-0.31168988671555264
2016.0,309.0,21.5,0.0,0.0,0.0,0.0,0.0,0.0,0.0,6.006882358603227,0.9961288533562453,0.9961288533562453,0.0,0.0,0.081,-0.31168988671555264
2016.0,309.0,22.0,0.0,0.0,0.0,0.0,0.0,0.0,0.0,6.006882358603227,0.9961288533562453,0.9961288533562453,0.0,0.0,0.081,-0.31168988671555264
2016.0,309.0,22.5,0.0,0.0,0.0,0.0,0.0,0.0,0.0,6.006882358603227,0.9961288533562453,0.9961288533562453,0.0,0.0,0.081,-0.31168988671555264
2016.0,309.0,23.0,0.0,0.0,0.0,0.0,0.0,0.0,0.0,6.006882358603227,0.9961288533562453,0.9961288533562453,0.0,0.0,0.081,-0.31168988671555264
2016.0,309.0,23.5,0.0,0.0,0.0,0.0,0.0,0.0,0.0,6.006882358603227,0.9961288533562453,0.9961288533562453,0.0,0.0,0.081,-0.31168988671555264
2016.0,310.0,0.0,0.0,0.0,0.0,0.0,0.0,0.0,0.0,6.006882358603227,0.9961288533562453,0.9961288533562453,0.0,0.0,0.08,-0.3387050618989844
2016.0,310.0,0.5,0.0,0.0,0.0,0.0,0.0,0.0,0.0,6.006882358603227,0.9961288533562453,0.9961288533562453,0.0,0.0,0.08,-0.3387050618989844
2016.0,310.0,1.0,0.0,0.0,0.0,0.0,0.0,0.0,0.0,6.006882358603227,0.9961288533562453,0.9961288533562453,0.0,0.0,0.08,-0.3387050618989844
2016.0,310.0,1.5,0.0,0.0,0.0,0.0,0.0,0.0,0.0,6.006882358603227,0.9961288533562453,0.9961288533562453,0.0,0.0,0.08,-0.3387050618989844
2016.0,310.0,2.0,0.0,0.0,0.0,0.0,0.0,0.0,0.0,6.006882358603227,0.9961288533562453,0.9961288533562453,0.0,0.0,0.08,-0.3387050618989844
2016.0,310.0,2.5,0.0,0.0,0.0,0.0,0.0,0.0,0.0,6.006882358603227,0.9961288533562453,0.9961288533562453,0.0,0.0,0.08,-0.3387050618989844
2016.0,310.0,3.0,0.0,0.0,0.0,0.0,0.0,0.0,0.0,6.006882358603227,0.9961288533562453,0.9961288533562453,0.0,0.0,0.08,-0.3387050618989844
2016.0,310.0,3.5,0.0,0.0,0.0,0.0,0.0,0.0,0.0,6.006882358603227,0.9961288533562453,0.9961288533562453,0.0,0.0,0.08,-0.3387050618989844
2016.0,310.0,4.0,0.0,0.0,0.0,0.0,0.0,0.0,0.0,6.006882358603227,0.9961288533562453,0.9961288533562453,0.0,0.0,0.08,-0.3387050618989844
2016.0,310.0,4.5,0.0,0.0,0.0,0.0,0.0,0.0,0.0,6.006882358603227,0.9961288533562453,0.9961288533562453,0.0,0.0,0.08,-0.3387050618989844
2016.0,310.0,5.0,0.0,0.0,0.0,0.0,0.0,0.0,0.0,6.006882358603227,0.9961288533562453,0.9961288533562453,0.0,0.0,0.08,-0.3387050618989844
2016,310,5.5,-3.072822725654982,0.6965733373010874,16.270525290638567,0.0032675114137551767,-0.3751394509883562,22.327341017107617,False,6.004873425494034,0.998748154481172,0.998748154481172,0.0,0.0,0.08,-0.3387050618989844
2016.0,310.0,6.0,0.0,0.0,0.0,0.0,0.0,0.0,0.0,6.004873425494034,0.998748154481172,0.998748154481172,0.0,0.03252257008749105,0.08,-0.3387050618989844
2016.0,310.0,6.5,0.0,0.0,0.0,0.0,0.0,0.0,0.0,6.004873425494034,0.998748154481172,0.998748154481172,0.0,0.031165976027757315,0.08,-0.3387050618989844
2016.0,310.0,7.0,0.0,0.0,0.0,0.0,0.0,0.0,0.0,6.004873425494034,0.998748154481172,0.998748154481172,0.0,0.09092762100276594,0.08,-0.3387050618989844
2016.0,310.0,7.5,0.0,0.0,0.0,0.0,0.0,0.0,0.0,6.004873425494034,0.998748154481172,0.998748154481172,0.0,0.06886258798354092,0.08,-0.3387050618989844
2016,310,8.0,10.092717203919804,6.233850795040527,38.14318462938482,0.10203614466050502,-0.6587262334384592,27.706725374784437,False,6.003468772688998,0.9946393194681795,0.9946393194681795,0.0,0.05324851009891515,0.079,-0.36844676716639596
2016,310,8.5,19.04144098564262,7.6818434817653,33.25072353302836,0.19751874741073852,-0.731296100006475,27.9512545489118,False,6.003468772688998,0.9929809316998576,0.9929809316998576,0.0,0.10848191044816248,0.079,-0.36844676716639596
2016,310,9.0,24.440832069107444,8.534443782600631,33.09742932736326,0.13872517944453194,-0.7675810332904829,28.30765547812124,False,6.003468772688998,0.9920478667641133,0.9920478667641133,0.0,0.17216740254903612,0.079,-0.36844676716639596
2016,310,9.5,24.451163324696296,8.422206442067809,32.77579897854612,0.12566753026489974,-0.7675810332904829,29.147030542102556,False,6.003468772688998,0.9920478667641133,0.9920478667641133,0.0,0.183100891329611,0.079,-0.36844676716639596
2016,310,10.0,19.787544338141853,7.633316228341461,35.13035217471775,0.11852535721853383,-0.731296100006475,28.48786435288484,False,6.003468772688998,0.9929809316998576,0.9929809316998576,0.0,0.11087250836004664,0.079,-0.36844676716639596
2016,310,10.5,22.120426131059958,7.46588797262346,34.316771594400976,0.11924199701547336,-0.7263118044988913,28.314623529576604,False,6.00169809116957,0.9931036016324198,0.9931036016324198,0.0,0.1283048644939398,0.078,-0.4012300667322298
2016,310,11.0,6.774636149786744,7.095970618238969,27.27528781411872,0.11847538574121508,-0.7263118044988913,28.52728636251856,False,6.00169809116957,0.9931036016324198,0.9931036016324198,0.0,0.04934389389082004,0.078,-0.4012300667322298
2016,310,11.5,4.731810564054542,6.29377536696334,25.711727900768395,0.11296259698575842,-0.6901916114137068,27.91226854641041,False,6.00169809116957,0.9939536117481474,0.9939536117481474,0.0,0.036147886204251745,0.078,-0.4012300667322298
2016,310,12.0,2.2767098041414346,6.209776337084901,24.697834858643848,0.11502836653078338,-0.6901916114137068,27.660783993305316,False,6.00169809116957,0.9939536117481474,0.9939536117481474,0.0,0.022782716170929716,0.078,-0.4012300667322298
2016,310,12.5,15.92405852052542,7.150809815906402,37.036482487137405,0.12142118352301663,-0.7263118044988913,28.295631438815693,False,6.00169809116957,0.9931036016324198,0.9931036016324198,0.0,0.07880363691857357,0.078,-0.4012300667322298
2016,310,13.0,4.686549335217845,7.496835007744808,25.815594162858027,0.132168049078024,-0.7608565712639426,27.88529542207133,False,5.999459507799009,0.9922261459062455,0.9922261459062455,0.0,0.03256746673430352,0.077,-0.4374111645545728
2016,310,13.5,7.074679563011612,8.23665853809232,27.8045166631719,0.1498923635375351,-0.7967949497872058,27.754943823992654,False,5.999459507799009,0.991244601861257,0.991244601861257,0.0,0.04324994642018057,0.077,-0.4374111645545728
2016,310,14.0,17.296623271693726,8.032484740813729,36.743257160070385,0.13632796385397672,-0.7967949497872058,28.371533945023202,False,5.999459507799009,0.991244601861257,0.991244601861257,0.0,0.08703270263956715,0.077,-0.4374111645545728
2016,310,14.5,18.775788404056804,7.137860224011684,35.31665326393471,0.1262751586189633,-0.7608565712639426,28.03823045001645,False,5.999459507799009,0.9922261459062455,0.9922261459062455,0.0,0.09417473068161614,0.077,-0.4374111645545728
2016,310,15.0,11.004319365002386,4.912418231814479,35.888611127735324,0.09757361136852319,-0.671942580440896,27.94628220204544,False,5.998124908755635,0.9943574243978672,0.9943574243978672,0.0,0.049499805179072,0.0765,-0.4568999096561373
2016.0,310.0,15.5,0.0,0.0,0.0,0.0,0.0,0.0,0.0,5.998124908755635,0.9943574243978672,0.9943574243978672,0.0,0.0,0.076,-0.47739341090022597
2016.0,310.0,16.0,0.0,0.0,0.0,0.0,0.0,0.0,0.0,5.998124908755635,0.9943574243978672,0.9943574243978672,0.0,0.0,0.076,-0.47739341090022597
2016.0,310.0,16.5,0.0,0.0,0.0,0.0,0.0,0.0,0.0,5.998124908755635,0.9943574243978672,0.9943574243978672,0.0,0.0,0.076,-0.47739341090022597
2016.0,310.0,17.0,0.0,0.0,0.0,0.0,0.0,0.0,0.0,5.998124908755635,0.9943574243978672,0.9943574243978672,0.0,0.0,0.076,-0.47739341090022597
2016.0,310.0,17.5,0.0,0.0,0.0,0.0,0.0,0.0,0.0,5.998124908755635,0.9943574243978672,0.9943574243978672,0.0,0.0,0.076,-0.47739341090022597
2016.0,310.0,18.0,0.0,0.0,0.0,0.0,0.0,0.0,0.0,5.998124908755635,0.9943574243978672,0.9943574243978672,0.0,0.0,0.076,-0.47739341090022597
2016.0,310.0,18.5,0.0,0.0,0.0,0.0,0.0,0.0,0.0,5.998124908755635,0.9943574243978672,0.9943574243978672,0.0,0.0,0.076,-0.47739341090022597
2016.0,310.0,19.0,0.0,0.0,0.0,0.0,0.0,0.0,0.0,5.998124908755635,0.9943574243978672,0.9943574243978672,0.0,0.0,0.076,-0.47739341090022597
2016.0,310.0,19.5,0.0,0.0,0.0,0.0,0.0,0.0,0.0,5.998124908755635,0.9943574243978672,0.9943574243978672,0.0,0.0,0.076,-0.47739341090022597
2016.0,310.0,20.0,0.0,0.0,0.0,0.0,0.0,0.0,0.0,5.998124908755635,0.9943574243978672,0.9943574243978672,0.0,0.0,0.076,-0.47739341090022597
2016.0,310.0,20.5,0.0,0.0,0.0,0.0,0.0,0.0,0.0,5.998124908755635,0.9943574243978672,0.9943574243978672,0.0,0.0,0.076,-0.47739341090022597
2016.0,310.0,21.0,0.0,0.0,0.0,0.0,0.0,0.0,0.0,5.998124908755635,0.9943574243978672,0.9943574243978672,0.0,0.0,0.076,-0.47739341090022597
2016.0,310.0,21.5,0.0,0.0,0.0,0.0,0.0,0.0,0.0,5.998124908755635,0.9943574243978672,0.9943574243978672,0.0,0.0,0.076,-0.47739341090022597
2016.0,310.0,22.0,0.0,0.0,0.0,0.0,0.0,0.0,0.0,5.998124908755635,0.9943574243978672,0.9943574243978672,0.0,0.0,0.076,-0.47739341090022597
2016.0,310.0,22.5,0.0,0.0,0.0,0.0,0.0,0.0,0.0,5.998124908755635,0.9943574243978672,0.9943574243978672,0.0,0.0,0.076,-0.47739341090022597
2016.0,310.0,23.0,0.0,0.0,0.0,0.0,0.0,0.0,0.0,5.998124908755635,0.9943574243978672,0.9943574243978672,0.0,0.0,0.075,-0.521634281110708
2016.0,310.0,23.5,0.0,0.0,0.0,0.0,0.0,0.0,0.0,5.998124908755635,0.9943574243978672,0.9943574243978672,0.0,0.0,0.075,-0.521634281110708
2016.0,311.0,0.0,0.0,0.0,0.0,0.0,0.0,0.0,0.0,5.998124908755635,0.9943574243978672,0.9943574243978672,0.0,0.0,0.075,-0.521634281110708
2016.0,311.0,0.5,0.0,0.0,0.0,0.0,0.0,0.0,0.0,5.998124908755635,0.9943574243978672,0.9943574243978672,0.0,0.0,0.075,-0.521634281110708
2016.0,311.0,1.0,0.0,0.0,0.0,0.0,0.0,0.0,0.0,5.998124908755635,0.9943574243978672,0.9943574243978672,0.0,0.0,0.075,-0.521634281110708
2016.0,311.0,1.5,0.0,0.0,0.0,0.0,0.0,0.0,0.0,5.998124908755635,0.9943574243978672,0.9943574243978672,0.0,0.0,0.075,-0.521634281110708
2016.0,311.0,2.0,0.0,0.0,0.0,0.0,0.0,0.0,0.0,5.998124908755635,0.9943574243978672,0.9943574243978672,0.0,0.0,0.075,-0.521634281110708
2016.0,311.0,2.5,0.0,0.0,0.0,0.0,0.0,0.0,0.0,5.998124908755635,0.9943574243978672,0.9943574243978672,0.0,0.0,0.075,-0.521634281110708
2016.0,311.0,3.0,0.0,0.0,0.0,0.0,0.0,0.0,0.0,5.998124908755635,0.9943574243978672,0.9943574243978672,0.0,0.0,0.075,-0.521634281110708
2016.0,311.0,3.5,0.0,0.0,0.0,0.0,0.0,0.0,0.0,5.998124908755635,0.9943574243978672,0.9943574243978672,0.0,0.0,0.075,-0.521634281110708
2016.0,311.0,4.0,0.0,0.0,0.0,0.0,0.0,0.0,0.0,5.998124908755635,0.9943574243978672,0.9943574243978672,0.0,0.0,0.075,-0.521634281110708
2016.0,311.0,4.5,0.0,0.0,0.0,0.0,0.0,0.0,0.0,5.998124908755635,0.9943574243978672,0.9943574243978672,0.0,0.0,0.075,-0.521634281110708
2016,311,5.0,-2.1411497655887217,0.3540654424159714,11.092970874462383,0.0004244649902092524,-0.521634281110708,16.020373566281897,False,5.9930108606319585,0.9970651865549935,0.9970651865549935,0.0,0.0,0.075,-0.521634281110708
2016,311,5.5,-1.0573019943765876,0.7155589074694508,19.012469211745845,0.005381713453759589,-0.5571494278924831,16.805296454579043,False,5.9930108606319585,0.9965209085252117,0.9965209085252117,0.0,0.0,0.075,-0.521634281110708
2016.0,311.0,6.0,0.0,0.0,0.0,0.0,0.0,0.0,0.0,5.9930108606319585,0.9965209085252117,0.9965209085252117,0.0,0.02684862194148999,0.075,-0.521634281110708
2016,311,6.5,3.218368287020032,0.18363880845914024,13.194993722903574,0.008955883942625175,-0.521634281110708,20.598873595034142,False,5.9930108606319585,0.9970651865549935,0.9970651865549935,0.0,0.019814653412748205,0.075,-0.521634281110708
2016,311,7.0,14.094510927768441,1.862252744935587,24.74559174059943,0.0854558843174392,-0.5926645746742584,22.062721804613222,False,5.9930108606319585,0.9959190247424068,0.9959190247424068,0.0,0.07210858314068665,0.075,-0.521634281110708
2016,311,7.5,18.97910073916383,5.1869903078060275,34.822203261165384,0.14444147632256105,-0.7702403085831342,22.505245183395754,False,5.9930108606319585,0.9919766849231989,0.9919766849231989,0.0,0.07030801383975466,0.075,-0.521634281110708
2016,311,8.0,19.642171557733015,5.639941615693079,35.13218921980055,0.1388112743952797,-0.7932775612682605,23.67244161681094,False,5.990848958087585,0.991343808692096,0.991343808692096,0.0,0.0754644395825763,0.0745,-0.5455114336333129
2016,311,8.5,21.722438965897503,6.630812421204153,35.13670009561494,0.14855469241263924,-0.8880728712160049,24.63848817589416,False,5.988405286736491,0.9884252007751785,0.9884252007751785,0.0,0.08885009407125721,0.074,-0.5706534997675224
2016,311,9.0,26.914179593647244,7.292262804897231,32.90212204237524,0.14742202036345708,-0.8880728712160049,25.99208545956762,False,5.988405286736491,0.9884252007751785,0.9884252007751785,0.0,0.13657732407071635,0.074,-0.5706534997675224
2016,311,9.5,27.77410984976051,7.650081888177309,31.13289989452971,0.2156717466754785,-0.9233416902658363,26.358602915751227,False,5.988405286736491,0.987206102192436,0.987206102192436,0.0,0.14659304522658317,0.074,-0.5706534997675224
2016,311,10.0,18.78717468137159,7.161256747986529,36.43583605340159,0.13394536149049202,-0.8880728712160049,26.419336599646805,False,5.988405286736491,0.9884252007751785,0.9884252007751785,0.0,0.07273122873648238,0.074,-0.5706534997675224
2016,311,10.5,23.039385999473765,7.188061370938917,34.187738873700155,0.12264636782157194,-0.9133583631193467,27.644670107210285,False,5.985640967113905,0.9875586871506807,0.9875586871506807,0.0,0.10535359005463421,0.0735,-0.5971367254978646
2016,311,11.0,7.09012529248713,6.249781765469098,28.0931887910247,0.10993282448272156,-0.9050065764473778,27.256866288909954,False,5.982511471525288,0.9878490851593043,0.9878490851593043,0.0,0.03331118860364513,0.073,-0.6250425172123373
2016,311,11.5,3.2730016675272084,5.994166384802062,24.607728135212724,0.1031330259141578,-0.9050065764473778,28.3126058906072,False,5.982511471525288,0.9878490851593043,0.9878490851593043,0.0,0.022267807753847065,0.073,-0.6250425172123373
2016,311,12.0,1.7051150548745593,5.398300273002025,23.633054133959693,0.09228893417632533,-0.8700110690429976,28.737086326506635,False,5.982511471525288,0.9890211267842591,0.9890211267842591,0.0,0.0177125940576178,0.073,-0.6250425172123373
2016,311,12.5,16.167356601585567,5.704268887616932,31.804469655947194,0.11929466752631711,-0.8700110690429976,29.641605355403847,False,5.982511471525288,0.9890211267842591,0.9890211267842591,0.0,0.07667132374230767,0.073,-0.6250425172123373
2016,311,13.0,2.763319527560677,6.832801075147122,24.186496297294312,0.10846714168329927,-0.968087055576969,29.013849995746686,False,5.978965766839114,0.9855519775761522,0.9855519775761522,0.0,0.02109347629901674,0.0725,-0.6544578297034795
2016,311,13.5,11.617855594503867,7.167553546112846,30.201534039602386,0.09684075821413089,-0.9977019990576557,29.18249437868817,False,5.974945323052049,0.9843898163919501,0.9843898163919501,0.0,0.04012891171488826,0.072,-0.6854755862964091
2016,311,14.0,16.828793348906693,7.153449544389151,35.58400659103317,0.11242875428391658,-0.9977019990576557,29.422241591656455,False,5.974945323052049,0.9843898163919501,0.9843898163919501,0.0,0.06818235889044168,0.072,-0.6854755862964091
2016,311,14.5,17.244002954338608,6.175333651161524,34.44373199099529,0.103656912381005,-0.9630101754175171,28.931502207395617,False,5.974945323052049,0.9857457822138092,0.9857457822138092,0.0,0.07054145395360853,0.072,-0.6854755862964091
2016.0,311.0,15.0,0.0,0.0,0.0,0.0,0.0,0.0,0.0,5.974945323052049,0.9857457822138092,0.9857457822138092,0.0,0.03698755384118683,0.072,-0.6854755862964091
2016.0,311.0,15.5,0.0,0.0,0.0,0.0,0.0,0.0,0.0,5.974945323052049,0.9857457822138092,0.9857457822138092,0.0,0.0,0.072,-0.6854755862964091
2016,311,16.0,-2.6784376433560357,4.317560018558326,21.635511431803863,0.07473778517286925,-0.9253595568262708,27.79914803535766,False,5.970382966423634,0.9871341117940209,0.9871341117940209,0.0,0.0,0.0715,-0.7181951340120418
2016.0,311.0,16.5,0.0,0.0,0.0,0.0,0.0,0.0,0.0,5.970382966423634,0.9871341117940209,0.9871341117940209,0.0,0.0,0.071,-0.752722736959751
2016.0,311.0,17.0,0.0,0.0,0.0,0.0,0.0,0.0,0.0,5.970382966423634,0.9871341117940209,0.9871341117940209,0.0,0.0,0.071,-0.752722736959751
2016.0,311.0,17.5,0.0,0.0,0.0,0.0,0.0,0.0,0.0,5.970382966423634,0.9871341117940209,0.9871341117940209,0.0,0.0,0.071,-0.752722736959751
2016.0,311.0,18.0,0.0,0.0,0.0,0.0,0.0,0.0,0.0,5.970382966423634,0.9871341117940209,0.9871341117940209,0.0,0.0,0.071,-0.752722736959751
2016.0,311.0,18.5,0.0,0.0,0.0,0.0,0.0,0.0,0.0,5.970382966423634,0.9871341117940209,0.9871341117940209,0.0,0.0,0.071,-0.752722736959751
2016.0,311.0,19.0,0.0,0.0,0.0,0.0,0.0,0.0,0.0,5.970382966423634,0.9871341117940209,0.9871341117940209,0.0,0.0,0.071,-0.752722736959751
2016.0,311.0,19.5,0.0,0.0,0.0,0.0,0.0,0.0,0.0,5.970382966423634,0.9871341117940209,0.9871341117940209,0.0,0.0,0.071,-0.752722736959751
2016.0,311.0,20.0,0.0,0.0,0.0,0.0,0.0,0.0,0.0,5.970382966423634,0.9871341117940209,0.9871341117940209,0.0,0.0,0.071,-0.752722736959751
2016.0,311.0,20.5,0.0,0.0,0.0,0.0,0.0,0.0,0.0,5.970382966423634,0.9871341117940209,0.9871341117940209,0.0,0.0,0.071,-0.752722736959751
2016.0,311.0,21.0,0.0,0.0,0.0,0.0,0.0,0.0,0.0,5.970382966423634,0.9871341117940209,0.9871341117940209,0.0,0.0,0.071,-0.752722736959751
2016.0,311.0,21.5,0.0,0.0,0.0,0.0,0.0,0.0,0.0,5.970382966423634,0.9871341117940209,0.9871341117940209,0.0,0.0,0.071,-0.752722736959751
2016.0,311.0,22.0,0.0,0.0,0.0,0.0,0.0,0.0,0.0,5.970382966423634,0.9871341117940209,0.9871341117940209,0.0,0.0,0.071,-0.752722736959751
2016.0,311.0,22.5,0.0,0.0,0.0,0.0,0.0,0.0,0.0,5.970382966423634,0.9871341117940209,0.9871341117940209,0.0,0.0,0.071,-0.752722736959751
2016.0,311.0,23.0,0.0,0.0,0.0,0.0,0.0,0.0,0.0,5.970382966423634,0.9871341117940209,0.9871341117940209,0.0,0.0,0.071,-0.752722736959751
2016.0,311.0,23.5,0.0,0.0,0.0,0.0,0.0,0.0,0.0,5.970382966423634,0.9871341117940209,0.9871341117940209,0.0,0.0,0.071,-0.752722736959751
2016.0,312.0,0.0,0.0,0.0,0.0,0.0,0.0,0.0,0.0,5.970382966423634,0.9871341117940209,0.9871341117940209,0.0,0.0,0.071,-0.752722736959751
2016.0,312.0,0.5,0.0,0.0,0.0,0.0,0.0,0.0,0.0,5.970382966423634,0.9871341117940209,0.9871341117940209,0.0,0.0,0.071,-0.752722736959751
2016.0,312.0,1.0,0.0,0.0,0.0,0.0,0.0,0.0,0.0,5.970382966423634,0.9871341117940209,0.9871341117940209,0.0,0.0,0.071,-0.752722736959751
2016.0,312.0,1.5,0.0,0.0,0.0,0.0,0.0,0.0,0.0,5.970382966423634,0.9871341117940209,0.9871341117940209,0.0,0.0,0.071,-0.752722736959751
2016.0,312.0,2.0,0.0,0.0,0.0,0.0,0.0,0.0,0.0,5.970382966423634,0.9871341117940209,0.9871341117940209,0.0,0.0,0.071,-0.752722736959751
2016.0,312.0,2.5,0.0,0.0,0.0,0.0,0.0,0.0,0.0,5.970382966423634,0.9871341117940209,0.9871341117940209,0.0,0.0,0.071,-0.752722736959751
2016.0,312.0,3.0,0.0,0.0,0.0,0.0,0.0,0.0,0.0,5.970382966423634,0.9871341117940209,0.9871341117940209,0.0,0.0,0.071,-0.752722736959751
2016.0,312.0,3.5,0.0,0.0,0.0,0.0,0.0,0.0,0.0,5.970382966423634,0.9871341117940209,0.9871341117940209,0.0,0.0,0.071,-0.752722736959751
2016.0,312.0,4.0,0.0,0.0,0.0,0.0,0.0,0.0,0.0,5.970382966423634,0.9871341117940209,0.9871341117940209,0.0,0.0,0.071,-0.752722736959751
2016.0,312.0,4.5,0.0,0.0,0.0,0.0,0.0,0.0,0.0,5.970382966423634,0.9871341117940209,0.9871341117940209,0.0,0.0,0.071,-0.752722736959751
2016,312,5.0,-1.032156873957936,0.5940109380183269,24.851109254841518,0.0723965310015362,-0.7870766352196716,11.837165435952581,False,5.965201552757978,0.9915170345296784,0.9915170345296784,0.0,0.0,0.071,-0.752722736959751
2016,312,5.5,0.32280488492063086,0.6924079584119192,28.112581512716616,0.0831829823676646,-0.8233428470440894,12.576824222837047,False,5.9593124327819185,0.99047354024923,0.99047354024923,0.0,0.0,0.0705,-0.7891721114701507
2016,312,6.0,9.459643051717082,1.3410894874882109,35.7270779338203,0.1282831632111133,-0.8956196147069634,15.51721878294046,False,5.952613677518991,0.9881705380795397,0.9881705380795397,0.0,0.019336203311300277,0.07,-0.8276650068290242
2016,312,6.5,6.903887481467329,2.4362401096616577,41.60369610913072,0.3694375037478302,-0.929596918645933,17.423465817393016,False,5.952613677518991,0.9869821421438798,0.9869821421438798,0.0,0.014526513060758023,0.07,-0.8276650068290242
2016,312,7.0,19.072290225876277,4.347723146786078,36.225600690043635,0.4110439167989764,-1.0315288304628416,19.60683676812939,False,5.952613677518991,0.982995540335057,0.982995540335057,0.0,0.0521828102873632,0.07,-0.8276650068290242
2016,312,7.5,21.92291139378512,5.228350308536907,36.10600541802341,0.24856739278288503,-1.065506134401811,21.22420664855732,False,5.952613677518991,0.9815222251585515,0.9815222251585515,0.0,0.06442540166595094,0.07,-0.8276650068290242
2016,312,8.0,23.32504703962701,5.373239388973511,34.510650576178506,0.16863667018295952,-1.065506134401811,23.39050278398145,False,5.952613677518991,0.9815222251585515,0.9815222251585515,0.0,0.0775940391178683,0.07,-0.8276650068290242
2016,312,8.5,22.18957742337483,4.56471461281875,35.051637601201975,0.14073267451073546,-1.0315288304628416,22.026800371381235,False,5.952613677518991,0.982995540335057,0.982995540335057,0.0,0.06088204597165377,0.07,-0.8276650068290242
2016,312,9.0,29.99868814160879,5.844160657679985,33.67225053770022,0.17682749766928893,-1.0994834383407808,22.699775236885518,False,5.952613677518991,0.9799748093382539,0.9799748093382539,0.0,0.10080560073495752,0.07,-0.8276650068290242
2016,312,9.5,31.974880613885116,6.308066085956309,34.105186225322626,0.19464701542297005,-1.1334607422797505,22.672114359035618,False,5.952613677518991,0.9783522335570559,0.9783522335570559,0.0,0.10802443324754005,0.07,-0.8276650068290242
2016,312,10.0,27.040726622679976,6.41792482329677,36.81332443698353,0.22511065157420057,-1.2133250493714063,22.087081444896903,False,5.936300521549757,0.9742366684442856,0.9742366684442856,0.0,0.07211142484226923,0.069,-0.9113123600460743
2016,312,10.5,28.569793478311244,6.41792482329677,36.8227750112211,0.2386262323127965,-1.2133250493714063,22.092778529661654,False,5.936300521549757,0.9742366684442856,0.9742366684442856,0.0,0.07776383427637404,0.069,-0.9113123600460743
2016,312,11.0,11.675014561133894,5.9893203868750735,39.97128566853819,0.3402879788908131,-1.1797680838908138,21.35960872245224,False,5.936300521549757,0.9760179949056559,0.9760179949056559,0.0,0.026577980046545144,0.069,-0.9113123600460743
2016,312,11.5,10.987220589181785,6.034690642066097,40.31064514547367,0.23883536312081477,-1.1797680838908138,21.48150558589484,False,5.936300521549757,0.9760179949056559,0.9760179949056559,0.0,0.02500368430412947,0.069,-0.9113123600460743
2016,312,12.0,4.916341455873678,6.746713684764043,27.196600043940535,0.1507765931352793,-1.2133250493714063,25.96911417026917,False,5.936300521549757,0.9742366684442856,0.9742366684442856,0.0,0.016986870235693206,0.069,-0.9113123600460743
2016,312,13.0,1.3476330044576192,6.746713684764042,23.783684259153226,0.10718949261183514,-1.3026082999457214,29.045330256707985,False,5.9150947863990035,0.9691226183529907,0.9691226183529907,0.0,0.01222762236652719,0.068,-1.0048248172265413
2016,312,13.5,5.458751687661865,6.333208180483153,24.496013153341096,0.08912839051291467,-1.3026082999457214,29.459218730313683,False,5.9150947863990035,0.9691226183529907,0.9691226183529907,0.0,0.025209700721623044,0.068,-1.0048248172265413
2016,312,14.0,25.11609911837141,7.544154472605413,36.255187347146155,0.20263356530905768,-1.3687824072166503,24.14595613246029,False,5.9150947863990035,0.9649741396691697,0.9649741396691697,0.0,0.058126705871486745,0.068,-1.0048248172265413
2016,312,14.5,16.70022515728965,6.769880846974529,37.81019030232589,0.15743301309978303,-1.3026082999457214,24.363890389411452,False,5.9150947863990035,0.9691226183529907,0.9691226183529907,0.0,0.034882014947914014,0.068,-1.0048248172265413
2016,312,15.0,12.549493459867726,4.686519285700534,36.6815596485986,0.08793494223737269,-1.2364341926747926,24.51728908539903,False,5.9150947863990035,0.9729655453237807,0.9729655453237807,0.0,0.025539639370071206,0.068,-1.0048248172265413
2016,312,15.5,-1.649423841847247,3.3682657651253862,22.2105834815607,0.06975157547563549,-1.1702600854038636,24.379669226764094,False,5.9150947863990035,0.9765089336764861,0.9765089336764861,0.0,0.0,0.068,-1.0048248172265413
2016,312,16.0,-0.9279268726787446,2.5359739650548914,20.72532331872177,0.03417952059065806,-1.187015850537448,24.33615852069049,False,5.902191394671284,0.9756396869543772,0.9756396869543772,0.0,0.0,0.0675,-1.0556900527908526
2016.0,312.0,16.5,0.0,0.0,0.0,0.0,0.0,0.0,0.0,5.902191394671284,0.9756396869543772,0.9756396869543772,0.0,0.0,0.0675,-1.0556900527908526
2016.0,312.0,17.0,0.0,0.0,0.0,0.0,0.0,0.0,0.0,5.902191394671284,0.9756396869543772,0.9756396869543772,0.0,0.0,0.067,-1.1095374308689805
2016.0,312.0,17.5,0.0,0.0,0.0,0.0,0.0,0.0,0.0,5.902191394671284,0.9756396869543772,0.9756396869543772,0.0,0.0,0.067,-1.1095374308689805
2016.0,312.0,18.0,0.0,0.0,0.0,0.0,0.0,0.0,0.0,5.902191394671284,0.9756396869543772,0.9756396869543772,0.0,0.0,0.067,-1.1095374308689805
2016.0,312.0,18.5,0.0,0.0,0.0,0.0,0.0,0.0,0.0,5.902191394671284,0.9756396869543772,0.9756396869543772,0.0,0.0,0.067,-1.1095374308689805
2016.0,312.0,19.0,0.0,0.0,0.0,0.0,0.0,0.0,0.0,5.902191394671284,0.9756396869543772,0.9756396869543772,0.0,0.0,0.067,-1.1095374308689805
2016.0,312.0,19.5,0.0,0.0,0.0,0.0,0.0,0.0,0.0,5.902191394671284,0.9756396869543772,0.9756396869543772,0.0,0.0,0.067,-1.1095374308689805
2016.0,312.0,20.0,0.0,0.0,0.0,0.0,0.0,0.0,0.0,5.902191394671284,0.9756396869543772,0.9756396869543772,0.0,0.0,0.067,-1.1095374308689805
2016.0,312.0,20.5,0.0,0.0,0.0,0.0,0.0,0.0,0.0,5.902191394671284,0.9756396869543772,0.9756396869543772,0.0,0.0,0.067,-1.1095374308689805
2016.0,312.0,21.0,0.0,0.0,0.0,0.0,0.0,0.0,0.0,5.902191394671284,0.9756396869543772,0.9756396869543772,0.0,0.0,0.067,-1.1095374308689805
2016.0,312.0,21.5,0.0,0.0,0.0,0.0,0.0,0.0,0.0,5.902191394671284,0.9756396869543772,0.9756396869543772,0.0,0.0,0.067,-1.1095374308689805
2016.0,312.0,22.0,0.0,0.0,0.0,0.0,0.0,0.0,0.0,5.902191394671284,0.9756396869543772,0.9756396869543772,0.0,0.0,0.067,-1.1095374308689805
2016.0,312.0,22.5,0.0,0.0,0.0,0.0,0.0,0.0,0.0,5.902191394671284,0.9756396869543772,0.9756396869543772,0.0,0.0,0.067,-1.1095374308689805
2016.0,312.0,23.0,0.0,0.0,0.0,0.0,0.0,0.0,0.0,5.902191394671284,0.9756396869543772,0.9756396869543772,0.0,0.0,0.067,-1.1095374308689805
2016.0,312.0,23.5,0.0,0.0,0.0,0.0,0.0,0.0,0.0,5.902191394671284,0.9756396869543772,0.9756396869543772,0.0,0.0,0.067,-1.1095374308689805
2016.0,313.0,0.0,0.0,0.0,0.0,0.0,0.0,0.0,0.0,5.902191394671284,0.9756396869543772,0.9756396869543772,0.0,0.0,0.067,-1.1095374308689805
2016.0,313.0,0.5,0.0,0.0,0.0,0.0,0.0,0.0,0.0,5.902191394671284,0.9756396869543772,0.9756396869543772,0.0,0.0,0.067,-1.1095374308689805
2016.0,313.0,1.0,0.0,0.0,0.0,0.0,0.0,0.0,0.0,5.902191394671284,0.9756396869543772,0.9756396869543772,0.0,0.0,0.067,-1.1095374308689805
2016.0,313.0,1.5,0.0,0.0,0.0,0.0,0.0,0.0,0.0,5.902191394671284,0.9756396869543772,0.9756396869543772,0.0,0.0,0.067,-1.1095374308689805
2016.0,313.0,2.0,0.0,0.0,0.0,0.0,0.0,0.0,0.0,5.902191394671284,0.9756396869543772,0.9756396869543772,0.0,0.0,0.067,-1.1095374308689805
2016.0,313.0,2.5,0.0,0.0,0.0,0.0,0.0,0.0,0.0,5.902191394671284,0.9756396869543772,0.9756396869543772,0.0,0.0,0.067,-1.1095374308689805
2016.0,313.0,3.0,0.0,0.0,0.0,0.0,0.0,0.0,0.0,5.902191394671284,0.9756396869543772,0.9756396869543772,0.0,0.0,0.067,-1.1095374308689805
2016.0,313.0,3.5,0.0,0.0,0.0,0.0,0.0,0.0,0.0,5.902191394671284,0.9756396869543772,0.9756396869543772,0.0,0.0,0.067,-1.1095374308689805
2016.0,313.0,4.0,0.0,0.0,0.0,0.0,0.0,0.0,0.0,5.902191394671284,0.9756396869543772,0.9756396869543772,0.0,0.0,0.067,-1.1095374308689805
2016.0,313.0,4.5,0.0,0.0,0.0,0.0,0.0,0.0,0.0,5.902191394671284,0.9756396869543772,0.9756396869543772,0.0,0.0,0.067,-1.1095374308689805
2016,313,5.0,-2.0693903560166897,0.6860990116502124,22.106954284357137,0.0018384425706137139,-1.1420982904660408,16.930143381194643,False,5.8874480423459294,0.9779276454877466,0.9779276454877466,0.0,0.0,0.067,-1.1095374308689805
2016,313,5.5,-0.6819570384322583,0.8694574123164234,22.959867275498034,0.005812376822626858,-1.1420982904660408,17.767949742049115,False,5.8874480423459294,0.9779276454877466,0.9779276454877466,0.0,0.0,0.067,-1.1095374308689805
2016,313,6.0,5.115105761583852,1.700913748405566,39.068642035920135,0.1943521500601327,-1.174659150063101,19.769414672933515,False,5.8874480423459294,0.9762825440560096,0.9762825440560096,0.0,0.010400911570387694,0.067,-1.1095374308689805
2016,313,6.5,0.6660218308385681,0.9032401411650524,22.65335463968949,0.02977930075298976,-1.1420982904660408,20.379036879946398,False,5.8874480423459294,0.9779276454877466,0.9779276454877466,0.0,0.003976507983611113,0.067,-1.1095374308689805
2016,313,7.0,-1.080808901944534,1.2452001965763828,22.976534676303917,0.04990712974339772,-1.2909311704230524,21.2223914896073,False,5.851305221906068,0.9698227827487214,0.9698227827487214,0.0,0.0010812559441200497,0.066,-1.226989877831571
2016,313,7.5,-1.3578095980052758,0.5131764065654809,20.621806041675992,0.02257742925289796,-1.1988403175187534,21.001715079707893,False,5.8705910572768865,0.9750148992760357,0.9750148992760357,0.0,7.349010700382304e-05,0.0665,-1.1665660338158987
2016,313,8.0,-0.4210567106916181,0.6724512280674398,20.344555619918285,0.04936680511263679,-1.2589605241273119,21.57338587482809,False,5.851305221906068,0.9716913172664727,0.9716913172664727,0.0,0.0022665200257089716,0.066,-1.226989877831571
2016,313,8.5,0.9348734013892561,0.9395894671251094,21.34209543945929,0.04556601283738845,-1.2589605241273119,22.24729845733131,False,5.851305221906068,0.9716913172664727,0.9716913172664727,0.0,0.006117553553578011,0.066,-1.226989877831571
2016,313,9.0,-0.31235030568013644,0.8167830902957155,21.845398547572238,0.06568033944454951,-1.2589605241273119,22.465531806144458,False,5.851305221906068,0.9716913172664727,0.9716913172664727,0.0,0.0035284009285860975,0.066,-1.226989877831571
2016,313,9.5,-0.8202160990221581,0.6453835274188771,22.056618497847147,0.05534273086489159,-1.2589605241273119,22.036834515054284,False,5.851305221906068,0.9716913172664727,0.9716913172664727,0.0,0.002284865877942859,0.066,-1.226989877831571
2016,313,10.0,1.579975646606469,1.2081395500973409,23.182935554389022,0.07204395602473224,-1.2909311704230524,23.293199231939408,False,5.851305221906068,0.9698227827487214,0.9698227827487214,0.0,0.008933734589574678,0.066,-1.226989877831571
2016,313,10.5,5.839710542095872,1.1030199484082936,25.38744991730779,0.07363377650608556,-1.2909311704230524,24.350952096348912,False,5.851305221906068,0.9698227827487214,0.9698227827487214,0.0,0.020509812156925288,0.066,-1.226989877831571
2016,313,11.0,4.966119513050881,1.0301562423389319,24.43362765648751,0.034981852198392935,-1.2909311704230524,27.612123100692244,False,5.851305221906068,0.9698227827487214,0.9698227827487214,0.0,0.030963066544458965,0.066,-1.226989877831571
2016,313,11.5,4.661840572083171,2.4364147232128532,22.51888100010237,0.06037184385378166,-1.354872463014534,29.86349730424117,False,5.851305221906068,0.9658717979507727,0.9658717979507727,0.0,0.029908863442553252,0.066,-1.226989877831571
2016.0,313.0,12.0,0.0,0.0,0.0,0.0,0.0,0.0,0.0,5.851305221906068,0.9658717979507727,0.9658717979507727,0.0,0.044509354659060155,0.066,-1.226989877831571
2016,313,12.5,13.029051198930052,6.30660761188393,32.18691501985835,13.360715192073146,-1.5147256944932372,32.80615491713813,False,5.851305221906068,0.954719260418571,0.954719260418571,0.0,0.04936297053219014,0.066,-1.226989877831571
2016,313,13.0,-0.8069054202304451,5.96844743821116,23.008864157670928,0.09637917269645542,-1.640728856038174,31.291423155684164,False,5.80394070801875,0.9446139401669841,0.9446139401669841,0.0,0.010813664626486896,0.065,-1.3589616101865312
2016,313,13.5,0.7321898884546045,4.556775514029285,22.051251013372756,0.04044800551420369,-1.5781139125155867,31.130288982963666,False,5.80394070801875,0.9497822187559118,0.9497822187559118,0.0,0.01477614466850538,0.065,-1.3589616101865312
2016,313,14.0,-1.165584659904236,6.176039393948641,22.564028074856388,0.10269615946002578,-1.640728856038174,32.42298925616488,False,5.80394070801875,0.9446139401669841,0.9446139401669841,0.0,0.013516775043724777,0.065,-1.3589616101865312
2016,313,14.5,-1.6060541591902315,4.556897466525038,22.725396667268598,0.11370772065495302,-1.5781139125155867,30.142299502862155,False,5.80394070801875,0.9497822187559118,0.9497822187559118,0.0,0.00914619744816932,0.065,-1.3589616101865312
2016.0,313.0,15.0,0.0,0.0,0.0,0.0,0.0,0.0,0.0,5.80394070801875,0.9497822187559118,0.9497822187559118,0.0,0.0020414215148420083,0.065,-1.3589616101865312
2016.0,313.0,15.5,0.0,0.0,0.0,0.0,0.0,0.0,0.0,5.80394070801875,0.9497822187559118,0.9497822187559118,0.0,0.0,0.065,-1.3589616101865312
2016.0,313.0,16.0,0.0,0.0,0.0,0.0,0.0,0.0,0.0,5.80394070801875,0.9497822187559118,0.9497822187559118,0.0,0.0,0.065,-1.3589616101865312
2016.0,313.0,16.5,0.0,0.0,0.0,0.0,0.0,0.0,0.0,5.80394070801875,0.9497822187559118,0.9497822187559118,0.0,0.0,0.065,-1.3589616101865312
2016.0,313.0,17.0,0.0,0.0,0.0,0.0,0.0,0.0,0.0,5.80394070801875,0.9497822187559118,0.9497822187559118,0.0,0.0,0.065,-1.3589616101865312
2016.0,313.0,17.5,0.0,0.0,0.0,0.0,0.0,0.0,0.0,5.80394070801875,0.9497822187559118,0.9497822187559118,0.0,0.0,0.065,-1.3589616101865312
2016.0,313.0,18.0,0.0,0.0,0.0,0.0,0.0,0.0,0.0,5.80394070801875,0.9497822187559118,0.9497822187559118,0.0,0.0,0.065,-1.3589616101865312
2016.0,313.0,18.5,0.0,0.0,0.0,0.0,0.0,0.0,0.0,5.80394070801875,0.9497822187559118,0.9497822187559118,0.0,0.0,0.065,-1.3589616101865312
2016.0,313.0,19.0,0.0,0.0,0.0,0.0,0.0,0.0,0.0,5.80394070801875,0.9497822187559118,0.9497822187559118,0.0,0.0,0.065,-1.3589616101865312
2016.0,313.0,19.5,0.0,0.0,0.0,0.0,0.0,0.0,0.0,5.80394070801875,0.9497822187559118,0.9497822187559118,0.0,0.0,0.065,-1.3589616101865312
2016.0,313.0,20.0,0.0,0.0,0.0,0.0,0.0,0.0,0.0,5.80394070801875,0.9497822187559118,0.9497822187559118,0.0,0.0,0.065,-1.3589616101865312
2016.0,313.0,20.5,0.0,0.0,0.0,0.0,0.0,0.0,0.0,5.80394070801875,0.9497822187559118,0.9497822187559118,0.0,0.0,0.065,-1.3589616101865312
2016.0,313.0,21.0,0.0,0.0,0.0,0.0,0.0,0.0,0.0,5.80394070801875,0.9497822187559118,0.9497822187559118,0.0,0.0,0.065,-1.3589616101865312
2016.0,313.0,21.5,0.0,0.0,0.0,0.0,0.0,0.0,0.0,5.80394070801875,0.9497822187559118,0.9497822187559118,0.0,0.0,0.065,-1.3589616101865312
2016.0,313.0,22.0,0.0,0.0,0.0,0.0,0.0,0.0,0.0,5.80394070801875,0.9497822187559118,0.9497822187559118,0.0,0.0,0.065,-1.3589616101865312
2016.0,313.0,22.5,0.0,0.0,0.0,0.0,0.0,0.0,0.0,5.80394070801875,0.9497822187559118,0.9497822187559118,0.0,0.0,0.065,-1.3589616101865312
2016.0,313.0,23.0,0.0,0.0,0.0,0.0,0.0,0.0,0.0,5.80394070801875,0.9497822187559118,0.9497822187559118,0.0,0.0,0.0645,-1.4310239929470283
2016.0,313.0,23.5,0.0,0.0,0.0,0.0,0.0,0.0,0.0,5.80394070801875,0.9497822187559118,0.9497822187559118,0.0,0.0,0.065,-1.3589616101865312
2016.0,314.0,0.0,0.0,0.0,0.0,0.0,0.0,0.0,0.0,5.80394070801875,0.9497822187559118,0.9497822187559118,0.0,0.0,0.065,-1.3589616101865312
2016.0,314.0,0.5,0.0,0.0,0.0,0.0,0.0,0.0,0.0,5.80394070801875,0.9497822187559118,0.9497822187559118,0.0,0.0,0.0645,-1.4310239929470283
2016.0,314.0,1.0,0.0,0.0,0.0,0.0,0.0,0.0,0.0,5.80394070801875,0.9497822187559118,0.9497822187559118,0.0,0.0,0.065,-1.3589616101865312
2016.0,314.0,1.5,0.0,0.0,0.0,0.0,0.0,0.0,0.0,5.80394070801875,0.9497822187559118,0.9497822187559118,0.0,0.0,0.065,-1.3589616101865312
2016.0,314.0,2.0,0.0,0.0,0.0,0.0,0.0,0.0,0.0,5.80394070801875,0.9497822187559118,0.9497822187559118,0.0,0.0,0.065,-1.3589616101865312
2016.0,314.0,2.5,0.0,0.0,0.0,0.0,0.0,0.0,0.0,5.80394070801875,0.9497822187559118,0.9497822187559118,0.0,0.0,0.064,-1.5075137161482992
2016.0,314.0,3.0,0.0,0.0,0.0,0.0,0.0,0.0,0.0,5.80394070801875,0.9497822187559118,0.9497822187559118,0.0,0.0,0.0645,-1.4310239929470283
2016.0,314.0,3.5,0.0,0.0,0.0,0.0,0.0,0.0,0.0,5.80394070801875,0.9497822187559118,0.9497822187559118,0.0,0.0,0.0645,-1.4310239929470283
2016.0,314.0,4.0,0.0,0.0,0.0,0.0,0.0,0.0,0.0,5.80394070801875,0.9497822187559118,0.9497822187559118,0.0,0.0,0.064,-1.5075137161482992
2016.0,314.0,4.5,0.0,0.0,0.0,0.0,0.0,0.0,0.0,5.80394070801875,0.9497822187559118,0.9497822187559118,0.0,0.0,0.064,-1.5075137161482992
2016.0,314.0,5.0,0.0,0.0,0.0,0.0,0.0,0.0,0.0,5.80394070801875,0.9497822187559118,0.9497822187559118,0.0,0.0,0.064,-1.5075137161482992
2016.0,314.0,5.5,0.0,0.0,0.0,0.0,0.0,0.0,0.0,5.80394070801875,0.9497822187559118,0.9497822187559118,0.0,0.0,0.064,-1.5075137161482992
2016.0,314.0,6.0,0.0,0.0,0.0,0.0,0.0,0.0,0.0,5.80394070801875,0.9497822187559118,0.9497822187559118,0.0,0.0,0.064,-1.5075137161482992
2016.0,314.0,6.5,0.0,0.0,0.0,0.0,0.0,0.0,0.0,5.80394070801875,0.9497822187559118,0.9497822187559118,0.0,0.0,0.064,-1.5075137161482992
2016,314,7.0,-2.0143775597798754,0.7510576512794276,22.9325389072671,0.02662470580805813,-1.53807469491481,20.9750678047873,False,5.741748196006188,0.9529350736660653,0.9529350736660653,0.0,0.00021440963807565483,0.064,-1.5075137161482992
2016,314,7.5,0.4562476590071034,1.0270185695296448,24.199742955781034,0.19982962547214608,-1.568635673681321,21.360590594032303,False,5.741748196006188,0.9505392526400802,0.9505392526400802,0.0,0.0048962625506422395,0.064,-1.5075137161482992
2016,314,8.0,4.51832235416951,1.077931155757196,26.34759220213637,0.10909810253097699,-1.568635673681321,22.329704052813746,False,5.741748196006188,0.9505392526400802,0.9505392526400802,0.0,0.013598293630070897,0.064,-1.5075137161482992
2016,314,8.5,11.564712625736393,2.1006672619402726,31.167818049244218,0.9590728405412737,-1.5991966524478318,23.817545002817997,False,5.741748196006188,0.9480745056038853,0.9480745056038853,0.0,0.027950219171032877,0.064,-1.5075137161482992
2016,314,9.0,4.695057677898114,1.4895483492587918,27.104503044246048,0.2209948890407049,-1.568635673681321,22.459935069896005,False,5.741748196006188,0.9505392526400802,0.9505392526400802,0.0,0.014163980826954756,0.064,-1.5075137161482992
2016,314,9.5,26.088456238751395,4.042100168883168,37.161950661433906,0.34728163279781743,-1.6908795887473647,25.51841140773606,False,5.741748196006188,0.940264026207143,0.940264026207143,0.0,0.06017443587659104,0.064,-1.5075137161482992
2016,314,10.0,6.997568236172045,3.392028828332453,30.61453725817488,0.20410352268679804,-1.6603186099808538,24.18846355087548,False,5.741748196006188,0.942937129817367,0.942937129817367,0.0,0.018033348628874173,0.064,-1.5075137161482992
2016,314,10.5,2.2206374454387183,2.3911487829867872,25.00448089197646,0.12225345982066167,-1.629757631214343,24.548615806055295,False,5.741748196006188,0.9455405489506958,0.9455405489506958,0.0,0.00971569220484782,0.064,-1.5075137161482992
2016,314,11.0,3.0924556455446464,2.562594273315065,25.77150324555665,0.14270099063861824,-1.629757631214343,25.69641595588983,False,5.741748196006188,0.9455405489506958,0.9455405489506958,0.0,0.013592013130030523,0.064,-1.5075137161482992
2016,314,11.5,1.9766921363508643,0.6075773004904894,19.00149496717158,0.03126853646585006,-1.53807469491481,25.434550210916846,False,5.741748196006188,0.9529350736660653,0.9529350736660653,0.0,0.012756157033810856,0.064,-1.5075137161482992
2016,314,12.0,4.131987476945422,0.8626205953192496,20.634074390995288,0.037312519884970766,-1.53807469491481,27.447191088850378,False,5.741748196006188,0.9529350736660653,0.9529350736660653,0.0,0.024028308640967846,0.064,-1.5075137161482992
2016,314,12.5,6.535325006496181,2.899939069029809,26.731339421665535,0.051168369989524086,-1.7395046334860922,27.21345909397335,False,5.70366037507109,0.9358667957577155,0.9358667957577155,0.0,0.0210869690958608,0.0635,-1.5887406165480027
2016,314,13.0,2.917135680491881,4.432462836172898,25.469258318941478,0.15705084538366684,-1.8830729099907975,27.020206864208486,False,5.659979332962941,0.9218466873216367,0.9218466873216367,0.0,0.011936947527747687,0.063,-1.6750389044446923
2016,314,13.5,0.6917361610780906,3.1756548216093257,24.35789256448046,0.20857916406685117,-1.8236346226919102,25.819445430291985,False,5.659979332962941,0.9278393584265412,0.9278393584265412,0.0,0.007113814809970787,0.063,-1.6750389044446923
2016,314,14.0,-0.7290600861964398,2.453509279577962,23.816290999858886,0.2217091693893809,-1.7939154790424667,24.93458668600619,False,5.659979332962941,0.9307359010684796,0.9307359010684796,0.0,0.004464521064416461,0.063,-1.6750389044446923
2016,314,14.5,-1.1647543493584895,0.7280065913344735,21.938111615355307,0.07029959154140632,-1.7047580480941358,23.99394555247019,False,5.659979332962941,0.9390270461097232,0.9390270461097232,0.0,0.003220170783599991,0.063,-1.6750389044446923
2016.0,314.0,15.0,0.0,0.0,0.0,0.0,0.0,0.0,0.0,5.659979332962941,0.9390270461097232,0.9390270461097232,0.0,0.0,0.063,-1.6750389044446923
2016.0,314.0,15.5,0.0,0.0,0.0,0.0,0.0,0.0,0.0,5.659979332962941,0.9390270461097232,0.9390270461097232,0.0,0.0,0.063,-1.6750389044446923
2016.0,314.0,16.0,0.0,0.0,0.0,0.0,0.0,0.0,0.0,5.659979332962941,0.9390270461097232,0.9390270461097232,0.0,0.0,0.063,-1.6750389044446923
2016.0,314.0,16.5,0.0,0.0,0.0,0.0,0.0,0.0,0.0,5.659979332962941,0.9390270461097232,0.9390270461097232,0.0,0.0,0.063,-1.6750389044446923
2016.0,314.0,17.0,0.0,0.0,0.0,0.0,0.0,0.0,0.0,5.659979332962941,0.9390270461097232,0.9390270461097232,0.0,0.0,0.063,-1.6750389044446923
2016.0,314.0,17.5,0.0,0.0,0.0,0.0,0.0,0.0,0.0,5.659979332962941,0.9390270461097232,0.9390270461097232,0.0,0.0,0.063,-1.6750389044446923
2016.0,314.0,18.0,0.0,0.0,0.0,0.0,0.0,0.0,0.0,5.659979332962941,0.9390270461097232,0.9390270461097232,0.0,0.0,0.063,-1.6750389044446923
2016.0,314.0,18.5,0.0,0.0,0.0,0.0,0.0,0.0,0.0,5.659979332962941,0.9390270461097232,0.9390270461097232,0.0,0.0,0.063,-1.6750389044446923
2016.0,314.0,19.0,0.0,0.0,0.0,0.0,0.0,0.0,0.0,5.659979332962941,0.9390270461097232,0.9390270461097232,0.0,0.0,0.063,-1.6750389044446923
2016.0,314.0,19.5,0.0,0.0,0.0,0.0,0.0,0.0,0.0,5.659979332962941,0.9390270461097232,0.9390270461097232,0.0,0.0,0.063,-1.6750389044446923
2016.0,314.0,20.0,0.0,0.0,0.0,0.0,0.0,0.0,0.0,5.659979332962941,0.9390270461097232,0.9390270461097232,0.0,0.0,0.063,-1.6750389044446923
2016.0,314.0,20.5,0.0,0.0,0.0,0.0,0.0,0.0,0.0,5.659979332962941,0.9390270461097232,0.9390270461097232,0.0,0.0,0.063,-1.6750389044446923
2016.0,314.0,21.0,0.0,0.0,0.0,0.0,0.0,0.0,0.0,5.659979332962941,0.9390270461097232,0.9390270461097232,0.0,0.0,0.063,-1.6750389044446923
2016.0,314.0,21.5,0.0,0.0,0.0,0.0,0.0,0.0,0.0,5.659979332962941,0.9390270461097232,0.9390270461097232,0.0,0.0,0.063,-1.6750389044446923
2016.0,314.0,22.0,0.0,0.0,0.0,0.0,0.0,0.0,0.0,5.659979332962941,0.9390270461097232,0.9390270461097232,0.0,0.0,0.063,-1.6750389044446923
2016.0,314.0,22.5,0.0,0.0,0.0,0.0,0.0,0.0,0.0,5.659979332962941,0.9390270461097232,0.9390270461097232,0.0,0.0,0.063,-1.6750389044446923
2016.0,314.0,23.0,0.0,0.0,0.0,0.0,0.0,0.0,0.0,5.659979332962941,0.9390270461097232,0.9390270461097232,0.0,0.0,0.063,-1.6750389044446923
2016.0,314.0,23.5,0.0,0.0,0.0,0.0,0.0,0.0,0.0,5.659979332962941,0.9390270461097232,0.9390270461097232,0.0,0.0,0.063,-1.6750389044446923
2016.0,315.0,0.0,0.0,0.0,0.0,0.0,0.0,0.0,0.0,5.659979332962941,0.9390270461097232,0.9390270461097232,0.0,0.0,0.063,-1.6750389044446923
2016.0,315.0,0.5,0.0,0.0,0.0,0.0,0.0,0.0,0.0,5.659979332962941,0.9390270461097232,0.9390270461097232,0.0,0.0,0.063,-1.6750389044446923
2016.0,315.0,1.0,0.0,0.0,0.0,0.0,0.0,0.0,0.0,5.659979332962941,0.9390270461097232,0.9390270461097232,0.0,0.0,0.063,-1.6750389044446923
2016.0,315.0,1.5,0.0,0.0,0.0,0.0,0.0,0.0,0.0,5.659979332962941,0.9390270461097232,0.9390270461097232,0.0,0.0,0.063,-1.6750389044446923
2016.0,315.0,2.0,0.0,0.0,0.0,0.0,0.0,0.0,0.0,5.659979332962941,0.9390270461097232,0.9390270461097232,0.0,0.0,0.063,-1.6750389044446923
2016.0,315.0,2.5,0.0,0.0,0.0,0.0,0.0,0.0,0.0,5.659979332962941,0.9390270461097232,0.9390270461097232,0.0,0.0,0.063,-1.6750389044446923
2016.0,315.0,3.0,0.0,0.0,0.0,0.0,0.0,0.0,0.0,5.659979332962941,0.9390270461097232,0.9390270461097232,0.0,0.0,0.063,-1.6750389044446923
2016.0,315.0,3.5,0.0,0.0,0.0,0.0,0.0,0.0,0.0,5.659979332962941,0.9390270461097232,0.9390270461097232,0.0,0.0,0.063,-1.6750389044446923
2016.0,315.0,4.0,0.0,0.0,0.0,0.0,0.0,0.0,0.0,5.659979332962941,0.9390270461097232,0.9390270461097232,0.0,0.0,0.063,-1.6750389044446923
2016.0,315.0,4.5,0.0,0.0,0.0,0.0,0.0,0.0,0.0,5.659979332962941,0.9390270461097232,0.9390270461097232,0.0,0.0,0.063,-1.6750389044446923
2016,315,5.0,-2.3749754020490634,0.4760506559376799,20.541223334841554,0.0025034161704783017,-1.7047580480941358,17.386443563158004,False,5.659979332962941,0.9390270461097232,0.9390270461097232,0.0,0.0,0.063,-1.6750389044446923
2016,315,5.5,-1.6340616935240309,0.5483285564256546,22.995296414315998,0.013465618834690298,-1.7047580480941358,17.711349053889528,False,5.659979332962941,0.9390270461097232,0.9390270461097232,0.0,0.0,0.063,-1.6750389044446923
2016,315,6.0,-1.6017428628933956,0.6846226245541979,23.526076162874485,0.17287275669756208,-1.7047580480941358,18.404211931896185,False,5.659979332962941,0.9390270461097232,0.9390270461097232,0.0,0.0,0.063,-1.6750389044446923
2016,315,6.5,0.04688804952649317,0.7272536843726188,24.376297177679284,0.17554403808758706,-1.893089327608766,19.09343499689074,False,5.552434987014947,0.9208106080089093,0.9208106080089093,0.0,0.00205581357244739,0.062,-1.8643213520376791
2016,315,7.0,2.6535675244204846,0.7599327599537266,26.47283757720838,0.10497593365989402,-1.893089327608766,19.77616783941017,False,5.552434987014947,0.9208106080089093,0.9208106080089093,0.0,0.006255242155966732,0.062,-1.8643213520376791
2016,315,7.5,9.495220719688078,1.7991176113856475,33.71363604355464,0.42510977210843687,-1.9506252787509397,20.439133187556532,False,5.552434987014947,0.9147128617889623,0.9147128617889623,0.0,0.016280970814118043,0.062,-1.8643213520376791
2016,315,8.0,18.354905767154783,3.6287877042326184,41.14192433298365,0.848979766811675,-1.853353766341354,21.046399778758044,False,5.659979332962941,0.924876294588467,0.924876294588467,0.0,0.03199280251662505,0.063,-1.6750389044446923
2016,315,8.5,25.45488442397375,6.401974333801153,40.991810331879904,1.255830506353364,-2.180769083319635,22.7983105481365,False,5.552434987014947,0.887842819361946,0.887842819361946,0.0,0.050076875919962405,0.062,-1.8643213520376791
2016,315,9.0,31.29742313507326,6.7645718493908165,39.78230351034766,0.9455801685223593,-2.2095370588907217,24.038899085735316,False,5.552434987014947,0.8842079726939557,0.8842079726939557,0.0,0.06666036108664515,0.062,-1.8643213520376791
2016,315,9.5,30.664134729479628,7.687241396659751,39.434778053779695,0.7932964128948434,-2.2383050344618085,25.68564388839718,False,5.552434987014947,0.880512586747292,0.880512586747292,0.0,0.06351222661865702,0.062,-1.8643213520376791
2016,315,10.0,17.8522802364576,6.612930766820039,40.004020186391614,0.450040212217819,-2.180769083319635,26.288187522418575,False,5.552434987014947,0.887842819361946,0.887842819361946,0.0,0.03420162584656712,0.062,-1.8643213520376791
2016,315,10.5,21.39027343188298,6.645258763707378,38.829546610321486,0.2847270572129572,-2.2095370588907217,27.329113302651457,False,5.552434987014947,0.8842079726939557,0.8842079726939557,0.0,0.04345593936614609,0.062,-1.8643213520376791
2016,315,11.0,2.5607588759997633,5.936995895845051,25.935547286682368,0.2177765400611587,-2.152001107748548,27.70376442256493,False,5.552434987014947,0.8914168391273866,0.8914168391273866,0.0,0.011339170251051342,0.062,-1.8643213520376791
2016,315,11.5,15.691987938084567,4.6820168982157355,35.14769246492902,0.15758954392466062,-2.094465156606374,29.366332834018166,False,5.552434987014947,0.8983813709745655,0.8983813709745655,0.0,0.03110299022056484,0.062,-1.8643213520376791
2016,315,12.0,17.729771577371665,4.659639553018815,32.35445669735571,0.12959810300719446,-2.1940871960099084,30.72421720642351,False,5.486581126664495,0.8861676145769677,0.8861676145769677,0.0,0.040793123389424035,0.0615,-1.9681160423062827
2016,315,12.5,0.021949548501305927,3.852221916713074,22.73592294875455,0.044235245180440454,-2.272446651841946,30.22267795050265,False,5.411134002275945,0.8760488045913365,0.8760488045913365,0.0,0.008616563392459992,0.061,-2.0786085639674976
2016,315,13.0,1.3220873265675386,4.924504092764937,23.258345290797248,0.09326900310708403,-2.3278289626632174,30.300287854740013,False,5.411134002275945,0.8686290178853886,0.8686290178853886,0.0,0.010642426243604073,0.061,-2.0786085639674976
2016,315,13.5,5.072359589439663,3.516271628827163,22.881886780157803,0.03636013591166611,-2.244755496431311,30.64510276641662,False,5.411134002275945,0.8796757159051151,0.8796757159051151,0.0,0.020277026466319435,0.061,-2.0786085639674976
2016.0,315.0,14.0,0.0,0.0,0.0,0.0,0.0,0.0,0.0,5.411134002275945,0.8796757159051151,0.8796757159051151,0.0,0.021814934687285528,0.061,-2.0786085639674976
2016.0,315.0,14.5,0.0,0.0,0.0,0.0,0.0,0.0,0.0,5.411134002275945,0.8796757159051151,0.8796757159051151,0.0,0.038589729534504826,0.061,-2.0786085639674976
2016,315,15.0,-1.4006912041806614,1.9273734382376728,16.509287896042377,0.026474372732389267,-2.1893731856100396,31.761292051834133,False,5.411134002275945,0.8867620502658491,0.8867620502658491,0.0,0.009897677300795247,0.061,-2.0786085639674976
2016.0,315.0,15.5,0.0,0.0,0.0,0.0,0.0,0.0,0.0,5.411134002275945,0.8867620502658491,0.8867620502658491,0.0,0.0,0.06,-2.321697907845493
2016.0,315.0,16.0,0.0,0.0,0.0,0.0,0.0,0.0,0.0,5.411134002275945,0.8867620502658491,0.8867620502658491,0.0,0.00022076642786388002,0.06,-2.321697907845493
2016.0,315.0,16.5,0.0,0.0,0.0,0.0,0.0,0.0,0.0,5.411134002275945,0.8867620502658491,0.8867620502658491,0.0,0.0003897162703075074,0.06,-2.321697907845493
2016.0,315.0,17.0,0.0,0.0,0.0,0.0,0.0,0.0,0.0,5.411134002275945,0.8867620502658491,0.8867620502658491,0.0,0.0,0.06,-2.321697907845493
2016.0,315.0,17.5,0.0,0.0,0.0,0.0,0.0,0.0,0.0,5.411134002275945,0.8867620502658491,0.8867620502658491,0.0,0.0,0.06,-2.321697907845493
2016.0,315.0,18.0,0.0,0.0,0.0,0.0,0.0,0.0,0.0,5.411134002275945,0.8867620502658491,0.8867620502658491,0.0,0.0,0.06,-2.321697907845493
2016.0,315.0,18.5,0.0,0.0,0.0,0.0,0.0,0.0,0.0,5.411134002275945,0.8867620502658491,0.8867620502658491,0.0,0.0,0.06,-2.321697907845493
2016.0,315.0,19.0,0.0,0.0,0.0,0.0,0.0,0.0,0.0,5.411134002275945,0.8867620502658491,0.8867620502658491,0.0,0.0,0.06,-2.321697907845493
2016.0,315.0,19.5,0.0,0.0,0.0,0.0,0.0,0.0,0.0,5.411134002275945,0.8867620502658491,0.8867620502658491,0.0,0.0,0.06,-2.321697907845493
2016.0,315.0,20.0,0.0,0.0,0.0,0.0,0.0,0.0,0.0,5.411134002275945,0.8867620502658491,0.8867620502658491,0.0,0.0,0.06,-2.321697907845493
2016.0,315.0,20.5,0.0,0.0,0.0,0.0,0.0,0.0,0.0,5.411134002275945,0.8867620502658491,0.8867620502658491,0.0,0.0,0.06,-2.321697907845493
2016.0,315.0,21.0,0.0,0.0,0.0,0.0,0.0,0.0,0.0,5.411134002275945,0.8867620502658491,0.8867620502658491,0.0,0.0,0.06,-2.321697907845493
2016.0,315.0,21.5,0.0,0.0,0.0,0.0,0.0,0.0,0.0,5.411134002275945,0.8867620502658491,0.8867620502658491,0.0,0.0,0.06,-2.321697907845493
2016.0,315.0,22.0,0.0,0.0,0.0,0.0,0.0,0.0,0.0,5.411134002275945,0.8867620502658491,0.8867620502658491,0.0,0.0,0.06,-2.321697907845493
2016.0,315.0,22.5,0.0,0.0,0.0,0.0,0.0,0.0,0.0,5.411134002275945,0.8867620502658491,0.8867620502658491,0.0,0.0,0.06,-2.321697907845493
2016.0,315.0,23.0,0.0,0.0,0.0,0.0,0.0,0.0,0.0,5.411134002275945,0.8867620502658491,0.8867620502658491,0.0,0.0,0.06,-2.321697907845493
2016.0,315.0,23.5,0.0,0.0,0.0,0.0,0.0,0.0,0.0,5.411134002275945,0.8867620502658491,0.8867620502658491,0.0,0.0,0.06,-2.321697907845493
2016.0,316.0,0.0,0.0,0.0,0.0,0.0,0.0,0.0,0.0,5.411134002275945,0.8867620502658491,0.8867620502658491,0.0,0.0,0.06,-2.321697907845493
2016.0,316.0,0.5,0.0,0.0,0.0,0.0,0.0,0.0,0.0,5.411134002275945,0.8867620502658491,0.8867620502658491,0.0,0.0,0.06,-2.321697907845493
2016.0,316.0,1.0,0.0,0.0,0.0,0.0,0.0,0.0,0.0,5.411134002275945,0.8867620502658491,0.8867620502658491,0.0,0.0,0.06,-2.321697907845493
2016.0,316.0,1.5,0.0,0.0,0.0,0.0,0.0,0.0,0.0,5.411134002275945,0.8867620502658491,0.8867620502658491,0.0,0.0,0.06,-2.321697907845493
2016.0,316.0,2.0,0.0,0.0,0.0,0.0,0.0,0.0,0.0,5.411134002275945,0.8867620502658491,0.8867620502658491,0.0,0.0,0.06,-2.321697907845493
2016.0,316.0,2.5,0.0,0.0,0.0,0.0,0.0,0.0,0.0,5.411134002275945,0.8867620502658491,0.8867620502658491,0.0,0.0,0.06,-2.321697907845493
2016.0,316.0,3.0,0.0,0.0,0.0,0.0,0.0,0.0,0.0,5.411134002275945,0.8867620502658491,0.8867620502658491,0.0,0.0,0.06,-2.321697907845493
2016.0,316.0,3.5,0.0,0.0,0.0,0.0,0.0,0.0,0.0,5.411134002275945,0.8867620502658491,0.8867620502658491,0.0,0.0,0.06,-2.321697907845493
2016.0,316.0,4.0,0.0,0.0,0.0,0.0,0.0,0.0,0.0,5.411134002275945,0.8867620502658491,0.8867620502658491,0.0,0.0,0.06,-2.321697907845493
2016.0,316.0,4.5,0.0,0.0,0.0,0.0,0.0,0.0,0.0,5.411134002275945,0.8867620502658491,0.8867620502658491,0.0,0.0,0.06,-2.321697907845493
2016.0,316.0,5.0,0.0,0.0,0.0,0.0,0.0,0.0,0.0,5.411134002275945,0.8867620502658491,0.8867620502658491,0.0,0.0,0.06,-2.321697907845493
2016,316,5.5,-1.5910820456582009,0.6648094918585717,22.586261474165383,0.01303445206109271,-2.3481675087642793,19.202676597508002,False,5.226028143620038,0.8658490471366778,0.8658490471366778,0.0,0.0,0.06,-2.321697907845493
2016,316,6.0,4.511492565772539,0.8845232823218278,38.631314480171234,0.13393312436584687,-2.3746371096830656,20.04972274950731,False,5.226028143620038,0.8621870540400817,0.8621870540400817,0.0,0.004675262795685799,0.06,-2.321697907845493
2016,316,6.5,6.15473819283698,3.061892445538164,42.461218723306395,0.7745762227192903,-2.4805155133582106,21.59897798230272,False,5.226028143620038,0.8470481333884223,0.8470481333884223,0.0,0.007048781238413022,0.06,-2.321697907845493
2016,316,7.0,8.811523640398978,3.56077507573904,42.19207086029623,0.786695316212031,-2.506985114276997,21.6082736471514,False,5.226028143620038,0.8431425491492565,0.8431425491492565,0.0,0.009403393794382209,0.06,-2.321697907845493
2016,316,7.5,2.53843196965893,4.074077519281089,27.896063715118977,1.1279772752109423,-2.5334547151957834,22.08003469349435,False,5.226028143620038,0.8391894356207134,0.8391894356207134,0.0,0.0046712041478852865,0.06,-2.321697907845493
2016,316,8.0,12.388327687882596,4.413836704308966,41.357249870228024,0.5703956568220665,-2.5599243161145697,23.56696943731614,False,5.226028143620038,0.8351892282065867,0.8351892282065867,0.0,0.014176050529447683,0.06,-2.321697907845493
2016,316,8.5,13.497072914332756,4.016286557562045,40.620403703001244,0.4831107260172511,-2.5334547151957834,22.83592152322078,False,5.226028143620038,0.8391894356207134,0.8391894356207134,0.0,0.014567305920438556,0.06,-2.321697907845493
2016,316,9.0,20.66147274232239,4.965950071218089,38.10267148722934,0.3703331604140764,-2.739180426024728,25.986324701097057,False,5.113313526777013,0.8068964228943882,0.8068964228943882,0.0,0.026599349806812826,0.0595,-2.4554056988372195
2016,316,9.5,23.459629065504455,5.95737893638845,36.78020643228649,0.3325522672540671,-2.92409337282055,26.452897551994027,False,4.984915479919241,0.7756414579817368,0.7756414579817368,0.0,0.03135207951170087,0.059,-2.5980411333999887
2016,316,10.0,14.0581192033891,5.710519173368604,39.53277709313005,0.19430723140819273,-2.92409337282055,26.80209826632457,False,4.984915479919241,0.7756414579817368,0.7756414579817368,0.0,0.018207874580459686,0.059,-2.5980411333999887
2016,316,10.5,18.49109322922397,6.8122275163317765,38.42041609878774,0.20480001909444828,-2.9742552558083286,28.077095236295087,False,4.984915479919241,0.7668268265318353,0.7668268265318353,0.0,0.025671430115749877,0.059,-2.5980411333999887
2016,316,11.0,2.0270133499938905,6.798347610067262,25.501292854732387,0.1965112065998873,-2.9742552558083286,27.924576937683874,False,4.984915479919241,0.7668268265318353,0.7668268265318353,0.0,0.00717490030577413,0.059,-2.5980411333999887
2016,316,11.5,18.13278830798844,6.336045253670961,37.192285517661034,0.1501150944331376,-2.9491743143144395,28.981938867216776,False,4.984915479919241,0.7712512915401957,0.7712512915401957,0.0,0.026695562578081825,0.059,-2.5980411333999887
2016,316,12.0,20.010472359819445,5.544069249624046,32.04162492952737,0.1455597512714912,-2.899012431326661,30.5722511362752,False,4.984915479919241,0.7799967523776593,0.7799967523776593,0.0,0.03682817082449581,0.059,-2.5980411333999887
2016,316,12.5,0.2061303922929949,5.68834423655494,23.6457039966609,0.10634600324164048,-3.090706336647642,30.48488397998128,False,4.839037572972991,0.7458518912076655,0.7458518912076655,0.0,0.007028135042083339,0.0585,-2.750283687153001
2016,316,13.0,11.718867189884847,6.0597418898341555,38.142089569746716,0.11616712918487951,-3.2888531167539305,30.76737047735685,False,4.673849528078996,0.7086687245642125,0.7086687245642125,0.0,0.019861145527725953,0.058,-2.912871007557862
2016,316,13.5,13.524958316687774,7.664152223877312,38.6733140215027,0.1536214150732697,-3.382848644052948,30.896746862795013,False,4.673849528078996,0.6904515224030522,0.6904515224030522,0.0,0.02274679817436419,0.058,-2.912871007557862
2016,316,14.0,9.587341040752724,7.729219532456165,37.00916597623189,0.1740126696485863,-3.382848644052948,30.604487600051932,False,4.673849528078996,0.6904515224030522,0.6904515224030522,0.0,0.011734236542152462,0.058,-2.912871007557862
2016,316,14.5,12.736756804401027,7.898416419273645,39.64663858599438,0.20733387046502244,-3.4063475258777025,29.98005925832952,False,4.673849528078996,0.6858455458831787,0.6858455458831787,0.0,0.01542760127121468,0.058,-2.912871007557862
2016.0,316.0,15.0,0.0,0.0,0.0,0.0,0.0,0.0,0.0,4.673849528078996,0.6858455458831787,0.6858455458831787,0.0,0.013468305112960774,0.058,-2.912871007557862
2016.0,316.0,15.5,0.0,0.0,0.0,0.0,0.0,0.0,0.0,4.673849528078996,0.6858455458831787,0.6858455458831787,0.0,0.001442061340203638,0.058,-2.912871007557862
2016.0,316.0,16.0,0.0,0.0,0.0,0.0,0.0,0.0,0.0,4.673849528078996,0.6858455458831787,0.6858455458831787,0.0,0.0005071740776657026,0.0575,-3.0866044568329984
2016.0,316.0,16.5,0.0,0.0,0.0,0.0,0.0,0.0,0.0,4.673849528078996,0.6858455458831787,0.6858455458831787,0.0,0.0,0.057,-3.272355237598531
2016.0,316.0,17.0,0.0,0.0,0.0,0.0,0.0,0.0,0.0,4.673849528078996,0.6858455458831787,0.6858455458831787,0.0,0.0,0.057,-3.272355237598531
2016.0,316.0,17.5,0.0,0.0,0.0,0.0,0.0,0.0,0.0,4.673849528078996,0.6858455458831787,0.6858455458831787,0.0,0.0,0.057,-3.272355237598531
2016.0,316.0,18.0,0.0,0.0,0.0,0.0,0.0,0.0,0.0,4.673849528078996,0.6858455458831787,0.6858455458831787,0.0,0.0,0.057,-3.272355237598531
2016.0,316.0,18.5,0.0,0.0,0.0,0.0,0.0,0.0,0.0,4.673849528078996,0.6858455458831787,0.6858455458831787,0.0,0.0,0.057,-3.272355237598531
2016.0,316.0,19.0,0.0,0.0,0.0,0.0,0.0,0.0,0.0,4.673849528078996,0.6858455458831787,0.6858455458831787,0.0,0.0,0.057,-3.272355237598531
2016.0,316.0,19.5,0.0,0.0,0.0,0.0,0.0,0.0,0.0,4.673849528078996,0.6858455458831787,0.6858455458831787,0.0,0.0,0.057,-3.272355237598531
2016.0,316.0,20.0,0.0,0.0,0.0,0.0,0.0,0.0,0.0,4.673849528078996,0.6858455458831787,0.6858455458831787,0.0,0.0,0.057,-3.272355237598531
2016.0,316.0,20.5,0.0,0.0,0.0,0.0,0.0,0.0,0.0,4.673849528078996,0.6858455458831787,0.6858455458831787,0.0,0.0,0.057,-3.272355237598531
2016.0,316.0,21.0,0.0,0.0,0.0,0.0,0.0,0.0,0.0,4.673849528078996,0.6858455458831787,0.6858455458831787,0.0,0.0,0.057,-3.272355237598531
2016.0,316.0,21.5,0.0,0.0,0.0,0.0,0.0,0.0,0.0,4.673849528078996,0.6858455458831787,0.6858455458831787,0.0,0.0,0.057,-3.272355237598531
2016.0,316.0,22.0,0.0,0.0,0.0,0.0,0.0,0.0,0.0,4.673849528078996,0.6858455458831787,0.6858455458831787,0.0,0.0,0.057,-3.272355237598531
2016.0,316.0,22.5,0.0,0.0,0.0,0.0,0.0,0.0,0.0,4.673849528078996,0.6858455458831787,0.6858455458831787,0.0,0.0,0.057,-3.272355237598531
2016.0,316.0,23.0,0.0,0.0,0.0,0.0,0.0,0.0,0.0,4.673849528078996,0.6858455458831787,0.6858455458831787,0.0,0.0,0.057,-3.272355237598531
2016.0,316.0,23.5,0.0,0.0,0.0,0.0,0.0,0.0,0.0,4.673849528078996,0.6858455458831787,0.6858455458831787,0.0,0.0,0.057,-3.272355237598531
2016.0,317.0,0.0,0.0,0.0,0.0,0.0,0.0,0.0,0.0,4.673849528078996,0.6858455458831787,0.6858455458831787,0.0,0.0,0.057,-3.272355237598531
2016.0,317.0,0.5,0.0,0.0,0.0,0.0,0.0,0.0,0.0,4.673849528078996,0.6858455458831787,0.6858455458831787,0.0,0.0,0.057,-3.272355237598531
2016.0,317.0,1.0,0.0,0.0,0.0,0.0,0.0,0.0,0.0,4.673849528078996,0.6858455458831787,0.6858455458831787,0.0,0.0,0.057,-3.272355237598531
2016.0,317.0,1.5,0.0,0.0,0.0,0.0,0.0,0.0,0.0,4.673849528078996,0.6858455458831787,0.6858455458831787,0.0,0.0,0.057,-3.272355237598531
2016.0,317.0,2.0,0.0,0.0,0.0,0.0,0.0,0.0,0.0,4.673849528078996,0.6858455458831787,0.6858455458831787,0.0,0.0,0.057,-3.272355237598531
2016.0,317.0,2.5,0.0,0.0,0.0,0.0,0.0,0.0,0.0,4.673849528078996,0.6858455458831787,0.6858455458831787,0.0,0.0,0.057,-3.272355237598531
2016.0,317.0,3.0,0.0,0.0,0.0,0.0,0.0,0.0,0.0,4.673849528078996,0.6858455458831787,0.6858455458831787,0.0,0.0,0.057,-3.272355237598531
2016.0,317.0,3.5,0.0,0.0,0.0,0.0,0.0,0.0,0.0,4.673849528078996,0.6858455458831787,0.6858455458831787,0.0,0.0,0.057,-3.272355237598531
2016.0,317.0,4.0,0.0,0.0,0.0,0.0,0.0,0.0,0.0,4.673849528078996,0.6858455458831787,0.6858455458831787,0.0,0.0,0.057,-3.272355237598531
2016.0,317.0,4.5,0.0,0.0,0.0,0.0,0.0,0.0,0.0,4.673849528078996,0.6858455458831787,0.6858455458831787,0.0,0.0,0.057,-3.272355237598531
2016.0,317.0,5.0,0.0,0.0,0.0,0.0,0.0,0.0,0.0,4.673849528078996,0.6858455458831787,0.6858455458831787,0.0,0.0,0.057,-3.272355237598531
2016.0,317.0,5.5,0.0,0.0,0.0,0.0,0.0,0.0,0.0,4.673849528078996,0.6858455458831787,0.6858455458831787,0.0,0.0,0.057,-3.272355237598531
2016.0,317.0,6.0,0.0,0.0,0.0,0.0,0.0,0.0,0.0,4.673849528078996,0.6858455458831787,0.6858455458831787,0.0,0.0,0.057,-3.272355237598531
2016.0,317.0,6.5,0.0,0.0,0.0,0.0,0.0,0.0,0.0,4.673849528078996,0.6858455458831787,0.6858455458831787,0.0,0.0,0.057,-3.272355237598531
2016,317,7.0,-1.5136232305015924,0.8636319514979184,22.948371110296534,0.026491762503007926,-3.337432522820925,21.70953297587396,False,4.278562860784596,0.6992960425331983,0.6992960425331983,0.0,0.0006024432778319157,0.057,-3.272355237598531
2016,317,7.5,-1.077935711703443,0.8261315336009248,23.051699328004883,0.06668386479958963,-3.31574009441346,22.011022400954545,False,4.278562860784596,0.7034927975582367,0.7034927975582367,0.0,0.0010513137921529417,0.057,-3.272355237598531
2016,317,8.0,3.3530086751848662,1.1397923255668148,24.931669710872097,0.11294176766343166,-3.337432522820925,23.054717892714557,False,4.278562860784596,0.6992960425331983,0.6992960425331983,0.0,0.00465142795771478,0.057,-3.272355237598531
2016,317,8.5,5.662959958692409,1.397863156956396,27.240213591916522,0.14676575383336624,-3.3591249512283894,24.271751729932202,False,4.278562860784596,0.6950811986925017,0.6950811986925017,0.0,0.00723629720257999,0.057,-3.272355237598531
2016,317,9.0,18.482105026675455,3.789007560006277,39.94413587269416,0.4710980233423255,-3.5326643784881053,25.93939699264825,False,4.278562860784596,0.660768082004787,0.660768082004787,0.0,0.0179458458594369,0.057,-3.272355237598531
2016,317,9.5,28.28532066662124,6.967901126359991,38.675255248156645,0.5683429167450775,-3.7495886625627506,27.189596660704424,False,4.278562860784596,0.6166699910156048,0.6166699910156048,0.0,0.03119351874429429,0.057,-3.272355237598531
2016,317,10.0,17.911075366526426,8.75560339742332,40.3868559699944,0.5400097988154988,-3.879743233007537,27.975694711709693,False,4.278562860784596,0.5897617378861082,0.5897617378861082,0.0,0.018895999197189088,0.057,-3.272355237598531
2016,317,10.5,20.331505005793154,8.68146156627431,38.63744823717716,0.4327352651072014,-3.879743233007537,29.57436151602679,False,4.278562860784596,0.5897617378861082,0.5897617378861082,0.0,0.023869077137171037,0.057,-3.272355237598531
2016,317,11.0,-1.818184899275527,7.763928991273172,23.996249923952625,0.23542584864886307,-3.814665947785144,30.577184696249507,False,4.278562860784596,0.603247940939062,0.603247940939062,0.0,0.004349968728217889,0.057,-3.272355237598531
2016,317,11.5,14.754169901523095,6.634528207754855,37.83875010712056,0.1411958020012919,-3.947029853850636,33.12444574839615,False,4.045530868976135,0.5757651851901222,0.5757651851901222,0.0,0.023364606652493288,0.0565,-3.471071168355371
2016,317,12.0,13.627472702894556,6.443710094789126,37.20266779871116,0.11925336831826289,-4.194032787156711,34.51243173284206,False,3.7876869319601627,0.524178490846648,0.524178490846648,0.0,0.021252707417116823,0.056,-3.6837841843144643
2016.0,317.0,12.5,0.0,0.0,0.0,0.0,0.0,0.0,0.0,3.7876869319601627,0.524178490846648,0.524178490846648,0.0,0.002800047337495046,0.056,-3.6837841843144643
2016.0,317.0,13.0,0.0,0.0,0.0,0.0,0.0,0.0,0.0,3.7876869319601627,0.524178490846648,0.524178490846648,0.0,0.010929302320238102,0.056,-3.6837841843144643
2016.0,317.0,13.5,0.0,0.0,0.0,0.0,0.0,0.0,0.0,3.7876869319601627,0.524178490846648,0.524178490846648,0.0,0.003944086408904913,0.056,-3.6837841843144643
2016.0,317.0,14.0,0.0,0.0,0.0,0.0,0.0,0.0,0.0,3.7876869319601627,0.524178490846648,0.524178490846648,0.0,0.006920212781703329,0.056,-3.6837841843144643
2016,317,14.5,6.841250697240014,4.268866577072677,33.050729334584005,0.057999669715356326,-4.017408270788241,37.29107433083931,False,3.7876869319601627,0.5610851334061289,0.5610851334061289,0.0,0.01779305262105683,0.056,-3.6837841843144643
2016.0,317.0,15.0,0.0,0.0,0.0,0.0,0.0,0.0,0.0,3.7876869319601627,0.5610851334061289,0.5610851334061289,0.0,0.003477984076736189,0.0555,-3.9116186486462903
2016.0,317.0,15.5,0.0,0.0,0.0,0.0,0.0,0.0,0.0,3.7876869319601627,0.5610851334061289,0.5610851334061289,0.0,0.000149250138748242,0.056,-3.6837841843144643
2016.0,317.0,16.0,0.0,0.0,0.0,0.0,0.0,0.0,0.0,3.7876869319601627,0.5610851334061289,0.5610851334061289,0.0,0.0,0.0555,-3.9116186486462903
2016.0,317.0,16.5,0.0,0.0,0.0,0.0,0.0,0.0,0.0,3.7876869319601627,0.5610851334061289,0.5610851334061289,0.0,0.0,0.055,-4.155800570083817
2016.0,317.0,17.0,0.0,0.0,0.0,0.0,0.0,0.0,0.0,3.7876869319601627,0.5610851334061289,0.5610851334061289,0.0,0.0,0.055,-4.155800570083817
2016.0,317.0,17.5,0.0,0.0,0.0,0.0,0.0,0.0,0.0,3.7876869319601627,0.5610851334061289,0.5610851334061289,0.0,0.0,0.055,-4.155800570083817
2016.0,317.0,18.0,0.0,0.0,0.0,0.0,0.0,0.0,0.0,3.7876869319601627,0.5610851334061289,0.5610851334061289,0.0,0.0,0.055,-4.155800570083817
2016.0,317.0,18.5,0.0,0.0,0.0,0.0,0.0,0.0,0.0,3.7876869319601627,0.5610851334061289,0.5610851334061289,0.0,0.0,0.055,-4.155800570083817
2016.0,317.0,19.0,0.0,0.0,0.0,0.0,0.0,0.0,0.0,3.7876869319601627,0.5610851334061289,0.5610851334061289,0.0,0.0,0.055,-4.155800570083817
2016.0,317.0,19.5,0.0,0.0,0.0,0.0,0.0,0.0,0.0,3.7876869319601627,0.5610851334061289,0.5610851334061289,0.0,0.0,0.055,-4.155800570083817
2016.0,317.0,20.0,0.0,0.0,0.0,0.0,0.0,0.0,0.0,3.7876869319601627,0.5610851334061289,0.5610851334061289,0.0,0.0,0.055,-4.155800570083817
2016.0,317.0,20.5,0.0,0.0,0.0,0.0,0.0,0.0,0.0,3.7876869319601627,0.5610851334061289,0.5610851334061289,0.0,0.0,0.055,-4.155800570083817
2016.0,317.0,21.0,0.0,0.0,0.0,0.0,0.0,0.0,0.0,3.7876869319601627,0.5610851334061289,0.5610851334061289,0.0,0.0,0.055,-4.155800570083817
2016.0,317.0,21.5,0.0,0.0,0.0,0.0,0.0,0.0,0.0,3.7876869319601627,0.5610851334061289,0.5610851334061289,0.0,0.0,0.055,-4.155800570083817
2016.0,317.0,22.0,0.0,0.0,0.0,0.0,0.0,0.0,0.0,3.7876869319601627,0.5610851334061289,0.5610851334061289,0.0,0.0,0.055,-4.155800570083817
2016.0,317.0,22.5,0.0,0.0,0.0,0.0,0.0,0.0,0.0,3.7876869319601627,0.5610851334061289,0.5610851334061289,0.0,0.0,0.055,-4.155800570083817
2016.0,317.0,23.0,0.0,0.0,0.0,0.0,0.0,0.0,0.0,3.7876869319601627,0.5610851334061289,0.5610851334061289,0.0,0.0,0.055,-4.155800570083817
2016.0,317.0,23.5,0.0,0.0,0.0,0.0,0.0,0.0,0.0,3.7876869319601627,0.5610851334061289,0.5610851334061289,0.0,0.0,0.055,-4.155800570083817
2016.0,318.0,0.0,0.0,0.0,0.0,0.0,0.0,0.0,0.0,3.7876869319601627,0.5610851334061289,0.5610851334061289,0.0,0.0,0.055,-4.155800570083817
2016.0,318.0,0.5,0.0,0.0,0.0,0.0,0.0,0.0,0.0,3.7876869319601627,0.5610851334061289,0.5610851334061289,0.0,0.0,0.055,-4.155800570083817
2016.0,318.0,1.0,0.0,0.0,0.0,0.0,0.0,0.0,0.0,3.7876869319601627,0.5610851334061289,0.5610851334061289,0.0,0.0,0.055,-4.155800570083817
2016.0,318.0,1.5,0.0,0.0,0.0,0.0,0.0,0.0,0.0,3.7876869319601627,0.5610851334061289,0.5610851334061289,0.0,0.0,0.055,-4.155800570083817
2016.0,318.0,2.0,0.0,0.0,0.0,0.0,0.0,0.0,0.0,3.7876869319601627,0.5610851334061289,0.5610851334061289,0.0,0.0,0.055,-4.155800570083817
2016.0,318.0,2.5,0.0,0.0,0.0,0.0,0.0,0.0,0.0,3.7876869319601627,0.5610851334061289,0.5610851334061289,0.0,0.0,0.055,-4.155800570083817
2016.0,318.0,3.0,0.0,0.0,0.0,0.0,0.0,0.0,0.0,3.7876869319601627,0.5610851334061289,0.5610851334061289,0.0,0.0,0.055,-4.155800570083817
2016.0,318.0,3.5,0.0,0.0,0.0,0.0,0.0,0.0,0.0,3.7876869319601627,0.5610851334061289,0.5610851334061289,0.0,0.0,0.055,-4.155800570083817
2016.0,318.0,4.0,0.0,0.0,0.0,0.0,0.0,0.0,0.0,3.7876869319601627,0.5610851334061289,0.5610851334061289,0.0,0.0,0.055,-4.155800570083817
2016.0,318.0,4.5,0.0,0.0,0.0,0.0,0.0,0.0,0.0,3.7876869319601627,0.5610851334061289,0.5610851334061289,0.0,0.0,0.055,-4.155800570083817
2016,318,5.0,-1.9373259377243377,0.6534111322761443,9.67844920600892,4.3150079131434724e-07,-4.207559583962211,16.251555422898832,False,3.1986630838619625,0.5213538390982783,0.5213538390982783,0.0,0.0,0.055,-4.155800570083817
2016,318,5.5,-1.100002221693322,0.8652912199248444,23.892960517211062,0.0838155786224612,-4.2248125885883425,16.524741356799147,False,3.1986630838619625,0.5177523917433926,0.5177523917433926,0.0,0.0,0.055,-4.155800570083817
2016,318,6.0,8.867965719664628,1.6829930608781738,34.84035307471132,0.20997440882117385,-4.311077611719,19.390580888619052,False,3.1986630838619625,0.49977583226447614,0.49977583226447614,0.0,0.00210146787011661,0.055,-4.155800570083817
2016,318,6.5,14.07099788888801,2.3108379215017463,33.396249836489844,0.13304611324055016,-4.362836625597394,21.457048879043256,False,3.1986630838619625,0.48902359145341134,0.48902359145341134,0.0,0.0041295433551088705,0.055,-4.155800570083817
2016,318,7.0,19.081523797546957,5.026139369801471,35.66623900237994,0.2632618356216342,-4.6216316949893645,22.593833269036814,False,3.1986630838619625,0.4358980011807995,0.4358980011807995,0.0,0.0057530730162578024,0.055,-4.155800570083817
2016,318,7.5,17.170029318874267,6.6265705112023,37.797077443957626,0.2546407767557662,-4.794161741250679,24.390254212785784,False,3.1986630838619625,0.4013456877845314,0.4013456877845314,0.0,0.004840555260928629,0.055,-4.155800570083817
2016,318,8.0,12.63124370095533,7.640969168924023,40.006012710688225,0.2856703829835657,-4.914932773633599,25.403567299551018,False,3.1986630838619625,0.3777117384146088,0.3777117384146088,0.0,0.0036427680058221342,0.055,-4.155800570083817
2016,318,8.5,18.19582628599694,7.289627749811154,37.18737943323204,0.1757046299822025,-4.880426764381336,27.193513078421987,False,3.1986630838619625,0.3844126518797928,0.3844126518797928,0.0,0.005934401970539288,0.055,-4.155800570083817
2016,318,9.0,23.501689848824135,7.326163859917369,33.37432808541679,0.13643054045442787,-5.262333537398158,29.385627118620988,False,2.8711070742275546,0.3129277267760527,0.3129277267760527,0.0,0.011276322542963112,0.0545,-4.417667835177966
2016.0,318.0,9.5,0.0,0.0,0.0,0.0,0.0,0.0,0.0,2.8711070742275546,0.3129277267760527,0.3129277267760527,0.0,0.012393752665224553,0.054,-4.698681577596776
2016.0,318.0,10.0,0.0,0.0,0.0,0.0,0.0,0.0,0.0,2.8711070742275546,0.3129277267760527,0.3129277267760527,0.0,0.0069747553979200485,0.054,-4.698681577596776
2016.0,318.0,10.5,0.0,0.0,0.0,0.0,0.0,0.0,0.0,2.8711070742275546,0.3129277267760527,0.3129277267760527,0.0,0.005982620376987054,0.054,-4.698681577596776
2016.0,318.0,11.0,0.0,0.0,0.0,0.0,0.0,0.0,0.0,2.8711070742275546,0.3129277267760527,0.3129277267760527,0.0,0.0005876956047306701,0.054,-4.698681577596776
2016,318,11.5,9.794580935269945,3.5024318367158793,30.177743225669076,0.05955331259761812,-5.119905399101945,32.51764223011537,False,2.5266587700291314,0.3388583941832412,0.3388583941832412,0.0,0.005534978416424893,0.054,-4.698681577596776
2016.0,318.0,12.0,0.0,0.0,0.0,0.0,0.0,0.0,0.0,2.5266587700291314,0.3388583941832412,0.3388583941832412,0.0,0.00041174811047194943,0.054,-4.698681577596776
2016.0,318.0,12.5,0.0,0.0,0.0,0.0,0.0,0.0,0.0,2.5266587700291314,0.3388583941832412,0.3388583941832412,0.0,0.0005516150751630934,0.054,-4.698681577596776
2016,318,13.0,-0.36871367346687567,7.281843218476055,23.31115049474065,0.10758280346271872,-7.350185171987474,31.33129690440655,False,1.814484606410297,0.06343364102929154,0.06343364102929154,0.0,0.0015474353931512262,0.053,-5.3246865658933755
2016,318,13.5,0.0,0.0,0.0,0.0,0.0,0.0,False,1.814484606410297,0.05000000000000003,0.05000000000000003,0.0,0.0,0.053,-5.3246865658933755
2016,318,14.0,0.0,0.0,0.0,0.0,0.0,0.0,False,1.814484606410297,0.05000000000000003,0.05000000000000003,0.0,0.0,0.053,-5.3246865658933755
2016,318,14.5,0.0,0.0,0.0,0.0,0.0,0.0,False,1.814484606410297,0.05000000000000003,0.05000000000000003,0.0,0.0,0.053,-5.3246865658933755
2016,318,15.0,8.434339134503254,5.67429993692473,29.491828783562788,0.06944195422761404,-6.5650199819847055,29.243309550456818,False,1.814484606410297,0.12759713794516783,0.12759713794516783,0.0,0.0,0.053,-5.3246865658933755
2016.0,318.0,15.5,0.0,0.0,0.0,0.0,0.0,0.0,0.0,1.814484606410297,0.12759713794516783,0.12759713794516783,0.0,0.0,0.053,-5.3246865658933755
2016.0,318.0,16.0,0.0,0.0,0.0,0.0,0.0,0.0,0.0,1.814484606410297,0.12759713794516783,0.12759713794516783,0.0,0.0,0.053,-5.3246865658933755
2016.0,318.0,16.5,0.0,0.0,0.0,0.0,0.0,0.0,0.0,1.814484606410297,0.12759713794516783,0.12759713794516783,0.0,0.0,0.053,-5.3246865658933755
2016.0,318.0,17.0,0.0,0.0,0.0,0.0,0.0,0.0,0.0,1.814484606410297,0.12759713794516783,0.12759713794516783,0.0,0.0,0.053,-5.3246865658933755
2016.0,318.0,17.5,0.0,0.0,0.0,0.0,0.0,0.0,0.0,1.814484606410297,0.12759713794516783,0.12759713794516783,0.0,0.0,0.0525,-5.67333745760483
2016.0,318.0,18.0,0.0,0.0,0.0,0.0,0.0,0.0,0.0,1.814484606410297,0.12759713794516783,0.12759713794516783,0.0,0.0,0.052,-6.048487305117891
2016.0,318.0,18.5,0.0,0.0,0.0,0.0,0.0,0.0,0.0,1.814484606410297,0.12759713794516783,0.12759713794516783,0.0,0.0,0.052,-6.048487305117891
2016.0,318.0,19.0,0.0,0.0,0.0,0.0,0.0,0.0,0.0,1.814484606410297,0.12759713794516783,0.12759713794516783,0.0,0.0,0.052,-6.048487305117891
2016.0,318.0,19.5,0.0,0.0,0.0,0.0,0.0,0.0,0.0,1.814484606410297,0.12759713794516783,0.12759713794516783,0.0,0.0,0.052,-6.048487305117891
2016.0,318.0,20.0,0.0,0.0,0.0,0.0,0.0,0.0,0.0,1.814484606410297,0.12759713794516783,0.12759713794516783,0.0,0.0,0.052,-6.048487305117891
2016.0,318.0,20.5,0.0,0.0,0.0,0.0,0.0,0.0,0.0,1.814484606410297,0.12759713794516783,0.12759713794516783,0.0,0.0,0.052,-6.048487305117891
2016.0,318.0,21.0,0.0,0.0,0.0,0.0,0.0,0.0,0.0,1.814484606410297,0.12759713794516783,0.12759713794516783,0.0,0.0,0.052,-6.048487305117891
2016.0,318.0,21.5,0.0,0.0,0.0,0.0,0.0,0.0,0.0,1.814484606410297,0.12759713794516783,0.12759713794516783,0.0,0.0,0.052,-6.048487305117891
2016.0,318.0,22.0,0.0,0.0,0.0,0.0,0.0,0.0,0.0,1.814484606410297,0.12759713794516783,0.12759713794516783,0.0,0.0,0.052,-6.048487305117891
2016.0,318.0,22.5,0.0,0.0,0.0,0.0,0.0,0.0,0.0,1.814484606410297,0.12759713794516783,0.12759713794516783,0.0,0.0,0.052,-6.048487305117891
2016.0,318.0,23.0,0.0,0.0,0.0,0.0,0.0,0.0,0.0,1.814484606410297,0.12759713794516783,0.12759713794516783,0.0,0.0,0.052,-6.048487305117891
2016.0,318.0,23.5,0.0,0.0,0.0,0.0,0.0,0.0,0.0,1.814484606410297,0.12759713794516783,0.12759713794516783,0.0,0.0,0.052,-6.048487305117891
2016.0,319.0,0.0,0.0,0.0,0.0,0.0,0.0,0.0,0.0,1.814484606410297,0.12759713794516783,0.12759713794516783,0.0,0.0,0.052,-6.048487305117891
2016.0,319.0,0.5,0.0,0.0,0.0,0.0,0.0,0.0,0.0,1.814484606410297,0.12759713794516783,0.12759713794516783,0.0,0.0,0.052,-6.048487305117891
2016.0,319.0,1.0,0.0,0.0,0.0,0.0,0.0,0.0,0.0,1.814484606410297,0.12759713794516783,0.12759713794516783,0.0,0.0,0.052,-6.048487305117891
2016.0,319.0,1.5,0.0,0.0,0.0,0.0,0.0,0.0,0.0,1.814484606410297,0.12759713794516783,0.12759713794516783,0.0,0.0,0.052,-6.048487305117891
2016.0,319.0,2.0,0.0,0.0,0.0,0.0,0.0,0.0,0.0,1.814484606410297,0.12759713794516783,0.12759713794516783,0.0,0.0,0.052,-6.048487305117891
2016.0,319.0,2.5,0.0,0.0,0.0,0.0,0.0,0.0,0.0,1.814484606410297,0.12759713794516783,0.12759713794516783,0.0,0.0,0.052,-6.048487305117891
2016.0,319.0,3.0,0.0,0.0,0.0,0.0,0.0,0.0,0.0,1.814484606410297,0.12759713794516783,0.12759713794516783,0.0,0.0,0.052,-6.048487305117891
2016.0,319.0,3.5,0.0,0.0,0.0,0.0,0.0,0.0,0.0,1.814484606410297,0.12759713794516783,0.12759713794516783,0.0,0.0,0.052,-6.048487305117891
2016.0,319.0,4.0,0.0,0.0,0.0,0.0,0.0,0.0,0.0,1.814484606410297,0.12759713794516783,0.12759713794516783,0.0,0.0,0.052,-6.048487305117891
2016.0,319.0,4.5,0.0,0.0,0.0,0.0,0.0,0.0,0.0,1.814484606410297,0.12759713794516783,0.12759713794516783,0.0,0.0,0.052,-6.048487305117891
2016,319,5.0,-2.8284555502456845,0.8366079603837929,19.398848812297913,0.0020510275835935233,-6.265263753338243,19.260023494101684,False,1.1365260456957729,0.16131306887333258,0.16131306887333258,0.0,0.0,0.052,-6.048487305117891
2016,319,5.5,-1.7464656987793667,0.8396165019128637,20.45719852202603,0.008312186208020053,-6.265263753338243,19.579385429532117,False,1.1365260456957729,0.16131306887333258,0.16131306887333258,0.0,0.0,0.052,-6.048487305117891
2016,319,6.0,-1.1817642697058006,0.4190375103248573,15.73971616701466,0.00695438853804021,-6.149133513220197,19.96608912138779,False,1.1365260456957729,0.17583561691807512,0.17583561691807512,0.0,0.0,0.052,-6.048487305117891
2016,319,6.5,-0.4591886932533371,0.6827393335339506,19.140088670978386,0.01624374852240079,-6.218811657291025,20.19402317185301,False,1.1365260456957729,0.16702362646241595,0.16702362646241595,0.0,0.0,0.052,-6.048487305117891
2016.0,319.0,7.0,0.0,0.0,0.0,0.0,0.0,0.0,0.0,1.1365260456957729,0.16702362646241595,0.16702362646241595,0.0,0.0,0.052,-6.048487305117891
2016,319,7.5,6.230349547628035,0.5020788212829633,18.651664276547734,0.02061693952507242,-6.172359561243806,22.824734435861743,False,1.1365260456957729,0.1728654567744553,0.1728654567744553,0.0,0.0,0.052,-6.048487305117891
2016,319,8.0,5.806944002907931,2.4342258906687535,25.09258444368787,0.053791571365764,-6.814946889896995,24.871384756213473,False,1.1365260456957729,0.10353744966146902,0.10353744966146902,0.0,0.0,0.052,-6.048487305117891
2016,319,8.5,0.0,0.0,0.0,0.0,0.0,0.0,False,1.1365260456957729,0.05000000000000003,0.05000000000000003,0.0,0.0,0.052,-6.048487305117891
2016,319,9.0,0.0,0.0,0.0,0.0,0.0,0.0,False,1.1365260456957729,0.05000000000000003,0.05000000000000003,0.0,0.0,0.052,-6.048487305117891
2016,319,9.5,0.0,0.0,0.0,0.0,0.0,0.0,False,1.1365260456957729,0.05000000000000003,0.05000000000000003,0.0,0.0,0.052,-6.048487305117891
2016,319,10.0,0.0,0.0,0.0,0.0,0.0,0.0,False,1.1365260456957729,0.05000000000000003,0.05000000000000003,0.0,0.0,0.052,-6.048487305117891
2016,319,10.5,0.0,0.0,0.0,0.0,0.0,0.0,False,0.8392563293780803,0.05000000000000003,0.05000000000000003,0.0,0.0,0.0515,-6.452434612407716
2016,319,11.0,0.0,0.0,0.0,0.0,0.0,0.0,False,0.584232973397601,0.05000000000000003,0.05000000000000003,0.0,0.0,0.051,-6.8877024241280935
2016,319,11.5,0.0,0.0,0.0,0.0,0.0,0.0,False,0.584232973397601,0.05000000000000003,0.05000000000000003,0.0,0.0,0.051,-6.8877024241280935
2016,319,12.0,0.0,0.0,0.0,0.0,0.0,0.0,False,0.584232973397601,0.05000000000000003,0.05000000000000003,0.0,0.0,0.051,-6.8877024241280935
2016,319,12.5,0.0,0.0,0.0,0.0,0.0,0.0,False,0.584232973397601,0.05000000000000003,0.05000000000000003,0.0,0.0,0.051,-6.8877024241280935
2016,319,13.0,0.0,0.0,0.0,0.0,0.0,0.0,False,0.584232973397601,0.05000000000000003,0.05000000000000003,0.0,0.0,0.051,-6.8877024241280935
2016,319,13.5,0.0,0.0,0.0,0.0,0.0,0.0,False,0.584232973397601,0.05000000000000003,0.05000000000000003,0.0,0.0,0.051,-6.8877024241280935
2016,319,14.0,0.0,0.0,0.0,0.0,0.0,0.0,False,0.584232973397601,0.05000000000000003,0.05000000000000003,0.0,0.0,0.051,-6.8877024241280935
2016,319,14.5,0.0,0.0,0.0,0.0,0.0,0.0,False,0.584232973397601,0.05000000000000003,0.05000000000000003,0.0,0.0,0.051,-6.8877024241280935
2016,319,15.0,0.0,0.0,0.0,0.0,0.0,0.0,False,0.584232973397601,0.05000000000000003,0.05000000000000003,0.0,0.0,0.051,-6.8877024241280935
2016.0,319.0,15.5,0.0,0.0,0.0,0.0,0.0,0.0,0.0,0.584232973397601,0.05000000000000003,0.05000000000000003,0.0,0.0,0.05,-7.863564046704504
2016.0,319.0,16.0,0.0,0.0,0.0,0.0,0.0,0.0,0.0,0.584232973397601,0.05000000000000003,0.05000000000000003,0.0,0.0,0.05,-7.863564046704504
2016.0,319.0,16.5,0.0,0.0,0.0,0.0,0.0,0.0,0.0,0.584232973397601,0.05000000000000003,0.05000000000000003,0.0,0.0,0.05,-7.863564046704504
2016.0,319.0,17.0,0.0,0.0,0.0,0.0,0.0,0.0,0.0,0.584232973397601,0.05000000000000003,0.05000000000000003,0.0,0.0,0.05,-7.863564046704504
2016.0,319.0,17.5,0.0,0.0,0.0,0.0,0.0,0.0,0.0,0.584232973397601,0.05000000000000003,0.05000000000000003,0.0,0.0,0.05,-7.863564046704504
2016.0,319.0,18.0,0.0,0.0,0.0,0.0,0.0,0.0,0.0,0.584232973397601,0.05000000000000003,0.05000000000000003,0.0,0.0,0.05,-7.863564046704504
2016.0,319.0,18.5,0.0,0.0,0.0,0.0,0.0,0.0,0.0,0.584232973397601,0.05000000000000003,0.05000000000000003,0.0,0.0,0.05,-7.863564046704504
2016.0,319.0,19.0,0.0,0.0,0.0,0.0,0.0,0.0,0.0,0.584232973397601,0.05000000000000003,0.05000000000000003,0.0,0.0,0.05,-7.863564046704504
2016.0,319.0,19.5,0.0,0.0,0.0,0.0,0.0,0.0,0.0,0.584232973397601,0.05000000000000003,0.05000000000000003,0.0,0.0,0.05,-7.863564046704504
2016.0,319.0,20.0,0.0,0.0,0.0,0.0,0.0,0.0,0.0,0.584232973397601,0.05000000000000003,0.05000000000000003,0.0,0.0,0.05,-7.863564046704504
2016.0,319.0,20.5,0.0,0.0,0.0,0.0,0.0,0.0,0.0,0.584232973397601,0.05000000000000003,0.05000000000000003,0.0,0.0,0.05,-7.863564046704504
2016.0,319.0,21.0,0.0,0.0,0.0,0.0,0.0,0.0,0.0,0.584232973397601,0.05000000000000003,0.05000000000000003,0.0,0.0,0.05,-7.863564046704504
2016.0,319.0,21.5,0.0,0.0,0.0,0.0,0.0,0.0,0.0,0.584232973397601,0.05000000000000003,0.05000000000000003,0.0,0.0,0.05,-7.863564046704504
2016.0,319.0,22.0,0.0,0.0,0.0,0.0,0.0,0.0,0.0,0.584232973397601,0.05000000000000003,0.05000000000000003,0.0,0.0,0.05,-7.863564046704504
2016.0,319.0,22.5,0.0,0.0,0.0,0.0,0.0,0.0,0.0,0.584232973397601,0.05000000000000003,0.05000000000000003,0.0,0.0,0.05,-7.863564046704504
2016.0,319.0,23.0,0.0,0.0,0.0,0.0,0.0,0.0,0.0,0.584232973397601,0.05000000000000003,0.05000000000000003,0.0,0.0,0.05,-7.863564046704504
2016.0,319.0,23.5,0.0,0.0,0.0,0.0,0.0,0.0,0.0,0.584232973397601,0.05000000000000003,0.05000000000000003,0.0,0.0,0.05,-7.863564046704504
2016.0,320.0,0.0,0.0,0.0,0.0,0.0,0.0,0.0,0.0,0.584232973397601,0.05000000000000003,0.05000000000000003,0.0,0.0,0.05,-7.863564046704504
2016.0,320.0,0.5,0.0,0.0,0.0,0.0,0.0,0.0,0.0,0.584232973397601,0.05000000000000003,0.05000000000000003,0.0,0.0,0.05,-7.863564046704504
2016.0,320.0,1.0,0.0,0.0,0.0,0.0,0.0,0.0,0.0,0.584232973397601,0.05000000000000003,0.05000000000000003,0.0,0.0,0.05,-7.863564046704504
2016.0,320.0,1.5,0.0,0.0,0.0,0.0,0.0,0.0,0.0,0.584232973397601,0.05000000000000003,0.05000000000000003,0.0,0.0,0.05,-7.863564046704504
2016.0,320.0,2.0,0.0,0.0,0.0,0.0,0.0,0.0,0.0,0.584232973397601,0.05000000000000003,0.05000000000000003,0.0,0.0,0.05,-7.863564046704504
2016.0,320.0,2.5,0.0,0.0,0.0,0.0,0.0,0.0,0.0,0.584232973397601,0.05000000000000003,0.05000000000000003,0.0,0.0,0.05,-7.863564046704504
2016.0,320.0,3.0,0.0,0.0,0.0,0.0,0.0,0.0,0.0,0.584232973397601,0.05000000000000003,0.05000000000000003,0.0,0.0,0.05,-7.863564046704504
2016.0,320.0,3.5,0.0,0.0,0.0,0.0,0.0,0.0,0.0,0.584232973397601,0.05000000000000003,0.05000000000000003,0.0,0.0,0.05,-7.863564046704504
2016.0,320.0,4.0,0.0,0.0,0.0,0.0,0.0,0.0,0.0,0.584232973397601,0.05000000000000003,0.05000000000000003,0.0,0.0,0.05,-7.863564046704504
2016.0,320.0,4.5,0.0,0.0,0.0,0.0,0.0,0.0,0.0,0.584232973397601,0.05000000000000003,0.05000000000000003,0.0,0.0,0.051,-6.8877024241280935
2016,320,5.0,0.0,0.0,0.0,0.0,0.0,0.0,False,0.3787387708429918,0.05000000000000003,0.05000000000000003,0.0,0.0,0.0505,-7.357062769630571
2016,320,5.5,0.0,0.0,0.0,0.0,0.0,0.0,False,0.3787387708429918,0.05000000000000003,0.05000000000000003,0.0,0.0,0.0505,-7.357062769630571
2016,320,6.0,0.9820030207743828,0.8025165817333885,26.739182484203717,0.09580279473480525,-7.345933522883188,17.10662137518836,False,0.584232973397601,0.06369584295260572,0.06369584295260572,0.0,0.0,0.051,-6.8877024241280935
2016,320,6.5,0.0,0.0,0.0,0.0,0.0,0.0,False,0.584232973397601,0.05000000000000003,0.05000000000000003,0.0,0.0,0.051,-6.8877024241280935
2016,320,7.0,2.210915244199036,0.7847111270720192,26.057423128194007,0.16168115776634492,-7.331834104459954,18.41631079289575,False,0.584232973397601,0.06457139475082996,0.06457139475082996,0.0,0.0,0.051,-6.8877024241280935
2016,320,7.5,0.0,0.0,0.0,0.0,0.0,0.0,False,0.3787387708429918,0.05000000000000003,0.05000000000000003,0.0,0.0,0.0505,-7.357062769630571
2016.0,320.0,8.0,0.0,0.0,0.0,0.0,0.0,0.0,0.0,0.3787387708429918,0.05000000000000003,0.05000000000000003,0.0,0.0,0.05,-7.863564046704504
2016.0,320.0,8.5,0.0,0.0,0.0,0.0,0.0,0.0,0.0,0.3787387708429918,0.05000000000000003,0.05000000000000003,0.0,0.0,0.05,-7.863564046704504
2016.0,320.0,9.0,0.0,0.0,0.0,0.0,0.0,0.0,0.0,0.3787387708429918,0.05000000000000003,0.05000000000000003,0.0,0.0,0.05,-7.863564046704504
2016.0,320.0,9.5,0.0,0.0,0.0,0.0,0.0,0.0,0.0,0.3787387708429918,0.05000000000000003,0.05000000000000003,0.0,0.0,0.05,-7.863564046704504
2016.0,320.0,10.0,0.0,0.0,0.0,0.0,0.0,0.0,0.0,0.3787387708429918,0.05000000000000003,0.05000000000000003,0.0,0.0,0.05,-7.863564046704504
2016.0,320.0,10.5,0.0,0.0,0.0,0.0,0.0,0.0,0.0,0.3787387708429918,0.05000000000000003,0.05000000000000003,0.0,0.0,0.05,-7.863564046704504
2016.0,320.0,11.0,0.0,0.0,0.0,0.0,0.0,0.0,0.0,0.3787387708429918,0.05000000000000003,0.05000000000000003,0.0,0.0,0.05,-7.863564046704504
2016.0,320.0,11.5,0.0,0.0,0.0,0.0,0.0,0.0,0.0,0.3787387708429918,0.05000000000000003,0.05000000000000003,0.0,0.0,0.05,-7.863564046704504
2016.0,320.0,12.0,0.0,0.0,0.0,0.0,0.0,0.0,0.0,0.3787387708429918,0.05000000000000003,0.05000000000000003,0.0,0.0,0.05,-7.863564046704504
2016.0,320.0,12.5,0.0,0.0,0.0,0.0,0.0,0.0,0.0,0.3787387708429918,0.05000000000000003,0.05000000000000003,0.0,0.0,0.05,-7.863564046704504
2016.0,320.0,13.0,0.0,0.0,0.0,0.0,0.0,0.0,0.0,0.3787387708429918,0.05000000000000003,0.05000000000000003,0.0,0.0,0.05,-7.863564046704504
2016.0,320.0,13.5,0.0,0.0,0.0,0.0,0.0,0.0,0.0,0.3787387708429918,0.05000000000000003,0.05000000000000003,0.0,0.0,0.05,-7.863564046704504
2016.0,320.0,14.0,0.0,0.0,0.0,0.0,0.0,0.0,0.0,0.3787387708429918,0.05000000000000003,0.05000000000000003,0.0,0.0,0.0495,-8.213147767034087
2016.0,320.0,14.5,0.0,0.0,0.0,0.0,0.0,0.0,0.0,0.3787387708429918,0.05000000000000003,0.05000000000000003,0.0,0.0,0.049,-8.578272630895233
2016.0,320.0,15.0,0.0,0.0,0.0,0.0,0.0,0.0,0.0,0.3787387708429918,0.05000000000000003,0.05000000000000003,0.0,0.0,0.049,-8.578272630895233
2016.0,320.0,15.5,0.0,0.0,0.0,0.0,0.0,0.0,0.0,0.3787387708429918,0.05000000000000003,0.05000000000000003,0.0,0.0,0.049,-8.578272630895233
2016.0,320.0,16.0,0.0,0.0,0.0,0.0,0.0,0.0,0.0,0.3787387708429918,0.05000000000000003,0.05000000000000003,0.0,0.0,0.049,-8.578272630895233
2016.0,320.0,16.5,0.0,0.0,0.0,0.0,0.0,0.0,0.0,0.3787387708429918,0.05000000000000003,0.05000000000000003,0.0,0.0,0.049,-8.578272630895233
2016.0,320.0,17.0,0.0,0.0,0.0,0.0,0.0,0.0,0.0,0.3787387708429918,0.05000000000000003,0.05000000000000003,0.0,0.0,0.049,-8.578272630895233
2016.0,320.0,17.5,0.0,0.0,0.0,0.0,0.0,0.0,0.0,0.3787387708429918,0.05000000000000003,0.05000000000000003,0.0,0.0,0.049,-8.578272630895233
2016.0,320.0,18.0,0.0,0.0,0.0,0.0,0.0,0.0,0.0,0.3787387708429918,0.05000000000000003,0.05000000000000003,0.0,0.0,0.049,-8.578272630895233
2016.0,320.0,18.5,0.0,0.0,0.0,0.0,0.0,0.0,0.0,0.3787387708429918,0.05000000000000003,0.05000000000000003,0.0,0.0,0.049,-8.578272630895233
2016.0,320.0,19.0,0.0,0.0,0.0,0.0,0.0,0.0,0.0,0.3787387708429918,0.05000000000000003,0.05000000000000003,0.0,0.0,0.049,-8.578272630895233
2016.0,320.0,19.5,0.0,0.0,0.0,0.0,0.0,0.0,0.0,0.3787387708429918,0.05000000000000003,0.05000000000000003,0.0,0.0,0.049,-8.578272630895233
2016.0,320.0,20.0,0.0,0.0,0.0,0.0,0.0,0.0,0.0,0.3787387708429918,0.05000000000000003,0.05000000000000003,0.0,0.0,0.049,-8.578272630895233
2016.0,320.0,20.5,0.0,0.0,0.0,0.0,0.0,0.0,0.0,0.3787387708429918,0.05000000000000003,0.05000000000000003,0.0,0.0,0.049,-8.578272630895233
2016.0,320.0,21.0,0.0,0.0,0.0,0.0,0.0,0.0,0.0,0.3787387708429918,0.05000000000000003,0.05000000000000003,0.0,0.0,0.049,-8.578272630895233
2016.0,320.0,21.5,0.0,0.0,0.0,0.0,0.0,0.0,0.0,0.3787387708429918,0.05000000000000003,0.05000000000000003,0.0,0.0,0.049,-8.578272630895233
2016.0,320.0,22.0,0.0,0.0,0.0,0.0,0.0,0.0,0.0,0.3787387708429918,0.05000000000000003,0.05000000000000003,0.0,0.0,0.049,-8.578272630895233
2016.0,320.0,22.5,0.0,0.0,0.0,0.0,0.0,0.0,0.0,0.3787387708429918,0.05000000000000003,0.05000000000000003,0.0,0.0,0.049,-8.578272630895233
2016.0,320.0,23.0,0.0,0.0,0.0,0.0,0.0,0.0,0.0,0.3787387708429918,0.05000000000000003,0.05000000000000003,0.0,0.0,0.049,-8.578272630895233
2016.0,320.0,23.5,0.0,0.0,0.0,0.0,0.0,0.0,0.0,0.3787387708429918,0.05000000000000003,0.05000000000000003,0.0,0.0,0.049,-8.578272630895233
