year,doy,hod,A(pmax),E(pmax),Ci(pmax),gs(pmax),Pleaf(pmax),Tleaf(pmax),Rublim(pmax),ksc(pmax),VCsun(pmax),VCsha(pmax),Eci(pmax),Es(pmax),sw(pmax),Ps(pmax)
[-],[-],[h],[umol m-2 s-1],[mmol m-2 s-1],[Pa],[mol m-2 s-1],[MPa],[degC],[-],[mmol m-2 s-1 MPa-1],[-],[-],[mmol m-2 s-1],[mmol m-2 s-1],[m3 m-3],[MPa]
2016.0,303.0,0.0,0.0,0.0,0.0,0.0,0.0,0.0,0.0,6.010651,1.0,1.0,0.0,0.0,0.112,-0.03564977988411399
2016.0,303.0,0.5,0.0,0.0,0.0,0.0,0.0,0.0,0.0,6.010651,1.0,1.0,0.0,0.0,0.112,-0.03564977988411399
2016.0,303.0,1.0,0.0,0.0,0.0,0.0,0.0,0.0,0.0,6.010651,1.0,1.0,0.0,0.0,0.112,-0.03564977988411399
2016.0,303.0,1.5,0.0,0.0,0.0,0.0,0.0,0.0,0.0,6.010651,1.0,1.0,0.0,0.0,0.112,-0.03564977988411399
2016.0,303.0,2.0,0.0,0.0,0.0,0.0,0.0,0.0,0.0,6.010651,1.0,1.0,0.0,0.0,0.112,-0.03564977988411399
2016.0,303.0,2.5,0.0,0.0,0.0,0.0,0.0,0.0,0.0,6.010651,1.0,1.0,0.0,0.0,0.112,-0.03564977988411399
2016.0,303.0,3.0,0.0,0.0,0.0,0.0,0.0,0.0,0.0,6.010651,1.0,1.0,0.0,0.0,0.112,-0.03564977988411399
2016.0,303.0,3.5,0.0,0.0,0.0,0.0,0.0,0.0,0.0,6.010651,1.0,1.0,0.0,0.0,0.112,-0.03564977988411399
2016.0,303.0,4.0,0.0,0.0,0.0,0.0,0.0,0.0,0.0,6.010651,1.0,1.0,0.0,0.0,0.112,-0.03564977988411399
2016.0,303.0,4.5,0.0,0.0,0.0,0.0,0.0,0.0,0.0,6.010651,1.0,1.0,0.0,0.0,0.112,-0.03564977988411399
2016.0,303.0,5.0,0.0,0.0,0.0,0.0,0.0,0.0,0.0,6.010651,1.0,1.0,0.0,0.0,0.112,-0.03564977988411399
2016,303,5.5,-2.5922048473921433,0.37790970114893013,22.05228011326911,0.005897905976121068,-0.03564977988411399,18.544689563466484,False,6.01063392215407,0.999997158736062,0.999997158736062,0.0,0.0,0.112,-0.03564977988411399
2016,303,6.0,-2.137472170933276,0.40034290651200083,22.03369239247356,0.013010385422292813,-0.03564977988411399,18.933393730170565,False,6.01063392215407,0.999997158736062,0.999997158736062,0.0,0.0,0.112,-0.03564977988411399
2016,303,6.5,-1.6128698529691512,0.5060311913034732,22.49792527713077,0.026123071532788412,-0.0736070598378821,19.375315784805867,False,6.01063392215407,0.9999814616268387,0.9999814616268387,0.0,0.0,0.112,-0.03564977988411399
2016,303,7.0,-1.0532466172830786,0.33138822825249925,21.39569294660502,0.02467695653115285,-0.03673320302919571,19.53706559287219,False,6.010632546886653,0.9999969299309929,0.9999969299309929,0.0,0.003650374619603474,0.1115,-0.03673320302919571
2016,303,7.5,0.843066480547372,0.5677493064646207,23.40182491192973,0.05183327220926105,-0.07580084557015776,19.784423028216757,False,6.010631053928128,0.9999799982515537,0.9999799982515537,0.0,0.01866849096374706,0.111,-0.037854645342310235
2016,303,8.0,2.8048487489149796,0.7713798328590395,22.67630747748545,0.4071943943023353,-0.07580084557015776,21.023237763231513,False,6.010631053928128,0.9999799982515537,0.9999799982515537,0.0,0.04177000339175591,0.111,-0.037854645342310235
2016,303,8.5,3.0086254327729147,0.835345583313391,24.028637755785414,1.371643840365339,-0.07580084557015776,21.15846144735059,False,6.010631053928128,0.9999799982515537,0.9999799982515537,0.0,0.04456911876386062,0.111,-0.037854645342310235
2016.0,303.0,9.0,0.0,0.0,0.0,0.0,0.0,0.0,0.0,6.010631053928128,0.9999799982515537,0.9999799982515537,0.0,0.34953314992489865,0.111,-0.037854645342310235
2016.0,303.0,9.5,0.0,0.0,0.0,0.0,0.0,0.0,0.0,6.010631053928128,0.9999799982515537,0.9999799982515537,0.0,0.3371133478128862,0.111,-0.037854645342310235
2016.0,303.0,10.0,0.0,0.0,0.0,0.0,0.0,0.0,0.0,6.010631053928128,0.9999799982515537,0.9999799982515537,0.0,0.2216814912758102,0.111,-0.037854645342310235
2016.0,303.0,10.5,0.0,0.0,0.0,0.0,0.0,0.0,0.0,6.010631053928128,0.9999799982515537,0.9999799982515537,0.0,0.3070574843358294,0.111,-0.037854645342310235
2016.0,303.0,11.0,0.0,0.0,0.0,0.0,0.0,0.0,0.0,6.010631053928128,0.9999799982515537,0.9999799982515537,0.0,0.09219015438544031,0.111,-0.037854645342310235
2016.0,303.0,11.5,0.0,0.0,0.0,0.0,0.0,0.0,0.0,6.010631053928128,0.9999799982515537,0.9999799982515537,0.0,0.07485982086878933,0.111,-0.037854645342310235
2016.0,303.0,12.0,0.0,0.0,0.0,0.0,0.0,0.0,0.0,6.010631053928128,0.9999799982515537,0.9999799982515537,0.0,0.01974290856366594,0.111,-0.037854645342310235
2016.0,303.0,12.5,0.0,0.0,0.0,0.0,0.0,0.0,0.0,6.010631053928128,0.9999799982515537,0.9999799982515537,0.0,0.01083015316745983,0.11,-0.040217713132218724
2016.0,303.0,13.0,0.0,0.0,0.0,0.0,0.0,0.0,0.0,6.010631053928128,0.9999799982515537,0.9999799982515537,0.0,0.033236354612020506,0.11,-0.040217713132218724
2016,303,13.5,-2.3094247452288013,0.044306552378088615,10.19061413745596,0.0030671884775806567,-0.040217713132218724,26.292096364652732,False,6.01062767123044,0.999996118761585,0.999996118761585,0.0,0.06515875818366826,0.11,-0.040217713132218724
2016,303,14.0,0.8418828508017167,2.546261610368504,25.406220148628982,0.14865110805558898,-0.15402068967822502,24.497154865422612,False,6.01062767123044,0.9998747986717622,0.9998747986717622,0.0,0.039691762269428686,0.11,-0.040217713132218724
2016.0,303.0,14.5,0.0,0.0,0.0,0.0,0.0,0.0,0.0,6.01062767123044,0.9998747986717622,0.9998747986717622,0.0,0.005566401644582514,0.11,-0.040217713132218724
2016.0,303.0,15.0,0.0,0.0,0.0,0.0,0.0,0.0,0.0,6.01062767123044,0.9998747986717622,0.9998747986717622,0.0,0.0006936754898177936,0.11,-0.040217713132218724
2016,303,15.5,0.8661676883736145,1.1260580372319862,23.59541989731687,0.072255293578021,-0.07815203864755416,23.814895830564815,False,6.01062767123044,0.9999783534840815,0.9999783534840815,0.0,0.03672190360069857,0.11,-0.040217713132218724
2016,303,16.0,-1.057682289701755,0.9933264408936743,22.516566657214938,0.0551624878480684,-0.07815203864755416,23.98842915460674,False,6.01062767123044,0.9999783534840815,0.9999783534840815,0.0,0.02118336963740476,0.11,-0.040217713132218724
2016,303,16.5,-2.448811939209992,1.0418921714842964,22.79198347830907,0.05232813062403191,-0.07815203864755416,23.951877061020035,False,6.01062767123044,0.9999783534840815,0.9999783534840815,0.0,0.010420701674549662,0.11,-0.040217713132218724
2016.0,303.0,17.0,0.0,0.0,0.0,0.0,0.0,0.0,0.0,6.01062767123044,0.9999783534840815,0.9999783534840815,0.0,0.004038136298296049,0.11,-0.040217713132218724
2016.0,303.0,17.5,0.0,0.0,0.0,0.0,0.0,0.0,0.0,6.01062767123044,0.9999783534840815,0.9999783534840815,0.0,0.0,0.11,-0.040217713132218724
2016.0,303.0,18.0,0.0,0.0,0.0,0.0,0.0,0.0,0.0,6.01062767123044,0.9999783534840815,0.9999783534840815,0.0,0.0,0.109,-0.04275193063584228
2016.0,303.0,18.5,0.0,0.0,0.0,0.0,0.0,0.0,0.0,6.01062767123044,0.9999783534840815,0.9999783534840815,0.0,0.0,0.109,-0.04275193063584228
2016.0,303.0,19.0,0.0,0.0,0.0,0.0,0.0,0.0,0.0,6.01062767123044,0.9999783534840815,0.9999783534840815,0.0,0.0,0.109,-0.04275193063584228
2016.0,303.0,19.5,0.0,0.0,0.0,0.0,0.0,0.0,0.0,6.01062767123044,0.9999783534840815,0.9999783534840815,0.0,0.0,0.109,-0.04275193063584228
2016.0,303.0,20.0,0.0,0.0,0.0,0.0,0.0,0.0,0.0,6.01062767123044,0.9999783534840815,0.9999783534840815,0.0,0.0,0.109,-0.04275193063584228
2016.0,303.0,20.5,0.0,0.0,0.0,0.0,0.0,0.0,0.0,6.01062767123044,0.9999783534840815,0.9999783534840815,0.0,0.0,0.109,-0.04275193063584228
2016.0,303.0,21.0,0.0,0.0,0.0,0.0,0.0,0.0,0.0,6.01062767123044,0.9999783534840815,0.9999783534840815,0.0,0.0,0.109,-0.04275193063584228
2016.0,303.0,21.5,0.0,0.0,0.0,0.0,0.0,0.0,0.0,6.01062767123044,0.9999783534840815,0.9999783534840815,0.0,0.0,0.109,-0.04275193063584228
2016.0,303.0,22.0,0.0,0.0,0.0,0.0,0.0,0.0,0.0,6.01062767123044,0.9999783534840815,0.9999783534840815,0.0,0.0,0.109,-0.04275193063584228
2016.0,303.0,22.5,0.0,0.0,0.0,0.0,0.0,0.0,0.0,6.01062767123044,0.9999783534840815,0.9999783534840815,0.0,0.0,0.109,-0.04275193063584228
2016.0,303.0,23.0,0.0,0.0,0.0,0.0,0.0,0.0,0.0,6.01062767123044,0.9999783534840815,0.9999783534840815,0.0,0.0,0.109,-0.04275193063584228
2016.0,303.0,23.5,0.0,0.0,0.0,0.0,0.0,0.0,0.0,6.01062767123044,0.9999783534840815,0.9999783534840815,0.0,0.0,0.109,-0.04275193063584228
2016.0,304.0,0.0,0.0,0.0,0.0,0.0,0.0,0.0,0.0,6.01062767123044,0.9999783534840815,0.9999783534840815,0.0,0.0,0.109,-0.04275193063584228
2016.0,304.0,0.5,0.0,0.0,0.0,0.0,0.0,0.0,0.0,6.01062767123044,0.9999783534840815,0.9999783534840815,0.0,0.0,0.109,-0.04275193063584228
2016.0,304.0,1.0,0.0,0.0,0.0,0.0,0.0,0.0,0.0,6.01062767123044,0.9999783534840815,0.9999783534840815,0.0,0.0,0.109,-0.04275193063584228
2016.0,304.0,1.5,0.0,0.0,0.0,0.0,0.0,0.0,0.0,6.01062767123044,0.9999783534840815,0.9999783534840815,0.0,0.0,0.109,-0.04275193063584228
2016.0,304.0,2.0,0.0,0.0,0.0,0.0,0.0,0.0,0.0,6.01062767123044,0.9999783534840815,0.9999783534840815,0.0,0.0,0.109,-0.04275193063584228
2016.0,304.0,2.5,0.0,0.0,0.0,0.0,0.0,0.0,0.0,6.01062767123044,0.9999783534840815,0.9999783534840815,0.0,0.0,0.109,-0.04275193063584228
2016.0,304.0,3.0,0.0,0.0,0.0,0.0,0.0,0.0,0.0,6.01062767123044,0.9999783534840815,0.9999783534840815,0.0,0.0,0.109,-0.04275193063584228
2016.0,304.0,3.5,0.0,0.0,0.0,0.0,0.0,0.0,0.0,6.01062767123044,0.9999783534840815,0.9999783534840815,0.0,0.0,0.109,-0.04275193063584228
2016.0,304.0,4.0,0.0,0.0,0.0,0.0,0.0,0.0,0.0,6.01062767123044,0.9999783534840815,0.9999783534840815,0.0,0.0,0.109,-0.04275193063584228
2016.0,304.0,4.5,0.0,0.0,0.0,0.0,0.0,0.0,0.0,6.01062767123044,0.9999783534840815,0.9999783534840815,0.0,0.0,0.1085,-0.04408758946698625
2016,304,5.0,-2.5941174571959222,0.3293040829879568,10.59069810774865,2.419605192853676e-07,-0.04547143795776919,18.646698230866196,False,6.010618949404005,0.9999946676997226,0.9999946676997226,0.0,0.0,0.108,-0.04547143795776919
2016,304,5.5,-0.8621075513816795,0.5247366661037597,30.382190686514527,0.008436323013588449,-0.08337936284584055,19.418820062151433,False,6.010618949404005,0.999974406462005,0.999974406462005,0.0,0.0033922236921889357,0.108,-0.04547143795776919
2016,304,6.0,0.6374181314381189,0.7067600773727312,25.01217485605725,0.02406237281873971,-0.08337936284584055,20.31919482421422,False,6.010618949404005,0.999974406462005,0.999974406462005,0.0,0.01933736178389494,0.108,-0.04547143795776919
2016,304,6.5,2.320349777022393,0.9576734520358072,27.007234350506533,0.0430208986510259,-0.08337936284584055,22.02172060307661,False,6.010618949404005,0.999974406462005,0.999974406462005,0.0,0.03975448215293642,0.108,-0.04547143795776919
2016.0,304.0,7.0,0.0,0.0,0.0,0.0,0.0,0.0,0.0,6.010618949404005,0.999974406462005,0.999974406462005,0.0,0.0760740811424286,0.108,-0.04547143795776919
2016.0,304.0,7.5,0.0,0.0,0.0,0.0,0.0,0.0,0.0,6.010618949404005,0.999974406462005,0.999974406462005,0.0,0.1019690608808685,0.108,-0.04547143795776919
2016.0,304.0,8.0,0.0,0.0,0.0,0.0,0.0,0.0,0.0,6.010618949404005,0.999974406462005,0.999974406462005,0.0,0.10200028333608867,0.108,-0.04547143795776919
2016.0,304.0,8.5,0.0,0.0,0.0,0.0,0.0,0.0,0.0,6.010618949404005,0.999974406462005,0.999974406462005,0.0,0.14811243756859443,0.108,-0.04547143795776919
2016.0,304.0,9.0,0.0,0.0,0.0,0.0,0.0,0.0,0.0,6.010618949404005,0.999974406462005,0.999974406462005,0.0,0.1430985966407729,0.108,-0.04547143795776919
2016,304,9.5,7.757447214427634,4.499898003723315,29.233523738577034,1.379606617068124,-0.23501106239812597,26.957685380608947,False,6.010618949404005,0.9996264906389238,0.9996264906389238,0.0,0.12604130199741886,0.108,-0.04547143795776919
2016.0,304.0,10.0,0.0,0.0,0.0,0.0,0.0,0.0,0.0,6.010618949404005,0.9996264906389238,0.9996264906389238,0.0,0.14648868096969306,0.108,-0.04547143795776919
2016.0,304.0,10.5,0.0,0.0,0.0,0.0,0.0,0.0,0.0,6.010618949404005,0.9996264906389238,0.9996264906389238,0.0,0.1289368157557561,0.108,-0.04547143795776919
2016,304,11.0,2.6178361735346387,3.0093082096764436,24.057273482617198,0.11500456704116067,-0.19850832524435774,29.00105218992357,False,6.0106162686778735,0.9997586345619869,0.9997586345619869,0.0,0.09066865338488805,0.1075,-0.046905450055852886
2016.0,304.0,11.5,0.0,0.0,0.0,0.0,0.0,0.0,0.0,6.0106162686778735,0.9997586345619869,0.9997586345619869,0.0,0.09167233948103569,0.107,-0.048391690295205986
2016.0,304.0,12.0,0.0,0.0,0.0,0.0,0.0,0.0,0.0,6.0106162686778735,0.9997586345619869,0.9997586345619869,0.0,0.08675535213232541,0.107,-0.048391690295205986
2016,304,12.5,1.1425100665908587,5.323382023174249,25.39876598376277,0.061753945660952124,-0.27575119181446517,29.728274381007633,False,6.010613349638567,0.9994352242264815,0.9994352242264815,0.0,0.07405752003707436,0.107,-0.048391690295205986
2016,304,13.0,-0.647387874579374,5.496406994810801,24.44779726418195,0.06493119981304656,-0.31364444206767494,29.06094365024924,False,6.010613349638567,0.9992120555803398,0.9992120555803398,0.0,0.04717207480420496,0.107,-0.048391690295205986
2016,304,13.5,-1.4020280023186196,5.743497353323813,24.0551817655071,0.0651040730769324,-0.31364444206767494,29.08962024452734,False,6.010613349638567,0.9992120555803398,0.9992120555803398,0.0,0.037880093731498865,0.107,-0.048391690295205986
2016.0,304.0,14.0,0.0,0.0,0.0,0.0,0.0,0.0,0.0,6.010613349638567,0.9992120555803398,0.9992120555803398,0.0,0.03234795292551713,0.1065,-0.04993231840392216
2016,304,14.5,-1.3429982149639157,5.457765379761408,23.941677611221163,0.05489673082449642,-0.31667196741379317,29.096537210257747,False,6.010606704581266,0.9991922360113328,0.9991922360113328,0.0,0.03864280953940689,0.106,-0.05152959416956806
2016.0,304.0,15.0,0.0,0.0,0.0,0.0,0.0,0.0,0.0,6.010606704581266,0.9991922360113328,0.9991922360113328,0.0,0.016024592554375116,0.106,-0.05152959416956806
2016.0,304.0,15.5,0.0,0.0,0.0,0.0,0.0,0.0,0.0,6.010606704581266,0.9991922360113328,0.9991922360113328,0.0,0.0,0.106,-0.05152959416956806
2016.0,304.0,16.0,0.0,0.0,0.0,0.0,0.0,0.0,0.0,6.010606704581266,0.9991922360113328,0.9991922360113328,0.0,0.0,0.106,-0.05152959416956806
2016.0,304.0,16.5,0.0,0.0,0.0,0.0,0.0,0.0,0.0,6.010606704581266,0.9991922360113328,0.9991922360113328,0.0,0.0,0.106,-0.05152959416956806
2016.0,304.0,17.0,0.0,0.0,0.0,0.0,0.0,0.0,0.0,6.010606704581266,0.9991922360113328,0.9991922360113328,0.0,0.0,0.106,-0.05152959416956806
2016.0,304.0,17.5,0.0,0.0,0.0,0.0,0.0,0.0,0.0,6.010606704581266,0.9991922360113328,0.9991922360113328,0.0,0.0,0.106,-0.05152959416956806
2016.0,304.0,18.0,0.0,0.0,0.0,0.0,0.0,0.0,0.0,6.010606704581266,0.9991922360113328,0.9991922360113328,0.0,0.0,0.1055,-0.053185882577760246
2016.0,304.0,18.5,0.0,0.0,0.0,0.0,0.0,0.0,0.0,6.010606704581266,0.9991922360113328,0.9991922360113328,0.0,0.0,0.106,-0.05152959416956806
2016.0,304.0,19.0,0.0,0.0,0.0,0.0,0.0,0.0,0.0,6.010606704581266,0.9991922360113328,0.9991922360113328,0.0,0.0,0.106,-0.05152959416956806
2016.0,304.0,19.5,0.0,0.0,0.0,0.0,0.0,0.0,0.0,6.010606704581266,0.9991922360113328,0.9991922360113328,0.0,0.0,0.105,-0.05490365924070806
2016.0,304.0,20.0,0.0,0.0,0.0,0.0,0.0,0.0,0.0,6.010606704581266,0.9991922360113328,0.9991922360113328,0.0,0.0,0.105,-0.05490365924070806
2016.0,304.0,20.5,0.0,0.0,0.0,0.0,0.0,0.0,0.0,6.010606704581266,0.9991922360113328,0.9991922360113328,0.0,0.0,0.105,-0.05490365924070806
2016.0,304.0,21.0,0.0,0.0,0.0,0.0,0.0,0.0,0.0,6.010606704581266,0.9991922360113328,0.9991922360113328,0.0,0.0,0.105,-0.05490365924070806
2016.0,304.0,21.5,0.0,0.0,0.0,0.0,0.0,0.0,0.0,6.010606704581266,0.9991922360113328,0.9991922360113328,0.0,0.0,0.105,-0.05490365924070806
2016.0,304.0,22.0,0.0,0.0,0.0,0.0,0.0,0.0,0.0,6.010606704581266,0.9991922360113328,0.9991922360113328,0.0,0.0,0.105,-0.05490365924070806
2016.0,304.0,22.5,0.0,0.0,0.0,0.0,0.0,0.0,0.0,6.010606704581266,0.9991922360113328,0.9991922360113328,0.0,0.0,0.105,-0.05490365924070806
2016.0,304.0,23.0,0.0,0.0,0.0,0.0,0.0,0.0,0.0,6.010606704581266,0.9991922360113328,0.9991922360113328,0.0,0.0,0.105,-0.05490365924070806
2016.0,304.0,23.5,0.0,0.0,0.0,0.0,0.0,0.0,0.0,6.010606704581266,0.9991922360113328,0.9991922360113328,0.0,0.0,0.105,-0.05490365924070806
2016.0,305.0,0.0,0.0,0.0,0.0,0.0,0.0,0.0,0.0,6.010606704581266,0.9991922360113328,0.9991922360113328,0.0,0.0,0.105,-0.05490365924070806
2016.0,305.0,0.5,0.0,0.0,0.0,0.0,0.0,0.0,0.0,6.010606704581266,0.9991922360113328,0.9991922360113328,0.0,0.0,0.105,-0.05490365924070806
2016.0,305.0,1.0,0.0,0.0,0.0,0.0,0.0,0.0,0.0,6.010606704581266,0.9991922360113328,0.9991922360113328,0.0,0.0,0.105,-0.05490365924070806
2016.0,305.0,1.5,0.0,0.0,0.0,0.0,0.0,0.0,0.0,6.010606704581266,0.9991922360113328,0.9991922360113328,0.0,0.0,0.105,-0.05490365924070806
2016.0,305.0,2.0,0.0,0.0,0.0,0.0,0.0,0.0,0.0,6.010606704581266,0.9991922360113328,0.9991922360113328,0.0,0.0,0.105,-0.05490365924070806
2016.0,305.0,2.5,0.0,0.0,0.0,0.0,0.0,0.0,0.0,6.010606704581266,0.9991922360113328,0.9991922360113328,0.0,0.0,0.105,-0.05490365924070806
2016.0,305.0,3.0,0.0,0.0,0.0,0.0,0.0,0.0,0.0,6.010606704581266,0.9991922360113328,0.9991922360113328,0.0,0.0,0.105,-0.05490365924070806
2016.0,305.0,3.5,0.0,0.0,0.0,0.0,0.0,0.0,0.0,6.010606704581266,0.9991922360113328,0.9991922360113328,0.0,0.0,0.105,-0.05490365924070806
2016.0,305.0,4.0,0.0,0.0,0.0,0.0,0.0,0.0,0.0,6.010606704581266,0.9991922360113328,0.9991922360113328,0.0,0.0,0.105,-0.05490365924070806
2016.0,305.0,4.5,0.0,0.0,0.0,0.0,0.0,0.0,0.0,6.010606704581266,0.9991922360113328,0.9991922360113328,0.0,0.0,0.105,-0.05490365924070806
2016,305,5.0,-2.838582564891752,0.5664528491331019,6.800366371351503,2.015557191933119e-07,-0.09276418603188022,19.01612507567822,False,6.010598806365899,0.9999662739866642,0.9999662739866642,0.0,0.0,0.105,-0.05490365924070806
2016,305,5.5,-0.8079326061002032,0.8634306939959864,21.96632803172379,0.00821603436759946,-0.09276418603188022,17.773151171948957,False,6.010598806365899,0.9999662739866642,0.9999662739866642,0.0,0.0,0.105,-0.05490365924070806
2016.0,305.0,6.0,0.0,0.0,0.0,0.0,0.0,0.0,0.0,6.010598806365899,0.9999662739866642,0.9999662739866642,0.0,0.04572374443957685,0.104,-0.05853416765766311
2016.0,305.0,6.5,0.0,0.0,0.0,0.0,0.0,0.0,0.0,6.010598806365899,0.9999662739866642,0.9999662739866642,0.0,0.10683950826401487,0.104,-0.05853416765766311
2016.0,305.0,7.0,0.0,0.0,0.0,0.0,0.0,0.0,0.0,6.010598806365899,0.9999662739866642,0.9999662739866642,0.0,0.09543638344366431,0.104,-0.05853416765766311
2016.0,305.0,7.5,0.0,0.0,0.0,0.0,0.0,0.0,0.0,6.010598806365899,0.9999662739866642,0.9999662739866642,0.0,0.11607585353332159,0.104,-0.05853416765766311
2016.0,305.0,8.0,0.0,0.0,0.0,0.0,0.0,0.0,0.0,6.010598806365899,0.9999662739866642,0.9999662739866642,0.0,0.16998693867457576,0.104,-0.05853416765766311
2016.0,305.0,8.5,0.0,0.0,0.0,0.0,0.0,0.0,0.0,6.010598806365899,0.9999662739866642,0.9999662739866642,0.0,0.28598541614426193,0.104,-0.05853416765766311
2016.0,305.0,9.0,0.0,0.0,0.0,0.0,0.0,0.0,0.0,6.010598806365899,0.9999662739866642,0.9999662739866642,0.0,0.3306125080157569,0.104,-0.05853416765766311
2016.0,305.0,9.5,0.0,0.0,0.0,0.0,0.0,0.0,0.0,6.010598806365899,0.9999662739866642,0.9999662739866642,0.0,0.34344859715993664,0.1035,-0.06045245705084043
2016.0,305.0,10.0,0.0,0.0,0.0,0.0,0.0,0.0,0.0,6.010598806365899,0.9999662739866642,0.9999662739866642,0.0,0.24642567238940044,0.103,-0.0624433631667216
2016.0,305.0,10.5,0.0,0.0,0.0,0.0,0.0,0.0,0.0,6.010598806365899,0.9999662739866642,0.9999662739866642,0.0,0.3284137068334856,0.103,-0.0624433631667216
2016.0,305.0,11.0,0.0,0.0,0.0,0.0,0.0,0.0,0.0,6.010598806365899,0.9999662739866642,0.9999662739866642,0.0,0.19991062513287855,0.103,-0.0624433631667216
2016.0,305.0,11.5,0.0,0.0,0.0,0.0,0.0,0.0,0.0,6.010598806365899,0.9999662739866642,0.9999662739866642,0.0,0.1247894982253279,0.103,-0.0624433631667216
2016.0,305.0,12.0,0.0,0.0,0.0,0.0,0.0,0.0,0.0,6.010598806365899,0.9999662739866642,0.9999662739866642,0.0,0.15786632691607863,0.102,-0.06665566250405618
2016,305,12.5,-0.08798350064691007,9.072022648299265,25.01442966626891,0.1336342475576238,-0.4824718489863629,25.848642034223193,False,6.010564793914822,0.9976011036504203,0.9976011036504203,0.0,0.017857268308357013,0.102,-0.06665566250405618
2016,305,13.0,8.120889757993961,7.235949659642853,31.642486776641817,0.05871443777408521,-0.40686890598957987,27.49558491115196,False,6.010564793914822,0.9984557738333506,0.9984557738333506,0.0,0.10093833530110574,0.102,-0.06665566250405618
2016,305,13.5,6.151261336244831,6.898106905627294,28.91407061987146,0.060160786923139684,-0.36906743449118834,26.8099348979938,False,6.010564793914822,0.9987998720024465,0.9987998720024465,0.0,0.07442648722965467,0.102,-0.06665566250405618
2016,305,14.0,8.359899729483935,9.433470740879637,33.15262041199488,0.09160593735903874,-0.4845767835785378,26.209453675451233,False,6.010557140102328,0.9975739669787113,0.9975739669787113,0.0,0.08559175350705545,0.1015,-0.06888375816279445
2016.0,305.0,14.5,0.0,0.0,0.0,0.0,0.0,0.0,0.0,6.010557140102328,0.9975739669787113,0.9975739669787113,0.0,0.2311662414897653,0.101,-0.07119789195244307
2016.0,305.0,15.0,0.0,0.0,0.0,0.0,0.0,0.0,0.0,6.010557140102328,0.9975739669787113,0.9975739669787113,0.0,0.1475614984270022,0.101,-0.07119789195244307
2016.0,305.0,15.5,0.0,0.0,0.0,0.0,0.0,0.0,0.0,6.010557140102328,0.9975739669787113,0.9975739669787113,0.0,0.0,0.101,-0.07119789195244307
2016,305,16.0,-1.2677514313053249,2.7590127295217504,23.229883445236204,0.032671965416898284,-0.1845338306267877,20.786807357849163,False,6.01054876381481,0.9998001667511797,0.9998001667511797,0.0,0.0,0.101,-0.07119789195244307
2016,305,16.5,-1.5209888724494922,3.5548445972492004,23.77526403307492,0.03951870660157192,-0.22231247685156919,20.015461309202358,False,6.01054876381481,0.9996764798857085,0.9996764798857085,0.0,0.0,0.101,-0.07119789195244307
2016,305,17.0,-2.0183064094899126,2.6955122834812597,23.392189927011614,0.021665419259894306,-0.18690153541099244,18.971570082082994,False,6.010539592761296,0.9997934665376974,0.9997934665376974,0.0,0.0,0.1005,-0.07360183711599791
2016,305,17.5,-2.0762276579305077,2.2700586347255087,23.313011754120055,0.011558102490085495,-0.18936159664363322,17.9083754237543,False,6.01052954700364,0.9997863608690861,0.9997863608690861,0.0,0.0,0.1,-0.07609955234709746
2016.0,305.0,18.0,0.0,0.0,0.0,0.0,0.0,0.0,0.0,6.01052954700364,0.9997863608690861,0.9997863608690861,0.0,0.0,0.1,-0.07609955234709746
2016.0,305.0,18.5,0.0,0.0,0.0,0.0,0.0,0.0,0.0,6.01052954700364,0.9997863608690861,0.9997863608690861,0.0,0.0,0.1,-0.07609955234709746
2016.0,305.0,19.0,0.0,0.0,0.0,0.0,0.0,0.0,0.0,6.01052954700364,0.9997863608690861,0.9997863608690861,0.0,0.0,0.1,-0.07609955234709746
2016.0,305.0,19.5,0.0,0.0,0.0,0.0,0.0,0.0,0.0,6.01052954700364,0.9997863608690861,0.9997863608690861,0.0,0.0,0.1,-0.07609955234709746
2016.0,305.0,20.0,0.0,0.0,0.0,0.0,0.0,0.0,0.0,6.01052954700364,0.9997863608690861,0.9997863608690861,0.0,0.0,0.1,-0.07609955234709746
2016.0,305.0,20.5,0.0,0.0,0.0,0.0,0.0,0.0,0.0,6.01052954700364,0.9997863608690861,0.9997863608690861,0.0,0.0,0.1,-0.07609955234709746
2016.0,305.0,21.0,0.0,0.0,0.0,0.0,0.0,0.0,0.0,6.01052954700364,0.9997863608690861,0.9997863608690861,0.0,0.0,0.1,-0.07609955234709746
2016.0,305.0,21.5,0.0,0.0,0.0,0.0,0.0,0.0,0.0,6.01052954700364,0.9997863608690861,0.9997863608690861,0.0,0.0,0.1,-0.07609955234709746
2016.0,305.0,22.0,0.0,0.0,0.0,0.0,0.0,0.0,0.0,6.01052954700364,0.9997863608690861,0.9997863608690861,0.0,0.0,0.1,-0.07609955234709746
2016.0,305.0,22.5,0.0,0.0,0.0,0.0,0.0,0.0,0.0,6.01052954700364,0.9997863608690861,0.9997863608690861,0.0,0.0,0.1,-0.07609955234709746
2016.0,305.0,23.0,0.0,0.0,0.0,0.0,0.0,0.0,0.0,6.01052954700364,0.9997863608690861,0.9997863608690861,0.0,0.0,0.1,-0.07609955234709746
2016.0,305.0,23.5,0.0,0.0,0.0,0.0,0.0,0.0,0.0,6.01052954700364,0.9997863608690861,0.9997863608690861,0.0,0.0,0.1,-0.07609955234709746
2016.0,306.0,0.0,0.0,0.0,0.0,0.0,0.0,0.0,0.0,6.01052954700364,0.9997863608690861,0.9997863608690861,0.0,0.0,0.1,-0.07609955234709746
2016.0,306.0,0.5,0.0,0.0,0.0,0.0,0.0,0.0,0.0,6.01052954700364,0.9997863608690861,0.9997863608690861,0.0,0.0,0.099,-0.08139311628306982
2016.0,306.0,1.0,0.0,0.0,0.0,0.0,0.0,0.0,0.0,6.01052954700364,0.9997863608690861,0.9997863608690861,0.0,0.0,0.099,-0.08139311628306982
2016.0,306.0,1.5,0.0,0.0,0.0,0.0,0.0,0.0,0.0,6.01052954700364,0.9997863608690861,0.9997863608690861,0.0,0.0,0.099,-0.08139311628306982
2016.0,306.0,2.0,0.0,0.0,0.0,0.0,0.0,0.0,0.0,6.01052954700364,0.9997863608690861,0.9997863608690861,0.0,0.0,0.099,-0.08139311628306982
2016.0,306.0,2.5,0.0,0.0,0.0,0.0,0.0,0.0,0.0,6.01052954700364,0.9997863608690861,0.9997863608690861,0.0,0.0,0.099,-0.08139311628306982
2016.0,306.0,3.0,0.0,0.0,0.0,0.0,0.0,0.0,0.0,6.01052954700364,0.9997863608690861,0.9997863608690861,0.0,0.0,0.099,-0.08139311628306982
2016.0,306.0,3.5,0.0,0.0,0.0,0.0,0.0,0.0,0.0,6.01052954700364,0.9997863608690861,0.9997863608690861,0.0,0.0,0.099,-0.08139311628306982
2016.0,306.0,4.0,0.0,0.0,0.0,0.0,0.0,0.0,0.0,6.01052954700364,0.9997863608690861,0.9997863608690861,0.0,0.0,0.099,-0.08139311628306982
2016.0,306.0,4.5,0.0,0.0,0.0,0.0,0.0,0.0,0.0,6.01052954700364,0.9997863608690861,0.9997863608690861,0.0,0.0,0.099,-0.08139311628306982
2016,306,5.0,-0.4279234892834769,0.12836344972739924,27.51682877862578,1.6213927090774776e-07,-0.08139311628306982,6.301487024212179,False,6.010506468168368,0.999975954046969,0.999975954046969,0.0,0.0,0.099,-0.08139311628306982
2016.0,306.0,5.5,0.0,0.0,0.0,0.0,0.0,0.0,0.0,6.010506468168368,0.999975954046969,0.999975954046969,0.0,0.0,0.099,-0.08139311628306982
2016.0,306.0,6.0,0.0,0.0,0.0,0.0,0.0,0.0,0.0,6.010506468168368,0.999975954046969,0.999975954046969,0.0,0.030290139942839862,0.099,-0.08139311628306982
2016.0,306.0,6.5,0.0,0.0,0.0,0.0,0.0,0.0,0.0,6.010506468168368,0.999975954046969,0.999975954046969,0.0,0.08206053774293201,0.099,-0.08139311628306982
2016.0,306.0,7.0,0.0,0.0,0.0,0.0,0.0,0.0,0.0,6.010506468168368,0.999975954046969,0.999975954046969,0.0,0.06710352942712684,0.099,-0.08139311628306982
2016.0,306.0,7.5,0.0,0.0,0.0,0.0,0.0,0.0,0.0,6.010506468168368,0.999975954046969,0.999975954046969,0.0,0.04719939496656815,0.099,-0.08139311628306982
2016.0,306.0,8.0,0.0,0.0,0.0,0.0,0.0,0.0,0.0,6.010506468168368,0.999975954046969,0.999975954046969,0.0,0.08641829605800266,0.099,-0.08139311628306982
2016.0,306.0,8.5,0.0,0.0,0.0,0.0,0.0,0.0,0.0,6.010506468168368,0.999975954046969,0.999975954046969,0.0,0.1467737789963628,0.099,-0.08139311628306982
2016.0,306.0,9.0,0.0,0.0,0.0,0.0,0.0,0.0,0.0,6.010506468168368,0.999975954046969,0.999975954046969,0.0,0.21663359674335467,0.0985,-0.08419790365177743
2016.0,306.0,9.5,0.0,0.0,0.0,0.0,0.0,0.0,0.0,6.010506468168368,0.999975954046969,0.999975954046969,0.0,0.21963331247162501,0.098,-0.08711436181617598
2016.0,306.0,10.0,0.0,0.0,0.0,0.0,0.0,0.0,0.0,6.010506468168368,0.999975954046969,0.999975954046969,0.0,0.21584829310106568,0.098,-0.08711436181617598
2016.0,306.0,10.5,0.0,0.0,0.0,0.0,0.0,0.0,0.0,6.010506468168368,0.999975954046969,0.999975954046969,0.0,0.22048276639545225,0.098,-0.08711436181617598
2016.0,306.0,11.0,0.0,0.0,0.0,0.0,0.0,0.0,0.0,6.010506468168368,0.999975954046969,0.999975954046969,0.0,0.1319096406474747,0.098,-0.08711436181617598
2016.0,306.0,11.5,0.0,0.0,0.0,0.0,0.0,0.0,0.0,6.010506468168368,0.999975954046969,0.999975954046969,0.0,0.09300426235320877,0.0975,-0.09014754103564299
2016.0,306.0,12.0,0.0,0.0,0.0,0.0,0.0,0.0,0.0,6.010506468168368,0.999975954046969,0.999975954046969,0.0,0.08129208975583783,0.097,-0.09330274757307958
2016.0,306.0,12.5,0.0,0.0,0.0,0.0,0.0,0.0,0.0,6.010506468168368,0.999975954046969,0.999975954046969,0.0,0.029149669173910174,0.097,-0.09330274757307958
2016.0,306.0,13.0,0.0,0.0,0.0,0.0,0.0,0.0,0.0,6.010506468168368,0.999975954046969,0.999975954046969,0.0,0.0853525395356244,0.097,-0.09330274757307958
2016,306,13.5,2.371195172621497,6.366029594032079,25.75646819610141,0.049317254417989884,-0.39464327995944704,26.78839800704634,False,6.010445226008024,0.998572886279171,0.998572886279171,0.0,0.035916326870012616,0.097,-0.09330274757307958
2016,306,14.0,7.61202988116474,6.548111559507701,31.082424320956306,0.0529687972092546,-0.4010730572508162,26.299180799280116,False,6.01040479658948,0.9985119989837404,0.9985119989837404,0.0,0.06859752978373634,0.096,-0.10000183490806634
2016.0,306.0,14.5,0.0,0.0,0.0,0.0,0.0,0.0,0.0,6.01040479658948,0.9985119989837404,0.9985119989837404,0.0,0.18111970512626072,0.096,-0.10000183490806634
2016.0,306.0,15.0,0.0,0.0,0.0,0.0,0.0,0.0,0.0,6.01040479658948,0.9985119989837404,0.9985119989837404,0.0,0.13220580825909348,0.096,-0.10000183490806634
2016.0,306.0,15.5,0.0,0.0,0.0,0.0,0.0,0.0,0.0,6.01040479658948,0.9985119989837404,0.9985119989837404,0.0,0.0,0.096,-0.10000183490806634
2016.0,306.0,16.0,0.0,0.0,0.0,0.0,0.0,0.0,0.0,6.01040479658948,0.9985119989837404,0.9985119989837404,0.0,0.0,0.096,-0.10000183490806634
2016,306,16.5,-2.5513700033211757,3.1879377058565295,22.814051085950293,0.021216405600590137,-0.25402187792355324,22.622167191410153,False,6.0103815050735925,0.999543247385837,0.999543247385837,0.0,0.0,0.0955,-0.10355774227718577
2016,306,17.0,-2.537167971229965,2.958980928950884,22.983389365564236,0.015714483123980386,-0.2576494867388142,20.950109215991603,False,6.010355870165757,0.9995261850448914,0.9995261850448914,0.0,0.0,0.095,-0.10725976358096488
2016,306,17.5,-2.200071278425285,2.956860767988201,23.3586599155594,0.012998257822902688,-0.2576494867388142,18.65983296024051,False,6.010355870165757,0.9995261850448914,0.9995261850448914,0.0,0.0,0.095,-0.10725976358096488
2016.0,306.0,18.0,0.0,0.0,0.0,0.0,0.0,0.0,0.0,6.010355870165757,0.9995261850448914,0.9995261850448914,0.0,0.0,0.095,-0.10725976358096488
2016.0,306.0,18.5,0.0,0.0,0.0,0.0,0.0,0.0,0.0,6.010355870165757,0.9995261850448914,0.9995261850448914,0.0,0.0,0.095,-0.10725976358096488
2016.0,306.0,19.0,0.0,0.0,0.0,0.0,0.0,0.0,0.0,6.010355870165757,0.9995261850448914,0.9995261850448914,0.0,0.0,0.095,-0.10725976358096488
2016.0,306.0,19.5,0.0,0.0,0.0,0.0,0.0,0.0,0.0,6.010355870165757,0.9995261850448914,0.9995261850448914,0.0,0.0,0.095,-0.10725976358096488
2016.0,306.0,20.0,0.0,0.0,0.0,0.0,0.0,0.0,0.0,6.010355870165757,0.9995261850448914,0.9995261850448914,0.0,0.0,0.095,-0.10725976358096488
2016.0,306.0,20.5,0.0,0.0,0.0,0.0,0.0,0.0,0.0,6.010355870165757,0.9995261850448914,0.9995261850448914,0.0,0.0,0.095,-0.10725976358096488
2016.0,306.0,21.0,0.0,0.0,0.0,0.0,0.0,0.0,0.0,6.010355870165757,0.9995261850448914,0.9995261850448914,0.0,0.0,0.095,-0.10725976358096488
2016.0,306.0,21.5,0.0,0.0,0.0,0.0,0.0,0.0,0.0,6.010355870165757,0.9995261850448914,0.9995261850448914,0.0,0.0,0.095,-0.10725976358096488
2016.0,306.0,22.0,0.0,0.0,0.0,0.0,0.0,0.0,0.0,6.010355870165757,0.9995261850448914,0.9995261850448914,0.0,0.0,0.095,-0.10725976358096488
2016.0,306.0,22.5,0.0,0.0,0.0,0.0,0.0,0.0,0.0,6.010355870165757,0.9995261850448914,0.9995261850448914,0.0,0.0,0.095,-0.10725976358096488
2016.0,306.0,23.0,0.0,0.0,0.0,0.0,0.0,0.0,0.0,6.010355870165757,0.9995261850448914,0.9995261850448914,0.0,0.0,0.095,-0.10725976358096488
2016.0,306.0,23.5,0.0,0.0,0.0,0.0,0.0,0.0,0.0,6.010355870165757,0.9995261850448914,0.9995261850448914,0.0,0.0,0.095,-0.10725976358096488
2016.0,307.0,0.0,0.0,0.0,0.0,0.0,0.0,0.0,0.0,6.010355870165757,0.9995261850448914,0.9995261850448914,0.0,0.0,0.095,-0.10725976358096488
2016.0,307.0,0.5,0.0,0.0,0.0,0.0,0.0,0.0,0.0,6.010355870165757,0.9995261850448914,0.9995261850448914,0.0,0.0,0.094,-0.11512978840235837
2016.0,307.0,1.0,0.0,0.0,0.0,0.0,0.0,0.0,0.0,6.010355870165757,0.9995261850448914,0.9995261850448914,0.0,0.0,0.094,-0.11512978840235837
2016.0,307.0,1.5,0.0,0.0,0.0,0.0,0.0,0.0,0.0,6.010355870165757,0.9995261850448914,0.9995261850448914,0.0,0.0,0.094,-0.11512978840235837
2016.0,307.0,2.0,0.0,0.0,0.0,0.0,0.0,0.0,0.0,6.010355870165757,0.9995261850448914,0.9995261850448914,0.0,0.0,0.094,-0.11512978840235837
2016.0,307.0,2.5,0.0,0.0,0.0,0.0,0.0,0.0,0.0,6.010355870165757,0.9995261850448914,0.9995261850448914,0.0,0.0,0.094,-0.11512978840235837
2016.0,307.0,3.0,0.0,0.0,0.0,0.0,0.0,0.0,0.0,6.010355870165757,0.9995261850448914,0.9995261850448914,0.0,0.0,0.094,-0.11512978840235837
2016.0,307.0,3.5,0.0,0.0,0.0,0.0,0.0,0.0,0.0,6.010355870165757,0.9995261850448914,0.9995261850448914,0.0,0.0,0.094,-0.11512978840235837
2016.0,307.0,4.0,0.0,0.0,0.0,0.0,0.0,0.0,0.0,6.010355870165757,0.9995261850448914,0.9995261850448914,0.0,0.0,0.094,-0.11512978840235837
2016.0,307.0,4.5,0.0,0.0,0.0,0.0,0.0,0.0,0.0,6.010355870165757,0.9995261850448914,0.9995261850448914,0.0,0.0,0.094,-0.11512978840235837
2016,307,5.0,-0.357611157921045,0.6969659974469129,28.823090876041842,1.306703139012994e-06,-0.1526876713283966,6.096960674300493,False,6.010296541963572,0.9998775825830852,0.9998775825830852,0.0,0.0,0.094,-0.11512978840235837
2016.0,307.0,5.5,0.0,0.0,0.0,0.0,0.0,0.0,0.0,6.010296541963572,0.9998775825830852,0.9998775825830852,0.0,0.0,0.094,-0.11512978840235837
2016.0,307.0,6.0,0.0,0.0,0.0,0.0,0.0,0.0,0.0,6.010296541963572,0.9998775825830852,0.9998775825830852,0.0,0.033853453861166186,0.094,-0.11512978840235837
2016.0,307.0,6.5,0.0,0.0,0.0,0.0,0.0,0.0,0.0,6.010296541963572,0.9998775825830852,0.9998775825830852,0.0,0.06843688372181743,0.094,-0.11512978840235837
2016.0,307.0,7.0,0.0,0.0,0.0,0.0,0.0,0.0,0.0,6.010296541963572,0.9998775825830852,0.9998775825830852,0.0,0.11194769591624061,0.094,-0.11512978840235837
2016.0,307.0,7.5,0.0,0.0,0.0,0.0,0.0,0.0,0.0,6.010296541963572,0.9998775825830852,0.9998775825830852,0.0,0.09108790145214751,0.094,-0.11512978840235837
2016.0,307.0,8.0,0.0,0.0,0.0,0.0,0.0,0.0,0.0,6.010296541963572,0.9998775825830852,0.9998775825830852,0.0,0.14381418551093778,0.094,-0.11512978840235837
2016.0,307.0,8.5,0.0,0.0,0.0,0.0,0.0,0.0,0.0,6.010296541963572,0.9998775825830852,0.9998775825830852,0.0,0.18527453440564953,0.094,-0.11512978840235837
2016.0,307.0,9.0,0.0,0.0,0.0,0.0,0.0,0.0,0.0,6.010296541963572,0.9998775825830852,0.9998775825830852,0.0,0.25037330668498337,0.094,-0.11512978840235837
2016.0,307.0,9.5,0.0,0.0,0.0,0.0,0.0,0.0,0.0,6.010296541963572,0.9998775825830852,0.9998775825830852,0.0,0.2423418348416827,0.093,-0.12367088542212278
2016.0,307.0,10.0,0.0,0.0,0.0,0.0,0.0,0.0,0.0,6.010296541963572,0.9998775825830852,0.9998775825830852,0.0,0.1816445116462289,0.093,-0.12367088542212278
2016.0,307.0,10.5,0.0,0.0,0.0,0.0,0.0,0.0,0.0,6.010296541963572,0.9998775825830852,0.9998775825830852,0.0,0.19840964704820438,0.093,-0.12367088542212278
2016.0,307.0,11.0,0.0,0.0,0.0,0.0,0.0,0.0,0.0,6.010296541963572,0.9998775825830852,0.9998775825830852,0.0,0.09688189040006176,0.093,-0.12367088542212278
2016.0,307.0,11.5,0.0,0.0,0.0,0.0,0.0,0.0,0.0,6.010296541963572,0.9998775825830852,0.9998775825830852,0.0,0.060746828136978084,0.0925,-0.1282132473430953
2016.0,307.0,12.0,0.0,0.0,0.0,0.0,0.0,0.0,0.0,6.010296541963572,0.9998775825830852,0.9998775825830852,0.0,0.06871949250709701,0.092,-0.13294843755325347
2016,307,12.5,2.350584607857956,7.551528418793097,26.202392277521447,0.05809113051230657,-0.4701635153330345,25.76799988090853,False,6.010136674873935,0.9977560629759842,0.9977560629759842,0.0,0.02278275124429861,0.092,-0.13294843755325347
2016.0,307.0,13.0,0.0,0.0,0.0,0.0,0.0,0.0,0.0,6.010136674873935,0.9977560629759842,0.9977560629759842,0.0,0.07665580062819145,0.092,-0.13294843755325347
2016,307,13.5,1.5984508003379991,8.18417281986795,25.675531270592508,0.06158789390917373,-0.5076318573085657,25.450447483542426,False,6.010136674873935,0.9972644031112725,0.9972644031112725,0.0,0.014111721202788283,0.092,-0.13294843755325347
2016,307,14.0,6.9389070869048695,9.232518539914247,30.318123308596867,0.06380370202141548,-0.5497646018972185,25.912485229467734,False,6.010085796588534,0.9966387577842866,0.9966387577842866,0.0,0.04944218391977674,0.0915,-0.137885757340547
2016.0,307.0,14.5,0.0,0.0,0.0,0.0,0.0,0.0,0.0,6.010085796588534,0.9966387577842866,0.9966387577842866,0.0,0.16096554072078803,0.091,-0.14303501105796806
2016.0,307.0,15.0,0.0,0.0,0.0,0.0,0.0,0.0,0.0,6.010085796588534,0.9966387577842866,0.9966387577842866,0.0,0.09335554455040491,0.091,-0.14303501105796806
2016.0,307.0,15.5,0.0,0.0,0.0,0.0,0.0,0.0,0.0,6.010085796588534,0.9966387577842866,0.9966387577842866,0.0,0.0,0.091,-0.14303501105796806
2016.0,307.0,16.0,0.0,0.0,0.0,0.0,0.0,0.0,0.0,6.010085796588534,0.9966387577842866,0.9966387577842866,0.0,0.0,0.091,-0.14303501105796806
2016.0,307.0,16.5,0.0,0.0,0.0,0.0,0.0,0.0,0.0,6.010085796588534,0.9966387577842866,0.9966387577842866,0.0,0.0,0.091,-0.14303501105796806
2016.0,307.0,17.0,0.0,0.0,0.0,0.0,0.0,0.0,0.0,6.010085796588534,0.9966387577842866,0.9966387577842866,0.0,0.0,0.09,-0.15401123611662587
2016.0,307.0,17.5,0.0,0.0,0.0,0.0,0.0,0.0,0.0,6.010085796588534,0.9966387577842866,0.9966387577842866,0.0,0.0,0.09,-0.15401123611662587
2016.0,307.0,18.0,0.0,0.0,0.0,0.0,0.0,0.0,0.0,6.010085796588534,0.9966387577842866,0.9966387577842866,0.0,0.0,0.09,-0.15401123611662587
2016.0,307.0,18.5,0.0,0.0,0.0,0.0,0.0,0.0,0.0,6.010085796588534,0.9966387577842866,0.9966387577842866,0.0,0.0,0.09,-0.15401123611662587
2016.0,307.0,19.0,0.0,0.0,0.0,0.0,0.0,0.0,0.0,6.010085796588534,0.9966387577842866,0.9966387577842866,0.0,0.0,0.09,-0.15401123611662587
2016.0,307.0,19.5,0.0,0.0,0.0,0.0,0.0,0.0,0.0,6.010085796588534,0.9966387577842866,0.9966387577842866,0.0,0.0,0.09,-0.15401123611662587
2016.0,307.0,20.0,0.0,0.0,0.0,0.0,0.0,0.0,0.0,6.010085796588534,0.9966387577842866,0.9966387577842866,0.0,0.0,0.09,-0.15401123611662587
2016.0,307.0,20.5,0.0,0.0,0.0,0.0,0.0,0.0,0.0,6.010085796588534,0.9966387577842866,0.9966387577842866,0.0,0.0,0.09,-0.15401123611662587
2016.0,307.0,21.0,0.0,0.0,0.0,0.0,0.0,0.0,0.0,6.010085796588534,0.9966387577842866,0.9966387577842866,0.0,0.0,0.09,-0.15401123611662587
2016.0,307.0,21.5,0.0,0.0,0.0,0.0,0.0,0.0,0.0,6.010085796588534,0.9966387577842866,0.9966387577842866,0.0,0.0,0.09,-0.15401123611662587
2016.0,307.0,22.0,0.0,0.0,0.0,0.0,0.0,0.0,0.0,6.010085796588534,0.9966387577842866,0.9966387577842866,0.0,0.0,0.09,-0.15401123611662587
2016.0,307.0,22.5,0.0,0.0,0.0,0.0,0.0,0.0,0.0,6.010085796588534,0.9966387577842866,0.9966387577842866,0.0,0.0,0.09,-0.15401123611662587
2016.0,307.0,23.0,0.0,0.0,0.0,0.0,0.0,0.0,0.0,6.010085796588534,0.9966387577842866,0.9966387577842866,0.0,0.0,0.09,-0.15401123611662587
2016.0,307.0,23.5,0.0,0.0,0.0,0.0,0.0,0.0,0.0,6.010085796588534,0.9966387577842866,0.9966387577842866,0.0,0.0,0.09,-0.15401123611662587
2016.0,308.0,0.0,0.0,0.0,0.0,0.0,0.0,0.0,0.0,6.010085796588534,0.9966387577842866,0.9966387577842866,0.0,0.0,0.09,-0.15401123611662587
2016.0,308.0,0.5,0.0,0.0,0.0,0.0,0.0,0.0,0.0,6.010085796588534,0.9966387577842866,0.9966387577842866,0.0,0.0,0.09,-0.15401123611662587
2016.0,308.0,1.0,0.0,0.0,0.0,0.0,0.0,0.0,0.0,6.010085796588534,0.9966387577842866,0.9966387577842866,0.0,0.0,0.09,-0.15401123611662587
2016.0,308.0,1.5,0.0,0.0,0.0,0.0,0.0,0.0,0.0,6.010085796588534,0.9966387577842866,0.9966387577842866,0.0,0.0,0.09,-0.15401123611662587
2016.0,308.0,2.0,0.0,0.0,0.0,0.0,0.0,0.0,0.0,6.010085796588534,0.9966387577842866,0.9966387577842866,0.0,0.0,0.09,-0.15401123611662587
2016.0,308.0,2.5,0.0,0.0,0.0,0.0,0.0,0.0,0.0,6.010085796588534,0.9966387577842866,0.9966387577842866,0.0,0.0,0.09,-0.15401123611662587
2016.0,308.0,3.0,0.0,0.0,0.0,0.0,0.0,0.0,0.0,6.010085796588534,0.9966387577842866,0.9966387577842866,0.0,0.0,0.09,-0.15401123611662587
2016.0,308.0,3.5,0.0,0.0,0.0,0.0,0.0,0.0,0.0,6.010085796588534,0.9966387577842866,0.9966387577842866,0.0,0.0,0.09,-0.15401123611662587
2016.0,308.0,4.0,0.0,0.0,0.0,0.0,0.0,0.0,0.0,6.010085796588534,0.9966387577842866,0.9966387577842866,0.0,0.0,0.0895,-0.15986061324751152
2016.0,308.0,4.5,0.0,0.0,0.0,0.0,0.0,0.0,0.0,6.010085796588534,0.9966387577842866,0.9966387577842866,0.0,0.0,0.089,-0.16596680679910064
2016,308,5.0,-0.473015846023444,0.42625981567053,22.924599978981057,0.001941015121105309,-0.20326922732113517,7.017106768974108,False,6.0097380353013525,0.9997433743979696,0.9997433743979696,0.0,0.0,0.089,-0.16596680679910064
2016.0,308.0,5.5,0.0,0.0,0.0,0.0,0.0,0.0,0.0,6.0097380353013525,0.9997433743979696,0.9997433743979696,0.0,0.0,0.089,-0.16596680679910064
2016.0,308.0,6.0,0.0,0.0,0.0,0.0,0.0,0.0,0.0,6.0097380353013525,0.9997433743979696,0.9997433743979696,0.0,0.02928189865328138,0.089,-0.16596680679910064
2016.0,308.0,6.5,0.0,0.0,0.0,0.0,0.0,0.0,0.0,6.0097380353013525,0.9997433743979696,0.9997433743979696,0.0,0.05464474562730779,0.089,-0.16596680679910064
2016.0,308.0,7.0,0.0,0.0,0.0,0.0,0.0,0.0,0.0,6.0097380353013525,0.9997433743979696,0.9997433743979696,0.0,0.09283486801973587,0.089,-0.16596680679910064
2016.0,308.0,7.5,0.0,0.0,0.0,0.0,0.0,0.0,0.0,6.0097380353013525,0.9997433743979696,0.9997433743979696,0.0,0.03712599017212824,0.089,-0.16596680679910064
2016.0,308.0,8.0,0.0,0.0,0.0,0.0,0.0,0.0,0.0,6.0097380353013525,0.9997433743979696,0.9997433743979696,0.0,0.13351229000037343,0.089,-0.16596680679910064
2016.0,308.0,8.5,0.0,0.0,0.0,0.0,0.0,0.0,0.0,6.0097380353013525,0.9997433743979696,0.9997433743979696,0.0,0.15118420599449203,0.089,-0.16596680679910064
2016.0,308.0,9.0,0.0,0.0,0.0,0.0,0.0,0.0,0.0,6.0097380353013525,0.9997433743979696,0.9997433743979696,0.0,0.219212456230734,0.089,-0.16596680679910064
2016.0,308.0,9.5,0.0,0.0,0.0,0.0,0.0,0.0,0.0,6.0097380353013525,0.9997433743979696,0.9997433743979696,0.0,0.2135335030394871,0.089,-0.16596680679910064
2016.0,308.0,10.0,0.0,0.0,0.0,0.0,0.0,0.0,0.0,6.0097380353013525,0.9997433743979696,0.9997433743979696,0.0,0.14807900129111407,0.088,-0.1790016182191552
2016.0,308.0,10.5,0.0,0.0,0.0,0.0,0.0,0.0,0.0,6.0097380353013525,0.9997433743979696,0.9997433743979696,0.0,0.14092706402137065,0.088,-0.1790016182191552
2016.0,308.0,11.0,0.0,0.0,0.0,0.0,0.0,0.0,0.0,6.0097380353013525,0.9997433743979696,0.9997433743979696,0.0,0.089908567403619,0.088,-0.1790016182191552
2016.0,308.0,11.5,0.0,0.0,0.0,0.0,0.0,0.0,0.0,6.0097380353013525,0.9997433743979696,0.9997433743979696,0.0,0.07081360257472995,0.088,-0.1790016182191552
2016.0,308.0,12.0,0.0,0.0,0.0,0.0,0.0,0.0,0.0,6.0097380353013525,0.9997433743979696,0.9997433743979696,0.0,0.039901991352579734,0.088,-0.1790016182191552
2016.0,308.0,12.5,0.0,0.0,0.0,0.0,0.0,0.0,0.0,6.0097380353013525,0.9997433743979696,0.9997433743979696,0.0,0.047261362399478056,0.087,-0.1932270615424628
2016,308,13.0,5.217200933013567,7.349030534300573,27.996153454454422,0.05021106803988107,-0.5277159703981088,26.977196285883977,False,6.0092979811929315,0.9969759807468702,0.9969759807468702,0.0,0.04190151281096128,0.087,-0.1932270615424628
2016,308,13.5,2.0698343914349486,8.638400442167931,26.018076344125106,0.07477212585991429,-0.6020468390326968,25.589685116653808,False,6.0092979811929315,0.9957501441918948,0.9957501441918948,0.0,0.017220027946497907,0.087,-0.1932270615424628
2016.0,308.0,14.5,0.0,0.0,0.0,0.0,0.0,0.0,0.0,6.0092979811929315,0.9957501441918948,0.9957501441918948,0.0,0.156102870783932,0.0865,-0.20082458265297198
2016.0,308.0,15.0,0.0,0.0,0.0,0.0,0.0,0.0,0.0,6.0092979811929315,0.9957501441918948,0.9957501441918948,0.0,0.1054917062246,0.086,-0.2087675009191212
2016.0,308.0,15.5,0.0,0.0,0.0,0.0,0.0,0.0,0.0,6.0092979811929315,0.9957501441918948,0.9957501441918948,0.0,0.0,0.086,-0.2087675009191212
2016.0,308.0,16.0,0.0,0.0,0.0,0.0,0.0,0.0,0.0,6.0092979811929315,0.9957501441918948,0.9957501441918948,0.0,0.0,0.086,-0.2087675009191212
2016.0,308.0,16.5,0.0,0.0,0.0,0.0,0.0,0.0,0.0,6.0092979811929315,0.9957501441918948,0.9957501441918948,0.0,0.0,0.086,-0.2087675009191212
2016.0,308.0,17.0,0.0,0.0,0.0,0.0,0.0,0.0,0.0,6.0092979811929315,0.9957501441918948,0.9957501441918948,0.0,0.0,0.086,-0.2087675009191212
2016.0,308.0,17.5,0.0,0.0,0.0,0.0,0.0,0.0,0.0,6.0092979811929315,0.9957501441918948,0.9957501441918948,0.0,0.0,0.086,-0.2087675009191212
2016.0,308.0,18.0,0.0,0.0,0.0,0.0,0.0,0.0,0.0,6.0092979811929315,0.9957501441918948,0.9957501441918948,0.0,0.0,0.086,-0.2087675009191212
2016.0,308.0,18.5,0.0,0.0,0.0,0.0,0.0,0.0,0.0,6.0092979811929315,0.9957501441918948,0.9957501441918948,0.0,0.0,0.086,-0.2087675009191212
2016.0,308.0,19.0,0.0,0.0,0.0,0.0,0.0,0.0,0.0,6.0092979811929315,0.9957501441918948,0.9957501441918948,0.0,0.0,0.085,-0.22576196041911914
2016.0,308.0,19.5,0.0,0.0,0.0,0.0,0.0,0.0,0.0,6.0092979811929315,0.9957501441918948,0.9957501441918948,0.0,0.0,0.085,-0.22576196041911914
2016.0,308.0,20.0,0.0,0.0,0.0,0.0,0.0,0.0,0.0,6.0092979811929315,0.9957501441918948,0.9957501441918948,0.0,0.0,0.085,-0.22576196041911914
2016.0,308.0,20.5,0.0,0.0,0.0,0.0,0.0,0.0,0.0,6.0092979811929315,0.9957501441918948,0.9957501441918948,0.0,0.0,0.085,-0.22576196041911914
2016.0,308.0,21.0,0.0,0.0,0.0,0.0,0.0,0.0,0.0,6.0092979811929315,0.9957501441918948,0.9957501441918948,0.0,0.0,0.085,-0.22576196041911914
2016.0,308.0,21.5,0.0,0.0,0.0,0.0,0.0,0.0,0.0,6.0092979811929315,0.9957501441918948,0.9957501441918948,0.0,0.0,0.085,-0.22576196041911914
2016.0,308.0,22.0,0.0,0.0,0.0,0.0,0.0,0.0,0.0,6.0092979811929315,0.9957501441918948,0.9957501441918948,0.0,0.0,0.085,-0.22576196041911914
2016.0,308.0,22.5,0.0,0.0,0.0,0.0,0.0,0.0,0.0,6.0092979811929315,0.9957501441918948,0.9957501441918948,0.0,0.0,0.085,-0.22576196041911914
2016.0,308.0,23.0,0.0,0.0,0.0,0.0,0.0,0.0,0.0,6.0092979811929315,0.9957501441918948,0.9957501441918948,0.0,0.0,0.085,-0.22576196041911914
2016.0,308.0,23.5,0.0,0.0,0.0,0.0,0.0,0.0,0.0,6.0092979811929315,0.9957501441918948,0.9957501441918948,0.0,0.0,0.085,-0.22576196041911914
2016.0,309.0,0.0,0.0,0.0,0.0,0.0,0.0,0.0,0.0,6.0092979811929315,0.9957501441918948,0.9957501441918948,0.0,0.0,0.085,-0.22576196041911914
2016.0,309.0,0.5,0.0,0.0,0.0,0.0,0.0,0.0,0.0,6.0092979811929315,0.9957501441918948,0.9957501441918948,0.0,0.0,0.085,-0.22576196041911914
2016.0,309.0,1.0,0.0,0.0,0.0,0.0,0.0,0.0,0.0,6.0092979811929315,0.9957501441918948,0.9957501441918948,0.0,0.0,0.085,-0.22576196041911914
2016.0,309.0,1.5,0.0,0.0,0.0,0.0,0.0,0.0,0.0,6.0092979811929315,0.9957501441918948,0.9957501441918948,0.0,0.0,0.085,-0.22576196041911914
2016.0,309.0,2.0,0.0,0.0,0.0,0.0,0.0,0.0,0.0,6.0092979811929315,0.9969759807468702,0.9969759807468702,0.0,0.0,0.085,-0.22576196041911914
2016.0,309.0,2.5,0.0,0.0,0.0,0.0,0.0,0.0,0.0,6.0092979811929315,0.9969759807468702,0.9969759807468702,0.0,0.0,0.085,-0.22576196041911914
2016.0,309.0,3.0,0.0,0.0,0.0,0.0,0.0,0.0,0.0,6.0092979811929315,0.9969759807468702,0.9969759807468702,0.0,0.0,0.085,-0.22576196041911914
2016.0,309.0,3.5,0.0,0.0,0.0,0.0,0.0,0.0,0.0,6.0092979811929315,0.9969759807468702,0.9969759807468702,0.0,0.0,0.085,-0.22576196041911914
2016.0,309.0,4.0,0.0,0.0,0.0,0.0,0.0,0.0,0.0,6.0092979811929315,0.9969759807468702,0.9969759807468702,0.0,0.0,0.085,-0.22576196041911914
2016.0,309.0,4.5,0.0,0.0,0.0,0.0,0.0,0.0,0.0,6.0092979811929315,0.9969759807468702,0.9969759807468702,0.0,0.0,0.085,-0.22576196041911914
2016,309,5.0,-1.4120477745347024,0.936332841298284,22.087120572457888,0.0027711466209599136,-0.2627639027822591,13.428588915043228,False,6.008627424897719,0.9995014743643458,0.9995014743643458,0.0,0.0,0.085,-0.22576196041911914
2016,309,5.5,-0.13203328524262126,0.8902767287128133,26.992684135956583,0.02228252311931595,-0.2627639027822591,13.965627913833664,False,6.008627424897719,0.9995014743643458,0.9995014743643458,0.0,0.0,0.085,-0.22576196041911914
2016.0,309.0,6.0,0.0,0.0,0.0,0.0,0.0,0.0,0.0,6.008627424897719,0.9995014743643458,0.9995014743643458,0.0,0.02899437444606318,0.085,-0.22576196041911914
2016.0,309.0,6.5,0.0,0.0,0.0,0.0,0.0,0.0,0.0,6.008627424897719,0.9995014743643458,0.9995014743643458,0.0,0.051044161103167014,0.085,-0.22576196041911914
2016.0,309.0,7.0,0.0,0.0,0.0,0.0,0.0,0.0,0.0,6.008627424897719,0.9995014743643458,0.9995014743643458,0.0,0.06772466820065087,0.085,-0.22576196041911914
2016.0,309.0,7.5,0.0,0.0,0.0,0.0,0.0,0.0,0.0,6.008627424897719,0.9995014743643458,0.9995014743643458,0.0,0.05869918646382647,0.085,-0.22576196041911914
2016.0,309.0,8.0,0.0,0.0,0.0,0.0,0.0,0.0,0.0,6.008627424897719,0.9995014743643458,0.9995014743643458,0.0,0.07103039726707351,0.084,-0.24436605378157714
2016.0,309.0,8.5,0.0,0.0,0.0,0.0,0.0,0.0,0.0,6.008627424897719,0.9995014743643458,0.9995014743643458,0.0,0.13525769965273016,0.084,-0.24436605378157714
2016,309,9.0,10.071142361033989,4.981301962682139,12.729617961719526,0.41001599341395734,-0.46581678052235276,29.013125344693787,False,6.008167458465718,0.9978092811980305,0.9978092811980305,0.0,0.2070435881696097,0.084,-0.24436605378157714
2016.0,309.0,9.5,0.0,0.0,0.0,0.0,0.0,0.0,0.0,6.008167458465718,0.9978092811980305,0.9978092811980305,0.0,0.22253303424330234,0.084,-0.24436605378157714
2016.0,309.0,10.0,0.0,0.0,0.0,0.0,0.0,0.0,0.0,6.008167458465718,0.9978092811980305,0.9978092811980305,0.0,0.19025023289145682,0.084,-0.24436605378157714
2016.0,309.0,10.5,0.0,0.0,0.0,0.0,0.0,0.0,0.0,6.008167458465718,0.9978092811980305,0.9978092811980305,0.0,0.17820523185253032,0.0835,-0.2543254163284225
2016.0,309.0,11.0,0.0,0.0,0.0,0.0,0.0,0.0,0.0,6.008167458465718,0.9978092811980305,0.9978092811980305,0.0,0.1344523232523912,0.083,-0.2647541953873816
2016.0,309.0,11.5,0.0,0.0,0.0,0.0,0.0,0.0,0.0,6.008167458465718,0.9978092811980305,0.9978092811980305,0.0,0.02745713274602735,0.083,-0.2647541953873816
2016.0,309.0,12.0,0.0,0.0,0.0,0.0,0.0,0.0,0.0,6.008167458465718,0.9978092811980305,0.9978092811980305,0.0,0.05332250999053801,0.083,-0.2647541953873816
2016,309,12.5,2.382726115865144,3.828268747475159,20.845840284311585,0.025546363238825177,-0.44878420280689385,32.72897682495791,False,6.007595480939315,0.9980103426473175,0.9980103426473175,0.0,0.06493521860534503,0.083,-0.2647541953873816
2016.0,309.0,13.0,0.0,0.0,0.0,0.0,0.0,0.0,0.0,6.007595480939315,0.9980103426473175,0.9980103426473175,0.0,0.034419332889490166,0.0825,-0.2756775464585471
2016.0,309.0,13.5,0.0,0.0,0.0,0.0,0.0,0.0,0.0,6.007595480939315,0.9980103426473175,0.9980103426473175,0.0,0.04462316145127311,0.082,-0.28712213750166166
2016.0,309.0,14.0,0.0,0.0,0.0,0.0,0.0,0.0,0.0,6.007595480939315,0.9980103426473175,0.9980103426473175,0.0,0.03600216163233855,0.082,-0.28712213750166166
2016.0,309.0,14.5,0.0,0.0,0.0,0.0,0.0,0.0,0.0,6.007595480939315,0.9980103426473175,0.9980103426473175,0.0,0.14122362181224885,0.082,-0.28712213750166166
2016.0,309.0,15.0,0.0,0.0,0.0,0.0,0.0,0.0,0.0,6.007595480939315,0.9980103426473175,0.9980103426473175,0.0,0.08868814444046688,0.082,-0.28712213750166166
2016.0,309.0,15.5,0.0,0.0,0.0,0.0,0.0,0.0,0.0,6.007595480939315,0.9980103426473175,0.9980103426473175,0.0,0.0,0.0815,-0.29911624987965013
2016.0,309.0,16.0,0.0,0.0,0.0,0.0,0.0,0.0,0.0,6.007595480939315,0.9980103426473175,0.9980103426473175,0.0,0.0,0.081,-0.31168988671555264
2016.0,309.0,16.5,0.0,0.0,0.0,0.0,0.0,0.0,0.0,6.007595480939315,0.9980103426473175,0.9980103426473175,0.0,0.0,0.081,-0.31168988671555264
2016.0,309.0,17.0,0.0,0.0,0.0,0.0,0.0,0.0,0.0,6.007595480939315,0.9980103426473175,0.9980103426473175,0.0,0.0,0.081,-0.31168988671555264
2016.0,309.0,17.5,0.0,0.0,0.0,0.0,0.0,0.0,0.0,6.007595480939315,0.9980103426473175,0.9980103426473175,0.0,0.0,0.081,-0.31168988671555264
2016.0,309.0,18.0,0.0,0.0,0.0,0.0,0.0,0.0,0.0,6.007595480939315,0.9980103426473175,0.9980103426473175,0.0,0.0,0.081,-0.31168988671555264
2016.0,309.0,18.5,0.0,0.0,0.0,0.0,0.0,0.0,0.0,6.007595480939315,0.9980103426473175,0.9980103426473175,0.0,0.0,0.081,-0.31168988671555264
2016.0,309.0,19.0,0.0,0.0,0.0,0.0,0.0,0.0,0.0,6.007595480939315,0.9980103426473175,0.9980103426473175,0.0,0.0,0.081,-0.31168988671555264
2016.0,309.0,19.5,0.0,0.0,0.0,0.0,0.0,0.0,0.0,6.007595480939315,0.9980103426473175,0.9980103426473175,0.0,0.0,0.081,-0.31168988671555264
2016.0,309.0,20.0,0.0,0.0,0.0,0.0,0.0,0.0,0.0,6.007595480939315,0.9980103426473175,0.9980103426473175,0.0,0.0,0.081,-0.31168988671555264
2016.0,309.0,20.5,0.0,0.0,0.0,0.0,0.0,0.0,0.0,6.007595480939315,0.9980103426473175,0.9980103426473175,0.0,0.0,0.081,-0.31168988671555264
2016.0,309.0,21.0,0.0,0.0,0.0,0.0,0.0,0.0,0.0,6.007595480939315,0.9980103426473175,0.9980103426473175,0.0,0.0,0.081,-0.31168988671555264
2016.0,309.0,21.5,0.0,0.0,0.0,0.0,0.0,0.0,0.0,6.007595480939315,0.9980103426473175,0.9980103426473175,0.0,0.0,0.081,-0.31168988671555264
2016.0,309.0,22.0,0.0,0.0,0.0,0.0,0.0,0.0,0.0,6.007595480939315,0.9980103426473175,0.9980103426473175,0.0,0.0,0.081,-0.31168988671555264
2016.0,309.0,22.5,0.0,0.0,0.0,0.0,0.0,0.0,0.0,6.007595480939315,0.9980103426473175,0.9980103426473175,0.0,0.0,0.081,-0.31168988671555264
2016.0,309.0,23.0,0.0,0.0,0.0,0.0,0.0,0.0,0.0,6.007595480939315,0.9980103426473175,0.9980103426473175,0.0,0.0,0.081,-0.31168988671555264
2016.0,309.0,23.5,0.0,0.0,0.0,0.0,0.0,0.0,0.0,6.007595480939315,0.9980103426473175,0.9980103426473175,0.0,0.0,0.081,-0.31168988671555264
2016.0,310.0,0.0,0.0,0.0,0.0,0.0,0.0,0.0,0.0,6.007595480939315,0.9980103426473175,0.9980103426473175,0.0,0.0,0.08,-0.3387050618989844
2016.0,310.0,0.5,0.0,0.0,0.0,0.0,0.0,0.0,0.0,6.007595480939315,0.9980103426473175,0.9980103426473175,0.0,0.0,0.08,-0.3387050618989844
2016.0,310.0,1.0,0.0,0.0,0.0,0.0,0.0,0.0,0.0,6.007595480939315,0.9980103426473175,0.9980103426473175,0.0,0.0,0.08,-0.3387050618989844
2016.0,310.0,1.5,0.0,0.0,0.0,0.0,0.0,0.0,0.0,6.007595480939315,0.9980103426473175,0.9980103426473175,0.0,0.0,0.08,-0.3387050618989844
2016.0,310.0,2.0,0.0,0.0,0.0,0.0,0.0,0.0,0.0,6.007595480939315,0.9980103426473175,0.9980103426473175,0.0,0.0,0.08,-0.3387050618989844
2016.0,310.0,2.5,0.0,0.0,0.0,0.0,0.0,0.0,0.0,6.007595480939315,0.9980103426473175,0.9980103426473175,0.0,0.0,0.08,-0.3387050618989844
2016.0,310.0,3.0,0.0,0.0,0.0,0.0,0.0,0.0,0.0,6.007595480939315,0.9980103426473175,0.9980103426473175,0.0,0.0,0.08,-0.3387050618989844
2016.0,310.0,3.5,0.0,0.0,0.0,0.0,0.0,0.0,0.0,6.007595480939315,0.9980103426473175,0.9980103426473175,0.0,0.0,0.08,-0.3387050618989844
2016.0,310.0,4.0,0.0,0.0,0.0,0.0,0.0,0.0,0.0,6.007595480939315,0.9980103426473175,0.9980103426473175,0.0,0.0,0.08,-0.3387050618989844
2016.0,310.0,4.5,0.0,0.0,0.0,0.0,0.0,0.0,0.0,6.007595480939315,0.9980103426473175,0.9980103426473175,0.0,0.0,0.08,-0.3387050618989844
2016.0,310.0,5.0,0.0,0.0,0.0,0.0,0.0,0.0,0.0,6.007595480939315,0.9980103426473175,0.9980103426473175,0.0,0.0,0.08,-0.3387050618989844
2016,310,5.5,-2.7723352243283106,0.6965733373010874,16.461168498329442,0.0032792556396864067,-0.3751394509883562,21.877189456119503,False,6.004873425494034,0.998748154481172,0.998748154481172,0.0,0.0,0.08,-0.3387050618989844
2016.0,310.0,6.0,0.0,0.0,0.0,0.0,0.0,0.0,0.0,6.004873425494034,0.998748154481172,0.998748154481172,0.0,0.03252257008749105,0.08,-0.3387050618989844
2016,310,6.5,0.4420985284757327,0.16604166431569622,11.603086168206111,0.0019730027421659235,-0.3387050618989844,25.660589502374798,False,6.004873425494034,0.9990387772462639,0.9990387772462639,0.0,0.031165976027757315,0.08,-0.3387050618989844
2016.0,310.0,7.0,0.0,0.0,0.0,0.0,0.0,0.0,0.0,6.004873425494034,0.9990387772462639,0.9990387772462639,0.0,0.09092762100276594,0.08,-0.3387050618989844
2016.0,310.0,7.5,0.0,0.0,0.0,0.0,0.0,0.0,0.0,6.004873425494034,0.9990387772462639,0.9990387772462639,0.0,0.06886258798354092,0.08,-0.3387050618989844
2016.0,310.0,8.0,0.0,0.0,0.0,0.0,0.0,0.0,0.0,6.004873425494034,0.9990387772462639,0.9990387772462639,0.0,0.05324851009891515,0.079,-0.36844676716639596
2016.0,310.0,8.5,0.0,0.0,0.0,0.0,0.0,0.0,0.0,6.004873425494034,0.9990387772462639,0.9990387772462639,0.0,0.10848191044816248,0.079,-0.36844676716639596
2016.0,310.0,9.0,0.0,0.0,0.0,0.0,0.0,0.0,0.0,6.004873425494034,0.9990387772462639,0.9990387772462639,0.0,0.17216740254903612,0.079,-0.36844676716639596
2016.0,310.0,9.5,0.0,0.0,0.0,0.0,0.0,0.0,0.0,6.004873425494034,0.9990387772462639,0.9990387772462639,0.0,0.183100891329611,0.079,-0.36844676716639596
2016.0,310.0,10.0,0.0,0.0,0.0,0.0,0.0,0.0,0.0,6.004873425494034,0.9990387772462639,0.9990387772462639,0.0,0.11087250836004664,0.079,-0.36844676716639596
2016.0,310.0,10.5,0.0,0.0,0.0,0.0,0.0,0.0,0.0,6.004873425494034,0.9990387772462639,0.9990387772462639,0.0,0.1283048644939398,0.078,-0.4012300667322298
2016.0,310.0,11.0,0.0,0.0,0.0,0.0,0.0,0.0,0.0,6.004873425494034,0.9990387772462639,0.9990387772462639,0.0,0.04934389389082004,0.078,-0.4012300667322298
2016.0,310.0,11.5,0.0,0.0,0.0,0.0,0.0,0.0,0.0,6.004873425494034,0.9990387772462639,0.9990387772462639,0.0,0.036147886204251745,0.078,-0.4012300667322298
2016.0,310.0,12.0,0.0,0.0,0.0,0.0,0.0,0.0,0.0,6.004873425494034,0.9990387772462639,0.9990387772462639,0.0,0.022782716170929716,0.078,-0.4012300667322298
2016.0,310.0,12.5,0.0,0.0,0.0,0.0,0.0,0.0,0.0,6.004873425494034,0.9990387772462639,0.9990387772462639,0.0,0.07880363691857357,0.078,-0.4012300667322298
2016,310,13.0,5.863882926335352,7.496835007744808,28.701865465609416,0.05080373495885303,-0.7608565712639426,26.75453380025968,False,5.999459507799009,0.9922261459062455,0.9922261459062455,0.0,0.03256746673430352,0.077,-0.4374111645545728
2016,310,13.5,8.560414626447233,8.23665853809232,33.29357066979195,0.06036028390203751,-0.7967949497872058,26.659306490344033,False,5.999459507799009,0.991244601861257,0.991244601861257,0.0,0.04324994642018057,0.077,-0.4374111645545728
2016.0,310.0,14.0,0.0,0.0,0.0,0.0,0.0,0.0,0.0,5.999459507799009,0.991244601861257,0.991244601861257,0.0,0.08703270263956715,0.077,-0.4374111645545728
2016.0,310.0,14.5,0.0,0.0,0.0,0.0,0.0,0.0,0.0,5.999459507799009,0.991244601861257,0.991244601861257,0.0,0.09417473068161614,0.077,-0.4374111645545728
2016,310,15.0,6.527050257943593,4.912418231814479,23.972359132057157,0.02082174343431603,-0.671942580440896,27.459084560284083,False,5.998124908755635,0.9943574243978672,0.9943574243978672,0.0,0.049499805179072,0.0765,-0.4568999096561373
2016.0,310.0,15.5,0.0,0.0,0.0,0.0,0.0,0.0,0.0,5.998124908755635,0.9943574243978672,0.9943574243978672,0.0,0.0,0.076,-0.47739341090022597
2016.0,310.0,16.0,0.0,0.0,0.0,0.0,0.0,0.0,0.0,5.998124908755635,0.9943574243978672,0.9943574243978672,0.0,0.0,0.076,-0.47739341090022597
2016.0,310.0,16.5,0.0,0.0,0.0,0.0,0.0,0.0,0.0,5.998124908755635,0.9943574243978672,0.9943574243978672,0.0,0.0,0.076,-0.47739341090022597
2016.0,310.0,17.0,0.0,0.0,0.0,0.0,0.0,0.0,0.0,5.998124908755635,0.9943574243978672,0.9943574243978672,0.0,0.0,0.076,-0.47739341090022597
2016.0,310.0,17.5,0.0,0.0,0.0,0.0,0.0,0.0,0.0,5.998124908755635,0.9943574243978672,0.9943574243978672,0.0,0.0,0.076,-0.47739341090022597
2016.0,310.0,18.0,0.0,0.0,0.0,0.0,0.0,0.0,0.0,5.998124908755635,0.9943574243978672,0.9943574243978672,0.0,0.0,0.076,-0.47739341090022597
2016.0,310.0,18.5,0.0,0.0,0.0,0.0,0.0,0.0,0.0,5.998124908755635,0.9943574243978672,0.9943574243978672,0.0,0.0,0.076,-0.47739341090022597
2016.0,310.0,19.0,0.0,0.0,0.0,0.0,0.0,0.0,0.0,5.998124908755635,0.9943574243978672,0.9943574243978672,0.0,0.0,0.076,-0.47739341090022597
2016.0,310.0,19.5,0.0,0.0,0.0,0.0,0.0,0.0,0.0,5.998124908755635,0.9943574243978672,0.9943574243978672,0.0,0.0,0.076,-0.47739341090022597
2016.0,310.0,20.0,0.0,0.0,0.0,0.0,0.0,0.0,0.0,5.998124908755635,0.9943574243978672,0.9943574243978672,0.0,0.0,0.076,-0.47739341090022597
2016.0,310.0,20.5,0.0,0.0,0.0,0.0,0.0,0.0,0.0,5.998124908755635,0.9943574243978672,0.9943574243978672,0.0,0.0,0.076,-0.47739341090022597
2016.0,310.0,21.0,0.0,0.0,0.0,0.0,0.0,0.0,0.0,5.998124908755635,0.9943574243978672,0.9943574243978672,0.0,0.0,0.076,-0.47739341090022597
2016.0,310.0,21.5,0.0,0.0,0.0,0.0,0.0,0.0,0.0,5.998124908755635,0.9943574243978672,0.9943574243978672,0.0,0.0,0.076,-0.47739341090022597
2016.0,310.0,22.0,0.0,0.0,0.0,0.0,0.0,0.0,0.0,5.998124908755635,0.9943574243978672,0.9943574243978672,0.0,0.0,0.076,-0.47739341090022597
2016.0,310.0,22.5,0.0,0.0,0.0,0.0,0.0,0.0,0.0,5.998124908755635,0.9943574243978672,0.9943574243978672,0.0,0.0,0.076,-0.47739341090022597
2016.0,310.0,23.0,0.0,0.0,0.0,0.0,0.0,0.0,0.0,5.998124908755635,0.9943574243978672,0.9943574243978672,0.0,0.0,0.075,-0.521634281110708
2016.0,310.0,23.5,0.0,0.0,0.0,0.0,0.0,0.0,0.0,5.998124908755635,0.9943574243978672,0.9943574243978672,0.0,0.0,0.075,-0.521634281110708
2016.0,311.0,0.0,0.0,0.0,0.0,0.0,0.0,0.0,0.0,5.998124908755635,0.9943574243978672,0.9943574243978672,0.0,0.0,0.075,-0.521634281110708
2016.0,311.0,0.5,0.0,0.0,0.0,0.0,0.0,0.0,0.0,5.998124908755635,0.9943574243978672,0.9943574243978672,0.0,0.0,0.075,-0.521634281110708
2016.0,311.0,1.0,0.0,0.0,0.0,0.0,0.0,0.0,0.0,5.998124908755635,0.9943574243978672,0.9943574243978672,0.0,0.0,0.075,-0.521634281110708
2016.0,311.0,1.5,0.0,0.0,0.0,0.0,0.0,0.0,0.0,5.998124908755635,0.9943574243978672,0.9943574243978672,0.0,0.0,0.075,-0.521634281110708
2016.0,311.0,2.0,0.0,0.0,0.0,0.0,0.0,0.0,0.0,5.998124908755635,0.9943574243978672,0.9943574243978672,0.0,0.0,0.075,-0.521634281110708
2016.0,311.0,2.5,0.0,0.0,0.0,0.0,0.0,0.0,0.0,5.998124908755635,0.9943574243978672,0.9943574243978672,0.0,0.0,0.075,-0.521634281110708
2016.0,311.0,3.0,0.0,0.0,0.0,0.0,0.0,0.0,0.0,5.998124908755635,0.9943574243978672,0.9943574243978672,0.0,0.0,0.075,-0.521634281110708
2016.0,311.0,3.5,0.0,0.0,0.0,0.0,0.0,0.0,0.0,5.998124908755635,0.9943574243978672,0.9943574243978672,0.0,0.0,0.075,-0.521634281110708
2016.0,311.0,4.0,0.0,0.0,0.0,0.0,0.0,0.0,0.0,5.998124908755635,0.9943574243978672,0.9943574243978672,0.0,0.0,0.075,-0.521634281110708
2016.0,311.0,4.5,0.0,0.0,0.0,0.0,0.0,0.0,0.0,5.998124908755635,0.9943574243978672,0.9943574243978672,0.0,0.0,0.075,-0.521634281110708
2016,311,5.0,-1.9541042809710447,0.3540654424159714,11.287454051954692,0.00042533678570951227,-0.521634281110708,15.610128928169274,False,5.9930108606319585,0.9970651865549935,0.9970651865549935,0.0,0.0,0.075,-0.521634281110708
2016,311,5.5,-0.8546136607375535,0.7155589074694508,19.35167073181976,0.005410348967305696,-0.5571494278924831,16.39672895041734,False,5.9930108606319585,0.9965209085252117,0.9965209085252117,0.0,0.0,0.075,-0.521634281110708
2016.0,311.0,6.0,0.0,0.0,0.0,0.0,0.0,0.0,0.0,5.9930108606319585,0.9965209085252117,0.9965209085252117,0.0,0.02684862194148999,0.075,-0.521634281110708
2016.0,311.0,6.5,0.0,0.0,0.0,0.0,0.0,0.0,0.0,5.9930108606319585,0.9965209085252117,0.9965209085252117,0.0,0.019814653412748205,0.075,-0.521634281110708
2016.0,311.0,7.0,0.0,0.0,0.0,0.0,0.0,0.0,0.0,5.9930108606319585,0.9965209085252117,0.9965209085252117,0.0,0.07210858314068665,0.075,-0.521634281110708
2016.0,311.0,7.5,0.0,0.0,0.0,0.0,0.0,0.0,0.0,5.9930108606319585,0.9965209085252117,0.9965209085252117,0.0,0.07030801383975466,0.075,-0.521634281110708
2016.0,311.0,8.0,0.0,0.0,0.0,0.0,0.0,0.0,0.0,5.9930108606319585,0.9965209085252117,0.9965209085252117,0.0,0.0754644395825763,0.0745,-0.5455114336333129
2016.0,311.0,8.5,0.0,0.0,0.0,0.0,0.0,0.0,0.0,5.9930108606319585,0.9965209085252117,0.9965209085252117,0.0,0.08885009407125721,0.074,-0.5706534997675224
2016.0,311.0,9.0,0.0,0.0,0.0,0.0,0.0,0.0,0.0,5.9930108606319585,0.9965209085252117,0.9965209085252117,0.0,0.13657732407071635,0.074,-0.5706534997675224
2016.0,311.0,9.5,0.0,0.0,0.0,0.0,0.0,0.0,0.0,5.9930108606319585,0.9965209085252117,0.9965209085252117,0.0,0.14659304522658317,0.074,-0.5706534997675224
2016.0,311.0,10.0,0.0,0.0,0.0,0.0,0.0,0.0,0.0,5.9930108606319585,0.9965209085252117,0.9965209085252117,0.0,0.07273122873648238,0.074,-0.5706534997675224
2016.0,311.0,10.5,0.0,0.0,0.0,0.0,0.0,0.0,0.0,5.9930108606319585,0.9965209085252117,0.9965209085252117,0.0,0.10535359005463421,0.0735,-0.5971367254978646
2016.0,311.0,11.0,0.0,0.0,0.0,0.0,0.0,0.0,0.0,5.9930108606319585,0.9965209085252117,0.9965209085252117,0.0,0.03331118860364513,0.073,-0.6250425172123373
2016.0,311.0,11.5,0.0,0.0,0.0,0.0,0.0,0.0,0.0,5.9930108606319585,0.9965209085252117,0.9965209085252117,0.0,0.022267807753847065,0.073,-0.6250425172123373
2016.0,311.0,12.0,0.0,0.0,0.0,0.0,0.0,0.0,0.0,5.9930108606319585,0.9965209085252117,0.9965209085252117,0.0,0.0177125940576178,0.073,-0.6250425172123373
2016.0,311.0,12.5,0.0,0.0,0.0,0.0,0.0,0.0,0.0,5.9930108606319585,0.9965209085252117,0.9965209085252117,0.0,0.07667132374230767,0.073,-0.6250425172123373
2016.0,311.0,13.0,0.0,0.0,0.0,0.0,0.0,0.0,0.0,5.9930108606319585,0.9965209085252117,0.9965209085252117,0.0,0.02109347629901674,0.0725,-0.6544578297034795
2016.0,311.0,13.5,0.0,0.0,0.0,0.0,0.0,0.0,0.0,5.9930108606319585,0.9965209085252117,0.9965209085252117,0.0,0.04012891171488826,0.072,-0.6854755862964091
2016.0,311.0,14.0,0.0,0.0,0.0,0.0,0.0,0.0,0.0,5.9930108606319585,0.9965209085252117,0.9965209085252117,0.0,0.06818235889044168,0.072,-0.6854755862964091
2016.0,311.0,14.5,0.0,0.0,0.0,0.0,0.0,0.0,0.0,5.9930108606319585,0.9965209085252117,0.9965209085252117,0.0,0.07054145395360853,0.072,-0.6854755862964091
2016.0,311.0,15.0,0.0,0.0,0.0,0.0,0.0,0.0,0.0,5.9930108606319585,0.9965209085252117,0.9965209085252117,0.0,0.03698755384118683,0.072,-0.6854755862964091
2016.0,311.0,15.5,0.0,0.0,0.0,0.0,0.0,0.0,0.0,5.9930108606319585,0.9965209085252117,0.9965209085252117,0.0,0.0,0.072,-0.6854755862964091
2016,311,16.0,-1.9697311650426603,4.317560018558326,22.008668162847517,0.02549154267349631,-0.9253595568262708,26.742740954872154,False,5.970382966423634,0.9871341117940209,0.9871341117940209,0.0,0.0,0.0715,-0.7181951340120418
2016.0,311.0,16.5,0.0,0.0,0.0,0.0,0.0,0.0,0.0,5.970382966423634,0.9871341117940209,0.9871341117940209,0.0,0.0,0.071,-0.752722736959751
2016.0,311.0,17.0,0.0,0.0,0.0,0.0,0.0,0.0,0.0,5.970382966423634,0.9871341117940209,0.9871341117940209,0.0,0.0,0.071,-0.752722736959751
2016.0,311.0,17.5,0.0,0.0,0.0,0.0,0.0,0.0,0.0,5.970382966423634,0.9871341117940209,0.9871341117940209,0.0,0.0,0.071,-0.752722736959751
2016.0,311.0,18.0,0.0,0.0,0.0,0.0,0.0,0.0,0.0,5.970382966423634,0.9871341117940209,0.9871341117940209,0.0,0.0,0.071,-0.752722736959751
2016.0,311.0,18.5,0.0,0.0,0.0,0.0,0.0,0.0,0.0,5.970382966423634,0.9871341117940209,0.9871341117940209,0.0,0.0,0.071,-0.752722736959751
2016.0,311.0,19.0,0.0,0.0,0.0,0.0,0.0,0.0,0.0,5.970382966423634,0.9871341117940209,0.9871341117940209,0.0,0.0,0.071,-0.752722736959751
2016.0,311.0,19.5,0.0,0.0,0.0,0.0,0.0,0.0,0.0,5.970382966423634,0.9871341117940209,0.9871341117940209,0.0,0.0,0.071,-0.752722736959751
2016.0,311.0,20.0,0.0,0.0,0.0,0.0,0.0,0.0,0.0,5.970382966423634,0.9871341117940209,0.9871341117940209,0.0,0.0,0.071,-0.752722736959751
2016.0,311.0,20.5,0.0,0.0,0.0,0.0,0.0,0.0,0.0,5.970382966423634,0.9871341117940209,0.9871341117940209,0.0,0.0,0.071,-0.752722736959751
2016.0,311.0,21.0,0.0,0.0,0.0,0.0,0.0,0.0,0.0,5.970382966423634,0.9871341117940209,0.9871341117940209,0.0,0.0,0.071,-0.752722736959751
2016.0,311.0,21.5,0.0,0.0,0.0,0.0,0.0,0.0,0.0,5.970382966423634,0.9871341117940209,0.9871341117940209,0.0,0.0,0.071,-0.752722736959751
2016.0,311.0,22.0,0.0,0.0,0.0,0.0,0.0,0.0,0.0,5.970382966423634,0.9871341117940209,0.9871341117940209,0.0,0.0,0.071,-0.752722736959751
2016.0,311.0,22.5,0.0,0.0,0.0,0.0,0.0,0.0,0.0,5.970382966423634,0.9871341117940209,0.9871341117940209,0.0,0.0,0.071,-0.752722736959751
2016.0,311.0,23.0,0.0,0.0,0.0,0.0,0.0,0.0,0.0,5.970382966423634,0.9871341117940209,0.9871341117940209,0.0,0.0,0.071,-0.752722736959751
2016.0,311.0,23.5,0.0,0.0,0.0,0.0,0.0,0.0,0.0,5.970382966423634,0.9871341117940209,0.9871341117940209,0.0,0.0,0.071,-0.752722736959751
2016.0,312.0,0.0,0.0,0.0,0.0,0.0,0.0,0.0,0.0,5.970382966423634,0.9871341117940209,0.9871341117940209,0.0,0.0,0.071,-0.752722736959751
2016.0,312.0,0.5,0.0,0.0,0.0,0.0,0.0,0.0,0.0,5.970382966423634,0.9871341117940209,0.9871341117940209,0.0,0.0,0.071,-0.752722736959751
2016.0,312.0,1.0,0.0,0.0,0.0,0.0,0.0,0.0,0.0,5.970382966423634,0.9871341117940209,0.9871341117940209,0.0,0.0,0.071,-0.752722736959751
2016.0,312.0,1.5,0.0,0.0,0.0,0.0,0.0,0.0,0.0,5.970382966423634,0.9871341117940209,0.9871341117940209,0.0,0.0,0.071,-0.752722736959751
2016.0,312.0,2.0,0.0,0.0,0.0,0.0,0.0,0.0,0.0,5.970382966423634,0.9871341117940209,0.9871341117940209,0.0,0.0,0.071,-0.752722736959751
2016.0,312.0,2.5,0.0,0.0,0.0,0.0,0.0,0.0,0.0,5.970382966423634,0.9871341117940209,0.9871341117940209,0.0,0.0,0.071,-0.752722736959751
2016.0,312.0,3.0,0.0,0.0,0.0,0.0,0.0,0.0,0.0,5.970382966423634,0.9871341117940209,0.9871341117940209,0.0,0.0,0.071,-0.752722736959751
2016.0,312.0,3.5,0.0,0.0,0.0,0.0,0.0,0.0,0.0,5.970382966423634,0.9871341117940209,0.9871341117940209,0.0,0.0,0.071,-0.752722736959751
2016.0,312.0,4.0,0.0,0.0,0.0,0.0,0.0,0.0,0.0,5.970382966423634,0.9871341117940209,0.9871341117940209,0.0,0.0,0.071,-0.752722736959751
2016.0,312.0,4.5,0.0,0.0,0.0,0.0,0.0,0.0,0.0,5.970382966423634,0.9871341117940209,0.9871341117940209,0.0,0.0,0.071,-0.752722736959751
2016,312,5.0,-0.9169679374772539,0.5940109380183269,25.11527289334484,0.002617006048369875,-0.7870766352196716,11.514595306514156,False,5.965201552757978,0.9915170345296784,0.9915170345296784,0.0,0.0,0.071,-0.752722736959751
2016,312,5.5,0.4514597686686682,0.6924079584119192,29.421837683047677,0.016839672756038933,-0.8233428470440894,12.294940268354772,False,5.9593124327819185,0.99047354024923,0.99047354024923,0.0,0.0,0.0705,-0.7891721114701507
2016.0,312.0,6.0,0.0,0.0,0.0,0.0,0.0,0.0,0.0,5.9593124327819185,0.99047354024923,0.99047354024923,0.0,0.019336203311300277,0.07,-0.8276650068290242
2016.0,312.0,6.5,0.0,0.0,0.0,0.0,0.0,0.0,0.0,5.9593124327819185,0.99047354024923,0.99047354024923,0.0,0.014526513060758023,0.07,-0.8276650068290242
2016.0,312.0,7.0,0.0,0.0,0.0,0.0,0.0,0.0,0.0,5.9593124327819185,0.99047354024923,0.99047354024923,0.0,0.0521828102873632,0.07,-0.8276650068290242
2016.0,312.0,7.5,0.0,0.0,0.0,0.0,0.0,0.0,0.0,5.9593124327819185,0.99047354024923,0.99047354024923,0.0,0.06442540166595094,0.07,-0.8276650068290242
2016.0,312.0,8.0,0.0,0.0,0.0,0.0,0.0,0.0,0.0,5.9593124327819185,0.99047354024923,0.99047354024923,0.0,0.0775940391178683,0.07,-0.8276650068290242
2016.0,312.0,8.5,0.0,0.0,0.0,0.0,0.0,0.0,0.0,5.9593124327819185,0.99047354024923,0.99047354024923,0.0,0.06088204597165377,0.07,-0.8276650068290242
2016.0,312.0,9.0,0.0,0.0,0.0,0.0,0.0,0.0,0.0,5.9593124327819185,0.99047354024923,0.99047354024923,0.0,0.10080560073495752,0.07,-0.8276650068290242
2016.0,312.0,9.5,0.0,0.0,0.0,0.0,0.0,0.0,0.0,5.9593124327819185,0.99047354024923,0.99047354024923,0.0,0.10802443324754005,0.07,-0.8276650068290242
2016.0,312.0,10.0,0.0,0.0,0.0,0.0,0.0,0.0,0.0,5.9593124327819185,0.99047354024923,0.99047354024923,0.0,0.07211142484226923,0.069,-0.9113123600460743
2016.0,312.0,10.5,0.0,0.0,0.0,0.0,0.0,0.0,0.0,5.9593124327819185,0.99047354024923,0.99047354024923,0.0,0.07776383427637404,0.069,-0.9113123600460743
2016.0,312.0,11.0,0.0,0.0,0.0,0.0,0.0,0.0,0.0,5.9593124327819185,0.99047354024923,0.99047354024923,0.0,0.026577980046545144,0.069,-0.9113123600460743
2016.0,312.0,11.5,0.0,0.0,0.0,0.0,0.0,0.0,0.0,5.9593124327819185,0.99047354024923,0.99047354024923,0.0,0.02500368430412947,0.069,-0.9113123600460743
2016,312,12.0,5.815678833213251,6.746713684764043,29.883703238975762,0.06209724686087175,-1.2133250493714063,24.930331999207247,False,5.936300521549757,0.9742366684442856,0.9742366684442856,0.0,0.016986870235693206,0.069,-0.9113123600460743
2016.0,312.0,13.0,0.0,0.0,0.0,0.0,0.0,0.0,0.0,5.936300521549757,0.9742366684442856,0.9742366684442856,0.0,0.01222762236652719,0.068,-1.0048248172265413
2016.0,312.0,13.5,0.0,0.0,0.0,0.0,0.0,0.0,0.0,5.936300521549757,0.9742366684442856,0.9742366684442856,0.0,0.025209700721623044,0.068,-1.0048248172265413
2016.0,312.0,14.0,0.0,0.0,0.0,0.0,0.0,0.0,0.0,5.936300521549757,0.9742366684442856,0.9742366684442856,0.0,0.058126705871486745,0.068,-1.0048248172265413
2016.0,312.0,14.5,0.0,0.0,0.0,0.0,0.0,0.0,0.0,5.936300521549757,0.9742366684442856,0.9742366684442856,0.0,0.034882014947914014,0.068,-1.0048248172265413
2016,312,15.0,6.960943969556387,4.686519285700534,22.813748923378988,0.025407459249395036,-1.2364341926747926,24.045940306203363,False,5.9150947863990035,0.9729655453237807,0.9729655453237807,0.0,0.025539639370071206,0.068,-1.0048248172265413
2016,312,15.5,-1.1272037171917746,3.3682657651253862,23.77387443499261,0.015212285903932525,-1.1702600854038636,23.443225830507878,False,5.9150947863990035,0.9765089336764861,0.9765089336764861,0.0,0.0,0.068,-1.0048248172265413
2016,312,16.0,-0.4974571055915682,2.5359739650548914,21.134487439324737,0.03549030784436591,-1.187015850537448,23.59527256537884,False,5.902191394671284,0.9756396869543772,0.9756396869543772,0.0,0.0,0.0675,-1.0556900527908526
2016.0,312.0,16.5,0.0,0.0,0.0,0.0,0.0,0.0,0.0,5.902191394671284,0.9756396869543772,0.9756396869543772,0.0,0.0,0.0675,-1.0556900527908526
2016.0,312.0,17.0,0.0,0.0,0.0,0.0,0.0,0.0,0.0,5.902191394671284,0.9756396869543772,0.9756396869543772,0.0,0.0,0.067,-1.1095374308689805
2016.0,312.0,17.5,0.0,0.0,0.0,0.0,0.0,0.0,0.0,5.902191394671284,0.9756396869543772,0.9756396869543772,0.0,0.0,0.067,-1.1095374308689805
2016.0,312.0,18.0,0.0,0.0,0.0,0.0,0.0,0.0,0.0,5.902191394671284,0.9756396869543772,0.9756396869543772,0.0,0.0,0.067,-1.1095374308689805
2016.0,312.0,18.5,0.0,0.0,0.0,0.0,0.0,0.0,0.0,5.902191394671284,0.9756396869543772,0.9756396869543772,0.0,0.0,0.067,-1.1095374308689805
2016.0,312.0,19.0,0.0,0.0,0.0,0.0,0.0,0.0,0.0,5.902191394671284,0.9756396869543772,0.9756396869543772,0.0,0.0,0.067,-1.1095374308689805
2016.0,312.0,19.5,0.0,0.0,0.0,0.0,0.0,0.0,0.0,5.902191394671284,0.9756396869543772,0.9756396869543772,0.0,0.0,0.067,-1.1095374308689805
2016.0,312.0,20.0,0.0,0.0,0.0,0.0,0.0,0.0,0.0,5.902191394671284,0.9756396869543772,0.9756396869543772,0.0,0.0,0.067,-1.1095374308689805
2016.0,312.0,20.5,0.0,0.0,0.0,0.0,0.0,0.0,0.0,5.902191394671284,0.9756396869543772,0.9756396869543772,0.0,0.0,0.067,-1.1095374308689805
2016.0,312.0,21.0,0.0,0.0,0.0,0.0,0.0,0.0,0.0,5.902191394671284,0.9756396869543772,0.9756396869543772,0.0,0.0,0.067,-1.1095374308689805
2016.0,312.0,21.5,0.0,0.0,0.0,0.0,0.0,0.0,0.0,5.902191394671284,0.9756396869543772,0.9756396869543772,0.0,0.0,0.067,-1.1095374308689805
2016.0,312.0,22.0,0.0,0.0,0.0,0.0,0.0,0.0,0.0,5.902191394671284,0.9756396869543772,0.9756396869543772,0.0,0.0,0.067,-1.1095374308689805
2016.0,312.0,22.5,0.0,0.0,0.0,0.0,0.0,0.0,0.0,5.902191394671284,0.9756396869543772,0.9756396869543772,0.0,0.0,0.067,-1.1095374308689805
2016.0,312.0,23.0,0.0,0.0,0.0,0.0,0.0,0.0,0.0,5.902191394671284,0.9756396869543772,0.9756396869543772,0.0,0.0,0.067,-1.1095374308689805
2016.0,312.0,23.5,0.0,0.0,0.0,0.0,0.0,0.0,0.0,5.902191394671284,0.9756396869543772,0.9756396869543772,0.0,0.0,0.067,-1.1095374308689805
2016.0,313.0,0.0,0.0,0.0,0.0,0.0,0.0,0.0,0.0,5.902191394671284,0.9756396869543772,0.9756396869543772,0.0,0.0,0.067,-1.1095374308689805
2016.0,313.0,0.5,0.0,0.0,0.0,0.0,0.0,0.0,0.0,5.902191394671284,0.9756396869543772,0.9756396869543772,0.0,0.0,0.067,-1.1095374308689805
2016.0,313.0,1.0,0.0,0.0,0.0,0.0,0.0,0.0,0.0,5.902191394671284,0.9756396869543772,0.9756396869543772,0.0,0.0,0.067,-1.1095374308689805
2016.0,313.0,1.5,0.0,0.0,0.0,0.0,0.0,0.0,0.0,5.902191394671284,0.9756396869543772,0.9756396869543772,0.0,0.0,0.067,-1.1095374308689805
2016.0,313.0,2.0,0.0,0.0,0.0,0.0,0.0,0.0,0.0,5.902191394671284,0.9756396869543772,0.9756396869543772,0.0,0.0,0.067,-1.1095374308689805
2016.0,313.0,2.5,0.0,0.0,0.0,0.0,0.0,0.0,0.0,5.902191394671284,0.9756396869543772,0.9756396869543772,0.0,0.0,0.067,-1.1095374308689805
2016.0,313.0,3.0,0.0,0.0,0.0,0.0,0.0,0.0,0.0,5.902191394671284,0.9756396869543772,0.9756396869543772,0.0,0.0,0.067,-1.1095374308689805
2016.0,313.0,3.5,0.0,0.0,0.0,0.0,0.0,0.0,0.0,5.902191394671284,0.9756396869543772,0.9756396869543772,0.0,0.0,0.067,-1.1095374308689805
2016.0,313.0,4.0,0.0,0.0,0.0,0.0,0.0,0.0,0.0,5.902191394671284,0.9756396869543772,0.9756396869543772,0.0,0.0,0.067,-1.1095374308689805
2016.0,313.0,4.5,0.0,0.0,0.0,0.0,0.0,0.0,0.0,5.902191394671284,0.9756396869543772,0.9756396869543772,0.0,0.0,0.067,-1.1095374308689805
2016,313,5.0,-1.8819463125508682,0.6860990116502124,22.35004015618358,0.0018487074889013586,-1.1420982904660408,16.569976333723275,False,5.8874480423459294,0.9779276454877466,0.9779276454877466,0.0,0.0,0.067,-1.1095374308689805
2016,313,5.5,-0.4987069765540414,0.8694574123164234,23.326953640560717,0.011750018098132732,-1.1420982904660408,17.451320719263606,False,5.8874480423459294,0.9779276454877466,0.9779276454877466,0.0,0.0,0.067,-1.1095374308689805
2016.0,313.0,6.0,0.0,0.0,0.0,0.0,0.0,0.0,0.0,5.8874480423459294,0.9779276454877466,0.9779276454877466,0.0,0.010400911570387694,0.067,-1.1095374308689805
2016,313,6.5,0.8068567375982738,0.9032401411650524,22.978661797844723,0.03050354682262358,-1.1420982904660408,20.17969439803624,False,5.8874480423459294,0.9779276454877466,0.9779276454877466,0.0,0.003976507983611113,0.067,-1.1095374308689805
2016,313,7.0,-0.9104069808916482,1.2452001965763828,23.187492152879347,0.05411726768254802,-1.2909311704230524,20.88044389867745,False,5.851305221906068,0.9698227827487214,0.9698227827487214,0.0,0.0010812559441200497,0.066,-1.226989877831571
2016,313,7.5,-1.2595377573430773,0.5131764065654809,20.502827742470835,0.02532131838073595,-1.1988403175187534,20.755398817847443,False,5.8705910572768865,0.9750148992760357,0.9750148992760357,0.0,7.349010700382304e-05,0.0665,-1.1665660338158987
2016.0,313.0,8.0,0.0,0.0,0.0,0.0,0.0,0.0,0.0,5.8705910572768865,0.9750148992760357,0.9750148992760357,0.0,0.0022665200257089716,0.066,-1.226989877831571
2016.0,313.0,8.5,0.0,0.0,0.0,0.0,0.0,0.0,0.0,5.8705910572768865,0.9750148992760357,0.9750148992760357,0.0,0.006117553553578011,0.066,-1.226989877831571
2016.0,313.0,9.0,0.0,0.0,0.0,0.0,0.0,0.0,0.0,5.8705910572768865,0.9750148992760357,0.9750148992760357,0.0,0.0035284009285860975,0.066,-1.226989877831571
2016.0,313.0,9.5,0.0,0.0,0.0,0.0,0.0,0.0,0.0,5.8705910572768865,0.9750148992760357,0.9750148992760357,0.0,0.002284865877942859,0.066,-1.226989877831571
2016.0,313.0,10.0,0.0,0.0,0.0,0.0,0.0,0.0,0.0,5.8705910572768865,0.9750148992760357,0.9750148992760357,0.0,0.008933734589574678,0.066,-1.226989877831571
2016.0,313.0,10.5,0.0,0.0,0.0,0.0,0.0,0.0,0.0,5.8705910572768865,0.9750148992760357,0.9750148992760357,0.0,0.020509812156925288,0.066,-1.226989877831571
2016.0,313.0,11.0,0.0,0.0,0.0,0.0,0.0,0.0,0.0,5.8705910572768865,0.9750148992760357,0.9750148992760357,0.0,0.030963066544458965,0.066,-1.226989877831571
2016.0,313.0,11.5,0.0,0.0,0.0,0.0,0.0,0.0,0.0,5.8705910572768865,0.9750148992760357,0.9750148992760357,0.0,0.029908863442553252,0.066,-1.226989877831571
2016.0,313.0,12.0,0.0,0.0,0.0,0.0,0.0,0.0,0.0,5.8705910572768865,0.9750148992760357,0.9750148992760357,0.0,0.044509354659060155,0.066,-1.226989877831571
2016.0,313.0,12.5,0.0,0.0,0.0,0.0,0.0,0.0,0.0,5.8705910572768865,0.9750148992760357,0.9750148992760357,0.0,0.04936297053219014,0.066,-1.226989877831571
2016.0,313.0,13.0,0.0,0.0,0.0,0.0,0.0,0.0,0.0,5.8705910572768865,0.9750148992760357,0.9750148992760357,0.0,0.010813664626486896,0.065,-1.3589616101865312
2016.0,313.0,13.5,0.0,0.0,0.0,0.0,0.0,0.0,0.0,5.8705910572768865,0.9750148992760357,0.9750148992760357,0.0,0.01477614466850538,0.065,-1.3589616101865312
2016,313,14.0,-0.3685879692931131,6.176039393948641,22.71981358284252,0.0791339216941734,-1.640728856038174,31.50519492855358,False,5.80394070801875,0.9446139401669841,0.9446139401669841,0.0,0.013516775043724777,0.065,-1.3589616101865312
2016,313,14.5,-0.9637883121509563,4.556897466525038,23.96868830389511,0.043728542454346556,-1.5781139125155867,29.429937918822798,False,5.80394070801875,0.9497822187559118,0.9497822187559118,0.0,0.00914619744816932,0.065,-1.3589616101865312
2016.0,313.0,15.0,0.0,0.0,0.0,0.0,0.0,0.0,0.0,5.80394070801875,0.9497822187559118,0.9497822187559118,0.0,0.0020414215148420083,0.065,-1.3589616101865312
2016.0,313.0,15.5,0.0,0.0,0.0,0.0,0.0,0.0,0.0,5.80394070801875,0.9497822187559118,0.9497822187559118,0.0,0.0,0.065,-1.3589616101865312
2016.0,313.0,16.0,0.0,0.0,0.0,0.0,0.0,0.0,0.0,5.80394070801875,0.9497822187559118,0.9497822187559118,0.0,0.0,0.065,-1.3589616101865312
2016.0,313.0,16.5,0.0,0.0,0.0,0.0,0.0,0.0,0.0,5.80394070801875,0.9497822187559118,0.9497822187559118,0.0,0.0,0.065,-1.3589616101865312
2016.0,313.0,17.0,0.0,0.0,0.0,0.0,0.0,0.0,0.0,5.80394070801875,0.9497822187559118,0.9497822187559118,0.0,0.0,0.065,-1.3589616101865312
2016.0,313.0,17.5,0.0,0.0,0.0,0.0,0.0,0.0,0.0,5.80394070801875,0.9497822187559118,0.9497822187559118,0.0,0.0,0.065,-1.3589616101865312
2016.0,313.0,18.0,0.0,0.0,0.0,0.0,0.0,0.0,0.0,5.80394070801875,0.9497822187559118,0.9497822187559118,0.0,0.0,0.065,-1.3589616101865312
2016.0,313.0,18.5,0.0,0.0,0.0,0.0,0.0,0.0,0.0,5.80394070801875,0.9497822187559118,0.9497822187559118,0.0,0.0,0.065,-1.3589616101865312
2016.0,313.0,19.0,0.0,0.0,0.0,0.0,0.0,0.0,0.0,5.80394070801875,0.9497822187559118,0.9497822187559118,0.0,0.0,0.065,-1.3589616101865312
2016.0,313.0,19.5,0.0,0.0,0.0,0.0,0.0,0.0,0.0,5.80394070801875,0.9497822187559118,0.9497822187559118,0.0,0.0,0.065,-1.3589616101865312
2016.0,313.0,20.0,0.0,0.0,0.0,0.0,0.0,0.0,0.0,5.80394070801875,0.9497822187559118,0.9497822187559118,0.0,0.0,0.065,-1.3589616101865312
2016.0,313.0,20.5,0.0,0.0,0.0,0.0,0.0,0.0,0.0,5.80394070801875,0.9497822187559118,0.9497822187559118,0.0,0.0,0.065,-1.3589616101865312
2016.0,313.0,21.0,0.0,0.0,0.0,0.0,0.0,0.0,0.0,5.80394070801875,0.9497822187559118,0.9497822187559118,0.0,0.0,0.065,-1.3589616101865312
2016.0,313.0,21.5,0.0,0.0,0.0,0.0,0.0,0.0,0.0,5.80394070801875,0.9497822187559118,0.9497822187559118,0.0,0.0,0.065,-1.3589616101865312
2016.0,313.0,22.0,0.0,0.0,0.0,0.0,0.0,0.0,0.0,5.80394070801875,0.9497822187559118,0.9497822187559118,0.0,0.0,0.065,-1.3589616101865312
2016.0,313.0,22.5,0.0,0.0,0.0,0.0,0.0,0.0,0.0,5.80394070801875,0.9497822187559118,0.9497822187559118,0.0,0.0,0.065,-1.3589616101865312
2016.0,313.0,23.0,0.0,0.0,0.0,0.0,0.0,0.0,0.0,5.80394070801875,0.9497822187559118,0.9497822187559118,0.0,0.0,0.0645,-1.4310239929470283
2016.0,313.0,23.5,0.0,0.0,0.0,0.0,0.0,0.0,0.0,5.80394070801875,0.9497822187559118,0.9497822187559118,0.0,0.0,0.065,-1.3589616101865312
2016.0,314.0,0.0,0.0,0.0,0.0,0.0,0.0,0.0,0.0,5.80394070801875,0.9497822187559118,0.9497822187559118,0.0,0.0,0.065,-1.3589616101865312
2016.0,314.0,0.5,0.0,0.0,0.0,0.0,0.0,0.0,0.0,5.80394070801875,0.9497822187559118,0.9497822187559118,0.0,0.0,0.0645,-1.4310239929470283
2016.0,314.0,1.0,0.0,0.0,0.0,0.0,0.0,0.0,0.0,5.80394070801875,0.9497822187559118,0.9497822187559118,0.0,0.0,0.065,-1.3589616101865312
2016.0,314.0,1.5,0.0,0.0,0.0,0.0,0.0,0.0,0.0,5.80394070801875,0.9497822187559118,0.9497822187559118,0.0,0.0,0.065,-1.3589616101865312
2016.0,314.0,2.0,0.0,0.0,0.0,0.0,0.0,0.0,0.0,5.80394070801875,0.9497822187559118,0.9497822187559118,0.0,0.0,0.065,-1.3589616101865312
2016.0,314.0,2.5,0.0,0.0,0.0,0.0,0.0,0.0,0.0,5.80394070801875,0.9497822187559118,0.9497822187559118,0.0,0.0,0.064,-1.5075137161482992
2016.0,314.0,3.0,0.0,0.0,0.0,0.0,0.0,0.0,0.0,5.80394070801875,0.9497822187559118,0.9497822187559118,0.0,0.0,0.0645,-1.4310239929470283
2016.0,314.0,3.5,0.0,0.0,0.0,0.0,0.0,0.0,0.0,5.80394070801875,0.9497822187559118,0.9497822187559118,0.0,0.0,0.0645,-1.4310239929470283
2016.0,314.0,4.0,0.0,0.0,0.0,0.0,0.0,0.0,0.0,5.80394070801875,0.9497822187559118,0.9497822187559118,0.0,0.0,0.064,-1.5075137161482992
2016.0,314.0,4.5,0.0,0.0,0.0,0.0,0.0,0.0,0.0,5.80394070801875,0.9497822187559118,0.9497822187559118,0.0,0.0,0.064,-1.5075137161482992
2016.0,314.0,5.0,0.0,0.0,0.0,0.0,0.0,0.0,0.0,5.80394070801875,0.9497822187559118,0.9497822187559118,0.0,0.0,0.064,-1.5075137161482992
2016.0,314.0,5.5,0.0,0.0,0.0,0.0,0.0,0.0,0.0,5.80394070801875,0.9497822187559118,0.9497822187559118,0.0,0.0,0.064,-1.5075137161482992
2016.0,314.0,6.0,0.0,0.0,0.0,0.0,0.0,0.0,0.0,5.80394070801875,0.9497822187559118,0.9497822187559118,0.0,0.0,0.064,-1.5075137161482992
2016.0,314.0,6.5,0.0,0.0,0.0,0.0,0.0,0.0,0.0,5.80394070801875,0.9497822187559118,0.9497822187559118,0.0,0.0,0.064,-1.5075137161482992
2016,314,7.0,-1.9039181698767391,0.7510576512794276,23.026177787979478,0.059153803410696496,-1.53807469491481,20.718781621484872,False,5.741748196006188,0.9529350736660653,0.9529350736660653,0.0,0.00021440963807565483,0.064,-1.5075137161482992
2016,314,7.5,0.5517551441999822,1.0270185695296448,24.33650045061659,0.09625839693232074,-1.568635673681321,21.19271951263136,False,5.741748196006188,0.9505392526400802,0.9505392526400802,0.0,0.0048962625506422395,0.064,-1.5075137161482992
2016,314,8.0,4.6447733368551,1.077931155757196,27.52429483489989,0.07150929313921703,-1.568635673681321,22.372586636702504,False,5.741748196006188,0.9505392526400802,0.9505392526400802,0.0,0.013598293630070897,0.064,-1.5075137161482992
2016.0,314.0,8.5,0.0,0.0,0.0,0.0,0.0,0.0,0.0,5.741748196006188,0.9505392526400802,0.9505392526400802,0.0,0.027950219171032877,0.064,-1.5075137161482992
2016,314,9.0,4.785484688532116,1.4895483492587918,27.767093987035743,0.13185973486983069,-1.568635673681321,22.413780057239727,False,5.741748196006188,0.9505392526400802,0.9505392526400802,0.0,0.014163980826954756,0.064,-1.5075137161482992
2016.0,314.0,9.5,0.0,0.0,0.0,0.0,0.0,0.0,0.0,5.741748196006188,0.9505392526400802,0.9505392526400802,0.0,0.06017443587659104,0.064,-1.5075137161482992
2016,314,10.0,7.235057229920008,3.392028828332453,32.26938616207379,2.4924749171933436,-1.6603186099808538,23.92399626931748,False,5.741748196006188,0.942937129817367,0.942937129817367,0.0,0.018033348628874173,0.064,-1.5075137161482992
2016.0,314.0,10.5,0.0,0.0,0.0,0.0,0.0,0.0,0.0,5.741748196006188,0.942937129817367,0.942937129817367,0.0,0.00971569220484782,0.064,-1.5075137161482992
2016.0,314.0,11.0,0.0,0.0,0.0,0.0,0.0,0.0,0.0,5.741748196006188,0.942937129817367,0.942937129817367,0.0,0.013592013130030523,0.064,-1.5075137161482992
2016.0,314.0,11.5,0.0,0.0,0.0,0.0,0.0,0.0,0.0,5.741748196006188,0.942937129817367,0.942937129817367,0.0,0.012756157033810856,0.064,-1.5075137161482992
2016.0,314.0,12.0,0.0,0.0,0.0,0.0,0.0,0.0,0.0,5.741748196006188,0.942937129817367,0.942937129817367,0.0,0.024028308640967846,0.064,-1.5075137161482992
2016.0,314.0,12.5,0.0,0.0,0.0,0.0,0.0,0.0,0.0,5.741748196006188,0.942937129817367,0.942937129817367,0.0,0.0210869690958608,0.0635,-1.5887406165480027
2016.0,314.0,13.0,0.0,0.0,0.0,0.0,0.0,0.0,0.0,5.741748196006188,0.942937129817367,0.942937129817367,0.0,0.011936947527747687,0.063,-1.6750389044446923
2016.0,314.0,13.5,0.0,0.0,0.0,0.0,0.0,0.0,0.0,5.741748196006188,0.942937129817367,0.942937129817367,0.0,0.007113814809970787,0.063,-1.6750389044446923
2016,314,14.0,-0.48867221498525515,2.453509279577962,24.33868192707504,0.11636810770915433,-1.7939154790424667,24.507328028672955,False,5.659979332962941,0.9307359010684796,0.9307359010684796,0.0,0.004464521064416461,0.063,-1.6750389044446923
2016.0,314.0,14.5,0.0,0.0,0.0,0.0,0.0,0.0,0.0,5.659979332962941,0.9307359010684796,0.9307359010684796,0.0,0.003220170783599991,0.063,-1.6750389044446923
2016.0,314.0,15.0,0.0,0.0,0.0,0.0,0.0,0.0,0.0,5.659979332962941,0.9307359010684796,0.9307359010684796,0.0,0.0,0.063,-1.6750389044446923
2016.0,314.0,15.5,0.0,0.0,0.0,0.0,0.0,0.0,0.0,5.659979332962941,0.9307359010684796,0.9307359010684796,0.0,0.0,0.063,-1.6750389044446923
2016.0,314.0,16.0,0.0,0.0,0.0,0.0,0.0,0.0,0.0,5.659979332962941,0.9307359010684796,0.9307359010684796,0.0,0.0,0.063,-1.6750389044446923
2016.0,314.0,16.5,0.0,0.0,0.0,0.0,0.0,0.0,0.0,5.659979332962941,0.9307359010684796,0.9307359010684796,0.0,0.0,0.063,-1.6750389044446923
2016.0,314.0,17.0,0.0,0.0,0.0,0.0,0.0,0.0,0.0,5.659979332962941,0.9307359010684796,0.9307359010684796,0.0,0.0,0.063,-1.6750389044446923
2016.0,314.0,17.5,0.0,0.0,0.0,0.0,0.0,0.0,0.0,5.659979332962941,0.9307359010684796,0.9307359010684796,0.0,0.0,0.063,-1.6750389044446923
2016.0,314.0,18.0,0.0,0.0,0.0,0.0,0.0,0.0,0.0,5.659979332962941,0.9307359010684796,0.9307359010684796,0.0,0.0,0.063,-1.6750389044446923
2016.0,314.0,18.5,0.0,0.0,0.0,0.0,0.0,0.0,0.0,5.659979332962941,0.9307359010684796,0.9307359010684796,0.0,0.0,0.063,-1.6750389044446923
2016.0,314.0,19.0,0.0,0.0,0.0,0.0,0.0,0.0,0.0,5.659979332962941,0.9307359010684796,0.9307359010684796,0.0,0.0,0.063,-1.6750389044446923
2016.0,314.0,19.5,0.0,0.0,0.0,0.0,0.0,0.0,0.0,5.659979332962941,0.9307359010684796,0.9307359010684796,0.0,0.0,0.063,-1.6750389044446923
2016.0,314.0,20.0,0.0,0.0,0.0,0.0,0.0,0.0,0.0,5.659979332962941,0.9307359010684796,0.9307359010684796,0.0,0.0,0.063,-1.6750389044446923
2016.0,314.0,20.5,0.0,0.0,0.0,0.0,0.0,0.0,0.0,5.659979332962941,0.9307359010684796,0.9307359010684796,0.0,0.0,0.063,-1.6750389044446923
2016.0,314.0,21.0,0.0,0.0,0.0,0.0,0.0,0.0,0.0,5.659979332962941,0.9307359010684796,0.9307359010684796,0.0,0.0,0.063,-1.6750389044446923
2016.0,314.0,21.5,0.0,0.0,0.0,0.0,0.0,0.0,0.0,5.659979332962941,0.9307359010684796,0.9307359010684796,0.0,0.0,0.063,-1.6750389044446923
2016.0,314.0,22.0,0.0,0.0,0.0,0.0,0.0,0.0,0.0,5.659979332962941,0.9307359010684796,0.9307359010684796,0.0,0.0,0.063,-1.6750389044446923
2016.0,314.0,22.5,0.0,0.0,0.0,0.0,0.0,0.0,0.0,5.659979332962941,0.9307359010684796,0.9307359010684796,0.0,0.0,0.063,-1.6750389044446923
2016.0,314.0,23.0,0.0,0.0,0.0,0.0,0.0,0.0,0.0,5.659979332962941,0.9307359010684796,0.9307359010684796,0.0,0.0,0.063,-1.6750389044446923
2016.0,314.0,23.5,0.0,0.0,0.0,0.0,0.0,0.0,0.0,5.659979332962941,0.9307359010684796,0.9307359010684796,0.0,0.0,0.063,-1.6750389044446923
2016.0,315.0,0.0,0.0,0.0,0.0,0.0,0.0,0.0,0.0,5.659979332962941,0.9307359010684796,0.9307359010684796,0.0,0.0,0.063,-1.6750389044446923
2016.0,315.0,0.5,0.0,0.0,0.0,0.0,0.0,0.0,0.0,5.659979332962941,0.9307359010684796,0.9307359010684796,0.0,0.0,0.063,-1.6750389044446923
2016.0,315.0,1.0,0.0,0.0,0.0,0.0,0.0,0.0,0.0,5.659979332962941,0.9307359010684796,0.9307359010684796,0.0,0.0,0.063,-1.6750389044446923
2016.0,315.0,1.5,0.0,0.0,0.0,0.0,0.0,0.0,0.0,5.659979332962941,0.9307359010684796,0.9307359010684796,0.0,0.0,0.063,-1.6750389044446923
2016.0,315.0,2.0,0.0,0.0,0.0,0.0,0.0,0.0,0.0,5.659979332962941,0.9307359010684796,0.9307359010684796,0.0,0.0,0.063,-1.6750389044446923
2016.0,315.0,2.5,0.0,0.0,0.0,0.0,0.0,0.0,0.0,5.659979332962941,0.9307359010684796,0.9307359010684796,0.0,0.0,0.063,-1.6750389044446923
2016.0,315.0,3.0,0.0,0.0,0.0,0.0,0.0,0.0,0.0,5.659979332962941,0.9307359010684796,0.9307359010684796,0.0,0.0,0.063,-1.6750389044446923
2016.0,315.0,3.5,0.0,0.0,0.0,0.0,0.0,0.0,0.0,5.659979332962941,0.9307359010684796,0.9307359010684796,0.0,0.0,0.063,-1.6750389044446923
2016.0,315.0,4.0,0.0,0.0,0.0,0.0,0.0,0.0,0.0,5.659979332962941,0.9307359010684796,0.9307359010684796,0.0,0.0,0.063,-1.6750389044446923
2016.0,315.0,4.5,0.0,0.0,0.0,0.0,0.0,0.0,0.0,5.659979332962941,0.9307359010684796,0.9307359010684796,0.0,0.0,0.063,-1.6750389044446923
2016,315,5.0,-2.2269905181277454,0.4760506559376799,20.707371710471893,0.002520887870015034,-1.7047580480941358,17.103004516129587,False,5.659979332962941,0.9390270461097232,0.9390270461097232,0.0,0.0,0.063,-1.6750389044446923
2016,315,5.5,-1.5054818811774067,0.5483285564256546,23.13434377228278,0.013648016739563971,-1.7047580480941358,17.45552247904132,False,5.659979332962941,0.9390270461097232,0.9390270461097232,0.0,0.0,0.063,-1.6750389044446923
2016,315,6.0,-1.4840123356302233,0.6846226245541979,23.665915815857172,0.03301485479957221,-1.7047580480941358,18.143652149503794,False,5.659979332962941,0.9390270461097232,0.9390270461097232,0.0,0.0,0.063,-1.6750389044446923
2016,315,6.5,0.14642100927449064,0.7272536843726188,24.558207217522234,0.05061335301155403,-1.893089327608766,18.916663140748447,False,5.552434987014947,0.9208106080089093,0.9208106080089093,0.0,0.00205581357244739,0.062,-1.8643213520376791
2016,315,7.0,2.71821019284571,0.7599327599537266,26.800296089032443,0.0638455581867082,-1.893089327608766,19.732488479640566,False,5.552434987014947,0.9208106080089093,0.9208106080089093,0.0,0.006255242155966732,0.062,-1.8643213520376791
2016,315,7.5,9.496310126182554,1.7991176113856475,33.71363037650585,1.7686382651805799,-1.9506252787509397,20.437904752825865,False,5.552434987014947,0.9147128617889623,0.9147128617889623,0.0,0.016280970814118043,0.062,-1.8643213520376791
2016.0,315.0,8.0,0.0,0.0,0.0,0.0,0.0,0.0,0.0,5.552434987014947,0.9147128617889623,0.9147128617889623,0.0,0.03199280251662505,0.063,-1.6750389044446923
2016.0,315.0,8.5,0.0,0.0,0.0,0.0,0.0,0.0,0.0,5.552434987014947,0.9147128617889623,0.9147128617889623,0.0,0.050076875919962405,0.062,-1.8643213520376791
2016.0,315.0,9.0,0.0,0.0,0.0,0.0,0.0,0.0,0.0,5.552434987014947,0.9147128617889623,0.9147128617889623,0.0,0.06666036108664515,0.062,-1.8643213520376791
2016.0,315.0,9.5,0.0,0.0,0.0,0.0,0.0,0.0,0.0,5.552434987014947,0.9147128617889623,0.9147128617889623,0.0,0.06351222661865702,0.062,-1.8643213520376791
2016.0,315.0,10.0,0.0,0.0,0.0,0.0,0.0,0.0,0.0,5.552434987014947,0.9147128617889623,0.9147128617889623,0.0,0.03420162584656712,0.062,-1.8643213520376791
2016.0,315.0,10.5,0.0,0.0,0.0,0.0,0.0,0.0,0.0,5.552434987014947,0.9147128617889623,0.9147128617889623,0.0,0.04345593936614609,0.062,-1.8643213520376791
2016,315,11.0,3.174723555402921,5.936995895845051,27.145166089572307,0.10335331009072792,-2.152001107748548,26.95549622144464,False,5.552434987014947,0.8914168391273866,0.8914168391273866,0.0,0.011339170251051342,0.062,-1.8643213520376791
2016.0,315.0,11.5,0.0,0.0,0.0,0.0,0.0,0.0,0.0,5.552434987014947,0.8914168391273866,0.8914168391273866,0.0,0.03110299022056484,0.062,-1.8643213520376791
2016.0,315.0,12.0,0.0,0.0,0.0,0.0,0.0,0.0,0.0,5.552434987014947,0.8914168391273866,0.8914168391273866,0.0,0.040793123389424035,0.0615,-1.9681160423062827
2016.0,315.0,12.5,0.0,0.0,0.0,0.0,0.0,0.0,0.0,5.552434987014947,0.8914168391273866,0.8914168391273866,0.0,0.008616563392459992,0.061,-2.0786085639674976
2016.0,315.0,13.0,0.0,0.0,0.0,0.0,0.0,0.0,0.0,5.552434987014947,0.8914168391273866,0.8914168391273866,0.0,0.010642426243604073,0.061,-2.0786085639674976
2016.0,315.0,13.5,0.0,0.0,0.0,0.0,0.0,0.0,0.0,5.552434987014947,0.8914168391273866,0.8914168391273866,0.0,0.020277026466319435,0.061,-2.0786085639674976
2016.0,315.0,14.0,0.0,0.0,0.0,0.0,0.0,0.0,0.0,5.552434987014947,0.8914168391273866,0.8914168391273866,0.0,0.021814934687285528,0.061,-2.0786085639674976
2016.0,315.0,14.5,0.0,0.0,0.0,0.0,0.0,0.0,0.0,5.552434987014947,0.8914168391273866,0.8914168391273866,0.0,0.038589729534504826,0.061,-2.0786085639674976
2016.0,315.0,15.0,0.0,0.0,0.0,0.0,0.0,0.0,0.0,5.552434987014947,0.8914168391273866,0.8914168391273866,0.0,0.009897677300795247,0.061,-2.0786085639674976
2016.0,315.0,15.5,0.0,0.0,0.0,0.0,0.0,0.0,0.0,5.552434987014947,0.8914168391273866,0.8914168391273866,0.0,0.0,0.06,-2.321697907845493
2016.0,315.0,16.0,0.0,0.0,0.0,0.0,0.0,0.0,0.0,5.552434987014947,0.8914168391273866,0.8914168391273866,0.0,0.00022076642786388002,0.06,-2.321697907845493
2016.0,315.0,16.5,0.0,0.0,0.0,0.0,0.0,0.0,0.0,5.552434987014947,0.8914168391273866,0.8914168391273866,0.0,0.0003897162703075074,0.06,-2.321697907845493
2016.0,315.0,17.0,0.0,0.0,0.0,0.0,0.0,0.0,0.0,5.552434987014947,0.8914168391273866,0.8914168391273866,0.0,0.0,0.06,-2.321697907845493
2016.0,315.0,17.5,0.0,0.0,0.0,0.0,0.0,0.0,0.0,5.552434987014947,0.8914168391273866,0.8914168391273866,0.0,0.0,0.06,-2.321697907845493
2016.0,315.0,18.0,0.0,0.0,0.0,0.0,0.0,0.0,0.0,5.552434987014947,0.8914168391273866,0.8914168391273866,0.0,0.0,0.06,-2.321697907845493
2016.0,315.0,18.5,0.0,0.0,0.0,0.0,0.0,0.0,0.0,5.552434987014947,0.8914168391273866,0.8914168391273866,0.0,0.0,0.06,-2.321697907845493
2016.0,315.0,19.0,0.0,0.0,0.0,0.0,0.0,0.0,0.0,5.552434987014947,0.8914168391273866,0.8914168391273866,0.0,0.0,0.06,-2.321697907845493
2016.0,315.0,19.5,0.0,0.0,0.0,0.0,0.0,0.0,0.0,5.552434987014947,0.8914168391273866,0.8914168391273866,0.0,0.0,0.06,-2.321697907845493
2016.0,315.0,20.0,0.0,0.0,0.0,0.0,0.0,0.0,0.0,5.552434987014947,0.8914168391273866,0.8914168391273866,0.0,0.0,0.06,-2.321697907845493
2016.0,315.0,20.5,0.0,0.0,0.0,0.0,0.0,0.0,0.0,5.552434987014947,0.8914168391273866,0.8914168391273866,0.0,0.0,0.06,-2.321697907845493
2016.0,315.0,21.0,0.0,0.0,0.0,0.0,0.0,0.0,0.0,5.552434987014947,0.8914168391273866,0.8914168391273866,0.0,0.0,0.06,-2.321697907845493
2016.0,315.0,21.5,0.0,0.0,0.0,0.0,0.0,0.0,0.0,5.552434987014947,0.8914168391273866,0.8914168391273866,0.0,0.0,0.06,-2.321697907845493
2016.0,315.0,22.0,0.0,0.0,0.0,0.0,0.0,0.0,0.0,5.552434987014947,0.8914168391273866,0.8914168391273866,0.0,0.0,0.06,-2.321697907845493
2016.0,315.0,22.5,0.0,0.0,0.0,0.0,0.0,0.0,0.0,5.552434987014947,0.8914168391273866,0.8914168391273866,0.0,0.0,0.06,-2.321697907845493
2016.0,315.0,23.0,0.0,0.0,0.0,0.0,0.0,0.0,0.0,5.552434987014947,0.8914168391273866,0.8914168391273866,0.0,0.0,0.06,-2.321697907845493
2016.0,315.0,23.5,0.0,0.0,0.0,0.0,0.0,0.0,0.0,5.552434987014947,0.8914168391273866,0.8914168391273866,0.0,0.0,0.06,-2.321697907845493
2016.0,316.0,0.0,0.0,0.0,0.0,0.0,0.0,0.0,0.0,5.552434987014947,0.8914168391273866,0.8914168391273866,0.0,0.0,0.06,-2.321697907845493
2016.0,316.0,0.5,0.0,0.0,0.0,0.0,0.0,0.0,0.0,5.552434987014947,0.8914168391273866,0.8914168391273866,0.0,0.0,0.06,-2.321697907845493
2016.0,316.0,1.0,0.0,0.0,0.0,0.0,0.0,0.0,0.0,5.552434987014947,0.8914168391273866,0.8914168391273866,0.0,0.0,0.06,-2.321697907845493
2016.0,316.0,1.5,0.0,0.0,0.0,0.0,0.0,0.0,0.0,5.552434987014947,0.8914168391273866,0.8914168391273866,0.0,0.0,0.06,-2.321697907845493
2016.0,316.0,2.0,0.0,0.0,0.0,0.0,0.0,0.0,0.0,5.552434987014947,0.8914168391273866,0.8914168391273866,0.0,0.0,0.06,-2.321697907845493
2016.0,316.0,2.5,0.0,0.0,0.0,0.0,0.0,0.0,0.0,5.552434987014947,0.8914168391273866,0.8914168391273866,0.0,0.0,0.06,-2.321697907845493
2016.0,316.0,3.0,0.0,0.0,0.0,0.0,0.0,0.0,0.0,5.552434987014947,0.8914168391273866,0.8914168391273866,0.0,0.0,0.06,-2.321697907845493
2016.0,316.0,3.5,0.0,0.0,0.0,0.0,0.0,0.0,0.0,5.552434987014947,0.8914168391273866,0.8914168391273866,0.0,0.0,0.06,-2.321697907845493
2016.0,316.0,4.0,0.0,0.0,0.0,0.0,0.0,0.0,0.0,5.552434987014947,0.8914168391273866,0.8914168391273866,0.0,0.0,0.06,-2.321697907845493
2016.0,316.0,4.5,0.0,0.0,0.0,0.0,0.0,0.0,0.0,5.552434987014947,0.8914168391273866,0.8914168391273866,0.0,0.0,0.06,-2.321697907845493
2016.0,316.0,5.0,0.0,0.0,0.0,0.0,0.0,0.0,0.0,5.552434987014947,0.8914168391273866,0.8914168391273866,0.0,0.0,0.06,-2.321697907845493
2016,316,5.5,-1.4385562601093174,0.6648094918585717,22.75299792034534,0.013198913473162292,-2.3481675087642793,18.94761307453131,False,5.226028143620038,0.8658490471366778,0.8658490471366778,0.0,0.0,0.06,-2.321697907845493
2016.0,316.0,6.0,0.0,0.0,0.0,0.0,0.0,0.0,0.0,5.226028143620038,0.8658490471366778,0.8658490471366778,0.0,0.004675262795685799,0.06,-2.321697907845493
2016.0,316.0,6.5,0.0,0.0,0.0,0.0,0.0,0.0,0.0,5.226028143620038,0.8658490471366778,0.8658490471366778,0.0,0.007048781238413022,0.06,-2.321697907845493
2016.0,316.0,7.0,0.0,0.0,0.0,0.0,0.0,0.0,0.0,5.226028143620038,0.8658490471366778,0.8658490471366778,0.0,0.009403393794382209,0.06,-2.321697907845493
2016,316,7.5,2.7256240818555924,4.074077519281089,28.294910208907666,0.35549081526723875,-2.5334547151957834,21.762296044474212,False,5.226028143620038,0.8391894356207134,0.8391894356207134,0.0,0.0046712041478852865,0.06,-2.321697907845493
2016.0,316.0,8.0,0.0,0.0,0.0,0.0,0.0,0.0,0.0,5.226028143620038,0.8391894356207134,0.8391894356207134,0.0,0.014176050529447683,0.06,-2.321697907845493
2016.0,316.0,8.5,0.0,0.0,0.0,0.0,0.0,0.0,0.0,5.226028143620038,0.8391894356207134,0.8391894356207134,0.0,0.014567305920438556,0.06,-2.321697907845493
2016.0,316.0,9.0,0.0,0.0,0.0,0.0,0.0,0.0,0.0,5.226028143620038,0.8391894356207134,0.8391894356207134,0.0,0.026599349806812826,0.0595,-2.4554056988372195
2016.0,316.0,9.5,0.0,0.0,0.0,0.0,0.0,0.0,0.0,5.226028143620038,0.8391894356207134,0.8391894356207134,0.0,0.03135207951170087,0.059,-2.5980411333999887
2016.0,316.0,10.0,0.0,0.0,0.0,0.0,0.0,0.0,0.0,5.226028143620038,0.8391894356207134,0.8391894356207134,0.0,0.018207874580459686,0.059,-2.5980411333999887
2016.0,316.0,10.5,0.0,0.0,0.0,0.0,0.0,0.0,0.0,5.226028143620038,0.8391894356207134,0.8391894356207134,0.0,0.025671430115749877,0.059,-2.5980411333999887
2016,316,11.0,2.774532815036883,6.798347610067262,26.78269730751414,0.09385027323420299,-2.9742552558083286,26.97367812716422,False,4.984915479919241,0.7668268265318353,0.7668268265318353,0.0,0.00717490030577413,0.059,-2.5980411333999887
2016.0,316.0,11.5,0.0,0.0,0.0,0.0,0.0,0.0,0.0,4.984915479919241,0.7668268265318353,0.7668268265318353,0.0,0.026695562578081825,0.059,-2.5980411333999887
2016.0,316.0,12.0,0.0,0.0,0.0,0.0,0.0,0.0,0.0,4.984915479919241,0.7668268265318353,0.7668268265318353,0.0,0.03682817082449581,0.059,-2.5980411333999887
2016.0,316.0,12.5,0.0,0.0,0.0,0.0,0.0,0.0,0.0,4.984915479919241,0.7668268265318353,0.7668268265318353,0.0,0.007028135042083339,0.0585,-2.750283687153001
2016.0,316.0,13.0,0.0,0.0,0.0,0.0,0.0,0.0,0.0,4.984915479919241,0.7668268265318353,0.7668268265318353,0.0,0.019861145527725953,0.058,-2.912871007557862
2016.0,316.0,13.5,0.0,0.0,0.0,0.0,0.0,0.0,0.0,4.984915479919241,0.7668268265318353,0.7668268265318353,0.0,0.02274679817436419,0.058,-2.912871007557862
2016.0,316.0,14.0,0.0,0.0,0.0,0.0,0.0,0.0,0.0,4.984915479919241,0.7668268265318353,0.7668268265318353,0.0,0.011734236542152462,0.058,-2.912871007557862
2016.0,316.0,14.5,0.0,0.0,0.0,0.0,0.0,0.0,0.0,4.984915479919241,0.7668268265318353,0.7668268265318353,0.0,0.01542760127121468,0.058,-2.912871007557862
2016.0,316.0,15.0,0.0,0.0,0.0,0.0,0.0,0.0,0.0,4.984915479919241,0.7668268265318353,0.7668268265318353,0.0,0.013468305112960774,0.058,-2.912871007557862
2016.0,316.0,15.5,0.0,0.0,0.0,0.0,0.0,0.0,0.0,4.984915479919241,0.7668268265318353,0.7668268265318353,0.0,0.001442061340203638,0.058,-2.912871007557862
2016.0,316.0,16.0,0.0,0.0,0.0,0.0,0.0,0.0,0.0,4.984915479919241,0.7668268265318353,0.7668268265318353,0.0,0.0005071740776657026,0.0575,-3.0866044568329984
2016.0,316.0,16.5,0.0,0.0,0.0,0.0,0.0,0.0,0.0,4.984915479919241,0.7668268265318353,0.7668268265318353,0.0,0.0,0.057,-3.272355237598531
2016.0,316.0,17.0,0.0,0.0,0.0,0.0,0.0,0.0,0.0,4.984915479919241,0.7668268265318353,0.7668268265318353,0.0,0.0,0.057,-3.272355237598531
2016.0,316.0,17.5,0.0,0.0,0.0,0.0,0.0,0.0,0.0,4.984915479919241,0.7668268265318353,0.7668268265318353,0.0,0.0,0.057,-3.272355237598531
2016.0,316.0,18.0,0.0,0.0,0.0,0.0,0.0,0.0,0.0,4.984915479919241,0.7668268265318353,0.7668268265318353,0.0,0.0,0.057,-3.272355237598531
2016.0,316.0,18.5,0.0,0.0,0.0,0.0,0.0,0.0,0.0,4.984915479919241,0.7668268265318353,0.7668268265318353,0.0,0.0,0.057,-3.272355237598531
2016.0,316.0,19.0,0.0,0.0,0.0,0.0,0.0,0.0,0.0,4.984915479919241,0.7668268265318353,0.7668268265318353,0.0,0.0,0.057,-3.272355237598531
2016.0,316.0,19.5,0.0,0.0,0.0,0.0,0.0,0.0,0.0,4.984915479919241,0.7668268265318353,0.7668268265318353,0.0,0.0,0.057,-3.272355237598531
2016.0,316.0,20.0,0.0,0.0,0.0,0.0,0.0,0.0,0.0,4.984915479919241,0.7668268265318353,0.7668268265318353,0.0,0.0,0.057,-3.272355237598531
2016.0,316.0,20.5,0.0,0.0,0.0,0.0,0.0,0.0,0.0,4.984915479919241,0.7668268265318353,0.7668268265318353,0.0,0.0,0.057,-3.272355237598531
2016.0,316.0,21.0,0.0,0.0,0.0,0.0,0.0,0.0,0.0,4.984915479919241,0.7668268265318353,0.7668268265318353,0.0,0.0,0.057,-3.272355237598531
2016.0,316.0,21.5,0.0,0.0,0.0,0.0,0.0,0.0,0.0,4.984915479919241,0.7668268265318353,0.7668268265318353,0.0,0.0,0.057,-3.272355237598531
2016.0,316.0,22.0,0.0,0.0,0.0,0.0,0.0,0.0,0.0,4.984915479919241,0.7668268265318353,0.7668268265318353,0.0,0.0,0.057,-3.272355237598531
2016.0,316.0,22.5,0.0,0.0,0.0,0.0,0.0,0.0,0.0,4.984915479919241,0.7668268265318353,0.7668268265318353,0.0,0.0,0.057,-3.272355237598531
2016.0,316.0,23.0,0.0,0.0,0.0,0.0,0.0,0.0,0.0,4.984915479919241,0.7668268265318353,0.7668268265318353,0.0,0.0,0.057,-3.272355237598531
2016.0,316.0,23.5,0.0,0.0,0.0,0.0,0.0,0.0,0.0,4.984915479919241,0.7668268265318353,0.7668268265318353,0.0,0.0,0.057,-3.272355237598531
2016.0,317.0,0.0,0.0,0.0,0.0,0.0,0.0,0.0,0.0,4.984915479919241,0.7668268265318353,0.7668268265318353,0.0,0.0,0.057,-3.272355237598531
2016.0,317.0,0.5,0.0,0.0,0.0,0.0,0.0,0.0,0.0,4.984915479919241,0.7668268265318353,0.7668268265318353,0.0,0.0,0.057,-3.272355237598531
2016.0,317.0,1.0,0.0,0.0,0.0,0.0,0.0,0.0,0.0,4.984915479919241,0.7668268265318353,0.7668268265318353,0.0,0.0,0.057,-3.272355237598531
2016.0,317.0,1.5,0.0,0.0,0.0,0.0,0.0,0.0,0.0,4.984915479919241,0.7668268265318353,0.7668268265318353,0.0,0.0,0.057,-3.272355237598531
2016.0,317.0,2.0,0.0,0.0,0.0,0.0,0.0,0.0,0.0,4.984915479919241,0.7668268265318353,0.7668268265318353,0.0,0.0,0.057,-3.272355237598531
2016.0,317.0,2.5,0.0,0.0,0.0,0.0,0.0,0.0,0.0,4.984915479919241,0.7668268265318353,0.7668268265318353,0.0,0.0,0.057,-3.272355237598531
2016.0,317.0,3.0,0.0,0.0,0.0,0.0,0.0,0.0,0.0,4.984915479919241,0.7668268265318353,0.7668268265318353,0.0,0.0,0.057,-3.272355237598531
2016.0,317.0,3.5,0.0,0.0,0.0,0.0,0.0,0.0,0.0,4.984915479919241,0.7668268265318353,0.7668268265318353,0.0,0.0,0.057,-3.272355237598531
2016.0,317.0,4.0,0.0,0.0,0.0,0.0,0.0,0.0,0.0,4.984915479919241,0.7668268265318353,0.7668268265318353,0.0,0.0,0.057,-3.272355237598531
2016.0,317.0,4.5,0.0,0.0,0.0,0.0,0.0,0.0,0.0,4.984915479919241,0.7668268265318353,0.7668268265318353,0.0,0.0,0.057,-3.272355237598531
2016.0,317.0,5.0,0.0,0.0,0.0,0.0,0.0,0.0,0.0,4.984915479919241,0.7668268265318353,0.7668268265318353,0.0,0.0,0.057,-3.272355237598531
2016.0,317.0,5.5,0.0,0.0,0.0,0.0,0.0,0.0,0.0,4.984915479919241,0.7668268265318353,0.7668268265318353,0.0,0.0,0.057,-3.272355237598531
2016.0,317.0,6.0,0.0,0.0,0.0,0.0,0.0,0.0,0.0,4.984915479919241,0.7668268265318353,0.7668268265318353,0.0,0.0,0.057,-3.272355237598531
2016.0,317.0,6.5,0.0,0.0,0.0,0.0,0.0,0.0,0.0,4.984915479919241,0.7668268265318353,0.7668268265318353,0.0,0.0,0.057,-3.272355237598531
2016,317,7.0,-1.3918161459173692,0.8636319514979184,23.05686568859266,0.05758455313704063,-3.337432522820925,21.470489091295953,False,4.278562860784596,0.6992960425331983,0.6992960425331983,0.0,0.0006024432778319157,0.057,-3.272355237598531
2016,317,7.5,-0.9811350375343451,0.8261315336009248,23.069758760540395,0.07841968497126191,-3.31574009441346,21.811183920925302,False,4.278562860784596,0.7034927975582367,0.7034927975582367,0.0,0.0010513137921529417,0.057,-3.272355237598531
2016,317,8.0,3.11937990962232,1.1397923255668148,22.912292150590417,0.4509221083787458,-3.337432522820925,23.048655340121762,False,4.278562860784596,0.6992960425331983,0.6992960425331983,0.0,0.00465142795771478,0.057,-3.272355237598531
2016,317,8.5,5.321038652667017,1.397863156956396,25.657688575402243,0.4291961364522339,-3.3591249512283894,24.368060201724564,False,4.278562860784596,0.6950811986925017,0.6950811986925017,0.0,0.00723629720257999,0.057,-3.272355237598531
2016,317,9.0,18.316136714363438,3.789007560006277,39.70448696297126,0.9575568403298276,-3.5326643784881053,26.109139889656255,False,4.278562860784596,0.660768082004787,0.660768082004787,0.0,0.0179458458594369,0.057,-3.272355237598531
2016.0,317.0,9.5,0.0,0.0,0.0,0.0,0.0,0.0,0.0,4.278562860784596,0.660768082004787,0.660768082004787,0.0,0.03119351874429429,0.057,-3.272355237598531
2016.0,317.0,10.0,0.0,0.0,0.0,0.0,0.0,0.0,0.0,4.278562860784596,0.660768082004787,0.660768082004787,0.0,0.018895999197189088,0.057,-3.272355237598531
2016.0,317.0,10.5,0.0,0.0,0.0,0.0,0.0,0.0,0.0,4.278562860784596,0.660768082004787,0.660768082004787,0.0,0.023869077137171037,0.057,-3.272355237598531
2016,317,11.0,-1.045963481836723,7.763928991273172,24.573736607634196,0.12917098140192515,-3.814665947785144,29.546048840089004,False,4.278562860784596,0.603247940939062,0.603247940939062,0.0,0.004349968728217889,0.057,-3.272355237598531
2016.0,317.0,11.5,0.0,0.0,0.0,0.0,0.0,0.0,0.0,4.278562860784596,0.603247940939062,0.603247940939062,0.0,0.023364606652493288,0.0565,-3.471071168355371
2016.0,317.0,12.0,0.0,0.0,0.0,0.0,0.0,0.0,0.0,4.278562860784596,0.603247940939062,0.603247940939062,0.0,0.021252707417116823,0.056,-3.6837841843144643
2016.0,317.0,12.5,0.0,0.0,0.0,0.0,0.0,0.0,0.0,4.278562860784596,0.603247940939062,0.603247940939062,0.0,0.002800047337495046,0.056,-3.6837841843144643
2016.0,317.0,13.0,0.0,0.0,0.0,0.0,0.0,0.0,0.0,4.278562860784596,0.603247940939062,0.603247940939062,0.0,0.010929302320238102,0.056,-3.6837841843144643
2016.0,317.0,13.5,0.0,0.0,0.0,0.0,0.0,0.0,0.0,4.278562860784596,0.603247940939062,0.603247940939062,0.0,0.003944086408904913,0.056,-3.6837841843144643
2016.0,317.0,14.0,0.0,0.0,0.0,0.0,0.0,0.0,0.0,4.278562860784596,0.603247940939062,0.603247940939062,0.0,0.006920212781703329,0.056,-3.6837841843144643
2016.0,317.0,14.5,0.0,0.0,0.0,0.0,0.0,0.0,0.0,4.278562860784596,0.603247940939062,0.603247940939062,0.0,0.01779305262105683,0.056,-3.6837841843144643
2016.0,317.0,15.0,0.0,0.0,0.0,0.0,0.0,0.0,0.0,4.278562860784596,0.603247940939062,0.603247940939062,0.0,0.003477984076736189,0.0555,-3.9116186486462903
2016.0,317.0,15.5,0.0,0.0,0.0,0.0,0.0,0.0,0.0,4.278562860784596,0.603247940939062,0.603247940939062,0.0,0.000149250138748242,0.056,-3.6837841843144643
2016.0,317.0,16.0,0.0,0.0,0.0,0.0,0.0,0.0,0.0,4.278562860784596,0.603247940939062,0.603247940939062,0.0,0.0,0.0555,-3.9116186486462903
2016.0,317.0,16.5,0.0,0.0,0.0,0.0,0.0,0.0,0.0,4.278562860784596,0.603247940939062,0.603247940939062,0.0,0.0,0.055,-4.155800570083817
2016.0,317.0,17.0,0.0,0.0,0.0,0.0,0.0,0.0,0.0,4.278562860784596,0.603247940939062,0.603247940939062,0.0,0.0,0.055,-4.155800570083817
2016.0,317.0,17.5,0.0,0.0,0.0,0.0,0.0,0.0,0.0,4.278562860784596,0.603247940939062,0.603247940939062,0.0,0.0,0.055,-4.155800570083817
2016.0,317.0,18.0,0.0,0.0,0.0,0.0,0.0,0.0,0.0,4.278562860784596,0.603247940939062,0.603247940939062,0.0,0.0,0.055,-4.155800570083817
2016.0,317.0,18.5,0.0,0.0,0.0,0.0,0.0,0.0,0.0,4.278562860784596,0.603247940939062,0.603247940939062,0.0,0.0,0.055,-4.155800570083817
2016.0,317.0,19.0,0.0,0.0,0.0,0.0,0.0,0.0,0.0,4.278562860784596,0.603247940939062,0.603247940939062,0.0,0.0,0.055,-4.155800570083817
2016.0,317.0,19.5,0.0,0.0,0.0,0.0,0.0,0.0,0.0,4.278562860784596,0.603247940939062,0.603247940939062,0.0,0.0,0.055,-4.155800570083817
2016.0,317.0,20.0,0.0,0.0,0.0,0.0,0.0,0.0,0.0,4.278562860784596,0.603247940939062,0.603247940939062,0.0,0.0,0.055,-4.155800570083817
2016.0,317.0,20.5,0.0,0.0,0.0,0.0,0.0,0.0,0.0,4.278562860784596,0.603247940939062,0.603247940939062,0.0,0.0,0.055,-4.155800570083817
2016.0,317.0,21.0,0.0,0.0,0.0,0.0,0.0,0.0,0.0,4.278562860784596,0.603247940939062,0.603247940939062,0.0,0.0,0.055,-4.155800570083817
2016.0,317.0,21.5,0.0,0.0,0.0,0.0,0.0,0.0,0.0,4.278562860784596,0.603247940939062,0.603247940939062,0.0,0.0,0.055,-4.155800570083817
2016.0,317.0,22.0,0.0,0.0,0.0,0.0,0.0,0.0,0.0,4.278562860784596,0.603247940939062,0.603247940939062,0.0,0.0,0.055,-4.155800570083817
2016.0,317.0,22.5,0.0,0.0,0.0,0.0,0.0,0.0,0.0,4.278562860784596,0.603247940939062,0.603247940939062,0.0,0.0,0.055,-4.155800570083817
2016.0,317.0,23.0,0.0,0.0,0.0,0.0,0.0,0.0,0.0,4.278562860784596,0.603247940939062,0.603247940939062,0.0,0.0,0.055,-4.155800570083817
2016.0,317.0,23.5,0.0,0.0,0.0,0.0,0.0,0.0,0.0,4.278562860784596,0.603247940939062,0.603247940939062,0.0,0.0,0.055,-4.155800570083817
2016.0,318.0,0.0,0.0,0.0,0.0,0.0,0.0,0.0,0.0,4.278562860784596,0.603247940939062,0.603247940939062,0.0,0.0,0.055,-4.155800570083817
2016.0,318.0,0.5,0.0,0.0,0.0,0.0,0.0,0.0,0.0,4.278562860784596,0.603247940939062,0.603247940939062,0.0,0.0,0.055,-4.155800570083817
2016.0,318.0,1.0,0.0,0.0,0.0,0.0,0.0,0.0,0.0,4.278562860784596,0.603247940939062,0.603247940939062,0.0,0.0,0.055,-4.155800570083817
2016.0,318.0,1.5,0.0,0.0,0.0,0.0,0.0,0.0,0.0,4.278562860784596,0.603247940939062,0.603247940939062,0.0,0.0,0.055,-4.155800570083817
2016.0,318.0,2.0,0.0,0.0,0.0,0.0,0.0,0.0,0.0,4.278562860784596,0.603247940939062,0.603247940939062,0.0,0.0,0.055,-4.155800570083817
2016.0,318.0,2.5,0.0,0.0,0.0,0.0,0.0,0.0,0.0,4.278562860784596,0.603247940939062,0.603247940939062,0.0,0.0,0.055,-4.155800570083817
2016.0,318.0,3.0,0.0,0.0,0.0,0.0,0.0,0.0,0.0,4.278562860784596,0.603247940939062,0.603247940939062,0.0,0.0,0.055,-4.155800570083817
2016.0,318.0,3.5,0.0,0.0,0.0,0.0,0.0,0.0,0.0,4.278562860784596,0.603247940939062,0.603247940939062,0.0,0.0,0.055,-4.155800570083817
2016.0,318.0,4.0,0.0,0.0,0.0,0.0,0.0,0.0,0.0,4.278562860784596,0.603247940939062,0.603247940939062,0.0,0.0,0.055,-4.155800570083817
2016.0,318.0,4.5,0.0,0.0,0.0,0.0,0.0,0.0,0.0,4.278562860784596,0.603247940939062,0.603247940939062,0.0,0.0,0.055,-4.155800570083817
2016,318,5.0,-1.7679196945551074,0.6534111322761443,9.88591618695805,4.314926182552686e-07,-4.207559583962211,15.918084841816794,False,3.1986630838619625,0.5213538390982783,0.5213538390982783,0.0,0.0,0.055,-4.155800570083817
2016,318,5.5,-0.9485054788885766,0.8652912199248444,24.103539306447164,0.016988284313756364,-4.2248125885883425,16.19768638140816,False,3.1986630838619625,0.5177523917433926,0.5177523917433926,0.0,0.0,0.055,-4.155800570083817
2016.0,318.0,6.0,0.0,0.0,0.0,0.0,0.0,0.0,0.0,3.1986630838619625,0.5177523917433926,0.5177523917433926,0.0,0.00210146787011661,0.055,-4.155800570083817
2016.0,318.0,6.5,0.0,0.0,0.0,0.0,0.0,0.0,0.0,3.1986630838619625,0.5177523917433926,0.5177523917433926,0.0,0.0041295433551088705,0.055,-4.155800570083817
2016.0,318.0,7.0,0.0,0.0,0.0,0.0,0.0,0.0,0.0,3.1986630838619625,0.5177523917433926,0.5177523917433926,0.0,0.0057530730162578024,0.055,-4.155800570083817
2016.0,318.0,7.5,0.0,0.0,0.0,0.0,0.0,0.0,0.0,3.1986630838619625,0.5177523917433926,0.5177523917433926,0.0,0.004840555260928629,0.055,-4.155800570083817
2016.0,318.0,8.0,0.0,0.0,0.0,0.0,0.0,0.0,0.0,3.1986630838619625,0.5177523917433926,0.5177523917433926,0.0,0.0036427680058221342,0.055,-4.155800570083817
2016.0,318.0,8.5,0.0,0.0,0.0,0.0,0.0,0.0,0.0,3.1986630838619625,0.5177523917433926,0.5177523917433926,0.0,0.005934401970539288,0.055,-4.155800570083817
2016.0,318.0,9.0,0.0,0.0,0.0,0.0,0.0,0.0,0.0,3.1986630838619625,0.5177523917433926,0.5177523917433926,0.0,0.011276322542963112,0.0545,-4.417667835177966
2016.0,318.0,9.5,0.0,0.0,0.0,0.0,0.0,0.0,0.0,3.1986630838619625,0.5177523917433926,0.5177523917433926,0.0,0.012393752665224553,0.054,-4.698681577596776
2016.0,318.0,10.0,0.0,0.0,0.0,0.0,0.0,0.0,0.0,3.1986630838619625,0.5177523917433926,0.5177523917433926,0.0,0.0069747553979200485,0.054,-4.698681577596776
2016,318,10.5,6.935311555760781,4.726060139327632,20.683987603067212,0.03463100518763021,-5.294204911448912,32.38535028820359,False,2.5266587700291314,0.30725601439306793,0.30725601439306793,0.0,0.005982620376987054,0.054,-4.698681577596776
2016.0,318.0,11.0,0.0,0.0,0.0,0.0,0.0,0.0,0.0,2.5266587700291314,0.30725601439306793,0.30725601439306793,0.0,0.0005876956047306701,0.054,-4.698681577596776
2016.0,318.0,11.5,0.0,0.0,0.0,0.0,0.0,0.0,0.0,2.5266587700291314,0.30725601439306793,0.30725601439306793,0.0,0.005534978416424893,0.054,-4.698681577596776
2016.0,318.0,12.0,0.0,0.0,0.0,0.0,0.0,0.0,0.0,2.5266587700291314,0.30725601439306793,0.30725601439306793,0.0,0.00041174811047194943,0.054,-4.698681577596776
2016.0,318.0,12.5,0.0,0.0,0.0,0.0,0.0,0.0,0.0,2.5266587700291314,0.30725601439306793,0.30725601439306793,0.0,0.0005516150751630934,0.054,-4.698681577596776
2016.0,318.0,13.0,0.0,0.0,0.0,0.0,0.0,0.0,0.0,2.5266587700291314,0.30725601439306793,0.30725601439306793,0.0,0.0015474353931512262,0.053,-5.3246865658933755
2016.0,318.0,13.5,0.0,0.0,0.0,0.0,0.0,0.0,0.0,2.5266587700291314,0.30725601439306793,0.30725601439306793,0.0,0.0,0.053,-5.3246865658933755
2016.0,318.0,14.0,0.0,0.0,0.0,0.0,0.0,0.0,0.0,2.5266587700291314,0.30725601439306793,0.30725601439306793,0.0,0.0,0.053,-5.3246865658933755
2016.0,318.0,14.5,0.0,0.0,0.0,0.0,0.0,0.0,0.0,2.5266587700291314,0.30725601439306793,0.30725601439306793,0.0,0.0,0.053,-5.3246865658933755
2016.0,318.0,15.0,0.0,0.0,0.0,0.0,0.0,0.0,0.0,2.5266587700291314,0.30725601439306793,0.30725601439306793,0.0,0.0,0.053,-5.3246865658933755
2016.0,318.0,15.5,0.0,0.0,0.0,0.0,0.0,0.0,0.0,2.5266587700291314,0.30725601439306793,0.30725601439306793,0.0,0.0,0.053,-5.3246865658933755
2016.0,318.0,16.0,0.0,0.0,0.0,0.0,0.0,0.0,0.0,2.5266587700291314,0.30725601439306793,0.30725601439306793,0.0,0.0,0.053,-5.3246865658933755
2016.0,318.0,16.5,0.0,0.0,0.0,0.0,0.0,0.0,0.0,2.5266587700291314,0.30725601439306793,0.30725601439306793,0.0,0.0,0.053,-5.3246865658933755
2016.0,318.0,17.0,0.0,0.0,0.0,0.0,0.0,0.0,0.0,2.5266587700291314,0.30725601439306793,0.30725601439306793,0.0,0.0,0.053,-5.3246865658933755
2016.0,318.0,17.5,0.0,0.0,0.0,0.0,0.0,0.0,0.0,2.5266587700291314,0.30725601439306793,0.30725601439306793,0.0,0.0,0.0525,-5.67333745760483
2016.0,318.0,18.0,0.0,0.0,0.0,0.0,0.0,0.0,0.0,2.5266587700291314,0.30725601439306793,0.30725601439306793,0.0,0.0,0.052,-6.048487305117891
2016.0,318.0,18.5,0.0,0.0,0.0,0.0,0.0,0.0,0.0,2.5266587700291314,0.30725601439306793,0.30725601439306793,0.0,0.0,0.052,-6.048487305117891
2016.0,318.0,19.0,0.0,0.0,0.0,0.0,0.0,0.0,0.0,2.5266587700291314,0.30725601439306793,0.30725601439306793,0.0,0.0,0.052,-6.048487305117891
2016.0,318.0,19.5,0.0,0.0,0.0,0.0,0.0,0.0,0.0,2.5266587700291314,0.30725601439306793,0.30725601439306793,0.0,0.0,0.052,-6.048487305117891
2016.0,318.0,20.0,0.0,0.0,0.0,0.0,0.0,0.0,0.0,2.5266587700291314,0.30725601439306793,0.30725601439306793,0.0,0.0,0.052,-6.048487305117891
2016.0,318.0,20.5,0.0,0.0,0.0,0.0,0.0,0.0,0.0,2.5266587700291314,0.30725601439306793,0.30725601439306793,0.0,0.0,0.052,-6.048487305117891
2016.0,318.0,21.0,0.0,0.0,0.0,0.0,0.0,0.0,0.0,2.5266587700291314,0.30725601439306793,0.30725601439306793,0.0,0.0,0.052,-6.048487305117891
2016.0,318.0,21.5,0.0,0.0,0.0,0.0,0.0,0.0,0.0,2.5266587700291314,0.30725601439306793,0.30725601439306793,0.0,0.0,0.052,-6.048487305117891
2016.0,318.0,22.0,0.0,0.0,0.0,0.0,0.0,0.0,0.0,2.5266587700291314,0.30725601439306793,0.30725601439306793,0.0,0.0,0.052,-6.048487305117891
2016.0,318.0,22.5,0.0,0.0,0.0,0.0,0.0,0.0,0.0,2.5266587700291314,0.30725601439306793,0.30725601439306793,0.0,0.0,0.052,-6.048487305117891
2016.0,318.0,23.0,0.0,0.0,0.0,0.0,0.0,0.0,0.0,2.5266587700291314,0.30725601439306793,0.30725601439306793,0.0,0.0,0.052,-6.048487305117891
2016.0,318.0,23.5,0.0,0.0,0.0,0.0,0.0,0.0,0.0,2.5266587700291314,0.30725601439306793,0.30725601439306793,0.0,0.0,0.052,-6.048487305117891
2016.0,319.0,0.0,0.0,0.0,0.0,0.0,0.0,0.0,0.0,2.5266587700291314,0.30725601439306793,0.30725601439306793,0.0,0.0,0.052,-6.048487305117891
2016.0,319.0,0.5,0.0,0.0,0.0,0.0,0.0,0.0,0.0,2.5266587700291314,0.30725601439306793,0.30725601439306793,0.0,0.0,0.052,-6.048487305117891
2016.0,319.0,1.0,0.0,0.0,0.0,0.0,0.0,0.0,0.0,2.5266587700291314,0.30725601439306793,0.30725601439306793,0.0,0.0,0.052,-6.048487305117891
2016.0,319.0,1.5,0.0,0.0,0.0,0.0,0.0,0.0,0.0,2.5266587700291314,0.30725601439306793,0.30725601439306793,0.0,0.0,0.052,-6.048487305117891
2016.0,319.0,2.0,0.0,0.0,0.0,0.0,0.0,0.0,0.0,2.5266587700291314,0.30725601439306793,0.30725601439306793,0.0,0.0,0.052,-6.048487305117891
2016.0,319.0,2.5,0.0,0.0,0.0,0.0,0.0,0.0,0.0,2.5266587700291314,0.30725601439306793,0.30725601439306793,0.0,0.0,0.052,-6.048487305117891
2016.0,319.0,3.0,0.0,0.0,0.0,0.0,0.0,0.0,0.0,2.5266587700291314,0.30725601439306793,0.30725601439306793,0.0,0.0,0.052,-6.048487305117891
2016.0,319.0,3.5,0.0,0.0,0.0,0.0,0.0,0.0,0.0,2.5266587700291314,0.30725601439306793,0.30725601439306793,0.0,0.0,0.052,-6.048487305117891
2016.0,319.0,4.0,0.0,0.0,0.0,0.0,0.0,0.0,0.0,2.5266587700291314,0.30725601439306793,0.30725601439306793,0.0,0.0,0.052,-6.048487305117891
2016.0,319.0,4.5,0.0,0.0,0.0,0.0,0.0,0.0,0.0,2.5266587700291314,0.30725601439306793,0.30725601439306793,0.0,0.0,0.052,-6.048487305117891
2016,319,5.0,-2.578696194426069,0.8366079603837929,19.617909538364437,0.002064210942243668,-6.265263753338243,18.81917219982109,False,1.1365260456957729,0.16131306887333258,0.16131306887333258,0.0,0.0,0.052,-6.048487305117891
2016,319,5.5,-1.5288843696011871,0.8396165019128637,20.696790695035393,0.008384036209844278,-6.265263753338243,19.207011746914993,False,1.1365260456957729,0.16131306887333258,0.16131306887333258,0.0,0.0,0.052,-6.048487305117891
2016,319,6.0,-1.035273111739086,0.4190375103248573,15.912568888774633,0.007014606502222719,-6.149133513220197,19.715310525216807,False,1.1365260456957729,0.17583561691807512,0.17583561691807512,0.0,0.0,0.052,-6.048487305117891
2016,319,6.5,-0.3090349387977156,0.6827393335339506,19.34847113454007,0.016560239559704214,-6.218811657291025,19.927663190772385,False,1.1365260456957729,0.16702362646241595,0.16702362646241595,0.0,0.0,0.052,-6.048487305117891
2016.0,319.0,7.0,0.0,0.0,0.0,0.0,0.0,0.0,0.0,1.1365260456957729,0.16702362646241595,0.16702362646241595,0.0,0.0,0.052,-6.048487305117891
2016.0,319.0,7.5,0.0,0.0,0.0,0.0,0.0,0.0,0.0,1.1365260456957729,0.16702362646241595,0.16702362646241595,0.0,0.0,0.052,-6.048487305117891
2016,319,8.0,4.662901362721502,2.4342258906687535,24.357618418842442,0.42118393349588834,-6.814946889896995,24.7022328189398,False,1.1365260456957729,0.10353744966146902,0.10353744966146902,0.0,0.0,0.052,-6.048487305117891
2016.0,319.0,8.5,0.0,0.0,0.0,0.0,0.0,0.0,0.0,1.1365260456957729,0.10353744966146902,0.10353744966146902,0.0,0.0,0.052,-6.048487305117891
2016.0,319.0,9.0,0.0,0.0,0.0,0.0,0.0,0.0,0.0,1.1365260456957729,0.10353744966146902,0.10353744966146902,0.0,0.0,0.052,-6.048487305117891
2016.0,319.0,9.5,0.0,0.0,0.0,0.0,0.0,0.0,0.0,1.1365260456957729,0.10353744966146902,0.10353744966146902,0.0,0.0,0.052,-6.048487305117891
2016.0,319.0,10.0,0.0,0.0,0.0,0.0,0.0,0.0,0.0,1.1365260456957729,0.10353744966146902,0.10353744966146902,0.0,0.0,0.052,-6.048487305117891
2016.0,319.0,10.5,0.0,0.0,0.0,0.0,0.0,0.0,0.0,1.1365260456957729,0.10353744966146902,0.10353744966146902,0.0,0.0,0.0515,-6.452434612407716
2016,319,11.0,0.0,0.0,0.0,0.0,0.0,0.0,False,0.584232973397601,0.05000000000000003,0.05000000000000003,0.0,0.0,0.051,-6.8877024241280935
2016.0,319.0,11.5,0.0,0.0,0.0,0.0,0.0,0.0,0.0,0.584232973397601,0.05000000000000003,0.05000000000000003,0.0,0.0,0.051,-6.8877024241280935
2016.0,319.0,12.0,0.0,0.0,0.0,0.0,0.0,0.0,0.0,0.584232973397601,0.05000000000000003,0.05000000000000003,0.0,0.0,0.051,-6.8877024241280935
2016.0,319.0,12.5,0.0,0.0,0.0,0.0,0.0,0.0,0.0,0.584232973397601,0.05000000000000003,0.05000000000000003,0.0,0.0,0.051,-6.8877024241280935
2016.0,319.0,13.0,0.0,0.0,0.0,0.0,0.0,0.0,0.0,0.584232973397601,0.05000000000000003,0.05000000000000003,0.0,0.0,0.051,-6.8877024241280935
2016.0,319.0,13.5,0.0,0.0,0.0,0.0,0.0,0.0,0.0,0.584232973397601,0.05000000000000003,0.05000000000000003,0.0,0.0,0.051,-6.8877024241280935
2016.0,319.0,14.0,0.0,0.0,0.0,0.0,0.0,0.0,0.0,0.584232973397601,0.05000000000000003,0.05000000000000003,0.0,0.0,0.051,-6.8877024241280935
2016,319,14.5,0.0,0.0,0.0,0.0,0.0,0.0,False,0.584232973397601,0.05000000000000003,0.05000000000000003,0.0,0.0,0.051,-6.8877024241280935
2016,319,15.0,0.0,0.0,0.0,0.0,0.0,0.0,False,0.584232973397601,0.05000000000000003,0.05000000000000003,0.0,0.0,0.051,-6.8877024241280935
2016.0,319.0,15.5,0.0,0.0,0.0,0.0,0.0,0.0,0.0,0.584232973397601,0.05000000000000003,0.05000000000000003,0.0,0.0,0.05,-7.863564046704504
2016.0,319.0,16.0,0.0,0.0,0.0,0.0,0.0,0.0,0.0,0.584232973397601,0.05000000000000003,0.05000000000000003,0.0,0.0,0.05,-7.863564046704504
2016.0,319.0,16.5,0.0,0.0,0.0,0.0,0.0,0.0,0.0,0.584232973397601,0.05000000000000003,0.05000000000000003,0.0,0.0,0.05,-7.863564046704504
2016.0,319.0,17.0,0.0,0.0,0.0,0.0,0.0,0.0,0.0,0.584232973397601,0.05000000000000003,0.05000000000000003,0.0,0.0,0.05,-7.863564046704504
2016.0,319.0,17.5,0.0,0.0,0.0,0.0,0.0,0.0,0.0,0.584232973397601,0.05000000000000003,0.05000000000000003,0.0,0.0,0.05,-7.863564046704504
2016.0,319.0,18.0,0.0,0.0,0.0,0.0,0.0,0.0,0.0,0.584232973397601,0.05000000000000003,0.05000000000000003,0.0,0.0,0.05,-7.863564046704504
2016.0,319.0,18.5,0.0,0.0,0.0,0.0,0.0,0.0,0.0,0.584232973397601,0.05000000000000003,0.05000000000000003,0.0,0.0,0.05,-7.863564046704504
2016.0,319.0,19.0,0.0,0.0,0.0,0.0,0.0,0.0,0.0,0.584232973397601,0.05000000000000003,0.05000000000000003,0.0,0.0,0.05,-7.863564046704504
2016.0,319.0,19.5,0.0,0.0,0.0,0.0,0.0,0.0,0.0,0.584232973397601,0.05000000000000003,0.05000000000000003,0.0,0.0,0.05,-7.863564046704504
2016.0,319.0,20.0,0.0,0.0,0.0,0.0,0.0,0.0,0.0,0.584232973397601,0.05000000000000003,0.05000000000000003,0.0,0.0,0.05,-7.863564046704504
2016.0,319.0,20.5,0.0,0.0,0.0,0.0,0.0,0.0,0.0,0.584232973397601,0.05000000000000003,0.05000000000000003,0.0,0.0,0.05,-7.863564046704504
2016.0,319.0,21.0,0.0,0.0,0.0,0.0,0.0,0.0,0.0,0.584232973397601,0.05000000000000003,0.05000000000000003,0.0,0.0,0.05,-7.863564046704504
2016.0,319.0,21.5,0.0,0.0,0.0,0.0,0.0,0.0,0.0,0.584232973397601,0.05000000000000003,0.05000000000000003,0.0,0.0,0.05,-7.863564046704504
2016.0,319.0,22.0,0.0,0.0,0.0,0.0,0.0,0.0,0.0,0.584232973397601,0.05000000000000003,0.05000000000000003,0.0,0.0,0.05,-7.863564046704504
2016.0,319.0,22.5,0.0,0.0,0.0,0.0,0.0,0.0,0.0,0.584232973397601,0.05000000000000003,0.05000000000000003,0.0,0.0,0.05,-7.863564046704504
2016.0,319.0,23.0,0.0,0.0,0.0,0.0,0.0,0.0,0.0,0.584232973397601,0.05000000000000003,0.05000000000000003,0.0,0.0,0.05,-7.863564046704504
2016.0,319.0,23.5,0.0,0.0,0.0,0.0,0.0,0.0,0.0,0.584232973397601,0.05000000000000003,0.05000000000000003,0.0,0.0,0.05,-7.863564046704504
2016.0,320.0,0.0,0.0,0.0,0.0,0.0,0.0,0.0,0.0,0.584232973397601,0.05000000000000003,0.05000000000000003,0.0,0.0,0.05,-7.863564046704504
2016.0,320.0,0.5,0.0,0.0,0.0,0.0,0.0,0.0,0.0,0.584232973397601,0.05000000000000003,0.05000000000000003,0.0,0.0,0.05,-7.863564046704504
2016.0,320.0,1.0,0.0,0.0,0.0,0.0,0.0,0.0,0.0,0.584232973397601,0.05000000000000003,0.05000000000000003,0.0,0.0,0.05,-7.863564046704504
2016.0,320.0,1.5,0.0,0.0,0.0,0.0,0.0,0.0,0.0,0.584232973397601,0.05000000000000003,0.05000000000000003,0.0,0.0,0.05,-7.863564046704504
2016.0,320.0,2.0,0.0,0.0,0.0,0.0,0.0,0.0,0.0,0.584232973397601,0.05000000000000003,0.05000000000000003,0.0,0.0,0.05,-7.863564046704504
2016.0,320.0,2.5,0.0,0.0,0.0,0.0,0.0,0.0,0.0,0.584232973397601,0.05000000000000003,0.05000000000000003,0.0,0.0,0.05,-7.863564046704504
2016.0,320.0,3.0,0.0,0.0,0.0,0.0,0.0,0.0,0.0,0.584232973397601,0.05000000000000003,0.05000000000000003,0.0,0.0,0.05,-7.863564046704504
2016.0,320.0,3.5,0.0,0.0,0.0,0.0,0.0,0.0,0.0,0.584232973397601,0.05000000000000003,0.05000000000000003,0.0,0.0,0.05,-7.863564046704504
2016.0,320.0,4.0,0.0,0.0,0.0,0.0,0.0,0.0,0.0,0.584232973397601,0.05000000000000003,0.05000000000000003,0.0,0.0,0.05,-7.863564046704504
2016.0,320.0,4.5,0.0,0.0,0.0,0.0,0.0,0.0,0.0,0.584232973397601,0.05000000000000003,0.05000000000000003,0.0,0.0,0.051,-6.8877024241280935
2016,320,5.0,0.0,0.0,0.0,0.0,0.0,0.0,False,0.3787387708429918,0.05000000000000003,0.05000000000000003,0.0,0.0,0.0505,-7.357062769630571
2016,320,5.5,0.0,0.0,0.0,0.0,0.0,0.0,False,0.3787387708429918,0.05000000000000003,0.05000000000000003,0.0,0.0,0.0505,-7.357062769630571
2016,320,6.0,1.1098573833536851,0.8025165817333885,27.38025798620861,0.03370451579905783,-7.345933522883188,16.904405660987248,False,0.584232973397601,0.06369584295260572,0.06369584295260572,0.0,0.0,0.051,-6.8877024241280935
2016.0,320.0,6.5,0.0,0.0,0.0,0.0,0.0,0.0,0.0,0.584232973397601,0.06369584295260572,0.06369584295260572,0.0,0.0,0.051,-6.8877024241280935
2016,320,7.0,2.2929884846773607,0.7847111270720192,26.43692769407253,0.06410549976900458,-7.331834104459954,18.303670527452816,False,0.584232973397601,0.06457139475082996,0.06457139475082996,0.0,0.0,0.051,-6.8877024241280935
2016,320,7.5,0.0,0.0,0.0,0.0,0.0,0.0,False,0.3787387708429918,0.05000000000000003,0.05000000000000003,0.0,0.0,0.0505,-7.357062769630571
2016.0,320.0,8.0,0.0,0.0,0.0,0.0,0.0,0.0,0.0,0.3787387708429918,0.05000000000000003,0.05000000000000003,0.0,0.0,0.05,-7.863564046704504
2016.0,320.0,8.5,0.0,0.0,0.0,0.0,0.0,0.0,0.0,0.3787387708429918,0.05000000000000003,0.05000000000000003,0.0,0.0,0.05,-7.863564046704504
2016.0,320.0,9.0,0.0,0.0,0.0,0.0,0.0,0.0,0.0,0.3787387708429918,0.05000000000000003,0.05000000000000003,0.0,0.0,0.05,-7.863564046704504
2016.0,320.0,9.5,0.0,0.0,0.0,0.0,0.0,0.0,0.0,0.3787387708429918,0.05000000000000003,0.05000000000000003,0.0,0.0,0.05,-7.863564046704504
2016.0,320.0,10.0,0.0,0.0,0.0,0.0,0.0,0.0,0.0,0.3787387708429918,0.05000000000000003,0.05000000000000003,0.0,0.0,0.05,-7.863564046704504
2016.0,320.0,10.5,0.0,0.0,0.0,0.0,0.0,0.0,0.0,0.3787387708429918,0.05000000000000003,0.05000000000000003,0.0,0.0,0.05,-7.863564046704504
2016.0,320.0,11.0,0.0,0.0,0.0,0.0,0.0,0.0,0.0,0.3787387708429918,0.05000000000000003,0.05000000000000003,0.0,0.0,0.05,-7.863564046704504
2016.0,320.0,11.5,0.0,0.0,0.0,0.0,0.0,0.0,0.0,0.3787387708429918,0.05000000000000003,0.05000000000000003,0.0,0.0,0.05,-7.863564046704504
2016.0,320.0,12.0,0.0,0.0,0.0,0.0,0.0,0.0,0.0,0.3787387708429918,0.05000000000000003,0.05000000000000003,0.0,0.0,0.05,-7.863564046704504
2016.0,320.0,12.5,0.0,0.0,0.0,0.0,0.0,0.0,0.0,0.3787387708429918,0.05000000000000003,0.05000000000000003,0.0,0.0,0.05,-7.863564046704504
2016.0,320.0,13.0,0.0,0.0,0.0,0.0,0.0,0.0,0.0,0.3787387708429918,0.05000000000000003,0.05000000000000003,0.0,0.0,0.05,-7.863564046704504
2016.0,320.0,13.5,0.0,0.0,0.0,0.0,0.0,0.0,0.0,0.3787387708429918,0.05000000000000003,0.05000000000000003,0.0,0.0,0.05,-7.863564046704504
2016.0,320.0,14.0,0.0,0.0,0.0,0.0,0.0,0.0,0.0,0.3787387708429918,0.05000000000000003,0.05000000000000003,0.0,0.0,0.0495,-8.213147767034087
2016.0,320.0,14.5,0.0,0.0,0.0,0.0,0.0,0.0,0.0,0.3787387708429918,0.05000000000000003,0.05000000000000003,0.0,0.0,0.049,-8.578272630895233
2016.0,320.0,15.0,0.0,0.0,0.0,0.0,0.0,0.0,0.0,0.3787387708429918,0.05000000000000003,0.05000000000000003,0.0,0.0,0.049,-8.578272630895233
2016.0,320.0,15.5,0.0,0.0,0.0,0.0,0.0,0.0,0.0,0.3787387708429918,0.05000000000000003,0.05000000000000003,0.0,0.0,0.049,-8.578272630895233
2016.0,320.0,16.0,0.0,0.0,0.0,0.0,0.0,0.0,0.0,0.3787387708429918,0.05000000000000003,0.05000000000000003,0.0,0.0,0.049,-8.578272630895233
2016.0,320.0,16.5,0.0,0.0,0.0,0.0,0.0,0.0,0.0,0.3787387708429918,0.05000000000000003,0.05000000000000003,0.0,0.0,0.049,-8.578272630895233
2016.0,320.0,17.0,0.0,0.0,0.0,0.0,0.0,0.0,0.0,0.3787387708429918,0.05000000000000003,0.05000000000000003,0.0,0.0,0.049,-8.578272630895233
2016.0,320.0,17.5,0.0,0.0,0.0,0.0,0.0,0.0,0.0,0.3787387708429918,0.05000000000000003,0.05000000000000003,0.0,0.0,0.049,-8.578272630895233
2016.0,320.0,18.0,0.0,0.0,0.0,0.0,0.0,0.0,0.0,0.3787387708429918,0.05000000000000003,0.05000000000000003,0.0,0.0,0.049,-8.578272630895233
2016.0,320.0,18.5,0.0,0.0,0.0,0.0,0.0,0.0,0.0,0.3787387708429918,0.05000000000000003,0.05000000000000003,0.0,0.0,0.049,-8.578272630895233
2016.0,320.0,19.0,0.0,0.0,0.0,0.0,0.0,0.0,0.0,0.3787387708429918,0.05000000000000003,0.05000000000000003,0.0,0.0,0.049,-8.578272630895233
2016.0,320.0,19.5,0.0,0.0,0.0,0.0,0.0,0.0,0.0,0.3787387708429918,0.05000000000000003,0.05000000000000003,0.0,0.0,0.049,-8.578272630895233
2016.0,320.0,20.0,0.0,0.0,0.0,0.0,0.0,0.0,0.0,0.3787387708429918,0.05000000000000003,0.05000000000000003,0.0,0.0,0.049,-8.578272630895233
2016.0,320.0,20.5,0.0,0.0,0.0,0.0,0.0,0.0,0.0,0.3787387708429918,0.05000000000000003,0.05000000000000003,0.0,0.0,0.049,-8.578272630895233
2016.0,320.0,21.0,0.0,0.0,0.0,0.0,0.0,0.0,0.0,0.3787387708429918,0.05000000000000003,0.05000000000000003,0.0,0.0,0.049,-8.578272630895233
2016.0,320.0,21.5,0.0,0.0,0.0,0.0,0.0,0.0,0.0,0.3787387708429918,0.05000000000000003,0.05000000000000003,0.0,0.0,0.049,-8.578272630895233
2016.0,320.0,22.0,0.0,0.0,0.0,0.0,0.0,0.0,0.0,0.3787387708429918,0.05000000000000003,0.05000000000000003,0.0,0.0,0.049,-8.578272630895233
2016.0,320.0,22.5,0.0,0.0,0.0,0.0,0.0,0.0,0.0,0.3787387708429918,0.05000000000000003,0.05000000000000003,0.0,0.0,0.049,-8.578272630895233
2016.0,320.0,23.0,0.0,0.0,0.0,0.0,0.0,0.0,0.0,0.3787387708429918,0.05000000000000003,0.05000000000000003,0.0,0.0,0.049,-8.578272630895233
2016.0,320.0,23.5,0.0,0.0,0.0,0.0,0.0,0.0,0.0,0.3787387708429918,0.05000000000000003,0.05000000000000003,0.0,0.0,0.049,-8.578272630895233
