year,doy,hod,A(uso),A(pmax),E(uso),E(pmax),Ci(uso),Ci(pmax),gs(uso),gs(pmax),Pleaf(uso),Pleaf(pmax),Tleaf(uso),Tleaf(pmax),Rublim(uso),Rublim(pmax),ksc(pmax),VCsun(pmax),VCsha(pmax),Eci(uso),Eci(pmax),Es(uso),Es(pmax),sw(uso),sw(pmax),Ps(uso),Ps(pmax)
[-],[-],[h],[umol m-2 s-1],[umol m-2 s-1],[mmol m-2 s-1],[mmol m-2 s-1],[Pa],[Pa],[mol m-2 s-1],[mol m-2 s-1],[MPa],[MPa],[degC],[degC],[-],[-],[mmol m-2 s-1 MPa-1],[-],[-],[mmol m-2 s-1],[mmol m-2 s-1],[mmol m-2 s-1],[mmol m-2 s-1],[m3 m-3],[m3 m-3],[MPa],[MPa]
2016.0,303.0,0.0,0.0,0.0,0.0,0.0,0.0,0.0,0.0,0.0,0.0,0.0,0.0,0.0,0.0,0.0,6.010651,1.0,1.0,0.0,0.0,0.0,0.0,0.112,0.112,-0.03564977988411399,-0.03564977988411399
2016.0,303.0,0.5,0.0,0.0,0.0,0.0,0.0,0.0,0.0,0.0,0.0,0.0,0.0,0.0,0.0,0.0,6.010651,1.0,1.0,0.0,0.0,0.0,0.0,0.112,0.112,-0.03564977988411399,-0.03564977988411399
2016.0,303.0,1.0,0.0,0.0,0.0,0.0,0.0,0.0,0.0,0.0,0.0,0.0,0.0,0.0,0.0,0.0,6.010651,1.0,1.0,0.0,0.0,0.0,0.0,0.112,0.112,-0.03564977988411399,-0.03564977988411399
2016.0,303.0,1.5,0.0,0.0,0.0,0.0,0.0,0.0,0.0,0.0,0.0,0.0,0.0,0.0,0.0,0.0,6.010651,1.0,1.0,0.0,0.0,0.0,0.0,0.112,0.112,-0.03564977988411399,-0.03564977988411399
2016.0,303.0,2.0,0.0,0.0,0.0,0.0,0.0,0.0,0.0,0.0,0.0,0.0,0.0,0.0,0.0,0.0,6.010651,1.0,1.0,0.0,0.0,0.0,0.0,0.112,0.112,-0.03564977988411399,-0.03564977988411399
2016.0,303.0,2.5,0.0,0.0,0.0,0.0,0.0,0.0,0.0,0.0,0.0,0.0,0.0,0.0,0.0,0.0,6.010651,1.0,1.0,0.0,0.0,0.0,0.0,0.112,0.112,-0.03564977988411399,-0.03564977988411399
2016.0,303.0,3.0,0.0,0.0,0.0,0.0,0.0,0.0,0.0,0.0,0.0,0.0,0.0,0.0,0.0,0.0,6.010651,1.0,1.0,0.0,0.0,0.0,0.0,0.112,0.112,-0.03564977988411399,-0.03564977988411399
2016.0,303.0,3.5,0.0,0.0,0.0,0.0,0.0,0.0,0.0,0.0,0.0,0.0,0.0,0.0,0.0,0.0,6.010651,1.0,1.0,0.0,0.0,0.0,0.0,0.112,0.112,-0.03564977988411399,-0.03564977988411399
2016.0,303.0,4.0,0.0,0.0,0.0,0.0,0.0,0.0,0.0,0.0,0.0,0.0,0.0,0.0,0.0,0.0,6.010651,1.0,1.0,0.0,0.0,0.0,0.0,0.112,0.112,-0.03564977988411399,-0.03564977988411399
2016.0,303.0,4.5,0.0,0.0,0.0,0.0,0.0,0.0,0.0,0.0,0.0,0.0,0.0,0.0,0.0,0.0,6.010651,1.0,1.0,0.0,0.0,0.0,0.0,0.112,0.112,-0.03564977988411399,-0.03564977988411399
2016.0,303.0,5.0,0.0,0.0,0.0,0.0,0.0,0.0,0.0,0.0,0.0,0.0,0.0,0.0,0.0,0.0,6.010651,1.0,1.0,0.0,0.0,0.0,0.0,0.112,0.112,-0.03564977988411399,-0.03564977988411399
2016.0,303.0,5.5,0.0,0.0,0.0,0.0,0.0,0.0,0.0,0.0,0.0,0.0,0.0,0.0,0.0,0.0,6.010651,1.0,1.0,0.0,0.0,0.0,0.0,0.112,0.112,-0.03564977988411399,-0.03564977988411399
2016.0,303.0,6.0,0.0,0.0,0.0,0.0,0.0,0.0,0.0,0.0,0.0,0.0,0.0,0.0,0.0,0.0,6.010651,1.0,1.0,0.0,0.0,0.0,0.0,0.112,0.112,-0.03564977988411399,-0.03564977988411399
2016,303,6.5,0.0,0.0,0.0,0.0,0.0,0.0,0.0,0.0,0.0,0.0,0.0,0.0,True,True,6.01063392215407,1.0,1.0,0.0,0.0,0.0,0.0,0.112,0.112,-0.03564977988411399,-0.03564977988411399
2016,303,7.0,0.0,0.0,0.0,0.0,0.0,0.0,0.0,0.0,0.0,0.0,0.0,0.0,True,True,6.010632546886653,1.0,1.0,0.0,0.0,0.003650374619603474,0.003650374619603474,0.1115,0.1115,-0.03673320302919571,-0.03673320302919571
2016,303,7.5,2.5369948775901796,2.64863201894743,0.16002324824411443,0.45253312658523914,36.33806341737558,41.67164514860957,0.053020116897259516,0.15469684250227195,0.0,-0.11374704579800529,19.96598196,19.967706739348838,False,False,6.010631053928128,0.9999428431892257,1.0,0.0,0.0,0.01866849096374706,0.01866849096374706,0.111,0.111,-0.037854645342310235,-0.037854645342310235
2016,303,8.0,4.424020447096625,4.627768650756474,0.28103156098696724,1.0416747965717292,36.10880417948946,41.70252972271424,0.0917610996688742,0.36882891270894774,0.0,-0.18963944625370036,21.04282356275183,21.03392851507116,False,False,6.010631053928128,0.9997855490459115,1.0,0.0,0.0,0.04177000339175591,0.04177000339175591,0.111,0.111,-0.037854645342310235,-0.037854645342310235
2016,303,8.5,4.517216122576394,4.706847226385595,0.25936547048131636,0.8680313465587269,36.62556140106126,41.70131965190865,0.10072618994344276,0.36255288156443277,0.0,-0.15169324602585282,21.179222262803183,21.176977264725622,False,False,6.010631053928128,0.9998796344145388,1.0,0.0,0.0,0.04456911876386062,0.04456911876386062,0.111,0.111,-0.037854645342310235,-0.037854645342310235
2016,303,9.0,19.534194029555657,31.223973461793584,1.4086168173037394,6.110866335831115,34.70193025717557,41.55926230040785,0.3643118346857251,0.9204588758975205,0.0,-0.379370447392938,1436.2305968740127,23.073056585245958,False,False,6.010631053928128,0.9949229444095198,0.9999428431892257,0.0,0.0,0.34953314992489865,0.34953314992489865,0.111,0.111,-0.037854645342310235,-0.037854645342310235
2016,303,9.5,18.472098455693704,30.936868014455598,1.7561148001866562,8.67293927731804,33.17770041933832,41.38274506344506,0.2896597860500696,0.813755580434782,0.0,-0.4932090480764806,1705.992530550836,23.312503313751456,False,False,6.010631053928128,0.9912450631786529,0.9997855490459115,0.0,0.0,0.3371133478128862,0.3371133478128862,0.111,0.111,-0.037854645342310235,-0.037854645342310235
2016,303,10.0,10.975631611985403,21.469063254515426,1.3910996113572256,8.685011134684556,31.652705509510373,41.39707050732322,0.14649614832479357,0.4777530917664387,0.0,-0.47423594796255686,2136.7849499093877,24.346622185307673,False,False,6.010631053928128,0.9932356382247641,0.9996562555701132,0.0,0.0,0.2216814912758102,0.2216814912758102,0.111,0.111,-0.037854645342310235,-0.037854645342310235
2016,303,10.5,15.24371458600465,27.68529848841318,2.024529115758846,11.214083844081868,31.172499406514262,41.07925646773701,0.19773784555516516,0.5746492093712281,0.0,-0.5880745486460994,2373.3288417716212,24.94667576160882,False,False,6.010631053928128,0.988934560262051,0.9992764173368293,0.0,0.0,0.3070574843358294,0.3070574843358294,0.111,0.111,-0.037854645342310235,-0.037854645342310235
2016,303,11.0,6.7703811608199445,0.0,0.8972314537448182,0.0,31.52160948290209,0.0,0.088323092941919,0.0,0.0,0.0,2075.007199971636,0.0,False,0.0,6.010631053928128,0.988934560262051,0.9992764173368293,0.0,0.0,0.09219015438544031,0.09219015438544031,0.111,0.111,-0.037854645342310235,-0.037854645342310235
2016,303,11.5,5.345075009473812,6.158719902820762,0.7297548324150133,4.416556576702461,31.373751361780723,41.708879438883066,0.06865846604944635,0.44611278295196233,0.0,-0.49320904807648064,26.126446492324696,26.079404175811373,False,False,6.010631053928128,0.9974607197347081,0.9992764173368293,0.0,0.0,0.07485982086878933,0.07485982086878933,0.111,0.111,-0.037854645342310235,-0.037854645342310235
2016,303,12.0,0.9859623822572923,1.2202582937689872,0.1050233339943776,0.7329962714334964,33.21917846191799,41.68874925260011,0.014628211900142608,0.10417440969286151,0.0,-0.11374704579800529,25.10894242349805,25.108122843143843,False,False,6.010631053928128,0.9999428431892257,0.9992764173368293,0.0,0.0,0.01974290856366594,0.01974290856366594,0.111,0.111,-0.037854645342310235,-0.037854645342310235
2016,303,12.5,0.2959624685087854,0.0,0.0272199603669058,0.0,34.179529978469155,0.0,0.004833363960825133,0.0,0.0,0.0,24.249960410893486,0.0,False,0.0,6.01062767123044,0.999996118761585,0.9992764173368293,0.0,0.0,0.01083015316745983,0.01083015316745983,0.11,0.11,-0.040217713132218724,-0.040217713132218724
2016,303,13.0,2.1375911962905962,2.416615584412759,0.203484510737788,1.0636457011690676,33.87685850329397,41.72943546403883,0.03408574888200423,0.18521040342521083,0.0,-0.15402068967822502,24.950770407400395,24.958496127305324,False,False,6.01062767123044,0.9998747986717622,0.9992764173368293,0.0,0.0,0.033236354612020506,0.033236354612020506,0.11,0.11,-0.040217713132218724,-0.040217713132218724
2016,303,13.5,4.764625712253652,5.350731836697403,0.5423835742732724,3.087150338476074,32.61721749748001,41.727321056002744,0.06794242760617612,0.41933674912250524,0.0,-0.3816266427702376,25.846701656593766,25.847491800557304,False,False,6.01062767123044,0.9986914166162499,0.9992764173368293,0.0,0.0,0.06515875818366826,0.06515875818366826,0.11,0.11,-0.040217713132218724,-0.040217713132218724
2016,303,14.0,2.8469130061842973,3.1644510002530497,0.2679703535870941,1.308143673393757,33.91477129008144,41.70826492563414,0.04567040507818522,0.23393318315623945,0.0,-0.19195501519356045,25.117281147656783,25.124263915948085,False,False,6.01062767123044,0.9997787097651161,0.9992764173368293,0.0,0.0,0.039691762269428686,0.039691762269428686,0.11,0.11,-0.040217713132218724,-0.040217713132218724
2016,303,14.5,0.0,0.0,0.0,0.0,0.0,0.0,0.0,0.0,0.0,0.0,0.0,0.0,True,True,6.01062767123044,0.9997787097651161,0.9992764173368293,0.0,0.0,0.005566401644582514,0.005566401644582514,0.11,0.11,-0.040217713132218724,-0.040217713132218724
2016.0,303.0,15.0,0.0,0.0,0.0,0.0,0.0,0.0,0.0,0.0,0.0,0.0,0.0,0.0,0.0,0.0,6.01062767123044,0.9997787097651161,0.9992764173368293,0.0,0.0,0.0006936754898177936,0.0006936754898177936,0.11,0.11,-0.040217713132218724,-0.040217713132218724
2016,303,15.5,3.215427178777055,3.475447939714173,0.2618574592892279,1.0057382446891998,34.757051193387774,41.68646675883591,0.05665551143395068,0.22459747919699402,0.0,-0.19195501519356045,24.01567512041075,23.985044245585684,False,False,6.01062767123044,0.9997787097651161,0.9992764173368293,0.0,0.0,0.03672190360069857,0.03672190360069857,0.11,0.11,-0.040217713132218724,-0.040217713132218724
2016,303,16.0,1.8499301995336201,2.0291580043948523,0.15702396587848766,0.6457127515245837,34.58854964321619,41.73364320009472,0.03162035282328233,0.13514676422536986,0.0,-0.15402068967822502,24.315344895837416,24.293598521509182,False,False,6.01062767123044,0.9998747986717622,0.9992764173368293,0.0,0.0,0.02118336963740476,0.02118336963740476,0.11,0.11,-0.040217713132218724,-0.040217713132218724
2016,303,16.5,0.0,0.0,0.0,0.0,0.0,0.0,0.0,0.0,0.0,0.0,0.0,0.0,True,True,6.01062767123044,0.9998747986717622,0.9992764173368293,0.0,0.0,0.010420701674549662,0.010420701674549662,0.11,0.11,-0.040217713132218724,-0.040217713132218724
2016,303,17.0,0.0,0.0,0.0,0.0,0.0,0.0,0.0,0.0,0.0,0.0,0.0,0.0,True,True,6.01062767123044,0.9998747986717622,0.9992764173368293,0.0,0.0,0.004038136298296049,0.004038136298296049,0.11,0.11,-0.040217713132218724,-0.040217713132218724
2016.0,303.0,17.5,0.0,0.0,0.0,0.0,0.0,0.0,0.0,0.0,0.0,0.0,0.0,0.0,0.0,0.0,6.01062767123044,0.9998747986717622,0.9992764173368293,0.0,0.0,0.0,0.0,0.11,0.11,-0.040217713132218724,-0.040217713132218724
2016.0,303.0,18.0,0.0,0.0,0.0,0.0,0.0,0.0,0.0,0.0,0.0,0.0,0.0,0.0,0.0,0.0,6.01062767123044,0.9998747986717622,0.9992764173368293,0.0,0.0,0.0,0.0,0.109,0.109,-0.04275193063584228,-0.04275193063584228
2016.0,303.0,18.5,0.0,0.0,0.0,0.0,0.0,0.0,0.0,0.0,0.0,0.0,0.0,0.0,0.0,0.0,6.01062767123044,0.9998747986717622,0.9992764173368293,0.0,0.0,0.0,0.0,0.109,0.109,-0.04275193063584228,-0.04275193063584228
2016.0,303.0,19.0,0.0,0.0,0.0,0.0,0.0,0.0,0.0,0.0,0.0,0.0,0.0,0.0,0.0,0.0,6.01062767123044,0.9998747986717622,0.9992764173368293,0.0,0.0,0.0,0.0,0.109,0.109,-0.04275193063584228,-0.04275193063584228
2016.0,303.0,19.5,0.0,0.0,0.0,0.0,0.0,0.0,0.0,0.0,0.0,0.0,0.0,0.0,0.0,0.0,6.01062767123044,0.9998747986717622,0.9992764173368293,0.0,0.0,0.0,0.0,0.109,0.109,-0.04275193063584228,-0.04275193063584228
2016.0,303.0,20.0,0.0,0.0,0.0,0.0,0.0,0.0,0.0,0.0,0.0,0.0,0.0,0.0,0.0,0.0,6.01062767123044,0.9998747986717622,0.9992764173368293,0.0,0.0,0.0,0.0,0.109,0.109,-0.04275193063584228,-0.04275193063584228
2016.0,303.0,20.5,0.0,0.0,0.0,0.0,0.0,0.0,0.0,0.0,0.0,0.0,0.0,0.0,0.0,0.0,6.01062767123044,0.9998747986717622,0.9992764173368293,0.0,0.0,0.0,0.0,0.109,0.109,-0.04275193063584228,-0.04275193063584228
2016.0,303.0,21.0,0.0,0.0,0.0,0.0,0.0,0.0,0.0,0.0,0.0,0.0,0.0,0.0,0.0,0.0,6.01062767123044,0.9998747986717622,0.9992764173368293,0.0,0.0,0.0,0.0,0.109,0.109,-0.04275193063584228,-0.04275193063584228
2016.0,303.0,21.5,0.0,0.0,0.0,0.0,0.0,0.0,0.0,0.0,0.0,0.0,0.0,0.0,0.0,0.0,6.01062767123044,0.9998747986717622,0.9992764173368293,0.0,0.0,0.0,0.0,0.109,0.109,-0.04275193063584228,-0.04275193063584228
2016.0,303.0,22.0,0.0,0.0,0.0,0.0,0.0,0.0,0.0,0.0,0.0,0.0,0.0,0.0,0.0,0.0,6.01062767123044,0.9998747986717622,0.9992764173368293,0.0,0.0,0.0,0.0,0.109,0.109,-0.04275193063584228,-0.04275193063584228
2016.0,303.0,22.5,0.0,0.0,0.0,0.0,0.0,0.0,0.0,0.0,0.0,0.0,0.0,0.0,0.0,0.0,6.01062767123044,0.9998747986717622,0.9992764173368293,0.0,0.0,0.0,0.0,0.109,0.109,-0.04275193063584228,-0.04275193063584228
2016.0,303.0,23.0,0.0,0.0,0.0,0.0,0.0,0.0,0.0,0.0,0.0,0.0,0.0,0.0,0.0,0.0,6.01062767123044,0.9998747986717622,0.9992764173368293,0.0,0.0,0.0,0.0,0.109,0.109,-0.04275193063584228,-0.04275193063584228
2016.0,303.0,23.5,0.0,0.0,0.0,0.0,0.0,0.0,0.0,0.0,0.0,0.0,0.0,0.0,0.0,0.0,6.01062767123044,0.9998747986717622,0.9992764173368293,0.0,0.0,0.0,0.0,0.109,0.109,-0.04275193063584228,-0.04275193063584228
2016.0,304.0,0.0,0.0,0.0,0.0,0.0,0.0,0.0,0.0,0.0,0.0,0.0,0.0,0.0,0.0,0.0,6.01062767123044,0.9998747986717622,0.9992764173368293,0.0,0.0,0.0,0.0,0.109,0.109,-0.04275193063584228,-0.04275193063584228
2016.0,304.0,0.5,0.0,0.0,0.0,0.0,0.0,0.0,0.0,0.0,0.0,0.0,0.0,0.0,0.0,0.0,6.01062767123044,0.9998747986717622,0.9992764173368293,0.0,0.0,0.0,0.0,0.109,0.109,-0.04275193063584228,-0.04275193063584228
2016.0,304.0,1.0,0.0,0.0,0.0,0.0,0.0,0.0,0.0,0.0,0.0,0.0,0.0,0.0,0.0,0.0,6.01062767123044,0.9998747986717622,0.9992764173368293,0.0,0.0,0.0,0.0,0.109,0.109,-0.04275193063584228,-0.04275193063584228
2016.0,304.0,1.5,0.0,0.0,0.0,0.0,0.0,0.0,0.0,0.0,0.0,0.0,0.0,0.0,0.0,0.0,6.01062767123044,0.9998747986717622,0.9992764173368293,0.0,0.0,0.0,0.0,0.109,0.109,-0.04275193063584228,-0.04275193063584228
2016.0,304.0,2.0,0.0,0.0,0.0,0.0,0.0,0.0,0.0,0.0,0.0,0.0,0.0,0.0,0.0,0.0,6.01062767123044,0.9998747986717622,0.9992764173368293,0.0,0.0,0.0,0.0,0.109,0.109,-0.04275193063584228,-0.04275193063584228
2016.0,304.0,2.5,0.0,0.0,0.0,0.0,0.0,0.0,0.0,0.0,0.0,0.0,0.0,0.0,0.0,0.0,6.01062767123044,0.9998747986717622,0.9992764173368293,0.0,0.0,0.0,0.0,0.109,0.109,-0.04275193063584228,-0.04275193063584228
2016.0,304.0,3.0,0.0,0.0,0.0,0.0,0.0,0.0,0.0,0.0,0.0,0.0,0.0,0.0,0.0,0.0,6.01062767123044,0.9998747986717622,0.9992764173368293,0.0,0.0,0.0,0.0,0.109,0.109,-0.04275193063584228,-0.04275193063584228
2016.0,304.0,3.5,0.0,0.0,0.0,0.0,0.0,0.0,0.0,0.0,0.0,0.0,0.0,0.0,0.0,0.0,6.01062767123044,0.9998747986717622,0.9992764173368293,0.0,0.0,0.0,0.0,0.109,0.109,-0.04275193063584228,-0.04275193063584228
2016.0,304.0,4.0,0.0,0.0,0.0,0.0,0.0,0.0,0.0,0.0,0.0,0.0,0.0,0.0,0.0,0.0,6.01062767123044,0.9998747986717622,0.9992764173368293,0.0,0.0,0.0,0.0,0.109,0.109,-0.04275193063584228,-0.04275193063584228
2016.0,304.0,4.5,0.0,0.0,0.0,0.0,0.0,0.0,0.0,0.0,0.0,0.0,0.0,0.0,0.0,0.0,6.01062767123044,0.9998747986717622,0.9992764173368293,0.0,0.0,0.0,0.0,0.1085,0.1085,-0.04408758946698625,-0.04408758946698625
2016.0,304.0,5.0,0.0,0.0,0.0,0.0,0.0,0.0,0.0,0.0,0.0,0.0,0.0,0.0,0.0,0.0,6.01062767123044,0.9998747986717622,0.9992764173368293,0.0,0.0,0.0,0.0,0.108,0.108,-0.04547143795776919,-0.04547143795776919
2016,304,5.5,0.0,0.0,0.0,0.0,0.0,0.0,0.0,0.0,0.0,0.0,0.0,0.0,True,0.0,6.01062767123044,0.9998747986717622,0.9992764173368293,0.0,0.0,0.0033922236921889357,0.0033922236921889357,0.108,0.108,-0.04547143795776919,-0.04547143795776919
2016,304,6.0,1.918549472345826,0.0,0.12957919635334617,0.0,35.91593165359187,0.0,0.03821358020515985,0.0,0.0,0.0,-620.0219992412226,0.0,False,0.0,6.01062767123044,0.9998747986717622,0.9992764173368293,0.0,0.0,0.01933736178389494,0.01933736178389494,0.108,0.108,-0.04547143795776919,-0.04547143795776919
2016,304,6.5,3.4409129343783165,3.031274782806281,0.24549596848886573,1.0044587959580669,39.72617975421762,41.716977867592604,0.06605228543761964,0.29186836444063846,0.0,-0.31082691217426867,730.884666614968,22.092901360704968,False,False,6.010618949404005,0.9992302300479639,0.9999946676997226,0.0,0.0,0.03975448215293642,0.03975448215293642,0.108,0.108,-0.04547143795776919,-0.04547143795776919
2016,304,7.0,2.771098801427945,0.0,0.17400324827282942,0.0,36.22472261802634,0.0,0.058256518089292324,0.0,0.0,0.0,1120.6614001848943,0.0,False,0.0,6.010618949404005,0.9992302300479639,0.9999946676997226,0.0,0.0,0.0760740811424286,0.0760740811424286,0.108,0.108,-0.04547143795776919,-0.04547143795776919
2016,304,7.5,4.247074169905078,0.0,0.31233433445729747,0.0,35.30750167451557,0.0,0.07974046904691316,0.0,0.0,0.0,1237.5385560088166,0.0,False,0.0,6.010618949404005,0.9992302300479639,0.9999946676997226,0.0,0.0,0.1019690608808685,0.1019690608808685,0.108,0.108,-0.04547143795776919,-0.04547143795776919
2016,304,8.0,0.0,0.0,0.0,0.0,0.0,0.0,0.0,0.0,0.0,0.0,0.0,0.0,True,0.0,6.010618949404005,0.9992302300479639,0.9999946676997226,0.0,0.0,0.10200028333608867,0.10200028333608867,0.108,0.108,-0.04547143795776919,-0.04547143795776919
2016,304,8.5,6.43491668612053,13.939446309693256,0.7178328016994773,5.129612722459116,38.30154554808896,41.74167097113693,0.09268555302195039,0.35192329155321145,0.0,-0.34873483706234,1932.7870613272212,24.4599545157139,False,False,6.010618949404005,0.9962056470429138,0.9999325192334682,0.0,0.0,0.14811243756859443,0.14811243756859443,0.108,0.108,-0.04547143795776919,-0.04547143795776919
2016,304,9.0,6.282122627486239,0.0,0.7804658382829285,0.0,37.94922423796795,0.0,0.08504851490829696,0.0,0.0,0.0,2270.6400944545194,0.0,False,0.0,6.010618949404005,0.9962056470429138,0.9999325192334682,0.0,0.0,0.1430985966407729,0.1430985966407729,0.108,0.108,-0.04547143795776919,-0.04547143795776919
2016,304,9.5,8.523472078331672,0.0,1.140721334945211,0.0,37.654218407757284,0.0,0.11048492503149039,0.0,0.0,0.0,2572.1298387811084,0.0,False,0.0,6.010618949404005,0.9962056470429138,0.9999325192334682,0.0,0.0,0.12604130199741886,0.12604130199741886,0.108,0.108,-0.04547143795776919,-0.04547143795776919
2016,304,10.0,8.829472983464447,0.0,1.329389556831418,0.0,37.24507518577166,0.0,0.10716207128329536,0.0,0.0,0.0,3217.892960196663,0.0,False,0.0,6.010618949404005,0.9962056470429138,0.9999325192334682,0.0,0.0,0.14648868096969306,0.14648868096969306,0.108,0.108,-0.04547143795776919,-0.04547143795776919
2016,304,10.5,7.384479723594824,0.0,1.1244329667649913,0.0,30.535298328111562,0.0,0.08929437943936273,0.0,0.0,0.0,3384.708950595514,0.0,False,0.0,6.010618949404005,0.9962056470429138,0.9999325192334682,0.0,0.0,0.1289368157557561,0.1289368157557561,0.108,0.108,-0.04547143795776919,-0.04547143795776919
2016,304,11.0,4.754753095504702,0.0,0.7401681744240972,0.0,30.48126694042715,0.0,0.05688241444711094,0.0,0.0,0.0,3326.5553614305827,0.0,False,0.0,6.010618949404005,0.9962056470429138,0.9999325192334682,0.0,0.0,0.09066865338488805,0.09066865338488805,0.1075,0.1075,-0.046905450055852886,-0.046905450055852886
2016,304,11.5,4.392008793393064,0.0,0.7316431397757877,0.0,30.01353546448464,0.0,0.05071985521419007,0.0,0.0,0.0,3678.6656188221523,0.0,False,0.0,6.010618949404005,0.9962056470429138,0.9999325192334682,0.0,0.0,0.09167233948103569,0.09167233948103569,0.107,0.107,-0.048391690295205986,-0.048391690295205986
2016,304,12.0,3.953350415950898,0.0,0.6708868154431714,0.0,29.89724666048056,0.0,0.04522421162415555,0.0,0.0,0.0,3739.939937979244,0.0,False,0.0,6.010618949404005,0.9962056470429138,0.9999325192334682,0.0,0.0,0.08675535213232541,0.08675535213232541,0.107,0.107,-0.048391690295205986,-0.048391690295205986
2016,304,12.5,3.1253699629706944,4.214322895360084,0.550708941552303,4.35615207426038,29.65715517746514,41.67776996829259,0.03507378691654538,0.2905108947437168,0.0,-0.5031106933337243,30.98389121055834,30.926653730523704,False,False,6.010613349638567,0.9973269061448458,0.9999325192334682,0.0,0.0,0.07405752003707436,0.07405752003707436,0.107,0.107,-0.048391690295205986,-0.048391690295205986
2016,304,13.0,1.7448147381925252,2.5229609391192565,0.3098289303289085,2.836650917504549,29.652034220264714,41.721861874005704,0.019510476728766334,0.18591739828594814,0.0,-0.35153769232088483,30.567036682105012,30.570423976065427,False,False,6.010613349638567,0.99894175978199,0.9999325192334682,0.0,0.0,0.04717207480420496,0.04717207480420496,0.107,0.107,-0.048391690295205986,-0.048391690295205986
2016,304,13.5,1.247117501027141,1.9564040193136698,0.22850665281190197,2.400550213423897,29.441744708337836,41.742163852374404,0.013725563357893971,0.14912962485641396,0.0,-0.31364444206767494,30.73470721739575,30.744016272297017,False,False,6.010613349638567,0.9992120555803398,0.9999325192334682,0.0,0.0,0.037880093731498865,0.037880093731498865,0.107,0.107,-0.048391690295205986,-0.048391690295205986
2016,304,14.0,1.0561073326858104,1.6975736867870284,0.19038484199334413,1.9627671224778918,29.56517810944534,41.748368781994806,0.011721025376883389,0.12426987952218116,0.0,-0.2772453688244261,30.606631109932724,30.60694761483442,False,False,6.010610169835143,0.9994272753555135,0.9999325192334682,0.0,0.0,0.03234795292551713,0.03234795292551713,0.1065,0.1065,-0.04993231840392216,-0.04993231840392216
2016,304,14.5,1.6473907794874316,2.3492004878205304,0.2928624789684038,2.7614909654276882,29.645306300079994,41.727813866655055,0.01840676089720913,0.1805833899261172,0.0,-0.3924269311978575,30.62067144638814,30.61895083932965,False,False,6.010606704581266,0.9985935140599408,0.9999325192334682,0.0,0.0,0.03864280953940689,0.03864280953940689,0.106,0.106,-0.05152959416956806,-0.05152959416956806
2016,304,15.0,0.3820021120457522,0.8257155529525653,0.06780578891779944,0.845341756519706,29.710739462209794,41.69530392280276,0.004267705402966128,0.05390511070855087,0.0,-0.16516203984566455,30.36515617,30.36740774776282,False,False,6.010606704581266,0.9998500067778232,0.9999325192334682,0.0,0.0,0.016024592554375116,0.016024592554375116,0.106,0.106,-0.05152959416956806,-0.05152959416956806
2016.0,304.0,15.5,0.0,0.0,0.0,0.0,0.0,0.0,0.0,0.0,0.0,0.0,0.0,0.0,0.0,0.0,6.010606704581266,0.9998500067778232,0.9999325192334682,0.0,0.0,0.0,0.0,0.106,0.106,-0.05152959416956806,-0.05152959416956806
2016.0,304.0,16.0,0.0,0.0,0.0,0.0,0.0,0.0,0.0,0.0,0.0,0.0,0.0,0.0,0.0,0.0,6.010606704581266,0.9998500067778232,0.9999325192334682,0.0,0.0,0.0,0.0,0.106,0.106,-0.05152959416956806,-0.05152959416956806
2016.0,304.0,16.5,0.0,0.0,0.0,0.0,0.0,0.0,0.0,0.0,0.0,0.0,0.0,0.0,0.0,0.0,6.010606704581266,0.9998500067778232,0.9999325192334682,0.0,0.0,0.0,0.0,0.106,0.106,-0.05152959416956806,-0.05152959416956806
2016.0,304.0,17.0,0.0,0.0,0.0,0.0,0.0,0.0,0.0,0.0,0.0,0.0,0.0,0.0,0.0,0.0,6.010606704581266,0.9998500067778232,0.9999325192334682,0.0,0.0,0.0,0.0,0.106,0.106,-0.05152959416956806,-0.05152959416956806
2016.0,304.0,17.5,0.0,0.0,0.0,0.0,0.0,0.0,0.0,0.0,0.0,0.0,0.0,0.0,0.0,0.0,6.010606704581266,0.9998500067778232,0.9999325192334682,0.0,0.0,0.0,0.0,0.106,0.106,-0.05152959416956806,-0.05152959416956806
2016.0,304.0,18.0,0.0,0.0,0.0,0.0,0.0,0.0,0.0,0.0,0.0,0.0,0.0,0.0,0.0,0.0,6.010606704581266,0.9998500067778232,0.9999325192334682,0.0,0.0,0.0,0.0,0.1055,0.1055,-0.053185882577760246,-0.053185882577760246
2016.0,304.0,18.5,0.0,0.0,0.0,0.0,0.0,0.0,0.0,0.0,0.0,0.0,0.0,0.0,0.0,0.0,6.010606704581266,0.9998500067778232,0.9999325192334682,0.0,0.0,0.0,0.0,0.106,0.106,-0.05152959416956806,-0.05152959416956806
2016.0,304.0,19.0,0.0,0.0,0.0,0.0,0.0,0.0,0.0,0.0,0.0,0.0,0.0,0.0,0.0,0.0,6.010606704581266,0.9998500067778232,0.9999325192334682,0.0,0.0,0.0,0.0,0.106,0.106,-0.05152959416956806,-0.05152959416956806
2016.0,304.0,19.5,0.0,0.0,0.0,0.0,0.0,0.0,0.0,0.0,0.0,0.0,0.0,0.0,0.0,0.0,6.010606704581266,0.9998500067778232,0.9999325192334682,0.0,0.0,0.0,0.0,0.105,0.105,-0.05490365924070806,-0.05490365924070806
2016.0,304.0,20.0,0.0,0.0,0.0,0.0,0.0,0.0,0.0,0.0,0.0,0.0,0.0,0.0,0.0,0.0,6.010606704581266,0.9998500067778232,0.9999325192334682,0.0,0.0,0.0,0.0,0.105,0.105,-0.05490365924070806,-0.05490365924070806
2016.0,304.0,20.5,0.0,0.0,0.0,0.0,0.0,0.0,0.0,0.0,0.0,0.0,0.0,0.0,0.0,0.0,6.010606704581266,0.9998500067778232,0.9999325192334682,0.0,0.0,0.0,0.0,0.105,0.105,-0.05490365924070806,-0.05490365924070806
2016.0,304.0,21.0,0.0,0.0,0.0,0.0,0.0,0.0,0.0,0.0,0.0,0.0,0.0,0.0,0.0,0.0,6.010606704581266,0.9998500067778232,0.9999325192334682,0.0,0.0,0.0,0.0,0.105,0.105,-0.05490365924070806,-0.05490365924070806
2016.0,304.0,21.5,0.0,0.0,0.0,0.0,0.0,0.0,0.0,0.0,0.0,0.0,0.0,0.0,0.0,0.0,6.010606704581266,0.9998500067778232,0.9999325192334682,0.0,0.0,0.0,0.0,0.105,0.105,-0.05490365924070806,-0.05490365924070806
2016.0,304.0,22.0,0.0,0.0,0.0,0.0,0.0,0.0,0.0,0.0,0.0,0.0,0.0,0.0,0.0,0.0,6.010606704581266,0.9998500067778232,0.9999325192334682,0.0,0.0,0.0,0.0,0.105,0.105,-0.05490365924070806,-0.05490365924070806
2016.0,304.0,22.5,0.0,0.0,0.0,0.0,0.0,0.0,0.0,0.0,0.0,0.0,0.0,0.0,0.0,0.0,6.010606704581266,0.9998500067778232,0.9999325192334682,0.0,0.0,0.0,0.0,0.105,0.105,-0.05490365924070806,-0.05490365924070806
2016.0,304.0,23.0,0.0,0.0,0.0,0.0,0.0,0.0,0.0,0.0,0.0,0.0,0.0,0.0,0.0,0.0,6.010606704581266,0.9998500067778232,0.9999325192334682,0.0,0.0,0.0,0.0,0.105,0.105,-0.05490365924070806,-0.05490365924070806
2016.0,304.0,23.5,0.0,0.0,0.0,0.0,0.0,0.0,0.0,0.0,0.0,0.0,0.0,0.0,0.0,0.0,6.010606704581266,0.9998500067778232,0.9999325192334682,0.0,0.0,0.0,0.0,0.105,0.105,-0.05490365924070806,-0.05490365924070806
2016.0,305.0,0.0,0.0,0.0,0.0,0.0,0.0,0.0,0.0,0.0,0.0,0.0,0.0,0.0,0.0,0.0,6.010606704581266,0.9998500067778232,0.9999325192334682,0.0,0.0,0.0,0.0,0.105,0.105,-0.05490365924070806,-0.05490365924070806
2016.0,305.0,0.5,0.0,0.0,0.0,0.0,0.0,0.0,0.0,0.0,0.0,0.0,0.0,0.0,0.0,0.0,6.010606704581266,0.9998500067778232,0.9999325192334682,0.0,0.0,0.0,0.0,0.105,0.105,-0.05490365924070806,-0.05490365924070806
2016.0,305.0,1.0,0.0,0.0,0.0,0.0,0.0,0.0,0.0,0.0,0.0,0.0,0.0,0.0,0.0,0.0,6.010606704581266,0.9998500067778232,0.9999325192334682,0.0,0.0,0.0,0.0,0.105,0.105,-0.05490365924070806,-0.05490365924070806
2016.0,305.0,1.5,0.0,0.0,0.0,0.0,0.0,0.0,0.0,0.0,0.0,0.0,0.0,0.0,0.0,0.0,6.010606704581266,0.9998500067778232,0.9999325192334682,0.0,0.0,0.0,0.0,0.105,0.105,-0.05490365924070806,-0.05490365924070806
2016.0,305.0,2.0,0.0,0.0,0.0,0.0,0.0,0.0,0.0,0.0,0.0,0.0,0.0,0.0,0.0,0.0,6.010606704581266,0.9998500067778232,0.9999325192334682,0.0,0.0,0.0,0.0,0.105,0.105,-0.05490365924070806,-0.05490365924070806
2016.0,305.0,2.5,0.0,0.0,0.0,0.0,0.0,0.0,0.0,0.0,0.0,0.0,0.0,0.0,0.0,0.0,6.010606704581266,0.9998500067778232,0.9999325192334682,0.0,0.0,0.0,0.0,0.105,0.105,-0.05490365924070806,-0.05490365924070806
2016.0,305.0,3.0,0.0,0.0,0.0,0.0,0.0,0.0,0.0,0.0,0.0,0.0,0.0,0.0,0.0,0.0,6.010606704581266,0.9998500067778232,0.9999325192334682,0.0,0.0,0.0,0.0,0.105,0.105,-0.05490365924070806,-0.05490365924070806
2016.0,305.0,3.5,0.0,0.0,0.0,0.0,0.0,0.0,0.0,0.0,0.0,0.0,0.0,0.0,0.0,0.0,6.010606704581266,0.9998500067778232,0.9999325192334682,0.0,0.0,0.0,0.0,0.105,0.105,-0.05490365924070806,-0.05490365924070806
2016.0,305.0,4.0,0.0,0.0,0.0,0.0,0.0,0.0,0.0,0.0,0.0,0.0,0.0,0.0,0.0,0.0,6.010606704581266,0.9998500067778232,0.9999325192334682,0.0,0.0,0.0,0.0,0.105,0.105,-0.05490365924070806,-0.05490365924070806
2016.0,305.0,4.5,0.0,0.0,0.0,0.0,0.0,0.0,0.0,0.0,0.0,0.0,0.0,0.0,0.0,0.0,6.010606704581266,0.9998500067778232,0.9999325192334682,0.0,0.0,0.0,0.0,0.105,0.105,-0.05490365924070806,-0.05490365924070806
2016.0,305.0,5.0,0.0,0.0,0.0,0.0,0.0,0.0,0.0,0.0,0.0,0.0,0.0,0.0,0.0,0.0,6.010606704581266,0.9998500067778232,0.9999325192334682,0.0,0.0,0.0,0.0,0.105,0.105,-0.05490365924070806,-0.05490365924070806
2016,305,5.5,0.0,0.0,0.0,0.0,0.0,0.0,0.0,0.0,0.0,0.0,0.0,0.0,True,True,6.010598806365899,0.9998500067778232,0.9999325192334682,0.0,0.0,0.0,0.0,0.105,0.105,-0.05490365924070806,-0.05490365924070806
2016,305,6.0,2.885215841983828,0.0,0.2925397529697115,0.0,38.694957924736904,0.0,0.04408842053931979,0.0,0.0,0.0,522.2410793825536,0.0,False,0.0,6.010598806365899,0.9998500067778232,0.9999325192334682,0.0,0.0,0.04572374443957685,0.04572374443957685,0.104,0.104,-0.05853416765766311,-0.05853416765766311
2016,305,6.5,7.1751591543243824,0.0,0.7546060680361385,0.0,32.99526380897209,0.0,0.10708882946590449,0.0,0.0,0.0,731.4457381751105,0.0,False,0.0,6.010598806365899,0.9998500067778232,0.9999325192334682,0.0,0.0,0.10683950826401487,0.10683950826401487,0.104,0.104,-0.05853416765766311,-0.05853416765766311
2016,305,7.0,5.852928251981065,14.235212687453625,0.6981090323099199,4.446694319144788,32.25896755471488,41.53351557858542,0.08110340982725125,0.2585316465444454,0.0,-0.4180358564453511,737.0740575829259,18.081535412286662,False,False,6.010589403204062,0.9936866145673021,0.999912299918301,0.0,0.0,0.09543638344366431,0.09543638344366431,0.104,0.104,-0.05853416765766311,-0.05853416765766311
2016,305,7.5,7.258946715784894,16.837589089697488,0.9591900312514067,6.459159609108526,31.514339734834213,41.304213754231355,0.09485019003580392,0.3119594580712269,0.0,-0.4747992809907755,871.8840362089627,18.632095358570165,False,False,6.010589403204062,0.9927712315887679,0.9997211450970753,0.0,0.0,0.11607585353332159,0.11607585353332159,0.104,0.104,-0.05853416765766311,-0.05853416765766311
2016,305,8.0,11.315403374426985,22.91479450036082,1.6555571672581615,8.593904698671832,37.30814186224368,40.6245320718431,0.13955445150450477,0.3457870373434724,0.0,-0.5504838470513413,827.8151665685804,19.027785540851966,False,False,6.010589403204062,0.9907089715687332,0.9993816344118569,0.0,0.0,0.16998693867457576,0.16998693867457576,0.104,0.104,-0.05853416765766311,-0.05853416765766311
2016,305,8.5,18.21477502739703,31.05472387212391,2.804127506794407,10.982090462731295,30.062233325995727,39.969984559965454,0.2182292943676884,0.4207551632595986,0.0,-0.6640106961421903,1244.945406020494,19.941265954731044,False,False,6.010589403204062,0.9841116679431076,0.9991468996748174,0.0,0.0,0.28598541614426193,0.28598541614426193,0.104,0.104,-0.05853416765766311,-0.05853416765766311
2016,305,9.0,20.31005245563863,33.839263572815135,3.250052706858561,12.215861273864096,29.724129191716994,39.82021009137745,0.23830292531786634,0.4374873005298518,0.0,-0.7018529791724732,1388.8753100415865,20.106403179411043,False,False,6.010589403204062,0.9825307019353412,0.9988643164376025,0.0,0.0,0.3306125080157569,0.3306125080157569,0.104,0.104,-0.05853416765766311,-0.05853416765766311
2016,305,9.5,18.961707204553534,32.74527229695642,3.2388655130083612,13.915114621268922,29.31051502063931,39.973123321382566,0.21539747612903545,0.45560132865174247,0.0,-0.7603563596750257,2083.610426777377,23.338293221631865,False,False,6.0105840441986365,0.9807833836764642,0.9981229714483066,0.0,0.0,0.34344859715993664,0.34344859715993664,0.1035,0.1035,-0.06045245705084043,-0.06045245705084043
2016,305,10.0,13.813185821759731,27.182455036643113,2.606468470689551,14.311425255176195,36.35730872700141,40.38200375365905,0.14949194540137137,0.4065070704960291,0.0,-0.7621621815540034,2294.974298608677,23.60254412158793,False,False,6.010578189546766,0.9823842924636305,0.9976518973148405,0.0,0.0,0.24642567238940044,0.24642567238940044,0.103,0.103,-0.0624433631667216,-0.0624433631667216
2016,305,10.5,18.288940442385204,32.96107822421288,3.459057192742566,15.293283510145073,36.27399538215501,39.79410615728274,0.19742936251596427,0.4183281031515056,0.0,-0.7999848203857485,2394.751298261319,23.446620098643084,False,False,6.010578189546766,0.980704983597274,0.9971418742433733,0.0,0.0,0.3284137068334856,0.3284137068334856,0.103,0.103,-0.0624433631667216,-0.0624433631667216
2016,305,11.0,10.58796614880315,22.406779749802837,2.0434414218031463,13.339306790849044,36.331914828167314,40.8096898512221,0.11338580217861796,0.362017262789255,0.0,-0.705428223306386,2667.4016940082925,24.297591797299035,False,False,6.010578189546766,0.985471364065063,0.9981019936602032,0.0,0.0,0.19991062513287855,0.19991062513287855,0.103,0.103,-0.0624433631667216,-0.0624433631667216
2016,305,11.5,9.14470814776799,0.0,1.76911282148108,0.0,36.34929522836656,0.0,0.09773344688380128,0.0,0.0,0.0,2977.130173013284,0.0,False,0.0,6.010578189546766,0.985471364065063,0.9981019936602032,0.0,0.0,0.1247894982253279,0.1247894982253279,0.103,0.103,-0.0624433631667216,-0.0624433631667216
2016,305,12.0,8.102478464305408,0.0,1.558453943119662,0.0,28.84660897153373,0.0,0.08693783445116915,0.0,0.0,0.0,3097.7851949891674,0.0,False,0.0,6.010578189546766,0.985471364065063,0.9981019936602032,0.0,0.0,0.15786632691607863,0.15786632691607863,0.102,0.102,-0.06665566250405618,-0.06665566250405618
2016,305,12.5,1.2568421887270347,1.8999578035734555,0.2501583118733623,2.5331415302091265,28.838873926046663,41.711587303757675,0.013258463596390267,0.13822309386146084,0.0,-0.3312659629927968,28.51533551677959,28.50356293317654,False,False,6.010564793914822,0.9990924219323235,0.9981019936602032,0.0,0.0,0.017857268308357013,0.017857268308357013,0.102,0.102,-0.06665566250405618,-0.06665566250405618
2016,305,13.0,7.2709481658718556,0.0,1.4940094491369111,0.0,28.396023758873888,0.0,0.07549544254432836,0.0,0.0,0.0,3191.4349998277376,0.0,False,0.0,6.010564793914822,0.9990924219323235,0.9981019936602032,0.0,0.0,0.10093833530110574,0.10093833530110574,0.102,0.102,-0.06665566250405618,-0.06665566250405618
2016,305,13.5,6.0201206649017465,0.0,1.2546014593267207,0.0,28.42566847549795,0.0,0.06168911521371325,0.0,0.0,0.0,2672.0383892302225,0.0,False,0.0,6.010564793914822,0.9990924219323235,0.9981019936602032,0.0,0.0,0.07442648722965467,0.07442648722965467,0.102,0.102,-0.06665566250405618,-0.06665566250405618
2016,305,14.0,7.194161621251759,0.0,1.474465399691557,0.0,36.17109142282333,0.0,0.07486665129996625,0.0,0.0,0.0,2645.208202168451,0.0,False,0.0,6.010564793914822,0.9990924219323235,0.9981019936602032,0.0,0.0,0.08559175350705545,0.08559175350705545,0.1015,0.1015,-0.06888375816279445,-0.06888375816279445
2016,305,14.5,13.187077347205413,25.535106386083207,2.373958816203099,12.636009655608033,29.13790697147558,40.37671101974395,0.14610457425883497,0.37670558640115664,0.0,-0.7323242008861199,2439.555670923878,24.795047791799306,False,False,6.01054876381481,0.9820537449258401,0.9984128646434968,0.0,0.0,0.2311662414897653,0.2311662414897653,0.101,0.101,-0.07119789195244307,-0.07119789195244307
2016,305,15.0,8.748002926461908,19.46146549124528,1.50884774989844,9.416051002729716,29.604393917445847,40.90030852046729,0.09908543191116574,0.3011398143053113,0.0,-0.6000989390993845,1756.6853868571507,22.74727428180061,False,False,6.01054876381481,0.9879413401284078,0.9993104936064502,0.0,0.0,0.1475614984270022,0.1475614984270022,0.101,0.101,-0.07119789195244307,-0.07119789195244307
2016,305,15.5,0.0,0.0,0.0,0.0,0.0,0.0,0.0,0.0,0.0,0.0,0.0,0.0,True,True,6.01054876381481,0.9879413401284078,0.9993104936064502,0.0,0.0,0.0,0.0,0.101,0.101,-0.07119789195244307,-0.07119789195244307
2016,305,16.0,0.0,0.0,0.0,0.0,0.0,0.0,0.0,0.0,0.0,0.0,0.0,0.0,True,True,6.01054876381481,0.9879413401284078,0.9993104936064502,0.0,0.0,0.0,0.0,0.101,0.101,-0.07119789195244307,-0.07119789195244307
2016,305,16.5,0.0,0.0,0.0,0.0,0.0,0.0,0.0,0.0,0.0,0.0,0.0,0.0,True,True,6.01054876381481,0.9879413401284078,0.9993104936064502,0.0,0.0,0.0,0.0,0.101,0.101,-0.07119789195244307,-0.07119789195244307
2016.0,305.0,17.0,0.0,0.0,0.0,0.0,0.0,0.0,0.0,0.0,0.0,0.0,0.0,0.0,0.0,0.0,6.01054876381481,0.9879413401284078,0.9993104936064502,0.0,0.0,0.0,0.0,0.1005,0.1005,-0.07360183711599791,-0.07360183711599791
2016.0,305.0,17.5,0.0,0.0,0.0,0.0,0.0,0.0,0.0,0.0,0.0,0.0,0.0,0.0,0.0,0.0,6.01054876381481,0.9879413401284078,0.9993104936064502,0.0,0.0,0.0,0.0,0.1,0.1,-0.07609955234709746,-0.07609955234709746
2016.0,305.0,18.0,0.0,0.0,0.0,0.0,0.0,0.0,0.0,0.0,0.0,0.0,0.0,0.0,0.0,0.0,6.01054876381481,0.9879413401284078,0.9993104936064502,0.0,0.0,0.0,0.0,0.1,0.1,-0.07609955234709746,-0.07609955234709746
2016.0,305.0,18.5,0.0,0.0,0.0,0.0,0.0,0.0,0.0,0.0,0.0,0.0,0.0,0.0,0.0,0.0,6.01054876381481,0.9879413401284078,0.9993104936064502,0.0,0.0,0.0,0.0,0.1,0.1,-0.07609955234709746,-0.07609955234709746
2016.0,305.0,19.0,0.0,0.0,0.0,0.0,0.0,0.0,0.0,0.0,0.0,0.0,0.0,0.0,0.0,0.0,6.01054876381481,0.9879413401284078,0.9993104936064502,0.0,0.0,0.0,0.0,0.1,0.1,-0.07609955234709746,-0.07609955234709746
2016.0,305.0,19.5,0.0,0.0,0.0,0.0,0.0,0.0,0.0,0.0,0.0,0.0,0.0,0.0,0.0,0.0,6.01054876381481,0.9879413401284078,0.9993104936064502,0.0,0.0,0.0,0.0,0.1,0.1,-0.07609955234709746,-0.07609955234709746
2016.0,305.0,20.0,0.0,0.0,0.0,0.0,0.0,0.0,0.0,0.0,0.0,0.0,0.0,0.0,0.0,0.0,6.01054876381481,0.9879413401284078,0.9993104936064502,0.0,0.0,0.0,0.0,0.1,0.1,-0.07609955234709746,-0.07609955234709746
2016.0,305.0,20.5,0.0,0.0,0.0,0.0,0.0,0.0,0.0,0.0,0.0,0.0,0.0,0.0,0.0,0.0,6.01054876381481,0.9879413401284078,0.9993104936064502,0.0,0.0,0.0,0.0,0.1,0.1,-0.07609955234709746,-0.07609955234709746
2016.0,305.0,21.0,0.0,0.0,0.0,0.0,0.0,0.0,0.0,0.0,0.0,0.0,0.0,0.0,0.0,0.0,6.01054876381481,0.9879413401284078,0.9993104936064502,0.0,0.0,0.0,0.0,0.1,0.1,-0.07609955234709746,-0.07609955234709746
2016.0,305.0,21.5,0.0,0.0,0.0,0.0,0.0,0.0,0.0,0.0,0.0,0.0,0.0,0.0,0.0,0.0,6.01054876381481,0.9879413401284078,0.9993104936064502,0.0,0.0,0.0,0.0,0.1,0.1,-0.07609955234709746,-0.07609955234709746
2016.0,305.0,22.0,0.0,0.0,0.0,0.0,0.0,0.0,0.0,0.0,0.0,0.0,0.0,0.0,0.0,0.0,6.01054876381481,0.9879413401284078,0.9993104936064502,0.0,0.0,0.0,0.0,0.1,0.1,-0.07609955234709746,-0.07609955234709746
2016.0,305.0,22.5,0.0,0.0,0.0,0.0,0.0,0.0,0.0,0.0,0.0,0.0,0.0,0.0,0.0,0.0,6.01054876381481,0.9879413401284078,0.9993104936064502,0.0,0.0,0.0,0.0,0.1,0.1,-0.07609955234709746,-0.07609955234709746
2016.0,305.0,23.0,0.0,0.0,0.0,0.0,0.0,0.0,0.0,0.0,0.0,0.0,0.0,0.0,0.0,0.0,6.01054876381481,0.9879413401284078,0.9993104936064502,0.0,0.0,0.0,0.0,0.1,0.1,-0.07609955234709746,-0.07609955234709746
2016.0,305.0,23.5,0.0,0.0,0.0,0.0,0.0,0.0,0.0,0.0,0.0,0.0,0.0,0.0,0.0,0.0,6.01054876381481,0.9879413401284078,0.9993104936064502,0.0,0.0,0.0,0.0,0.1,0.1,-0.07609955234709746,-0.07609955234709746
2016.0,306.0,0.0,0.0,0.0,0.0,0.0,0.0,0.0,0.0,0.0,0.0,0.0,0.0,0.0,0.0,0.0,6.01054876381481,0.9879413401284078,0.9993104936064502,0.0,0.0,0.0,0.0,0.1,0.1,-0.07609955234709746,-0.07609955234709746
2016.0,306.0,0.5,0.0,0.0,0.0,0.0,0.0,0.0,0.0,0.0,0.0,0.0,0.0,0.0,0.0,0.0,6.01054876381481,0.9879413401284078,0.9993104936064502,0.0,0.0,0.0,0.0,0.099,0.099,-0.08139311628306982,-0.08139311628306982
2016.0,306.0,1.0,0.0,0.0,0.0,0.0,0.0,0.0,0.0,0.0,0.0,0.0,0.0,0.0,0.0,0.0,6.01054876381481,0.9879413401284078,0.9993104936064502,0.0,0.0,0.0,0.0,0.099,0.099,-0.08139311628306982,-0.08139311628306982
2016.0,306.0,1.5,0.0,0.0,0.0,0.0,0.0,0.0,0.0,0.0,0.0,0.0,0.0,0.0,0.0,0.0,6.01054876381481,0.9879413401284078,0.9993104936064502,0.0,0.0,0.0,0.0,0.099,0.099,-0.08139311628306982,-0.08139311628306982
2016.0,306.0,2.0,0.0,0.0,0.0,0.0,0.0,0.0,0.0,0.0,0.0,0.0,0.0,0.0,0.0,0.0,6.01054876381481,0.9879413401284078,0.9993104936064502,0.0,0.0,0.0,0.0,0.099,0.099,-0.08139311628306982,-0.08139311628306982
2016.0,306.0,2.5,0.0,0.0,0.0,0.0,0.0,0.0,0.0,0.0,0.0,0.0,0.0,0.0,0.0,0.0,6.01054876381481,0.9879413401284078,0.9993104936064502,0.0,0.0,0.0,0.0,0.099,0.099,-0.08139311628306982,-0.08139311628306982
2016.0,306.0,3.0,0.0,0.0,0.0,0.0,0.0,0.0,0.0,0.0,0.0,0.0,0.0,0.0,0.0,0.0,6.01054876381481,0.9879413401284078,0.9993104936064502,0.0,0.0,0.0,0.0,0.099,0.099,-0.08139311628306982,-0.08139311628306982
2016.0,306.0,3.5,0.0,0.0,0.0,0.0,0.0,0.0,0.0,0.0,0.0,0.0,0.0,0.0,0.0,0.0,6.01054876381481,0.9879413401284078,0.9993104936064502,0.0,0.0,0.0,0.0,0.099,0.099,-0.08139311628306982,-0.08139311628306982
2016.0,306.0,4.0,0.0,0.0,0.0,0.0,0.0,0.0,0.0,0.0,0.0,0.0,0.0,0.0,0.0,0.0,6.01054876381481,0.9879413401284078,0.9993104936064502,0.0,0.0,0.0,0.0,0.099,0.099,-0.08139311628306982,-0.08139311628306982
2016.0,306.0,4.5,0.0,0.0,0.0,0.0,0.0,0.0,0.0,0.0,0.0,0.0,0.0,0.0,0.0,0.0,6.01054876381481,0.9879413401284078,0.9993104936064502,0.0,0.0,0.0,0.0,0.099,0.099,-0.08139311628306982,-0.08139311628306982
2016.0,306.0,5.0,0.0,0.0,0.0,0.0,0.0,0.0,0.0,0.0,0.0,0.0,0.0,0.0,0.0,0.0,6.01054876381481,0.9879413401284078,0.9993104936064502,0.0,0.0,0.0,0.0,0.099,0.099,-0.08139311628306982,-0.08139311628306982
2016,306,5.5,0.0,0.0,0.0,0.0,0.0,0.0,0.0,0.0,0.0,0.0,0.0,0.0,True,True,6.010506468168368,0.9879413401284078,0.9993104936064502,0.0,0.0,0.0,0.0,0.099,0.099,-0.08139311628306982,-0.08139311628306982
2016,306,6.0,2.8585547951121146,0.0,0.15902672778940413,0.0,37.164263804490254,0.0,0.07044671148485859,0.0,0.0,0.0,111.78000037117755,0.0,False,0.0,6.010506468168368,0.9879413401284078,0.9993104936064502,0.0,0.0,0.030290139942839862,0.030290139942839862,0.099,0.099,-0.08139311628306982,-0.08139311628306982
2016,306,6.5,7.926123427786682,0.0,0.42429725562835674,0.0,36.749756725242435,0.0,0.18483527653188808,0.0,0.0,0.0,179.9110953529881,0.0,False,0.0,6.010506468168368,0.9879413401284078,0.9993104936064502,0.0,0.0,0.08206053774293201,0.08206053774293201,0.099,0.099,-0.08139311628306982,-0.08139311628306982
2016,306,7.0,6.379749298060723,0.0,0.5294304055283091,0.0,39.23503716668854,0.0,0.11034400515376731,0.0,0.0,0.0,252.07077964942934,0.0,False,0.0,6.010506468168368,0.9879413401284078,0.9993104936064502,0.0,0.0,0.06710352942712684,0.06710352942712684,0.099,0.099,-0.08139311628306982,-0.08139311628306982
2016,306,7.5,0.0,0.0,0.0,0.0,0.0,0.0,0.0,0.0,0.0,0.0,0.0,0.0,True,0.0,6.010506468168368,0.9879413401284078,0.9993104936064502,0.0,0.0,0.04719939496656815,0.04719939496656815,0.099,0.099,-0.08139311628306982,-0.08139311628306982
2016,306,8.0,7.952514989032359,17.980031230005068,0.7967714467725077,4.769932281367265,38.63226248622736,41.68170206883553,0.12194956942868221,0.3793171526316344,0.0,-0.3832124278167743,414.671179667386,13.578531252737882,False,False,6.010506468168368,0.9956115672244399,0.9998687665122823,0.0,0.0,0.08641829605800266,0.08641829605800266,0.099,0.099,-0.08139311628306982,-0.08139311628306982
2016,306,8.5,12.825295993235578,25.221299789642124,1.532313704642209,7.873422274408137,37.96686565169641,41.03009498182455,0.17668415791009087,0.4501666834330785,0.0,-0.5152583766127701,646.3122645018896,16.02727037580899,False,False,6.010506468168368,0.9922358841943062,0.9994650326397176,0.0,0.0,0.1467737789963628,0.1467737789963628,0.099,0.099,-0.08139311628306982,-0.08139311628306982
2016,306,9.0,17.91165535257694,31.648918814091687,2.254568404223342,9.3101628534431,37.69662786340521,40.50690552046747,0.23892824388046194,0.48722944718576633,0.0,-0.5744710575785036,794.3719739647119,17.159530537722663,False,False,6.010493228787108,0.990016585095458,0.9992324637813572,0.0,0.0,0.21663359674335467,0.21663359674335467,0.0985,0.0985,-0.08419790365177743,-0.08419790365177743
2016,306,9.5,17.571256256297346,31.570285266301518,2.425817168046356,10.73301704478494,30.83792901850897,40.56950458624128,0.22294061498031237,0.49952346493110905,0.0,-0.6337449892964926,998.2667290106681,18.44391831607232,False,False,6.010478699836343,0.9874489040884481,0.998945901050795,0.0,0.0,0.21963331247162501,0.21963331247162501,0.098,0.098,-0.08711436181617598,-0.08711436181617598
2016,306,10.0,16.82065510070168,30.847013396878197,2.547826608122685,11.075932920404453,30.232918663855045,40.27713244210676,0.2032609815824644,0.4272702679751101,0.0,-0.6337449892964926,1200.772560125259,19.216428090387154,False,False,6.010478699836343,0.9887339812386133,0.9986277537113677,0.0,0.0,0.21584829310106568,0.21584829310106568,0.098,0.098,-0.08711436181617598,-0.08711436181617598
2016,306,10.5,15.960697639420067,29.887110891340363,2.673043036603169,12.391210519064746,29.562269299247422,40.24841647304875,0.1832238651646628,0.41515000856784856,0.0,-0.6902929852427322,1279.9134414299951,21.127213312449847,False,False,6.010478699836343,0.9860789742201354,0.9982567768562718,0.0,0.0,0.22048276639545225,0.22048276639545225,0.098,0.098,-0.08711436181617598,-0.08711436181617598
2016,306,11.0,9.309866798886414,19.54907672519057,1.6516298214013518,10.804158197734473,29.389075050202624,41.07936141868901,0.10396627429209358,0.33782315166170934,0.0,-0.6148956573144126,1980.7358821258965,21.747593478713252,False,False,6.010478699836343,0.9887339812386133,0.998945901050795,0.0,0.0,0.1319096406474747,0.1319096406474747,0.098,0.098,-0.08711436181617598,-0.08711436181617598
2016,306,11.5,9.09497365116494,0.0,1.675904480018479,0.0,36.52531504391507,0.0,0.0996690829800837,0.0,0.0,0.0,2423.609642674206,0.0,False,0.0,6.010478699836343,0.9887339812386133,0.998945901050795,0.0,0.0,0.09300426235320877,0.09300426235320877,0.0975,0.0975,-0.09014754103564299,-0.09014754103564299
2016,306,12.0,7.8948915287004215,0.0,1.457953302760618,0.0,36.5390507773183,0.0,0.08633523091972023,0.0,0.0,0.0,2459.891693060468,0.0,False,0.0,6.010478699836343,0.9887339812386133,0.998945901050795,0.0,0.0,0.08129208975583783,0.08129208975583783,0.097,0.097,-0.09330274757307958,-0.09330274757307958
2016,306,12.5,2.5068431421462645,3.3657184640787694,0.5078691009004553,4.6902845906981625,28.663341468586363,41.744680727489225,0.026245336397088436,0.2559847192248594,0.0,-0.5829811127009267,28.611165753027418,28.62224431613752,False,False,6.010445226008024,0.9960889621302405,0.998945901050795,0.0,0.0,0.029149669173910174,0.029149669173910174,0.097,0.097,-0.09330274757307958,-0.09330274757307958
2016,306,13.0,7.288378729968249,0.0,1.5034683379621148,0.0,28.36462575688699,0.0,0.07561430728279803,0.0,0.0,0.0,3069.032496520838,0.0,False,0.0,6.010445226008024,0.9960889621302405,0.998945901050795,0.0,0.0,0.0853525395356244,0.0853525395356244,0.097,0.097,-0.09330274757307958,-0.09330274757307958
2016,306,13.5,3.4493528073429336,4.475744678196415,0.7251149296676087,6.143529129482628,28.35852604513904,41.63312055727693,0.035475617232236245,0.32127831867989115,0.0,-0.7713189454424063,28.664766750202155,28.670233376303457,False,False,6.010445226008024,0.991947702655621,0.998945901050795,0.0,0.0,0.035916326870012616,0.035916326870012616,0.097,0.097,-0.09330274757307958,-0.09330274757307958
2016,306,14.0,7.0779454899883465,0.0,1.4381927694098806,0.0,28.600377974662372,0.0,0.07335433485447543,0.0,0.0,0.0,2434.172469970664,0.0,False,0.0,6.010445226008024,0.991947702655621,0.998945901050795,0.0,0.0,0.06859752978373634,0.06859752978373634,0.096,0.096,-0.10000183490806634,-0.10000183490806634
2016,306,14.5,11.643770805661639,24.207495007779492,2.349917392492777,12.241041281011437,28.373513627984142,40.15144324653974,0.12201934501947705,0.2991674132482943,0.0,-0.7397781823864098,2420.2854209691754,24.290918089907795,False,False,6.01040479658948,0.982598697104577,0.9981237666546723,0.0,0.0,0.18111970512626072,0.18111970512626072,0.096,0.096,-0.10000183490806634,-0.10000183490806634
2016,306,15.0,8.350593348329724,0.0,1.6809921316222225,0.0,28.505132261815323,0.0,0.08762445748068225,0.0,0.0,0.0,2179.8600335271863,0.0,False,0.0,6.01040479658948,0.982598697104577,0.9981237666546723,0.0,0.0,0.13220580825909348,0.13220580825909348,0.096,0.096,-0.10000183490806634,-0.10000183490806634
2016,306,15.5,0.0,0.0,0.0,0.0,0.0,0.0,0.0,0.0,0.0,0.0,0.0,0.0,True,True,6.01040479658948,0.982598697104577,0.9981237666546723,0.0,0.0,0.0,0.0,0.096,0.096,-0.10000183490806634,-0.10000183490806634
2016,306,16.0,0.0,0.0,0.0,0.0,0.0,0.0,0.0,0.0,0.0,0.0,0.0,0.0,True,True,6.01040479658948,0.982598697104577,0.9981237666546723,0.0,0.0,0.0,0.0,0.096,0.096,-0.10000183490806634,-0.10000183490806634
2016,306,16.5,0.0,0.0,0.0,0.0,0.0,0.0,0.0,0.0,0.0,0.0,0.0,0.0,True,True,6.0103815050735925,0.982598697104577,0.9981237666546723,0.0,0.0,0.0,0.0,0.0955,0.0955,-0.10355774227718577,-0.10355774227718577
2016.0,306.0,17.0,0.0,0.0,0.0,0.0,0.0,0.0,0.0,0.0,0.0,0.0,0.0,0.0,0.0,0.0,6.0103815050735925,0.982598697104577,0.9981237666546723,0.0,0.0,0.0,0.0,0.095,0.095,-0.10725976358096488,-0.10725976358096488
2016.0,306.0,17.5,0.0,0.0,0.0,0.0,0.0,0.0,0.0,0.0,0.0,0.0,0.0,0.0,0.0,0.0,6.0103815050735925,0.982598697104577,0.9981237666546723,0.0,0.0,0.0,0.0,0.095,0.095,-0.10725976358096488,-0.10725976358096488
2016.0,306.0,18.0,0.0,0.0,0.0,0.0,0.0,0.0,0.0,0.0,0.0,0.0,0.0,0.0,0.0,0.0,6.0103815050735925,0.982598697104577,0.9981237666546723,0.0,0.0,0.0,0.0,0.095,0.095,-0.10725976358096488,-0.10725976358096488
2016.0,306.0,18.5,0.0,0.0,0.0,0.0,0.0,0.0,0.0,0.0,0.0,0.0,0.0,0.0,0.0,0.0,6.0103815050735925,0.982598697104577,0.9981237666546723,0.0,0.0,0.0,0.0,0.095,0.095,-0.10725976358096488,-0.10725976358096488
2016.0,306.0,19.0,0.0,0.0,0.0,0.0,0.0,0.0,0.0,0.0,0.0,0.0,0.0,0.0,0.0,0.0,6.0103815050735925,0.982598697104577,0.9981237666546723,0.0,0.0,0.0,0.0,0.095,0.095,-0.10725976358096488,-0.10725976358096488
2016.0,306.0,19.5,0.0,0.0,0.0,0.0,0.0,0.0,0.0,0.0,0.0,0.0,0.0,0.0,0.0,0.0,6.0103815050735925,0.982598697104577,0.9981237666546723,0.0,0.0,0.0,0.0,0.095,0.095,-0.10725976358096488,-0.10725976358096488
2016.0,306.0,20.0,0.0,0.0,0.0,0.0,0.0,0.0,0.0,0.0,0.0,0.0,0.0,0.0,0.0,0.0,6.0103815050735925,0.982598697104577,0.9981237666546723,0.0,0.0,0.0,0.0,0.095,0.095,-0.10725976358096488,-0.10725976358096488
2016.0,306.0,20.5,0.0,0.0,0.0,0.0,0.0,0.0,0.0,0.0,0.0,0.0,0.0,0.0,0.0,0.0,6.0103815050735925,0.982598697104577,0.9981237666546723,0.0,0.0,0.0,0.0,0.095,0.095,-0.10725976358096488,-0.10725976358096488
2016.0,306.0,21.0,0.0,0.0,0.0,0.0,0.0,0.0,0.0,0.0,0.0,0.0,0.0,0.0,0.0,0.0,6.0103815050735925,0.982598697104577,0.9981237666546723,0.0,0.0,0.0,0.0,0.095,0.095,-0.10725976358096488,-0.10725976358096488
2016.0,306.0,21.5,0.0,0.0,0.0,0.0,0.0,0.0,0.0,0.0,0.0,0.0,0.0,0.0,0.0,0.0,6.0103815050735925,0.982598697104577,0.9981237666546723,0.0,0.0,0.0,0.0,0.095,0.095,-0.10725976358096488,-0.10725976358096488
2016.0,306.0,22.0,0.0,0.0,0.0,0.0,0.0,0.0,0.0,0.0,0.0,0.0,0.0,0.0,0.0,0.0,6.0103815050735925,0.982598697104577,0.9981237666546723,0.0,0.0,0.0,0.0,0.095,0.095,-0.10725976358096488,-0.10725976358096488
2016.0,306.0,22.5,0.0,0.0,0.0,0.0,0.0,0.0,0.0,0.0,0.0,0.0,0.0,0.0,0.0,0.0,6.0103815050735925,0.982598697104577,0.9981237666546723,0.0,0.0,0.0,0.0,0.095,0.095,-0.10725976358096488,-0.10725976358096488
2016.0,306.0,23.0,0.0,0.0,0.0,0.0,0.0,0.0,0.0,0.0,0.0,0.0,0.0,0.0,0.0,0.0,6.0103815050735925,0.982598697104577,0.9981237666546723,0.0,0.0,0.0,0.0,0.095,0.095,-0.10725976358096488,-0.10725976358096488
2016.0,306.0,23.5,0.0,0.0,0.0,0.0,0.0,0.0,0.0,0.0,0.0,0.0,0.0,0.0,0.0,0.0,6.0103815050735925,0.982598697104577,0.9981237666546723,0.0,0.0,0.0,0.0,0.095,0.095,-0.10725976358096488,-0.10725976358096488
2016.0,307.0,0.0,0.0,0.0,0.0,0.0,0.0,0.0,0.0,0.0,0.0,0.0,0.0,0.0,0.0,0.0,6.0103815050735925,0.982598697104577,0.9981237666546723,0.0,0.0,0.0,0.0,0.095,0.095,-0.10725976358096488,-0.10725976358096488
2016.0,307.0,0.5,0.0,0.0,0.0,0.0,0.0,0.0,0.0,0.0,0.0,0.0,0.0,0.0,0.0,0.0,6.0103815050735925,0.982598697104577,0.9981237666546723,0.0,0.0,0.0,0.0,0.094,0.094,-0.11512978840235837,-0.11512978840235837
2016.0,307.0,1.0,0.0,0.0,0.0,0.0,0.0,0.0,0.0,0.0,0.0,0.0,0.0,0.0,0.0,0.0,6.0103815050735925,0.982598697104577,0.9981237666546723,0.0,0.0,0.0,0.0,0.094,0.094,-0.11512978840235837,-0.11512978840235837
2016.0,307.0,1.5,0.0,0.0,0.0,0.0,0.0,0.0,0.0,0.0,0.0,0.0,0.0,0.0,0.0,0.0,6.0103815050735925,0.982598697104577,0.9981237666546723,0.0,0.0,0.0,0.0,0.094,0.094,-0.11512978840235837,-0.11512978840235837
2016.0,307.0,2.0,0.0,0.0,0.0,0.0,0.0,0.0,0.0,0.0,0.0,0.0,0.0,0.0,0.0,0.0,6.0103815050735925,0.982598697104577,0.9981237666546723,0.0,0.0,0.0,0.0,0.094,0.094,-0.11512978840235837,-0.11512978840235837
2016.0,307.0,2.5,0.0,0.0,0.0,0.0,0.0,0.0,0.0,0.0,0.0,0.0,0.0,0.0,0.0,0.0,6.0103815050735925,0.982598697104577,0.9981237666546723,0.0,0.0,0.0,0.0,0.094,0.094,-0.11512978840235837,-0.11512978840235837
2016.0,307.0,3.0,0.0,0.0,0.0,0.0,0.0,0.0,0.0,0.0,0.0,0.0,0.0,0.0,0.0,0.0,6.0103815050735925,0.982598697104577,0.9981237666546723,0.0,0.0,0.0,0.0,0.094,0.094,-0.11512978840235837,-0.11512978840235837
2016.0,307.0,3.5,0.0,0.0,0.0,0.0,0.0,0.0,0.0,0.0,0.0,0.0,0.0,0.0,0.0,0.0,6.0103815050735925,0.982598697104577,0.9981237666546723,0.0,0.0,0.0,0.0,0.094,0.094,-0.11512978840235837,-0.11512978840235837
2016.0,307.0,4.0,0.0,0.0,0.0,0.0,0.0,0.0,0.0,0.0,0.0,0.0,0.0,0.0,0.0,0.0,6.0103815050735925,0.982598697104577,0.9981237666546723,0.0,0.0,0.0,0.0,0.094,0.094,-0.11512978840235837,-0.11512978840235837
2016.0,307.0,4.5,0.0,0.0,0.0,0.0,0.0,0.0,0.0,0.0,0.0,0.0,0.0,0.0,0.0,0.0,6.0103815050735925,0.982598697104577,0.9981237666546723,0.0,0.0,0.0,0.0,0.094,0.094,-0.11512978840235837,-0.11512978840235837
2016.0,307.0,5.0,0.0,0.0,0.0,0.0,0.0,0.0,0.0,0.0,0.0,0.0,0.0,0.0,0.0,0.0,6.0103815050735925,0.982598697104577,0.9981237666546723,0.0,0.0,0.0,0.0,0.094,0.094,-0.11512978840235837,-0.11512978840235837
2016,307,5.5,0.0,0.0,0.0,0.0,0.0,0.0,0.0,0.0,0.0,0.0,0.0,0.0,True,True,6.010296541963572,0.982598697104577,0.9981237666546723,0.0,0.0,0.0,0.0,0.094,0.094,-0.11512978840235837,-0.11512978840235837
2016,307,6.0,3.852725775668171,0.0,0.17784672662921786,0.0,37.58533538854658,0.0,0.10062969615582693,0.0,0.0,0.0,151.5698477920262,0.0,False,0.0,6.010296541963572,0.982598697104577,0.9981237666546723,0.0,0.0,0.033853453861166186,0.033853453861166186,0.094,0.094,-0.11512978840235837,-0.11512978840235837
2016,307,6.5,7.561980001929916,0.0,0.3848769194628003,0.0,37.010712543875584,0.0,0.1829867485784087,0.0,0.0,0.0,212.34076450829045,0.0,False,0.0,6.010296541963572,0.982598697104577,0.9981237666546723,0.0,0.0,0.06843688372181743,0.06843688372181743,0.094,0.094,-0.11512978840235837,-0.11512978840235837
2016,307,7.0,11.561957008990367,21.349558356597022,0.892183207131498,3.2650745356869444,34.70339665201734,41.333291663024525,0.20811992869083454,0.40322548669660174,0.0,-0.39681391034764524,349.1848847822492,13.392311344722241,False,False,6.010296541963572,0.9950048767230353,0.9998775825830852,0.0,0.0,0.11194769591624061,0.11194769591624061,0.094,0.094,-0.11512978840235837,-0.11512978840235837
2016,307,7.5,9.149788912900764,19.67891329946272,0.8588887899853008,4.3521923043756825,38.806342725052865,41.45342937031412,0.14587263927737695,0.3758132100634777,0.0,-0.4155928518106643,371.2040586554105,14.466890137040357,False,False,6.010296541963572,0.9950048767230353,0.9997837715569168,0.0,0.0,0.09108790145214751,0.09108790145214751,0.094,0.094,-0.11512978840235837,-0.11512978840235837
2016,307,8.0,13.897770761209623,26.153610538481665,1.6433947031993108,7.170156839698393,37.972268898853756,40.81677857527902,0.192692224708416,0.42276914038098345,0.0,-0.5470454420517982,632.3498024008096,16.377213260422486,False,False,6.010296541963572,0.9903122474657273,0.9994886287141352,0.0,0.0,0.14381418551093778,0.14381418551093778,0.094,0.094,-0.11512978840235837,-0.11512978840235837
2016,307,8.5,16.86991461122623,30.070822238137037,2.251364496188734,9.519541363487013,37.5189751133365,40.50397344583185,0.21813891420515877,0.4606815417977799,0.0,-0.6409401493668938,828.246691301249,17.74102521985482,False,False,6.010296541963572,0.9865530158975166,0.999025719591243,0.0,0.0,0.18527453440564953,0.18527453440564953,0.094,0.094,-0.11512978840235837,-0.11512978840235837
2016,307,9.0,20.97850963411105,34.50891346828828,3.080511764045193,11.0163725693572,30.292413699933377,39.904842492611905,0.25728616339447785,0.4537573911512137,0.0,-0.6972769737559512,1156.225903488327,18.845095915677057,False,False,6.010296541963572,0.9836230803089617,0.9987230202028444,0.0,0.0,0.25037330668498337,0.25037330668498337,0.094,0.094,-0.11512978840235837,-0.11512978840235837
2016,307,9.5,19.509302989877288,33.98190962763029,3.3596168237479205,13.441085435759257,29.242337234755002,39.75887170696928,0.22067016687788654,0.42429462102270016,0.0,-0.7989402165513351,1441.4969887575571,20.342317552252062,False,False,6.010224452953473,0.9799945579430713,0.9973854009862952,0.0,0.0,0.2423418348416827,0.2423418348416827,0.093,0.093,-0.12367088542212278,-0.12367088542212278
2016,307,10.0,15.442495518081675,29.50547364908671,2.78293261776127,12.968779528981095,29.064014768496975,40.06554510085121,0.1708788479116813,0.3840332785455979,0.0,-0.7614252537108233,1545.5035828313191,20.550429286229182,False,False,6.010224452953473,0.9833108304352752,0.9973854009862952,0.0,0.0,0.1816445116462289,0.1816445116462289,0.093,0.093,-0.12367088542212278,-0.12367088542212278
2016,307,10.5,16.55727433527904,31.09050928988239,3.0402740092392384,13.908865247454,28.892067289101707,40.014822978973065,0.18153351046560243,0.3984084926800294,0.0,-0.7989402165513351,1662.2768167107854,20.82182266089761,False,False,6.010224452953473,0.981697783858561,0.9968467413147488,0.0,0.0,0.19840964704820438,0.19840964704820438,0.093,0.093,-0.12367088542212278,-0.12367088542212278
2016,307,11.0,0.0,18.388849164423235,0.0,11.650229375171719,0.0,41.72926759897798,0.0,0.5000070764915813,0.0,-0.6488803651892878,0.0,23.328504322228227,True,False,6.010224452953473,0.981697783858561,0.9948436264284416,0.0,0.0,0.09688189040006176,0.09688189040006176,0.093,0.093,-0.12367088542212278,-0.12367088542212278
2016,307,11.5,6.969837814066615,0.0,1.486442639913621,0.0,36.03230570041536,0.0,0.07111057970688459,0.0,0.0,0.0,2456.342724983465,0.0,False,0.0,6.010224452953473,0.981697783858561,0.9948436264284416,0.0,0.0,0.060746828136978084,0.060746828136978084,0.0925,0.0925,-0.1282132473430953,-0.1282132473430953
2016,307,12.0,7.27884356688321,0.0,1.6083608893299042,0.0,35.89710424793756,0.0,0.07303613038467506,0.0,0.0,0.0,2808.413283471862,0.0,False,0.0,6.010224452953473,0.981697783858561,0.9948436264284416,0.0,0.0,0.06871949250709701,0.06871949250709701,0.092,0.092,-0.13294843755325347,-0.13294843755325347
2016,307,12.5,2.9352374019336147,3.9267975474307604,0.6698247304095466,6.100257113167699,27.7704779029449,41.643396386285076,0.029020263101802397,0.2803047667542134,0.0,-0.7699102511372844,28.164181532865314,28.16092549538356,False,False,6.010136674873935,0.9919855406613155,0.9948436264284416,0.0,0.0,0.02278275124429861,0.02278275124429861,0.092,0.092,-0.13294843755325347,-0.13294843755325347
2016,307,13.0,8.289350678892438,0.0,1.910736953820175,0.0,27.525293581438213,0.0,0.0815685715152881,0.0,0.0,0.0,2922.165867250358,0.0,False,0.0,6.010136674873935,0.9919855406613155,0.9948436264284416,0.0,0.0,0.07665580062819145,0.07665580062819145,0.092,0.092,-0.13294843755325347,-0.13294843755325347
2016,307,13.5,2.4632960417025855,3.35899318794887,0.5736538158716544,5.77796283301208,27.633209453758198,41.73797158662569,0.02414731249556235,0.2568835939575801,0.0,-0.7699102511372844,28.081073920567853,28.084887361257017,False,False,6.010136674873935,0.9919855406613155,0.9948436264284416,0.0,0.0,0.014111721202788283,0.014111721202788283,0.092,0.092,-0.13294843755325347,-0.13294843755325347
2016,307,14.0,6.09904752961792,0.0,1.4269743549200378,0.0,35.70322329766556,0.0,0.05966941959107569,0.0,0.0,0.0,2320.848626192533,0.0,False,0.0,6.010136674873935,0.9919855406613155,0.9948436264284416,0.0,0.0,0.04944218391977674,0.04944218391977674,0.0915,0.0915,-0.137885757340547,-0.137885757340547
2016,307,14.5,12.181395139865476,0.0,2.76220878423028,0.0,35.71780791343679,0.0,0.12091093089970507,0.0,0.0,0.0,2329.6074528656836,0.0,False,0.0,6.010136674873935,0.9919855406613155,0.9948436264284416,0.0,0.0,0.16096554072078803,0.16096554072078803,0.091,0.091,-0.14303501105796806,-0.14303501105796806
2016,307,15.0,6.751482312972895,0.0,1.5708316184676732,0.0,27.50446167704676,0.0,0.06616981739839702,0.0,0.0,0.0,2114.7800397310375,0.0,False,0.0,6.010136674873935,0.9919855406613155,0.9948436264284416,0.0,0.0,0.09335554455040491,0.09335554455040491,0.091,0.091,-0.14303501105796806,-0.14303501105796806
2016,307,15.5,0.0,0.23804461539616528,0.0,0.5017771849687959,0.0,41.74359940335304,0.0,0.021308488692584393,0.0,-0.2178703224109932,0.0,27.056667126981687,False,False,6.010029564437902,0.9996929370260214,0.9948436264284416,0.0,0.0,0.0,0.0,0.091,0.091,-0.14303501105796806,-0.14303501105796806
2016,307,16.0,0.0,0.0,0.0,0.0,0.0,0.0,0.0,0.0,0.0,0.0,0.0,0.0,True,True,6.010029564437902,0.9996929370260214,0.9948436264284416,0.0,0.0,0.0,0.0,0.091,0.091,-0.14303501105796806,-0.14303501105796806
2016,307,16.5,0.0,0.0,0.0,0.0,0.0,0.0,0.0,0.0,0.0,0.0,0.0,0.0,True,True,6.010029564437902,0.9996929370260214,0.9948436264284416,0.0,0.0,0.0,0.0,0.091,0.091,-0.14303501105796806,-0.14303501105796806
2016.0,307.0,17.0,0.0,0.0,0.0,0.0,0.0,0.0,0.0,0.0,0.0,0.0,0.0,0.0,0.0,0.0,6.010029564437902,0.9996929370260214,0.9948436264284416,0.0,0.0,0.0,0.0,0.09,0.09,-0.15401123611662587,-0.15401123611662587
2016.0,307.0,17.5,0.0,0.0,0.0,0.0,0.0,0.0,0.0,0.0,0.0,0.0,0.0,0.0,0.0,0.0,6.010029564437902,0.9996929370260214,0.9948436264284416,0.0,0.0,0.0,0.0,0.09,0.09,-0.15401123611662587,-0.15401123611662587
2016.0,307.0,18.0,0.0,0.0,0.0,0.0,0.0,0.0,0.0,0.0,0.0,0.0,0.0,0.0,0.0,0.0,6.010029564437902,0.9996929370260214,0.9948436264284416,0.0,0.0,0.0,0.0,0.09,0.09,-0.15401123611662587,-0.15401123611662587
2016.0,307.0,18.5,0.0,0.0,0.0,0.0,0.0,0.0,0.0,0.0,0.0,0.0,0.0,0.0,0.0,0.0,6.010029564437902,0.9996929370260214,0.9948436264284416,0.0,0.0,0.0,0.0,0.09,0.09,-0.15401123611662587,-0.15401123611662587
2016.0,307.0,19.0,0.0,0.0,0.0,0.0,0.0,0.0,0.0,0.0,0.0,0.0,0.0,0.0,0.0,0.0,6.010029564437902,0.9996929370260214,0.9948436264284416,0.0,0.0,0.0,0.0,0.09,0.09,-0.15401123611662587,-0.15401123611662587
2016.0,307.0,19.5,0.0,0.0,0.0,0.0,0.0,0.0,0.0,0.0,0.0,0.0,0.0,0.0,0.0,0.0,6.010029564437902,0.9996929370260214,0.9948436264284416,0.0,0.0,0.0,0.0,0.09,0.09,-0.15401123611662587,-0.15401123611662587
2016.0,307.0,20.0,0.0,0.0,0.0,0.0,0.0,0.0,0.0,0.0,0.0,0.0,0.0,0.0,0.0,0.0,6.010029564437902,0.9996929370260214,0.9948436264284416,0.0,0.0,0.0,0.0,0.09,0.09,-0.15401123611662587,-0.15401123611662587
2016.0,307.0,20.5,0.0,0.0,0.0,0.0,0.0,0.0,0.0,0.0,0.0,0.0,0.0,0.0,0.0,0.0,6.010029564437902,0.9996929370260214,0.9948436264284416,0.0,0.0,0.0,0.0,0.09,0.09,-0.15401123611662587,-0.15401123611662587
2016.0,307.0,21.0,0.0,0.0,0.0,0.0,0.0,0.0,0.0,0.0,0.0,0.0,0.0,0.0,0.0,0.0,6.010029564437902,0.9996929370260214,0.9948436264284416,0.0,0.0,0.0,0.0,0.09,0.09,-0.15401123611662587,-0.15401123611662587
2016.0,307.0,21.5,0.0,0.0,0.0,0.0,0.0,0.0,0.0,0.0,0.0,0.0,0.0,0.0,0.0,0.0,6.010029564437902,0.9996929370260214,0.9948436264284416,0.0,0.0,0.0,0.0,0.09,0.09,-0.15401123611662587,-0.15401123611662587
2016.0,307.0,22.0,0.0,0.0,0.0,0.0,0.0,0.0,0.0,0.0,0.0,0.0,0.0,0.0,0.0,0.0,6.010029564437902,0.9996929370260214,0.9948436264284416,0.0,0.0,0.0,0.0,0.09,0.09,-0.15401123611662587,-0.15401123611662587
2016.0,307.0,22.5,0.0,0.0,0.0,0.0,0.0,0.0,0.0,0.0,0.0,0.0,0.0,0.0,0.0,0.0,6.010029564437902,0.9996929370260214,0.9948436264284416,0.0,0.0,0.0,0.0,0.09,0.09,-0.15401123611662587,-0.15401123611662587
2016.0,307.0,23.0,0.0,0.0,0.0,0.0,0.0,0.0,0.0,0.0,0.0,0.0,0.0,0.0,0.0,0.0,6.010029564437902,0.9996929370260214,0.9948436264284416,0.0,0.0,0.0,0.0,0.09,0.09,-0.15401123611662587,-0.15401123611662587
2016.0,307.0,23.5,0.0,0.0,0.0,0.0,0.0,0.0,0.0,0.0,0.0,0.0,0.0,0.0,0.0,0.0,6.010029564437902,0.9996929370260214,0.9948436264284416,0.0,0.0,0.0,0.0,0.09,0.09,-0.15401123611662587,-0.15401123611662587
2016.0,308.0,0.0,0.0,0.0,0.0,0.0,0.0,0.0,0.0,0.0,0.0,0.0,0.0,0.0,0.0,0.0,6.010029564437902,0.9996929370260214,0.9948436264284416,0.0,0.0,0.0,0.0,0.09,0.09,-0.15401123611662587,-0.15401123611662587
2016.0,308.0,0.5,0.0,0.0,0.0,0.0,0.0,0.0,0.0,0.0,0.0,0.0,0.0,0.0,0.0,0.0,6.010029564437902,0.9996929370260214,0.9948436264284416,0.0,0.0,0.0,0.0,0.09,0.09,-0.15401123611662587,-0.15401123611662587
2016.0,308.0,1.0,0.0,0.0,0.0,0.0,0.0,0.0,0.0,0.0,0.0,0.0,0.0,0.0,0.0,0.0,6.010029564437902,0.9996929370260214,0.9948436264284416,0.0,0.0,0.0,0.0,0.09,0.09,-0.15401123611662587,-0.15401123611662587
2016.0,308.0,1.5,0.0,0.0,0.0,0.0,0.0,0.0,0.0,0.0,0.0,0.0,0.0,0.0,0.0,0.0,6.010029564437902,0.9996929370260214,0.9948436264284416,0.0,0.0,0.0,0.0,0.09,0.09,-0.15401123611662587,-0.15401123611662587
2016.0,308.0,2.0,0.0,0.0,0.0,0.0,0.0,0.0,0.0,0.0,0.0,0.0,0.0,0.0,0.0,0.0,6.010029564437902,0.9996929370260214,0.9948436264284416,0.0,0.0,0.0,0.0,0.09,0.09,-0.15401123611662587,-0.15401123611662587
2016.0,308.0,2.5,0.0,0.0,0.0,0.0,0.0,0.0,0.0,0.0,0.0,0.0,0.0,0.0,0.0,0.0,6.010029564437902,0.9996929370260214,0.9948436264284416,0.0,0.0,0.0,0.0,0.09,0.09,-0.15401123611662587,-0.15401123611662587
2016.0,308.0,3.0,0.0,0.0,0.0,0.0,0.0,0.0,0.0,0.0,0.0,0.0,0.0,0.0,0.0,0.0,6.010029564437902,0.9996929370260214,0.9948436264284416,0.0,0.0,0.0,0.0,0.09,0.09,-0.15401123611662587,-0.15401123611662587
2016.0,308.0,3.5,0.0,0.0,0.0,0.0,0.0,0.0,0.0,0.0,0.0,0.0,0.0,0.0,0.0,0.0,6.010029564437902,0.9996929370260214,0.9948436264284416,0.0,0.0,0.0,0.0,0.09,0.09,-0.15401123611662587,-0.15401123611662587
2016.0,308.0,4.0,0.0,0.0,0.0,0.0,0.0,0.0,0.0,0.0,0.0,0.0,0.0,0.0,0.0,0.0,6.010029564437902,0.9996929370260214,0.9948436264284416,0.0,0.0,0.0,0.0,0.0895,0.0895,-0.15986061324751152,-0.15986061324751152
2016.0,308.0,4.5,0.0,0.0,0.0,0.0,0.0,0.0,0.0,0.0,0.0,0.0,0.0,0.0,0.0,0.0,6.010029564437902,0.9996929370260214,0.9948436264284416,0.0,0.0,0.0,0.0,0.089,0.089,-0.16596680679910064,-0.16596680679910064
2016.0,308.0,5.0,0.0,0.0,0.0,0.0,0.0,0.0,0.0,0.0,0.0,0.0,0.0,0.0,0.0,0.0,6.010029564437902,0.9996929370260214,0.9948436264284416,0.0,0.0,0.0,0.0,0.089,0.089,-0.16596680679910064,-0.16596680679910064
2016,308,5.5,0.0,0.0,0.0,0.0,0.0,0.0,0.0,0.0,0.0,0.0,0.0,0.0,True,True,6.0097380353013525,0.9996929370260214,0.9948436264284416,0.0,0.0,0.0,0.0,0.089,0.089,-0.16596680679910064,-0.16596680679910064
2016,308,6.0,3.671557147042774,0.0,0.165044920886212,0.0,37.83370543395614,0.0,0.0978658921851949,0.0,0.0,0.0,161.8670877558559,0.0,False,0.0,6.0097380353013525,0.9996929370260214,0.9948436264284416,0.0,0.0,0.02928189865328138,0.02928189865328138,0.089,0.089,-0.16596680679910064,-0.16596680679910064
2016,308,6.5,6.610177053749199,0.0,0.3142017583697709,0.0,40.6679766657367,0.0,0.16838644976224287,0.0,0.0,0.0,243.08934097860782,0.0,False,0.0,6.0097380353013525,0.9996929370260214,0.9948436264284416,0.0,0.0,0.05464474562730779,0.05464474562730779,0.089,0.089,-0.16596680679910064,-0.16596680679910064
2016,308,7.0,11.012334751724234,0.0,0.7936823154898294,0.0,39.531400531826925,0.0,0.20737812320955232,0.0,0.0,0.0,334.3336905290783,0.0,False,0.0,6.0097380353013525,0.9996929370260214,0.9948436264284416,0.0,0.0,0.09283486801973587,0.09283486801973587,0.089,0.089,-0.16596680679910064,-0.16596680679910064
2016,308,7.5,8.95436513335452,0.0,0.8337124130801955,0.0,33.89856982553149,0.0,0.07201670907969647,0.0,0.0,0.0,16.689398580060526,0.0,False,0.0,6.0097380353013525,0.9996929370260214,0.9948436264284416,0.0,0.0,0.03712599017212824,0.03712599017212824,0.089,0.089,-0.16596680679910064,-0.16596680679910064
2016,308,8.0,14.603751843058655,26.708907733716543,1.4936115236833485,6.637043285857164,38.417417775420056,40.96147866254809,0.22037019734704733,0.4952349077084037,0.0,-0.5576422222804631,644.7239389703165,16.635310675559204,False,False,6.0097380353013525,0.9911505309234139,0.9992020638155252,0.0,0.0,0.13351229000037343,0.13351229000037343,0.089,0.089,-0.16596680679910064,-0.16596680679910064
2016,308,8.5,15.766430370621435,28.633540824157695,1.90882258942519,8.36361991091631,31.775066640593217,40.756185079958655,0.21528037954229398,0.47333351548442826,0.0,-0.6322470633245322,877.9905265855343,18.083783846790404,False,False,6.0097380353013525,0.9876056694228503,0.9989344180815799,0.0,0.0,0.15118420599449203,0.15118420599449203,0.089,0.089,-0.16596680679910064,-0.16596680679910064
2016,308,9.0,20.92980146810886,34.294077705566664,2.8273234353984975,10.371094232022628,30.85461790764088,40.061124831351,0.2683175461266252,0.48006520170498623,0.0,-0.7068519043686011,1147.2213709193445,19.184003168055007,False,False,6.0097380353013525,0.9848310481415108,0.9982495671483748,0.0,0.0,0.219212456230734,0.219212456230734,0.089,0.089,-0.16596680679910064,-0.16596680679910064
2016,308,9.5,20.32854660805131,34.48733193132865,2.909499653153023,11.439114264458501,30.48833019477043,40.10841749915466,0.2527962158104032,0.4856784742715679,0.0,-0.7441543248906356,1283.90877403225,19.666493222441932,False,False,6.0097380353013525,0.9833153251193033,0.9978266258203035,0.0,0.0,0.2135335030394871,0.2135335030394871,0.089,0.089,-0.16596680679910064,-0.16596680679910064
2016,308,10.0,14.48825909662339,27.767963818573037,2.327740844377534,10.938702888103967,29.905732598508678,40.34893590186866,0.16991539733817623,0.3881433805999149,0.0,-0.7189369430972445,1589.662559835663,20.85585024413499,False,False,6.009540817674258,0.9858229572531086,0.9976720747050878,0.0,0.0,0.14807900129111407,0.14807900129111407,0.088,0.088,-0.1790016182191552,-0.1790016182191552
2016,308,10.5,13.28267471091513,26.29897880152382,2.3192169462950525,11.880362186696269,29.362532601036992,40.430803498037676,0.14937388745786903,0.37083368378119796,0.0,-0.7561738620543542,1854.8571930061862,21.565780031996965,False,False,6.009540817674258,0.9843692530679665,0.9971729614725477,0.0,0.0,0.14092706402137065,0.14092706402137065,0.088,0.088,-0.1790016182191552,-0.1790016182191552
2016,308,11.0,0.0,18.901553174589782,0.0,9.916567207834499,0.0,41.616235223178805,0.0,0.4854238003915908,0.0,-0.6258446457044705,0.0,23.20927609646782,True,False,6.009540817674258,0.9843692530679665,0.9953028670411185,0.0,0.0,0.089908567403619,0.089908567403619,0.088,0.088,-0.1790016182191552,-0.1790016182191552
2016,308,11.5,8.307633234429954,0.0,1.689873826427271,0.0,36.181253501496585,0.0,0.08675428777823246,0.0,0.0,0.0,2826.0633344067564,0.0,False,0.0,6.009540817674258,0.9843692530679665,0.9953028670411185,0.0,0.0,0.07081360257472995,0.07081360257472995,0.088,0.088,-0.1790016182191552,-0.1790016182191552
2016,308,12.0,4.939329864609359,0.0,1.0661681191229966,0.0,28.113529482671545,0.0,0.050160299865196524,0.0,0.0,0.0,2520.5214068687196,0.0,False,0.0,6.009540817674258,0.9843692530679665,0.9953028670411185,0.0,0.0,0.039901991352579734,0.039901991352579734,0.088,0.088,-0.1790016182191552,-0.1790016182191552
2016,308,12.5,5.269081436383769,0.0,1.2318922820999345,0.0,35.720588379172646,0.0,0.051520057208803184,0.0,0.0,0.0,3050.9622505524653,0.0,False,0.0,6.009540817674258,0.9843692530679665,0.9953028670411185,0.0,0.0,0.047261362399478056,0.047261362399478056,0.087,0.087,-0.1932270615424628,-0.1932270615424628
2016,308,13.0,5.098905428128617,0.0,1.1797112463395207,0.0,35.762356070290316,0.0,0.050093181938545554,0.0,0.0,0.0,2743.3427413978998,0.0,False,0.0,6.009540817674258,0.9843692530679665,0.9953028670411185,0.0,0.0,0.04190151281096128,0.04190151281096128,0.087,0.087,-0.1932270615424628,-0.1932270615424628
2016,308,13.5,2.8098305958186085,3.7424294583122086,0.6279224413574125,5.735154040863414,27.93046016121459,41.64992725443204,0.02805127592664855,0.2712440505566925,0.0,-0.8250394449364609,28.224759685368102,28.222169927522472,False,False,6.0092979811929315,0.9904229167590213,0.9953028670411185,0.0,0.0,0.017220027946497907,0.017220027946497907,0.087,0.087,-0.1932270615424628,-0.1932270615424628
2016,308,14.5,13.170109711041802,0.0,2.92283389403232,0.0,35.7801506248733,0.0,0.1320034843181162,0.0,0.0,0.0,2507.662065859875,0.0,False,0.0,6.0092979811929315,0.9904229167590213,0.9953028670411185,0.0,0.0,0.156102870783932,0.156102870783932,0.0865,0.0865,-0.20082458265297198,-0.20082458265297198
2016,308,15.0,8.433845068640196,0.0,2.0006351913058196,0.0,27.43464566798007,0.0,0.08123701914482705,0.0,0.0,0.0,2499.8026760022994,0.0,False,0.0,6.0092979811929315,0.9904229167590213,0.9953028670411185,0.0,0.0,0.1054917062246,0.1054917062246,0.086,0.086,-0.2087675009191212,-0.2087675009191212
2016,308,15.5,0.0,0.11513483490167209,0.0,0.24942993329247418,0.0,41.68618677418874,0.0,0.010078635717020508,0.0,-0.24585484257623097,0.0,28.28282516427296,False,False,6.008998259768314,0.9995802672705951,0.9953028670411185,0.0,0.0,0.0,0.0,0.086,0.086,-0.2087675009191212,-0.2087675009191212
2016,308,16.0,0.0,0.0,0.0,0.0,0.0,0.0,0.0,0.0,0.0,0.0,0.0,0.0,True,True,6.008998259768314,0.9995802672705951,0.9953028670411185,0.0,0.0,0.0,0.0,0.086,0.086,-0.2087675009191212,-0.2087675009191212
2016,308,16.5,0.0,0.0,0.0,0.0,0.0,0.0,0.0,0.0,0.0,0.0,0.0,0.0,True,True,6.008998259768314,0.9995802672705951,0.9953028670411185,0.0,0.0,0.0,0.0,0.086,0.086,-0.2087675009191212,-0.2087675009191212
2016.0,308.0,17.0,0.0,0.0,0.0,0.0,0.0,0.0,0.0,0.0,0.0,0.0,0.0,0.0,0.0,0.0,6.008998259768314,0.9995802672705951,0.9953028670411185,0.0,0.0,0.0,0.0,0.086,0.086,-0.2087675009191212,-0.2087675009191212
2016.0,308.0,17.5,0.0,0.0,0.0,0.0,0.0,0.0,0.0,0.0,0.0,0.0,0.0,0.0,0.0,0.0,6.008998259768314,0.9995802672705951,0.9953028670411185,0.0,0.0,0.0,0.0,0.086,0.086,-0.2087675009191212,-0.2087675009191212
2016.0,308.0,18.0,0.0,0.0,0.0,0.0,0.0,0.0,0.0,0.0,0.0,0.0,0.0,0.0,0.0,0.0,6.008998259768314,0.9995802672705951,0.9953028670411185,0.0,0.0,0.0,0.0,0.086,0.086,-0.2087675009191212,-0.2087675009191212
2016.0,308.0,18.5,0.0,0.0,0.0,0.0,0.0,0.0,0.0,0.0,0.0,0.0,0.0,0.0,0.0,0.0,6.008998259768314,0.9995802672705951,0.9953028670411185,0.0,0.0,0.0,0.0,0.086,0.086,-0.2087675009191212,-0.2087675009191212
2016.0,308.0,19.0,0.0,0.0,0.0,0.0,0.0,0.0,0.0,0.0,0.0,0.0,0.0,0.0,0.0,0.0,6.008998259768314,0.9995802672705951,0.9953028670411185,0.0,0.0,0.0,0.0,0.085,0.085,-0.22576196041911914,-0.22576196041911914
2016.0,308.0,19.5,0.0,0.0,0.0,0.0,0.0,0.0,0.0,0.0,0.0,0.0,0.0,0.0,0.0,0.0,6.008998259768314,0.9995802672705951,0.9953028670411185,0.0,0.0,0.0,0.0,0.085,0.085,-0.22576196041911914,-0.22576196041911914
2016.0,308.0,20.0,0.0,0.0,0.0,0.0,0.0,0.0,0.0,0.0,0.0,0.0,0.0,0.0,0.0,0.0,6.008998259768314,0.9995802672705951,0.9953028670411185,0.0,0.0,0.0,0.0,0.085,0.085,-0.22576196041911914,-0.22576196041911914
2016.0,308.0,20.5,0.0,0.0,0.0,0.0,0.0,0.0,0.0,0.0,0.0,0.0,0.0,0.0,0.0,0.0,6.008998259768314,0.9995802672705951,0.9953028670411185,0.0,0.0,0.0,0.0,0.085,0.085,-0.22576196041911914,-0.22576196041911914
2016.0,308.0,21.0,0.0,0.0,0.0,0.0,0.0,0.0,0.0,0.0,0.0,0.0,0.0,0.0,0.0,0.0,6.008998259768314,0.9995802672705951,0.9953028670411185,0.0,0.0,0.0,0.0,0.085,0.085,-0.22576196041911914,-0.22576196041911914
2016.0,308.0,21.5,0.0,0.0,0.0,0.0,0.0,0.0,0.0,0.0,0.0,0.0,0.0,0.0,0.0,0.0,6.008998259768314,0.9995802672705951,0.9953028670411185,0.0,0.0,0.0,0.0,0.085,0.085,-0.22576196041911914,-0.22576196041911914
2016.0,308.0,22.0,0.0,0.0,0.0,0.0,0.0,0.0,0.0,0.0,0.0,0.0,0.0,0.0,0.0,0.0,6.008998259768314,0.9995802672705951,0.9953028670411185,0.0,0.0,0.0,0.0,0.085,0.085,-0.22576196041911914,-0.22576196041911914
2016.0,308.0,22.5,0.0,0.0,0.0,0.0,0.0,0.0,0.0,0.0,0.0,0.0,0.0,0.0,0.0,0.0,6.008998259768314,0.9995802672705951,0.9953028670411185,0.0,0.0,0.0,0.0,0.085,0.085,-0.22576196041911914,-0.22576196041911914
2016.0,308.0,23.0,0.0,0.0,0.0,0.0,0.0,0.0,0.0,0.0,0.0,0.0,0.0,0.0,0.0,0.0,6.008998259768314,0.9995802672705951,0.9953028670411185,0.0,0.0,0.0,0.0,0.085,0.085,-0.22576196041911914,-0.22576196041911914
2016.0,308.0,23.5,0.0,0.0,0.0,0.0,0.0,0.0,0.0,0.0,0.0,0.0,0.0,0.0,0.0,0.0,6.008998259768314,0.9995802672705951,0.9953028670411185,0.0,0.0,0.0,0.0,0.085,0.085,-0.22576196041911914,-0.22576196041911914
2016.0,309.0,0.0,0.0,0.0,0.0,0.0,0.0,0.0,0.0,0.0,0.0,0.0,0.0,0.0,0.0,0.0,6.008998259768314,0.9995802672705951,0.9953028670411185,0.0,0.0,0.0,0.0,0.085,0.085,-0.22576196041911914,-0.22576196041911914
2016.0,309.0,0.5,0.0,0.0,0.0,0.0,0.0,0.0,0.0,0.0,0.0,0.0,0.0,0.0,0.0,0.0,6.008998259768314,0.9995802672705951,0.9953028670411185,0.0,0.0,0.0,0.0,0.085,0.085,-0.22576196041911914,-0.22576196041911914
2016.0,309.0,1.0,0.0,0.0,0.0,0.0,0.0,0.0,0.0,0.0,0.0,0.0,0.0,0.0,0.0,0.0,6.008998259768314,0.9995802672705951,0.9953028670411185,0.0,0.0,0.0,0.0,0.085,0.085,-0.22576196041911914,-0.22576196041911914
2016.0,309.0,1.5,0.0,0.0,0.0,0.0,0.0,0.0,0.0,0.0,0.0,0.0,0.0,0.0,0.0,0.0,6.008998259768314,0.9995802672705951,0.9953028670411185,0.0,0.0,0.0,0.0,0.085,0.085,-0.22576196041911914,-0.22576196041911914
2016.0,309.0,2.0,0.0,0.0,0.0,0.0,0.0,0.0,0.0,0.0,0.0,0.0,0.0,0.0,0.0,0.0,6.008998259768314,0.9995802672705951,0.9953028670411185,0.0,0.0,0.0,0.0,0.085,0.085,-0.22576196041911914,-0.22576196041911914
2016.0,309.0,2.5,0.0,0.0,0.0,0.0,0.0,0.0,0.0,0.0,0.0,0.0,0.0,0.0,0.0,0.0,6.008998259768314,0.9995802672705951,0.9953028670411185,0.0,0.0,0.0,0.0,0.085,0.085,-0.22576196041911914,-0.22576196041911914
2016.0,309.0,3.0,0.0,0.0,0.0,0.0,0.0,0.0,0.0,0.0,0.0,0.0,0.0,0.0,0.0,0.0,6.008998259768314,0.9995802672705951,0.9953028670411185,0.0,0.0,0.0,0.0,0.085,0.085,-0.22576196041911914,-0.22576196041911914
2016.0,309.0,3.5,0.0,0.0,0.0,0.0,0.0,0.0,0.0,0.0,0.0,0.0,0.0,0.0,0.0,0.0,6.008998259768314,0.9995802672705951,0.9953028670411185,0.0,0.0,0.0,0.0,0.085,0.085,-0.22576196041911914,-0.22576196041911914
2016.0,309.0,4.0,0.0,0.0,0.0,0.0,0.0,0.0,0.0,0.0,0.0,0.0,0.0,0.0,0.0,0.0,6.008998259768314,0.9995802672705951,0.9953028670411185,0.0,0.0,0.0,0.0,0.085,0.085,-0.22576196041911914,-0.22576196041911914
2016.0,309.0,4.5,0.0,0.0,0.0,0.0,0.0,0.0,0.0,0.0,0.0,0.0,0.0,0.0,0.0,0.0,6.008998259768314,0.9995802672705951,0.9953028670411185,0.0,0.0,0.0,0.0,0.085,0.085,-0.22576196041911914,-0.22576196041911914
2016.0,309.0,5.0,0.0,0.0,0.0,0.0,0.0,0.0,0.0,0.0,0.0,0.0,0.0,0.0,0.0,0.0,6.008998259768314,0.9995802672705951,0.9953028670411185,0.0,0.0,0.0,0.0,0.085,0.085,-0.22576196041911914,-0.22576196041911914
2016,309,5.5,0.0,0.0,0.0,0.0,0.0,0.0,0.0,0.0,0.0,0.0,0.0,0.0,True,True,6.008627424897719,0.9995802672705951,0.9953028670411185,0.0,0.0,0.0,0.0,0.085,0.085,-0.22576196041911914,-0.22576196041911914
2016,309,6.0,3.455741181521358,0.0,0.2293137150007704,0.0,39.93369859911982,0.0,0.06961859567696448,0.0,0.0,0.0,390.92656787875967,0.0,False,0.0,6.008627424897719,0.9995802672705951,0.9953028670411185,0.0,0.0,0.02899437444606318,0.02899437444606318,0.085,0.085,-0.22576196041911914,-0.22576196041911914
2016,309,6.5,5.519144665792875,0.0,0.32638954453454444,0.0,40.165974027675276,0.0,0.12038681968281452,0.0,0.0,0.0,587.627429242811,0.0,False,0.0,6.008627424897719,0.9995802672705951,0.9953028670411185,0.0,0.0,0.051044161103167014,0.051044161103167014,0.085,0.085,-0.22576196041911914,-0.22576196041911914
2016,309,7.0,7.3833537067528425,0.0,0.5637779718494852,0.0,39.4234382235592,0.0,0.13520690020501455,0.0,0.0,0.0,788.9818030559188,0.0,False,0.0,6.008627424897719,0.9995802672705951,0.9953028670411185,0.0,0.0,0.06772466820065087,0.06772466820065087,0.085,0.085,-0.22576196041911914,-0.22576196041911914
2016,309,7.5,5.617484291843174,13.304828323973535,0.5401352884943633,3.64054303228538,33.63857250281737,41.66965836215731,0.08875494095613451,0.29944120031173954,0.0,-0.46627458577952885,987.2357269449507,20.367081073313443,False,False,6.008627424897719,0.9951672835009504,0.9992990855936805,0.0,0.0,0.05869918646382647,0.05869918646382647,0.085,0.085,-0.22576196041911914,-0.22576196041911914
2016,309,8.0,6.975553964978923,15.663038599689116,0.7823687951463916,5.504146560814561,38.281565624365285,41.64918388342874,0.10012689983701353,0.3622305831375007,0.0,-0.5765421438927406,1197.6181399655952,21.09540284987041,False,False,6.008167458465718,0.9912106580342605,0.9989138767030643,0.0,0.0,0.07103039726707351,0.07103039726707351,0.084,0.084,-0.24436605378157714,-0.24436605378157714
2016,309,8.5,13.02341289380803,24.782530718091632,2.0592329968451253,9.91066002376732,30.059408473667787,40.390713756111786,0.15408888785386687,0.3583584567289164,0.0,-0.7795386434051184,1970.3284225188734,23.838097492984485,False,False,6.008167458465718,0.9819264096655949,0.9973321940986901,0.0,0.0,0.13525769965273016,0.13525769965273016,0.084,0.084,-0.24436605378157714,-0.24436605378157714
2016,309,9.0,18.496585956103154,31.429933320487535,3.432568318524109,13.036977564586403,28.73891639588774,39.487131574607055,0.20168527229315314,0.37134707543792234,0.0,-0.927172461232302,2533.923481663492,24.511599848911786,False,False,6.008167458465718,0.9705986410728972,0.9961995266475491,0.0,0.0,0.2070435881696097,0.2070435881696097,0.084,0.084,-0.24436605378157714,-0.24436605378157714
2016,309,9.5,18.31610173158658,0.0,3.9289430339446367,0.0,27.708459427554917,0.0,0.18651959961048373,0.0,0.0,0.0,3095.3454343064627,0.0,False,0.0,6.008167458465718,0.9705986410728972,0.9961995266475491,0.0,0.0,0.22253303424330234,0.22253303424330234,0.084,0.084,-0.24436605378157714,-0.24436605378157714
2016,309,10.0,14.523363684114514,0.0,3.4798156204332145,0.0,35.45550013861873,0.0,0.14053356704808467,0.0,0.0,0.0,3688.7262853659468,0.0,False,0.0,6.008167458465718,0.9705986410728972,0.9961995266475491,0.0,0.0,0.19025023289145682,0.19025023289145682,0.084,0.084,-0.24436605378157714,-0.24436605378157714
2016,309,10.5,12.79281764550475,0.0,3.2547473263355258,0.0,26.645007570635183,0.0,0.12053768011795224,0.0,0.0,0.0,4176.449680548209,0.0,False,0.0,6.008167458465718,0.9705986410728972,0.9961995266475491,0.0,0.0,0.17820523185253032,0.17820523185253032,0.0835,0.0835,-0.2543254163284225,-0.2543254163284225
2016,309,11.0,8.338413274356316,0.0,2.2971944788483047,0.0,26.19208317540543,0.0,0.07593517020827435,0.0,0.0,0.0,5034.798561426862,0.0,False,0.0,6.008167458465718,0.9705986410728972,0.9961995266475491,0.0,0.0,0.1344523232523912,0.1344523232523912,0.083,0.083,-0.2647541953873816,-0.2647541953873816
2016,309,11.5,2.082372244336093,3.7570984717046647,0.5981840601683022,7.497299597494098,26.074743141627685,41.49442933955417,0.01859787563209968,0.24199341088645224,0.0,-1.037680226549333,32.72502242964164,32.615256774679864,False,False,6.007595480939315,0.9827342493960856,0.9961995266475491,0.0,0.0,0.02745713274602735,0.02745713274602735,0.083,0.083,-0.2647541953873816,-0.2647541953873816
2016,309,12.0,4.421685479537392,0.0,1.2834342019365512,0.0,25.992883114179016,0.0,0.03917125492859037,0.0,0.0,0.0,5135.131078901079,0.0,False,0.0,6.007595480939315,0.9827342493960856,0.9961995266475491,0.0,0.0,0.05332250999053801,0.05332250999053801,0.083,0.083,-0.2647541953873816,-0.2647541953873816
2016,309,12.5,5.387738799173894,0.0,1.6175891473926165,0.0,25.64076242103275,0.0,0.04729901308864338,0.0,0.0,0.0,5364.886603620246,0.0,False,0.0,6.007595480939315,0.9827342493960856,0.9961995266475491,0.0,0.0,0.06493521860534503,0.06493521860534503,0.083,0.083,-0.2647541953873816,-0.2647541953873816
2016,309,13.0,2.672394838739588,1.3458399557619467,0.8042597607193559,8.253115229006518,25.734033361760872,41.33032541213949,0.023338053856422195,0.2506104812908986,0.0,-1.1577041929982963,4247.843365228897,33.51689718837613,False,False,6.007258674240376,0.9771479856778401,0.9994356142521627,0.0,0.0,0.034419332889490166,0.034419332889490166,0.0825,0.0825,-0.2756775464585471,-0.2756775464585471
2016,309,13.5,3.619934212132741,0.0,1.1160820615652718,0.0,34.714176179911966,0.0,0.031293408859440874,0.0,0.0,0.0,4789.919899161714,0.0,False,0.0,6.007258674240376,0.9771479856778401,0.9994356142521627,0.0,0.0,0.04462316145127311,0.04462316145127311,0.082,0.082,-0.28712213750166166,-0.28712213750166166
2016,309,14.0,3.2781959594262924,1.8941674899375198,1.0038956347108339,7.613899062084108,25.560915167775008,40.9448753876174,0.028514743054616203,0.22521029011931307,0.0,-1.1677685318553068,3089.2943157818554,33.455995543912344,False,False,6.006882358603227,0.9766365824404728,0.9993730061191752,0.0,0.0,0.03600216163233855,0.03600216163233855,0.082,0.082,-0.28712213750166166,-0.28712213750166166
2016,309,14.5,8.847109563190017,0.0,2.567384100760233,0.0,34.83342308371733,0.0,0.07883095363643888,0.0,0.0,0.0,4665.331920257228,0.0,False,0.0,6.006882358603227,0.9766365824404728,0.9993730061191752,0.0,0.0,0.14122362181224885,0.14122362181224885,0.082,0.082,-0.28712213750166166,-0.28712213750166166
2016,309,15.0,5.592623743125946,0.0,1.646206453524874,0.0,25.86476535522259,0.0,0.04919349802738276,0.0,0.0,0.0,4056.616982448713,0.0,False,0.0,6.006882358603227,0.9766365824404728,0.9993730061191752,0.0,0.0,0.08868814444046688,0.08868814444046688,0.082,0.082,-0.28712213750166166,-0.28712213750166166
2016,309,15.5,0.0,0.0,0.0,0.0,0.0,0.0,0.0,0.0,0.0,0.0,0.0,0.0,True,True,6.006461617737326,0.9766365824404728,0.9993730061191752,0.0,0.0,0.0,0.0,0.0815,0.0815,-0.29911624987965013,-0.29911624987965013
2016,309,16.0,0.0,0.0,0.0,0.0,0.0,0.0,0.0,0.0,0.0,0.0,0.0,0.0,True,True,6.0059908884251625,0.9766365824404728,0.9993730061191752,0.0,0.0,0.0,0.0,0.081,0.081,-0.31168988671555264,-0.31168988671555264
2016,309,16.5,0.0,0.0,0.0,0.0,0.0,0.0,0.0,0.0,0.0,0.0,0.0,0.0,True,True,6.0059908884251625,0.9766365824404728,0.9993730061191752,0.0,0.0,0.0,0.0,0.081,0.081,-0.31168988671555264,-0.31168988671555264
2016.0,309.0,17.0,0.0,0.0,0.0,0.0,0.0,0.0,0.0,0.0,0.0,0.0,0.0,0.0,0.0,0.0,6.0059908884251625,0.9766365824404728,0.9993730061191752,0.0,0.0,0.0,0.0,0.081,0.081,-0.31168988671555264,-0.31168988671555264
2016.0,309.0,17.5,0.0,0.0,0.0,0.0,0.0,0.0,0.0,0.0,0.0,0.0,0.0,0.0,0.0,0.0,6.0059908884251625,0.9766365824404728,0.9993730061191752,0.0,0.0,0.0,0.0,0.081,0.081,-0.31168988671555264,-0.31168988671555264
2016.0,309.0,18.0,0.0,0.0,0.0,0.0,0.0,0.0,0.0,0.0,0.0,0.0,0.0,0.0,0.0,0.0,6.0059908884251625,0.9766365824404728,0.9993730061191752,0.0,0.0,0.0,0.0,0.081,0.081,-0.31168988671555264,-0.31168988671555264
2016.0,309.0,18.5,0.0,0.0,0.0,0.0,0.0,0.0,0.0,0.0,0.0,0.0,0.0,0.0,0.0,0.0,6.0059908884251625,0.9766365824404728,0.9993730061191752,0.0,0.0,0.0,0.0,0.081,0.081,-0.31168988671555264,-0.31168988671555264
2016.0,309.0,19.0,0.0,0.0,0.0,0.0,0.0,0.0,0.0,0.0,0.0,0.0,0.0,0.0,0.0,0.0,6.0059908884251625,0.9766365824404728,0.9993730061191752,0.0,0.0,0.0,0.0,0.081,0.081,-0.31168988671555264,-0.31168988671555264
2016.0,309.0,19.5,0.0,0.0,0.0,0.0,0.0,0.0,0.0,0.0,0.0,0.0,0.0,0.0,0.0,0.0,6.0059908884251625,0.9766365824404728,0.9993730061191752,0.0,0.0,0.0,0.0,0.081,0.081,-0.31168988671555264,-0.31168988671555264
2016.0,309.0,20.0,0.0,0.0,0.0,0.0,0.0,0.0,0.0,0.0,0.0,0.0,0.0,0.0,0.0,0.0,6.0059908884251625,0.9766365824404728,0.9993730061191752,0.0,0.0,0.0,0.0,0.081,0.081,-0.31168988671555264,-0.31168988671555264
2016.0,309.0,20.5,0.0,0.0,0.0,0.0,0.0,0.0,0.0,0.0,0.0,0.0,0.0,0.0,0.0,0.0,6.0059908884251625,0.9766365824404728,0.9993730061191752,0.0,0.0,0.0,0.0,0.081,0.081,-0.31168988671555264,-0.31168988671555264
2016.0,309.0,21.0,0.0,0.0,0.0,0.0,0.0,0.0,0.0,0.0,0.0,0.0,0.0,0.0,0.0,0.0,6.0059908884251625,0.9766365824404728,0.9993730061191752,0.0,0.0,0.0,0.0,0.081,0.081,-0.31168988671555264,-0.31168988671555264
2016.0,309.0,21.5,0.0,0.0,0.0,0.0,0.0,0.0,0.0,0.0,0.0,0.0,0.0,0.0,0.0,0.0,6.0059908884251625,0.9766365824404728,0.9993730061191752,0.0,0.0,0.0,0.0,0.081,0.081,-0.31168988671555264,-0.31168988671555264
2016.0,309.0,22.0,0.0,0.0,0.0,0.0,0.0,0.0,0.0,0.0,0.0,0.0,0.0,0.0,0.0,0.0,6.0059908884251625,0.9766365824404728,0.9993730061191752,0.0,0.0,0.0,0.0,0.081,0.081,-0.31168988671555264,-0.31168988671555264
2016.0,309.0,22.5,0.0,0.0,0.0,0.0,0.0,0.0,0.0,0.0,0.0,0.0,0.0,0.0,0.0,0.0,6.0059908884251625,0.9766365824404728,0.9993730061191752,0.0,0.0,0.0,0.0,0.081,0.081,-0.31168988671555264,-0.31168988671555264
2016.0,309.0,23.0,0.0,0.0,0.0,0.0,0.0,0.0,0.0,0.0,0.0,0.0,0.0,0.0,0.0,0.0,6.0059908884251625,0.9766365824404728,0.9993730061191752,0.0,0.0,0.0,0.0,0.081,0.081,-0.31168988671555264,-0.31168988671555264
2016.0,309.0,23.5,0.0,0.0,0.0,0.0,0.0,0.0,0.0,0.0,0.0,0.0,0.0,0.0,0.0,0.0,6.0059908884251625,0.9766365824404728,0.9993730061191752,0.0,0.0,0.0,0.0,0.081,0.081,-0.31168988671555264,-0.31168988671555264
2016.0,310.0,0.0,0.0,0.0,0.0,0.0,0.0,0.0,0.0,0.0,0.0,0.0,0.0,0.0,0.0,0.0,6.0059908884251625,0.9766365824404728,0.9993730061191752,0.0,0.0,0.0,0.0,0.08,0.08,-0.3387050618989844,-0.3387050618989844
2016.0,310.0,0.5,0.0,0.0,0.0,0.0,0.0,0.0,0.0,0.0,0.0,0.0,0.0,0.0,0.0,0.0,6.0059908884251625,0.9766365824404728,0.9993730061191752,0.0,0.0,0.0,0.0,0.08,0.08,-0.3387050618989844,-0.3387050618989844
2016.0,310.0,1.0,0.0,0.0,0.0,0.0,0.0,0.0,0.0,0.0,0.0,0.0,0.0,0.0,0.0,0.0,6.0059908884251625,0.9766365824404728,0.9993730061191752,0.0,0.0,0.0,0.0,0.08,0.08,-0.3387050618989844,-0.3387050618989844
2016.0,310.0,1.5,0.0,0.0,0.0,0.0,0.0,0.0,0.0,0.0,0.0,0.0,0.0,0.0,0.0,0.0,6.0059908884251625,0.9766365824404728,0.9993730061191752,0.0,0.0,0.0,0.0,0.08,0.08,-0.3387050618989844,-0.3387050618989844
2016.0,310.0,2.0,0.0,0.0,0.0,0.0,0.0,0.0,0.0,0.0,0.0,0.0,0.0,0.0,0.0,0.0,6.0059908884251625,0.9766365824404728,0.9993730061191752,0.0,0.0,0.0,0.0,0.08,0.08,-0.3387050618989844,-0.3387050618989844
2016.0,310.0,2.5,0.0,0.0,0.0,0.0,0.0,0.0,0.0,0.0,0.0,0.0,0.0,0.0,0.0,0.0,6.0059908884251625,0.9766365824404728,0.9993730061191752,0.0,0.0,0.0,0.0,0.08,0.08,-0.3387050618989844,-0.3387050618989844
2016.0,310.0,3.0,0.0,0.0,0.0,0.0,0.0,0.0,0.0,0.0,0.0,0.0,0.0,0.0,0.0,0.0,6.0059908884251625,0.9766365824404728,0.9993730061191752,0.0,0.0,0.0,0.0,0.08,0.08,-0.3387050618989844,-0.3387050618989844
2016.0,310.0,3.5,0.0,0.0,0.0,0.0,0.0,0.0,0.0,0.0,0.0,0.0,0.0,0.0,0.0,0.0,6.0059908884251625,0.9766365824404728,0.9993730061191752,0.0,0.0,0.0,0.0,0.08,0.08,-0.3387050618989844,-0.3387050618989844
2016.0,310.0,4.0,0.0,0.0,0.0,0.0,0.0,0.0,0.0,0.0,0.0,0.0,0.0,0.0,0.0,0.0,6.0059908884251625,0.9766365824404728,0.9993730061191752,0.0,0.0,0.0,0.0,0.08,0.08,-0.3387050618989844,-0.3387050618989844
2016.0,310.0,4.5,0.0,0.0,0.0,0.0,0.0,0.0,0.0,0.0,0.0,0.0,0.0,0.0,0.0,0.0,6.0059908884251625,0.9766365824404728,0.9993730061191752,0.0,0.0,0.0,0.0,0.08,0.08,-0.3387050618989844,-0.3387050618989844
2016.0,310.0,5.0,0.0,0.0,0.0,0.0,0.0,0.0,0.0,0.0,0.0,0.0,0.0,0.0,0.0,0.0,6.0059908884251625,0.9766365824404728,0.9993730061191752,0.0,0.0,0.0,0.0,0.08,0.08,-0.3387050618989844,-0.3387050618989844
2016,310,5.5,0.0,0.0,0.0,0.0,0.0,0.0,0.0,0.0,0.0,0.0,0.0,0.0,True,True,6.004873425494034,0.9766365824404728,0.9993730061191752,0.0,0.0,0.0,0.0,0.08,0.08,-0.3387050618989844,-0.3387050618989844
2016,310,6.0,4.179747928751083,0.0,0.6391651852554803,0.0,30.62510955961618,0.0,0.05045675253108933,0.0,0.0,0.0,974.2466166946984,0.0,False,0.0,6.004873425494034,0.9766365824404728,0.9993730061191752,0.0,0.0,0.03252257008749105,0.03252257008749105,0.08,0.08,-0.3387050618989844,-0.3387050618989844
2016,310,6.5,2.796209984590451,0.0,0.4703235383457805,0.0,29.971595717999044,0.0,0.03212970677409739,0.0,0.0,0.0,1261.1597503826058,0.0,False,0.0,6.004873425494034,0.9766365824404728,0.9993730061191752,0.0,0.0,0.031165976027757315,0.031165976027757315,0.08,0.08,-0.3387050618989844,-0.3387050618989844
2016,310,7.0,9.630160351505292,0.0,1.9216151166232383,0.0,28.51691179628579,0.0,0.10147491498113344,0.0,0.0,0.0,1956.6997128473993,0.0,False,0.0,6.004873425494034,0.9766365824404728,0.9993730061191752,0.0,0.0,0.09092762100276594,0.09092762100276594,0.08,0.08,-0.3387050618989844,-0.3387050618989844
2016,310,7.5,6.1177738139903965,0.0,1.3143163121659396,0.0,28.104712420973318,0.0,0.06224474407619211,0.0,0.0,0.0,2261.1855401618586,0.0,False,0.0,6.004873425494034,0.9766365824404728,0.9993730061191752,0.0,0.0,0.06886258798354092,0.06886258798354092,0.08,0.08,-0.3387050618989844,-0.3387050618989844
2016,310,8.0,4.5381056363684,0.0,1.0307275665477407,0.0,35.84094496950772,0.0,0.044971854581153985,0.0,0.0,0.0,2316.3889133480784,0.0,False,0.0,6.004873425494034,0.9766365824404728,0.9993730061191752,0.0,0.0,0.05324851009891515,0.05324851009891515,0.079,0.079,-0.36844676716639596,-0.36844676716639596
2016,310,8.5,11.341114514363712,0.0,2.555103876843402,0.0,27.5802156810941,0.0,0.11290257353395965,0.0,0.0,0.0,2446.0514589951467,0.0,False,0.0,6.004873425494034,0.9766365824404728,0.9993730061191752,0.0,0.0,0.10848191044816248,0.10848191044816248,0.079,0.079,-0.36844676716639596,-0.36844676716639596
2016,310,9.0,17.68486842923427,0.0,4.0270556739485475,0.0,27.299486076605692,0.0,0.17520009788724789,0.0,0.0,0.0,2622.512974547929,0.0,False,0.0,6.004873425494034,0.9766365824404728,0.9993730061191752,0.0,0.0,0.17216740254903612,0.17216740254903612,0.079,0.079,-0.36844676716639596,-0.36844676716639596
2016,310,9.5,17.769029052495558,0.0,4.253480795394639,0.0,26.933040964544084,0.0,0.1721725046596165,0.0,0.0,0.0,3011.988106669329,0.0,False,0.0,6.004873425494034,0.9766365824404728,0.9993730061191752,0.0,0.0,0.183100891329611,0.183100891329611,0.079,0.079,-0.36844676716639596,-0.36844676716639596
2016,310,10.0,11.084892783010115,0.0,2.632666356096073,0.0,27.208004326985417,0.0,0.10765216239556652,0.0,0.0,0.0,2980.9760472889534,0.0,False,0.0,6.004873425494034,0.9766365824404728,0.9993730061191752,0.0,0.0,0.11087250836004664,0.11087250836004664,0.079,0.079,-0.36844676716639596,-0.36844676716639596
2016,310,10.5,13.182104656177595,0.0,3.0451355476746405,0.0,35.636099522146466,0.0,0.12963770104834074,0.0,0.0,0.0,2934.788696020248,0.0,False,0.0,6.004873425494034,0.9766365824404728,0.9993730061191752,0.0,0.0,0.1283048644939398,0.1283048644939398,0.078,0.078,-0.4012300667322298,-0.4012300667322298
2016,310,11.0,7.025346829997206,0.0,1.6555699081096715,0.0,35.6614527644507,0.0,0.06851134868984117,0.0,0.0,0.0,3328.135306232149,0.0,False,0.0,6.004873425494034,0.9766365824404728,0.9993730061191752,0.0,0.0,0.04934389389082004,0.04934389389082004,0.078,0.078,-0.4012300667322298,-0.4012300667322298
2016,310,11.5,5.5531457505896284,0.0,1.2583903853294895,0.0,35.830621187345514,0.0,0.05512742751036536,0.0,0.0,0.0,2878.178556552904,0.0,False,0.0,6.004873425494034,0.9766365824404728,0.9993730061191752,0.0,0.0,0.036147886204251745,0.036147886204251745,0.078,0.078,-0.4012300667322298,-0.4012300667322298
2016,310,12.0,3.7117545180514147,4.876097978203184,0.8274551502877032,6.293961229000617,27.916279750014002,41.310678280593436,0.037129500508452706,0.2973728595043911,0.0,-1.051393542265553,28.469864143827806,28.412873817526325,False,False,6.00169809116957,0.9821431066716647,0.9993730061191752,0.0,0.0,0.022782716170929716,0.022782716170929716,0.078,0.078,-0.4012300667322298,-0.4012300667322298
2016,310,12.5,8.368715428912559,0.0,1.8990976873386247,0.0,35.84828275692362,0.0,0.0822757062888345,0.0,0.0,0.0,3117.0658599118183,0.0,False,0.0,6.00169809116957,0.9821431066716647,0.9993730061191752,0.0,0.0,0.07880363691857357,0.07880363691857357,0.078,0.078,-0.4012300667322298,-0.4012300667322298
2016,310,13.0,5.490963962021415,0.0,1.2644844655608958,0.0,27.619141319809756,0.0,0.05406160309211692,0.0,0.0,0.0,2750.130438163768,0.0,False,0.0,6.00169809116957,0.9821431066716647,0.9993730061191752,0.0,0.0,0.03256746673430352,0.03256746673430352,0.077,0.077,-0.4374111645545728,-0.4374111645545728
2016,310,13.5,7.199351198266822,0.0,1.6357329495025734,0.0,35.79666276288781,0.0,0.07131578133418182,0.0,0.0,0.0,2861.0760586249594,0.0,False,0.0,6.00169809116957,0.9821431066716647,0.9993730061191752,0.0,0.0,0.04324994642018057,0.04324994642018057,0.077,0.077,-0.4374111645545728,-0.4374111645545728
2016,310,14.0,8.964928695787599,0.0,2.0593781735332066,0.0,35.723211426823056,0.0,0.08843968913544291,0.0,0.0,0.0,2880.6124776228676,0.0,False,0.0,6.00169809116957,0.9821431066716647,0.9993730061191752,0.0,0.0,0.08703270263956715,0.08703270263956715,0.077,0.077,-0.4374111645545728,-0.4374111645545728
2016,310,14.5,10.588174613385558,0.0,2.3070155851422376,0.0,35.89146545763856,0.0,0.10695119431505958,0.0,0.0,0.0,2563.1354273702764,0.0,False,0.0,6.00169809116957,0.9821431066716647,0.9993730061191752,0.0,0.0,0.09417473068161614,0.09417473068161614,0.077,0.077,-0.4374111645545728,-0.4374111645545728
2016,310,15.0,5.345222479982825,0.0,1.248923191570556,0.0,27.51845437918168,0.0,0.05228359992761836,0.0,0.0,0.0,2420.0242035050055,0.0,False,0.0,6.00169809116957,0.9821431066716647,0.9993730061191752,0.0,0.0,0.049499805179072,0.049499805179072,0.0765,0.0765,-0.4568999096561373,-0.4568999096561373
2016,310,15.5,0.33893330570167524,0.7588474685286484,0.07972832971728001,1.2053834668912753,27.63660530719051,41.74691648970019,0.003303999275689658,0.05050296756909346,0.0,-0.6560807244626315,28.49564511561215,28.496151782366695,False,False,5.996620984108509,0.9946946910901522,0.9993730061191752,0.0,0.0,0.0,0.0,0.076,0.076,-0.47739341090022597,-0.47739341090022597
2016,310,16.0,0.2183239589075927,0.527584198876033,0.04931023286580357,0.8334198589817928,27.943742132818475,41.74285583608038,0.0021691709714992537,0.03705949007724461,0.0,-0.6203432617501504,27.69778249237591,27.69512902455658,False,False,5.996620984108509,0.9954086967722665,0.9993730061191752,0.0,0.0,0.0,0.0,0.076,0.076,-0.47739341090022597,-0.47739341090022597
2016,310,16.5,0.0,0.0,0.0,0.0,0.0,0.0,0.0,0.0,0.0,0.0,0.0,0.0,True,True,5.996620984108509,0.9954086967722665,0.9993730061191752,0.0,0.0,0.0,0.0,0.076,0.076,-0.47739341090022597,-0.47739341090022597
2016.0,310.0,17.0,0.0,0.0,0.0,0.0,0.0,0.0,0.0,0.0,0.0,0.0,0.0,0.0,0.0,0.0,5.996620984108509,0.9954086967722665,0.9993730061191752,0.0,0.0,0.0,0.0,0.076,0.076,-0.47739341090022597,-0.47739341090022597
2016.0,310.0,17.5,0.0,0.0,0.0,0.0,0.0,0.0,0.0,0.0,0.0,0.0,0.0,0.0,0.0,0.0,5.996620984108509,0.9954086967722665,0.9993730061191752,0.0,0.0,0.0,0.0,0.076,0.076,-0.47739341090022597,-0.47739341090022597
2016.0,310.0,18.0,0.0,0.0,0.0,0.0,0.0,0.0,0.0,0.0,0.0,0.0,0.0,0.0,0.0,0.0,5.996620984108509,0.9954086967722665,0.9993730061191752,0.0,0.0,0.0,0.0,0.076,0.076,-0.47739341090022597,-0.47739341090022597
2016.0,310.0,18.5,0.0,0.0,0.0,0.0,0.0,0.0,0.0,0.0,0.0,0.0,0.0,0.0,0.0,0.0,5.996620984108509,0.9954086967722665,0.9993730061191752,0.0,0.0,0.0,0.0,0.076,0.076,-0.47739341090022597,-0.47739341090022597
2016.0,310.0,19.0,0.0,0.0,0.0,0.0,0.0,0.0,0.0,0.0,0.0,0.0,0.0,0.0,0.0,0.0,5.996620984108509,0.9954086967722665,0.9993730061191752,0.0,0.0,0.0,0.0,0.076,0.076,-0.47739341090022597,-0.47739341090022597
2016.0,310.0,19.5,0.0,0.0,0.0,0.0,0.0,0.0,0.0,0.0,0.0,0.0,0.0,0.0,0.0,0.0,5.996620984108509,0.9954086967722665,0.9993730061191752,0.0,0.0,0.0,0.0,0.076,0.076,-0.47739341090022597,-0.47739341090022597
2016.0,310.0,20.0,0.0,0.0,0.0,0.0,0.0,0.0,0.0,0.0,0.0,0.0,0.0,0.0,0.0,0.0,5.996620984108509,0.9954086967722665,0.9993730061191752,0.0,0.0,0.0,0.0,0.076,0.076,-0.47739341090022597,-0.47739341090022597
2016.0,310.0,20.5,0.0,0.0,0.0,0.0,0.0,0.0,0.0,0.0,0.0,0.0,0.0,0.0,0.0,0.0,5.996620984108509,0.9954086967722665,0.9993730061191752,0.0,0.0,0.0,0.0,0.076,0.076,-0.47739341090022597,-0.47739341090022597
2016.0,310.0,21.0,0.0,0.0,0.0,0.0,0.0,0.0,0.0,0.0,0.0,0.0,0.0,0.0,0.0,0.0,5.996620984108509,0.9954086967722665,0.9993730061191752,0.0,0.0,0.0,0.0,0.076,0.076,-0.47739341090022597,-0.47739341090022597
2016.0,310.0,21.5,0.0,0.0,0.0,0.0,0.0,0.0,0.0,0.0,0.0,0.0,0.0,0.0,0.0,0.0,5.996620984108509,0.9954086967722665,0.9993730061191752,0.0,0.0,0.0,0.0,0.076,0.076,-0.47739341090022597,-0.47739341090022597
2016.0,310.0,22.0,0.0,0.0,0.0,0.0,0.0,0.0,0.0,0.0,0.0,0.0,0.0,0.0,0.0,0.0,5.996620984108509,0.9954086967722665,0.9993730061191752,0.0,0.0,0.0,0.0,0.076,0.076,-0.47739341090022597,-0.47739341090022597
2016.0,310.0,22.5,0.0,0.0,0.0,0.0,0.0,0.0,0.0,0.0,0.0,0.0,0.0,0.0,0.0,0.0,5.996620984108509,0.9954086967722665,0.9993730061191752,0.0,0.0,0.0,0.0,0.076,0.076,-0.47739341090022597,-0.47739341090022597
2016.0,310.0,23.0,0.0,0.0,0.0,0.0,0.0,0.0,0.0,0.0,0.0,0.0,0.0,0.0,0.0,0.0,5.996620984108509,0.9954086967722665,0.9993730061191752,0.0,0.0,0.0,0.0,0.075,0.075,-0.521634281110708,-0.521634281110708
2016.0,310.0,23.5,0.0,0.0,0.0,0.0,0.0,0.0,0.0,0.0,0.0,0.0,0.0,0.0,0.0,0.0,5.996620984108509,0.9954086967722665,0.9993730061191752,0.0,0.0,0.0,0.0,0.075,0.075,-0.521634281110708,-0.521634281110708
2016.0,311.0,0.0,0.0,0.0,0.0,0.0,0.0,0.0,0.0,0.0,0.0,0.0,0.0,0.0,0.0,0.0,5.996620984108509,0.9954086967722665,0.9993730061191752,0.0,0.0,0.0,0.0,0.075,0.075,-0.521634281110708,-0.521634281110708
2016.0,311.0,0.5,0.0,0.0,0.0,0.0,0.0,0.0,0.0,0.0,0.0,0.0,0.0,0.0,0.0,0.0,5.996620984108509,0.9954086967722665,0.9993730061191752,0.0,0.0,0.0,0.0,0.075,0.075,-0.521634281110708,-0.521634281110708
2016.0,311.0,1.0,0.0,0.0,0.0,0.0,0.0,0.0,0.0,0.0,0.0,0.0,0.0,0.0,0.0,0.0,5.996620984108509,0.9954086967722665,0.9993730061191752,0.0,0.0,0.0,0.0,0.075,0.075,-0.521634281110708,-0.521634281110708
2016.0,311.0,1.5,0.0,0.0,0.0,0.0,0.0,0.0,0.0,0.0,0.0,0.0,0.0,0.0,0.0,0.0,5.996620984108509,0.9954086967722665,0.9993730061191752,0.0,0.0,0.0,0.0,0.075,0.075,-0.521634281110708,-0.521634281110708
2016.0,311.0,2.0,0.0,0.0,0.0,0.0,0.0,0.0,0.0,0.0,0.0,0.0,0.0,0.0,0.0,0.0,5.996620984108509,0.9954086967722665,0.9993730061191752,0.0,0.0,0.0,0.0,0.075,0.075,-0.521634281110708,-0.521634281110708
2016.0,311.0,2.5,0.0,0.0,0.0,0.0,0.0,0.0,0.0,0.0,0.0,0.0,0.0,0.0,0.0,0.0,5.996620984108509,0.9954086967722665,0.9993730061191752,0.0,0.0,0.0,0.0,0.075,0.075,-0.521634281110708,-0.521634281110708
2016.0,311.0,3.0,0.0,0.0,0.0,0.0,0.0,0.0,0.0,0.0,0.0,0.0,0.0,0.0,0.0,0.0,5.996620984108509,0.9954086967722665,0.9993730061191752,0.0,0.0,0.0,0.0,0.075,0.075,-0.521634281110708,-0.521634281110708
2016.0,311.0,3.5,0.0,0.0,0.0,0.0,0.0,0.0,0.0,0.0,0.0,0.0,0.0,0.0,0.0,0.0,5.996620984108509,0.9954086967722665,0.9993730061191752,0.0,0.0,0.0,0.0,0.075,0.075,-0.521634281110708,-0.521634281110708
2016.0,311.0,4.0,0.0,0.0,0.0,0.0,0.0,0.0,0.0,0.0,0.0,0.0,0.0,0.0,0.0,0.0,5.996620984108509,0.9954086967722665,0.9993730061191752,0.0,0.0,0.0,0.0,0.075,0.075,-0.521634281110708,-0.521634281110708
2016.0,311.0,4.5,0.0,0.0,0.0,0.0,0.0,0.0,0.0,0.0,0.0,0.0,0.0,0.0,0.0,0.0,5.996620984108509,0.9954086967722665,0.9993730061191752,0.0,0.0,0.0,0.0,0.075,0.075,-0.521634281110708,-0.521634281110708
2016.0,311.0,5.0,0.0,0.0,0.0,0.0,0.0,0.0,0.0,0.0,0.0,0.0,0.0,0.0,0.0,0.0,5.996620984108509,0.9954086967722665,0.9993730061191752,0.0,0.0,0.0,0.0,0.075,0.075,-0.521634281110708,-0.521634281110708
2016,311,5.5,0.0,0.0,0.0,0.0,0.0,0.0,0.0,0.0,0.0,0.0,0.0,0.0,True,True,5.9930108606319585,0.9954086967722665,0.9993730061191752,0.0,0.0,0.0,0.0,0.075,0.075,-0.521634281110708,-0.521634281110708
2016,311,6.0,4.929538155998975,0.0,0.588689363265201,0.0,38.11889063150382,0.0,0.06827898544696429,0.0,0.0,0.0,485.0841319670724,0.0,False,0.0,5.9930108606319585,0.9954086967722665,0.9993730061191752,0.0,0.0,0.02684862194148999,0.02684862194148999,0.075,0.075,-0.521634281110708,-0.521634281110708
2016,311,6.5,2.604830436573108,0.0,0.33878062660150154,0.0,37.868859606030384,0.0,0.03442108613503972,0.0,0.0,0.0,627.5052167127158,0.0,False,0.0,5.9930108606319585,0.9954086967722665,0.9993730061191752,0.0,0.0,0.019814653412748205,0.019814653412748205,0.075,0.075,-0.521634281110708,-0.521634281110708
2016,311,7.0,11.713693949150345,21.179511742884795,1.6162744163740734,5.3203387364556445,31.044931422992025,39.88936488345192,0.14907197977729889,0.23337030523891858,0.0,-0.9300584691011227,902.470781464699,18.77696624849865,False,False,5.9930108606319585,0.9732157570363409,0.9952575017940267,0.0,0.0,0.07210858314068665,0.07210858314068665,0.075,0.075,-0.521634281110708,-0.521634281110708
2016,311,7.5,10.911080147606965,21.96027245053164,1.7265907042457886,7.0316897416002,30.136308225800907,39.90199605518798,0.12910225830170557,0.24502315773992228,0.0,-0.9655736158828978,1074.5431249981489,19.34715870092831,False,False,5.9930108606319585,0.9732157570363409,0.9937477439305747,0.0,0.0,0.07030801383975466,0.07030801383975466,0.075,0.075,-0.521634281110708,-0.521634281110708
2016,311,8.0,11.052243884415082,22.826425035202547,1.9005917850975103,8.750134740384121,29.545409989403833,39.99469181522019,0.12530867957373346,0.27138812848031496,0.0,-1.0410436889032082,1093.3411272052708,20.370561042385155,False,False,5.990848958087585,0.9699489608528175,0.991343808692096,0.0,0.0,0.0754644395825763,0.0754644395825763,0.0745,0.0745,-0.5455114336333129,-0.5455114336333129
2016,311,8.5,12.571547209195622,25.32518457045167,2.330102174756963,9.813696898270678,28.959993457560557,39.59388723098658,0.1372335226868073,0.2667104519686211,0.0,-1.0996857855149933,1473.3145147165533,20.939234369500614,False,False,5.988405286736491,0.9664012143785817,0.9895712001348559,0.0,0.0,0.08885009407125721,0.08885009407125721,0.074,0.074,-0.5706534997675224,-0.5706534997675224
2016,311,9.0,19.428914028697456,32.99533849810244,3.779544645441437,11.432193958487387,28.37895594671199,38.41935224125273,0.2070650840732819,0.2883930745360013,0.0,-1.170223423614656,1950.454610604511,21.66603567822836,False,False,5.988405286736491,0.9592887092630143,0.9884252007751785,0.0,0.0,0.13657732407071635,0.13657732407071635,0.074,0.074,-0.5706534997675224,-0.5706534997675224
2016,311,9.5,20.30540542100276,34.56397764917601,4.077091509796313,12.760021675631737,28.12394632042477,38.44787375365823,0.21321745671119244,0.3138662501025452,0.0,-1.223126652189403,2123.10422007801,21.898471927912876,False,False,5.988405286736491,0.9540982928499109,0.987206102192436,0.0,0.0,0.14659304522658317,0.14659304522658317,0.074,0.074,-0.5706534997675224,-0.5706534997675224
2016,311,10.0,10.01997910761533,0.0,2.1347488421718004,0.0,28.04092280694583,0.0,0.10234758205572791,0.0,0.0,0.0,2165.654078664129,0.0,False,0.0,5.988405286736491,0.9540982928499109,0.987206102192436,0.0,0.0,0.07273122873648238,0.07273122873648238,0.074,0.074,-0.5706534997675224,-0.5706534997675224
2016,311,10.5,13.925160478828518,0.0,3.09486409259148,0.0,27.600927542333423,0.0,0.1394798894028634,0.0,0.0,0.0,2672.238589407437,0.0,False,0.0,5.988405286736491,0.9540982928499109,0.987206102192436,0.0,0.0,0.10535359005463421,0.10535359005463421,0.0735,0.0735,-0.5971367254978646,-0.5971367254978646
2016,311,11.0,7.187401795343694,0.0,1.6228666058613386,0.0,27.709394114899432,0.0,0.07141057164031768,0.0,0.0,0.0,2768.365274239929,0.0,False,0.0,5.988405286736491,0.9540982928499109,0.987206102192436,0.0,0.0,0.03331118860364513,0.03331118860364513,0.073,0.073,-0.6250425172123373,-0.6250425172123373
2016,311,11.5,4.539880837562842,0.0,1.070199383066388,0.0,35.701914011318635,0.0,0.04422136182150573,0.0,0.0,0.0,2801.400753555582,0.0,False,0.0,5.988405286736491,0.9540982928499109,0.987206102192436,0.0,0.0,0.022267807753847065,0.022267807753847065,0.073,0.073,-0.6250425172123373,-0.6250425172123373
2016,311,12.0,3.509674260889556,4.737823576465824,0.8369602261766987,6.053545278925001,27.42208834390073,40.94254396329208,0.03403755240779601,0.2596310999121542,0.0,-1.2549616504911785,29.440077484586872,29.444445119022475,False,False,5.982511471525288,0.9719200635593345,0.987206102192436,0.0,0.0,0.0177125940576178,0.0177125940576178,0.073,0.073,-0.6250425172123373,-0.6250425172123373
2016,311,12.5,9.462432519564505,0.0,2.297540481437944,0.0,27.094715920249786,0.0,0.09104815078742486,0.0,0.0,0.0,3529.3470947651717,0.0,False,0.0,5.982511471525288,0.9719200635593345,0.987206102192436,0.0,0.0,0.07667132374230767,0.07667132374230767,0.073,0.073,-0.6250425172123373,-0.6250425172123373
2016,311,13.0,4.300493335974328,3.6976518799315605,1.0586244593045684,5.8399334108933685,27.159628652286436,40.895688680177756,0.0411162734894845,0.23562078459194932,0.0,-1.2817162814504584,2852.28616014817,29.810566714547715,False,False,5.978965766839114,0.9703686133793793,0.9947284856231235,0.0,0.0,0.02109347629901674,0.02109347629901674,0.0725,0.0725,-0.6544578297034795,-0.6544578297034795
2016,311,13.5,0.0,0.0,0.0,0.0,0.0,0.0,0.0,0.0,0.0,0.0,0.0,0.0,True,0.0,5.978965766839114,0.9703686133793793,0.9947284856231235,0.0,0.0,0.04012891171488826,0.04012891171488826,0.072,0.072,-0.6854755862964091,-0.6854755862964091
2016,311,14.0,9.061972261634276,0.0,2.1903116770383906,0.0,27.139363552734547,0.0,0.08737712209445411,0.0,0.0,0.0,3285.718177274482,0.0,False,0.0,5.978965766839114,0.9703686133793793,0.9947284856231235,0.0,0.0,0.06818235889044168,0.06818235889044168,0.072,0.072,-0.6854755862964091,-0.6854755862964091
2016,311,14.5,9.893746914489054,0.0,2.244451978020677,0.0,27.582086974991174,0.0,0.09809839494733265,0.0,0.0,0.0,2882.436563487895,0.0,False,0.0,5.978965766839114,0.9703686133793793,0.9947284856231235,0.0,0.0,0.07054145395360853,0.07054145395360853,0.072,0.072,-0.6854755862964091,-0.6854755862964091
2016,311,15.0,5.010528231113261,0.0,1.2268792399859243,0.0,27.181165446060444,0.0,0.04798253511627301,0.0,0.0,0.0,2688.8921360296067,0.0,False,0.0,5.978965766839114,0.9703686133793793,0.9947284856231235,0.0,0.0,0.03698755384118683,0.03698755384118683,0.072,0.072,-0.6854755862964091,-0.6854755862964091
2016,311,15.5,0.5322163346518303,1.0439131569549693,0.13120558775778857,1.8668502140155596,27.27896594574986,41.74692203444988,0.0050789908052727775,0.07351744769886868,0.0,-0.9630101754175171,29.13725452063248,29.132678994483907,False,False,5.974945323052049,0.9857457822138092,0.9947284856231235,0.0,0.0,0.0,0.0,0.072,0.072,-0.6854755862964091,-0.6854755862964091
2016,311,16.0,1.1427082159810389,1.6847202179563212,0.27800084758449206,2.9957927376287237,27.357601561851105,41.71826952457085,0.010973307983949866,0.12173649688562482,0.0,-1.236106191047614,28.5480590578527,28.539851719279415,False,False,5.970382966423634,0.9729838420848865,0.9947284856231235,0.0,0.0,0.0,0.0,0.0715,0.0715,-0.7181951340120418,-0.7181951340120418
2016,311,16.5,0.0,0.0,0.0,0.0,0.0,0.0,0.0,0.0,0.0,0.0,0.0,0.0,True,True,5.965201552757978,0.9729838420848865,0.9947284856231235,0.0,0.0,0.0,0.0,0.071,0.071,-0.752722736959751,-0.752722736959751
2016.0,311.0,17.0,0.0,0.0,0.0,0.0,0.0,0.0,0.0,0.0,0.0,0.0,0.0,0.0,0.0,0.0,5.965201552757978,0.9729838420848865,0.9947284856231235,0.0,0.0,0.0,0.0,0.071,0.071,-0.752722736959751,-0.752722736959751
2016.0,311.0,17.5,0.0,0.0,0.0,0.0,0.0,0.0,0.0,0.0,0.0,0.0,0.0,0.0,0.0,0.0,5.965201552757978,0.9729838420848865,0.9947284856231235,0.0,0.0,0.0,0.0,0.071,0.071,-0.752722736959751,-0.752722736959751
2016.0,311.0,18.0,0.0,0.0,0.0,0.0,0.0,0.0,0.0,0.0,0.0,0.0,0.0,0.0,0.0,0.0,5.965201552757978,0.9729838420848865,0.9947284856231235,0.0,0.0,0.0,0.0,0.071,0.071,-0.752722736959751,-0.752722736959751
2016.0,311.0,18.5,0.0,0.0,0.0,0.0,0.0,0.0,0.0,0.0,0.0,0.0,0.0,0.0,0.0,0.0,5.965201552757978,0.9729838420848865,0.9947284856231235,0.0,0.0,0.0,0.0,0.071,0.071,-0.752722736959751,-0.752722736959751
2016.0,311.0,19.0,0.0,0.0,0.0,0.0,0.0,0.0,0.0,0.0,0.0,0.0,0.0,0.0,0.0,0.0,5.965201552757978,0.9729838420848865,0.9947284856231235,0.0,0.0,0.0,0.0,0.071,0.071,-0.752722736959751,-0.752722736959751
2016.0,311.0,19.5,0.0,0.0,0.0,0.0,0.0,0.0,0.0,0.0,0.0,0.0,0.0,0.0,0.0,0.0,5.965201552757978,0.9729838420848865,0.9947284856231235,0.0,0.0,0.0,0.0,0.071,0.071,-0.752722736959751,-0.752722736959751
2016.0,311.0,20.0,0.0,0.0,0.0,0.0,0.0,0.0,0.0,0.0,0.0,0.0,0.0,0.0,0.0,0.0,5.965201552757978,0.9729838420848865,0.9947284856231235,0.0,0.0,0.0,0.0,0.071,0.071,-0.752722736959751,-0.752722736959751
2016.0,311.0,20.5,0.0,0.0,0.0,0.0,0.0,0.0,0.0,0.0,0.0,0.0,0.0,0.0,0.0,0.0,5.965201552757978,0.9729838420848865,0.9947284856231235,0.0,0.0,0.0,0.0,0.071,0.071,-0.752722736959751,-0.752722736959751
2016.0,311.0,21.0,0.0,0.0,0.0,0.0,0.0,0.0,0.0,0.0,0.0,0.0,0.0,0.0,0.0,0.0,5.965201552757978,0.9729838420848865,0.9947284856231235,0.0,0.0,0.0,0.0,0.071,0.071,-0.752722736959751,-0.752722736959751
2016.0,311.0,21.5,0.0,0.0,0.0,0.0,0.0,0.0,0.0,0.0,0.0,0.0,0.0,0.0,0.0,0.0,5.965201552757978,0.9729838420848865,0.9947284856231235,0.0,0.0,0.0,0.0,0.071,0.071,-0.752722736959751,-0.752722736959751
2016.0,311.0,22.0,0.0,0.0,0.0,0.0,0.0,0.0,0.0,0.0,0.0,0.0,0.0,0.0,0.0,0.0,5.965201552757978,0.9729838420848865,0.9947284856231235,0.0,0.0,0.0,0.0,0.071,0.071,-0.752722736959751,-0.752722736959751
2016.0,311.0,22.5,0.0,0.0,0.0,0.0,0.0,0.0,0.0,0.0,0.0,0.0,0.0,0.0,0.0,0.0,5.965201552757978,0.9729838420848865,0.9947284856231235,0.0,0.0,0.0,0.0,0.071,0.071,-0.752722736959751,-0.752722736959751
2016.0,311.0,23.0,0.0,0.0,0.0,0.0,0.0,0.0,0.0,0.0,0.0,0.0,0.0,0.0,0.0,0.0,5.965201552757978,0.9729838420848865,0.9947284856231235,0.0,0.0,0.0,0.0,0.071,0.071,-0.752722736959751,-0.752722736959751
2016.0,311.0,23.5,0.0,0.0,0.0,0.0,0.0,0.0,0.0,0.0,0.0,0.0,0.0,0.0,0.0,0.0,5.965201552757978,0.9729838420848865,0.9947284856231235,0.0,0.0,0.0,0.0,0.071,0.071,-0.752722736959751,-0.752722736959751
2016.0,312.0,0.0,0.0,0.0,0.0,0.0,0.0,0.0,0.0,0.0,0.0,0.0,0.0,0.0,0.0,0.0,5.965201552757978,0.9729838420848865,0.9947284856231235,0.0,0.0,0.0,0.0,0.071,0.071,-0.752722736959751,-0.752722736959751
2016.0,312.0,0.5,0.0,0.0,0.0,0.0,0.0,0.0,0.0,0.0,0.0,0.0,0.0,0.0,0.0,0.0,5.965201552757978,0.9729838420848865,0.9947284856231235,0.0,0.0,0.0,0.0,0.071,0.071,-0.752722736959751,-0.752722736959751
2016.0,312.0,1.0,0.0,0.0,0.0,0.0,0.0,0.0,0.0,0.0,0.0,0.0,0.0,0.0,0.0,0.0,5.965201552757978,0.9729838420848865,0.9947284856231235,0.0,0.0,0.0,0.0,0.071,0.071,-0.752722736959751,-0.752722736959751
2016.0,312.0,1.5,0.0,0.0,0.0,0.0,0.0,0.0,0.0,0.0,0.0,0.0,0.0,0.0,0.0,0.0,5.965201552757978,0.9729838420848865,0.9947284856231235,0.0,0.0,0.0,0.0,0.071,0.071,-0.752722736959751,-0.752722736959751
2016.0,312.0,2.0,0.0,0.0,0.0,0.0,0.0,0.0,0.0,0.0,0.0,0.0,0.0,0.0,0.0,0.0,5.965201552757978,0.9729838420848865,0.9947284856231235,0.0,0.0,0.0,0.0,0.071,0.071,-0.752722736959751,-0.752722736959751
2016.0,312.0,2.5,0.0,0.0,0.0,0.0,0.0,0.0,0.0,0.0,0.0,0.0,0.0,0.0,0.0,0.0,5.965201552757978,0.9729838420848865,0.9947284856231235,0.0,0.0,0.0,0.0,0.071,0.071,-0.752722736959751,-0.752722736959751
2016.0,312.0,3.0,0.0,0.0,0.0,0.0,0.0,0.0,0.0,0.0,0.0,0.0,0.0,0.0,0.0,0.0,5.965201552757978,0.9729838420848865,0.9947284856231235,0.0,0.0,0.0,0.0,0.071,0.071,-0.752722736959751,-0.752722736959751
2016.0,312.0,3.5,0.0,0.0,0.0,0.0,0.0,0.0,0.0,0.0,0.0,0.0,0.0,0.0,0.0,0.0,5.965201552757978,0.9729838420848865,0.9947284856231235,0.0,0.0,0.0,0.0,0.071,0.071,-0.752722736959751,-0.752722736959751
2016.0,312.0,4.0,0.0,0.0,0.0,0.0,0.0,0.0,0.0,0.0,0.0,0.0,0.0,0.0,0.0,0.0,5.965201552757978,0.9729838420848865,0.9947284856231235,0.0,0.0,0.0,0.0,0.071,0.071,-0.752722736959751,-0.752722736959751
2016.0,312.0,4.5,0.0,0.0,0.0,0.0,0.0,0.0,0.0,0.0,0.0,0.0,0.0,0.0,0.0,0.0,5.965201552757978,0.9729838420848865,0.9947284856231235,0.0,0.0,0.0,0.0,0.071,0.071,-0.752722736959751,-0.752722736959751
2016.0,312.0,5.0,0.0,0.0,0.0,0.0,0.0,0.0,0.0,0.0,0.0,0.0,0.0,0.0,0.0,0.0,5.965201552757978,0.9729838420848865,0.9947284856231235,0.0,0.0,0.0,0.0,0.071,0.071,-0.752722736959751,-0.752722736959751
2016,312,5.5,0.0,0.0,0.0,0.0,0.0,0.0,0.0,0.0,0.0,0.0,0.0,0.0,True,True,5.9593124327819185,0.9729838420848865,0.9947284856231235,0.0,0.0,0.0,0.0,0.0705,0.0705,-0.7891721114701507,-0.7891721114701507
2016,312,6.0,4.546428227073473,0.0,0.3262059657115419,0.0,39.69026059018196,0.0,0.08671303197830234,0.0,0.0,0.0,328.09060551643057,0.0,False,0.0,5.9593124327819185,0.9729838420848865,0.9947284856231235,0.0,0.0,0.019336203311300277,0.019336203311300277,0.07,0.07,-0.8276650068290242,-0.8276650068290242
2016,312,6.5,2.403180059563732,0.0,0.1758297564521793,0.0,35.50296362174144,0.0,0.04525829584360533,0.0,0.0,0.0,464.89342789063966,0.0,False,0.0,5.9593124327819185,0.9729838420848865,0.9947284856231235,0.0,0.0,0.014526513060758023,0.014526513060758023,0.07,0.07,-0.8276650068290242,-0.8276650068290242
2016,312,7.0,11.207591150954485,20.64473840431807,1.1826931774132883,3.5084332318586444,38.38972046955465,40.052701251585106,0.16620143916690602,0.23608339308419765,0.0,-1.0994834383407808,677.7127815026522,17.676921067570998,False,False,5.952613677518991,0.9690779901285501,0.9881705380795397,0.0,0.0,0.0521828102873632,0.0521828102873632,0.07,0.07,-0.8276650068290242,-0.8276650068290242
2016,312,7.5,13.185462558176539,24.016228091635185,1.637570190358165,5.3642047335849,31.69077597247815,39.70517345604931,0.17784141793758942,0.27276245105713304,0.0,-1.16743804621872,908.2700999337376,18.85722446235812,False,False,5.952613677518991,0.9648100813917914,0.9857243282478672,0.0,0.0,0.06442540166595094,0.06442540166595094,0.07,0.07,-0.8276650068290242,-0.8276650068290242
2016,312,8.0,14.825330925622806,26.69467733411179,2.1961517128458823,6.899304637900883,30.45042205356089,39.210379016983254,0.1813602592236705,0.2695949982144619,0.0,-1.235392654096659,1266.118096562137,20.431185751018987,False,False,5.952613677518991,0.9577914736353832,0.9843958586135916,0.0,0.0,0.0775940391178683,0.0775940391178683,0.07,0.07,-0.8276650068290242,-0.8276650068290242
2016,312,8.5,12.672372810436693,25.018362305713655,1.8628907362200005,6.9216807188068925,30.5887843641226,39.71936214668078,0.15575792479675488,0.26465832607261264,0.0,-1.2014153501576894,1020.9010497100928,18.873459522645334,False,False,5.952613677518991,0.9648100813917914,0.982995540335057,0.0,0.0,0.06088204597165377,0.06088204597165377,0.07,0.07,-0.8276650068290242,-0.8276650068290242
2016,312,9.0,20.871799593347816,34.27612755730108,3.1042010461198526,8.239992729497894,30.20793174564546,38.76358751569809,0.2542828430484479,0.3169652703751884,0.0,-1.2693699580356288,1237.5644384654875,19.006239271131534,False,False,5.952613677518991,0.9552849861796712,0.982995540335057,0.0,0.0,0.10080560073495752,0.10080560073495752,0.07,0.07,-0.8276650068290242,-0.8276650068290242
2016,312,9.5,22.120812409854373,36.100804410032936,3.287601567358404,8.756967209417152,30.168397237159795,38.82069766437517,0.2695734602396603,0.3465492816774973,0.0,-1.2863586100051134,1276.7570187745935,18.93238112084179,False,False,5.952613677518991,0.952694120934958,0.982995540335057,0.0,0.0,0.10802443324754005,0.10802443324754005,0.07,0.07,-0.8276650068290242,-0.8276650068290242
2016,312,10.0,15.81605337491496,29.29408198729793,2.285270193888431,7.315777643759786,30.592873631952216,39.42145018467777,0.196003812629358,0.2957558177290844,0.0,-1.280438980332591,1161.8092861970565,19.004357504142508,False,False,5.936300521549757,0.9595828333465599,0.9793548230764005,0.0,0.0,0.07211142484226923,0.07211142484226923,0.069,0.069,-0.9113123600460743,-0.9113123600460743
2016,312,10.5,17.051528838342072,30.836929814149297,2.3771380017419146,7.405869891837683,37.37098694362592,39.4775229426447,0.21503810883569457,0.31688784125479025,0.0,-1.280438980332591,958.557889666103,19.070891043628446,False,False,5.936300521549757,0.9595828333465599,0.9793548230764005,0.0,0.0,0.07776383427637404,0.07776383427637404,0.069,0.069,-0.9113123600460743,-0.9113123600460743
2016,312,11.0,9.984640065508938,0.0,1.4096101087641468,0.0,30.970870929924697,0.0,0.12557815825575544,0.0,0.0,0.0,1210.0911962879309,0.0,False,0.0,5.936300521549757,0.9595828333465599,0.9793548230764005,0.0,0.0,0.026577980046545144,0.026577980046545144,0.069,0.069,-0.9113123600460743,-0.9113123600460743
2016,312,11.5,9.421394393720673,10.953479417193732,1.3457861937457694,4.895893164169992,30.910858370063202,40.776344261415616,0.1178061930160451,0.22849776056134757,0.0,-1.1629896011505174,1240.3427525188238,22.032220375729715,False,False,5.936300521549757,0.9641671212802949,0.9864254330051638,0.0,0.0,0.02500368430412947,0.02500368430412947,0.069,0.069,-0.9113123600460743,-0.9113123600460743
2016,312,12.0,5.394349623885399,0.0,1.0756169092335908,0.0,28.683457401182242,0.0,0.056830916170814524,0.0,0.0,0.0,2158.2556449591793,0.0,False,0.0,5.936300521549757,0.9641671212802949,0.9864254330051638,0.0,0.0,0.016986870235693206,0.016986870235693206,0.069,0.069,-0.9113123600460743,-0.9113123600460743
2016,312,13.0,3.2414541745219614,4.448421983734123,0.8016903996919519,4.856362255814108,27.160848181779997,40.269936760808285,0.030896443463963617,0.19458952325132284,0.0,-1.5342176753939727,29.95884885653062,29.954453971903064,False,False,5.9150947863990035,0.9532325609103434,0.9864254330051638,0.0,0.0,0.01222762236652719,0.01222762236652719,0.068,0.068,-1.0048248172265413,-1.0048248172265413
2016,312,13.5,6.6487896531198105,0.0,1.6789794206770707,0.0,35.412422728681506,0.0,0.06281345343928807,0.0,0.0,0.0,3405.681364319385,0.0,False,0.0,5.9150947863990035,0.9532325609103434,0.9864254330051638,0.0,0.0,0.025209700721623044,0.025209700721623044,0.068,0.068,-1.0048248172265413,-1.0048248172265413
2016,312,14.0,14.610198701396897,27.986351090741785,2.513552498699133,8.24729609776032,29.422734223168945,38.940933498350276,0.1653393486111043,0.2536121600544595,0.0,-1.4349565144875793,1642.0656975653242,20.68203671783349,False,False,5.9150947863990035,0.9452272668744668,0.9729655453237807,0.0,0.0,0.058126705871486745,0.058126705871486745,0.068,0.068,-1.0048248172265413,-1.0048248172265413
2016,312,14.5,8.37292639820397,19.147886253517296,1.5511133105443466,7.06843577491052,29.252879707935065,39.86733476376925,0.0906277675568781,0.19139009128105733,0.0,-1.3853259340343826,1564.0533869381377,20.691798656800593,False,False,5.9150947863990035,0.9506450250929299,0.974774280810239,0.0,0.0,0.034882014947914014,0.034882014947914014,0.068,0.068,-1.0048248172265413,-1.0048248172265413
2016,312,15.0,6.060618073391538,0.0,1.1937896520737183,0.0,28.752943420211313,0.0,0.06423694956480878,0.0,0.0,0.0,1483.7625271006368,0.0,False,0.0,5.9150947863990035,0.9506450250929299,0.974774280810239,0.0,0.0,0.025539639370071206,0.025539639370071206,0.068,0.068,-1.0048248172265413,-1.0048248172265413
2016,312,15.5,1.1005081016675036,1.459796423321278,0.22783544560075547,1.982660461504845,28.562233587587713,41.680070668153775,0.011390294475852015,0.10134404387271108,0.0,-1.3026082999457214,25.015177955614355,25.013036593579677,False,False,5.9150947863990035,0.9691226183529907,0.974774280810239,0.0,0.0,0.0,0.0,0.068,0.068,-1.0048248172265413,-1.0048248172265413
2016,312,16.0,1.8441870201870576,2.254922643759534,0.3845309255921731,2.258399222797902,28.482742991097215,40.8591347209065,0.01902671478761486,0.11448960120556523,0.0,-1.4496674460306385,24.818056570327094,24.81561706067945,False,False,5.902191394671284,0.9594806633994509,0.974774280810239,0.0,0.0,0.0,0.0,0.0675,0.0675,-1.0556900527908526,-1.0556900527908526
2016,312,16.5,0.0,0.0,0.0,0.0,0.0,0.0,0.0,0.0,0.0,0.0,0.0,0.0,True,True,5.902191394671284,0.9594806633994509,0.974774280810239,0.0,0.0,0.0,0.0,0.0675,0.0675,-1.0556900527908526,-1.0556900527908526
2016.0,312.0,17.0,0.0,0.0,0.0,0.0,0.0,0.0,0.0,0.0,0.0,0.0,0.0,0.0,0.0,0.0,5.902191394671284,0.9594806633994509,0.974774280810239,0.0,0.0,0.0,0.0,0.067,0.067,-1.1095374308689805,-1.1095374308689805
2016.0,312.0,17.5,0.0,0.0,0.0,0.0,0.0,0.0,0.0,0.0,0.0,0.0,0.0,0.0,0.0,0.0,5.902191394671284,0.9594806633994509,0.974774280810239,0.0,0.0,0.0,0.0,0.067,0.067,-1.1095374308689805,-1.1095374308689805
2016.0,312.0,18.0,0.0,0.0,0.0,0.0,0.0,0.0,0.0,0.0,0.0,0.0,0.0,0.0,0.0,0.0,5.902191394671284,0.9594806633994509,0.974774280810239,0.0,0.0,0.0,0.0,0.067,0.067,-1.1095374308689805,-1.1095374308689805
2016.0,312.0,18.5,0.0,0.0,0.0,0.0,0.0,0.0,0.0,0.0,0.0,0.0,0.0,0.0,0.0,0.0,5.902191394671284,0.9594806633994509,0.974774280810239,0.0,0.0,0.0,0.0,0.067,0.067,-1.1095374308689805,-1.1095374308689805
2016.0,312.0,19.0,0.0,0.0,0.0,0.0,0.0,0.0,0.0,0.0,0.0,0.0,0.0,0.0,0.0,0.0,5.902191394671284,0.9594806633994509,0.974774280810239,0.0,0.0,0.0,0.0,0.067,0.067,-1.1095374308689805,-1.1095374308689805
2016.0,312.0,19.5,0.0,0.0,0.0,0.0,0.0,0.0,0.0,0.0,0.0,0.0,0.0,0.0,0.0,0.0,5.902191394671284,0.9594806633994509,0.974774280810239,0.0,0.0,0.0,0.0,0.067,0.067,-1.1095374308689805,-1.1095374308689805
2016.0,312.0,20.0,0.0,0.0,0.0,0.0,0.0,0.0,0.0,0.0,0.0,0.0,0.0,0.0,0.0,0.0,5.902191394671284,0.9594806633994509,0.974774280810239,0.0,0.0,0.0,0.0,0.067,0.067,-1.1095374308689805,-1.1095374308689805
2016.0,312.0,20.5,0.0,0.0,0.0,0.0,0.0,0.0,0.0,0.0,0.0,0.0,0.0,0.0,0.0,0.0,5.902191394671284,0.9594806633994509,0.974774280810239,0.0,0.0,0.0,0.0,0.067,0.067,-1.1095374308689805,-1.1095374308689805
2016.0,312.0,21.0,0.0,0.0,0.0,0.0,0.0,0.0,0.0,0.0,0.0,0.0,0.0,0.0,0.0,0.0,5.902191394671284,0.9594806633994509,0.974774280810239,0.0,0.0,0.0,0.0,0.067,0.067,-1.1095374308689805,-1.1095374308689805
2016.0,312.0,21.5,0.0,0.0,0.0,0.0,0.0,0.0,0.0,0.0,0.0,0.0,0.0,0.0,0.0,0.0,5.902191394671284,0.9594806633994509,0.974774280810239,0.0,0.0,0.0,0.0,0.067,0.067,-1.1095374308689805,-1.1095374308689805
2016.0,312.0,22.0,0.0,0.0,0.0,0.0,0.0,0.0,0.0,0.0,0.0,0.0,0.0,0.0,0.0,0.0,5.902191394671284,0.9594806633994509,0.974774280810239,0.0,0.0,0.0,0.0,0.067,0.067,-1.1095374308689805,-1.1095374308689805
2016.0,312.0,22.5,0.0,0.0,0.0,0.0,0.0,0.0,0.0,0.0,0.0,0.0,0.0,0.0,0.0,0.0,5.902191394671284,0.9594806633994509,0.974774280810239,0.0,0.0,0.0,0.0,0.067,0.067,-1.1095374308689805,-1.1095374308689805
2016.0,312.0,23.0,0.0,0.0,0.0,0.0,0.0,0.0,0.0,0.0,0.0,0.0,0.0,0.0,0.0,0.0,5.902191394671284,0.9594806633994509,0.974774280810239,0.0,0.0,0.0,0.0,0.067,0.067,-1.1095374308689805,-1.1095374308689805
2016.0,312.0,23.5,0.0,0.0,0.0,0.0,0.0,0.0,0.0,0.0,0.0,0.0,0.0,0.0,0.0,0.0,5.902191394671284,0.9594806633994509,0.974774280810239,0.0,0.0,0.0,0.0,0.067,0.067,-1.1095374308689805,-1.1095374308689805
2016.0,313.0,0.0,0.0,0.0,0.0,0.0,0.0,0.0,0.0,0.0,0.0,0.0,0.0,0.0,0.0,0.0,5.902191394671284,0.9594806633994509,0.974774280810239,0.0,0.0,0.0,0.0,0.067,0.067,-1.1095374308689805,-1.1095374308689805
2016.0,313.0,0.5,0.0,0.0,0.0,0.0,0.0,0.0,0.0,0.0,0.0,0.0,0.0,0.0,0.0,0.0,5.902191394671284,0.9594806633994509,0.974774280810239,0.0,0.0,0.0,0.0,0.067,0.067,-1.1095374308689805,-1.1095374308689805
2016.0,313.0,1.0,0.0,0.0,0.0,0.0,0.0,0.0,0.0,0.0,0.0,0.0,0.0,0.0,0.0,0.0,5.902191394671284,0.9594806633994509,0.974774280810239,0.0,0.0,0.0,0.0,0.067,0.067,-1.1095374308689805,-1.1095374308689805
2016.0,313.0,1.5,0.0,0.0,0.0,0.0,0.0,0.0,0.0,0.0,0.0,0.0,0.0,0.0,0.0,0.0,5.902191394671284,0.9594806633994509,0.974774280810239,0.0,0.0,0.0,0.0,0.067,0.067,-1.1095374308689805,-1.1095374308689805
2016.0,313.0,2.0,0.0,0.0,0.0,0.0,0.0,0.0,0.0,0.0,0.0,0.0,0.0,0.0,0.0,0.0,5.902191394671284,0.9594806633994509,0.974774280810239,0.0,0.0,0.0,0.0,0.067,0.067,-1.1095374308689805,-1.1095374308689805
2016.0,313.0,2.5,0.0,0.0,0.0,0.0,0.0,0.0,0.0,0.0,0.0,0.0,0.0,0.0,0.0,0.0,5.902191394671284,0.9594806633994509,0.974774280810239,0.0,0.0,0.0,0.0,0.067,0.067,-1.1095374308689805,-1.1095374308689805
2016.0,313.0,3.0,0.0,0.0,0.0,0.0,0.0,0.0,0.0,0.0,0.0,0.0,0.0,0.0,0.0,0.0,5.902191394671284,0.9594806633994509,0.974774280810239,0.0,0.0,0.0,0.0,0.067,0.067,-1.1095374308689805,-1.1095374308689805
2016.0,313.0,3.5,0.0,0.0,0.0,0.0,0.0,0.0,0.0,0.0,0.0,0.0,0.0,0.0,0.0,0.0,5.902191394671284,0.9594806633994509,0.974774280810239,0.0,0.0,0.0,0.0,0.067,0.067,-1.1095374308689805,-1.1095374308689805
2016.0,313.0,4.0,0.0,0.0,0.0,0.0,0.0,0.0,0.0,0.0,0.0,0.0,0.0,0.0,0.0,0.0,5.902191394671284,0.9594806633994509,0.974774280810239,0.0,0.0,0.0,0.0,0.067,0.067,-1.1095374308689805,-1.1095374308689805
2016.0,313.0,4.5,0.0,0.0,0.0,0.0,0.0,0.0,0.0,0.0,0.0,0.0,0.0,0.0,0.0,0.0,5.902191394671284,0.9594806633994509,0.974774280810239,0.0,0.0,0.0,0.0,0.067,0.067,-1.1095374308689805,-1.1095374308689805
2016.0,313.0,5.0,0.0,0.0,0.0,0.0,0.0,0.0,0.0,0.0,0.0,0.0,0.0,0.0,0.0,0.0,5.902191394671284,0.9594806633994509,0.974774280810239,0.0,0.0,0.0,0.0,0.067,0.067,-1.1095374308689805,-1.1095374308689805
2016,313,5.5,0.0,0.0,0.0,0.0,0.0,0.0,0.0,0.0,0.0,0.0,0.0,0.0,True,True,5.8874480423459294,0.9594806633994509,0.974774280810239,0.0,0.0,0.0,0.0,0.067,0.067,-1.1095374308689805,-1.1095374308689805
2016,313,6.0,1.862477726932525,0.0,0.16901766060394732,0.0,39.09028235008901,0.0,0.030483666951150633,0.0,0.0,0.0,588.9235448296859,0.0,False,0.0,5.8874480423459294,0.9594806633994509,0.974774280810239,0.0,0.0,0.010400911570387694,0.010400911570387694,0.067,0.067,-1.1095374308689805,-1.1095374308689805
2016,313,6.5,2.3656575343212283,2.516687652797431,0.21408220592556249,0.8933576888286527,34.236839502112446,41.599139331872294,0.03874427657267717,0.16829558153482874,0.0,-1.3374634480484022,20.51611948,20.500580028288574,False,False,5.8874480423459294,0.9669759769242394,0.974774280810239,0.0,0.0,0.003976507983611113,0.003976507983611113,0.067,0.067,-1.1095374308689805,-1.1095374308689805
2016,313,7.0,1.3273891851731179,1.447519804124321,0.12614750632299773,0.48042360444509197,33.94060407406959,41.47953481963874,0.02114261508540318,0.08229803547375183,0.0,-1.3229018167187931,21.45198362789357,21.447426118198614,False,False,5.851305221906068,0.9678831552734685,0.974774280810239,0.0,0.0,0.0010812559441200497,0.0010812559441200497,0.066,0.066,-1.226989877831571,-1.226989877831571
2016,313,7.5,1.0550462073478337,1.173953172901115,0.10489288701504253,0.5822000472474796,33.67387331143781,41.727472616579945,0.01632848940031474,0.09234954482160891,0.0,-1.2633888849244626,21.149390710212238,21.148576812098177,False,False,5.8705910572768865,0.9714367174764547,0.974774280810239,0.0,0.0,7.349010700382304e-05,7.349010700382304e-05,0.0665,0.0665,-1.1665660338158987,-1.1665660338158987
2016,313,8.0,1.8377149715904828,2.028707194425916,0.19831042244870487,0.8740576451237145,33.10852822315631,41.465073310457505,0.02703418128729223,0.12207754345076058,0.0,-1.354872463014534,21.714380683013516,21.712454180308875,False,False,5.851305221906068,0.9658717979507727,0.974774280810239,0.0,0.0,0.0022665200257089716,0.0022665200257089716,0.066,0.066,-1.226989877831571,-1.226989877831571
2016,313,8.5,2.9732220867559107,3.255431500938533,0.320318561023289,1.4451836260289876,33.09827871819896,41.435159313005734,0.04358579469075132,0.2040850766267109,0.0,-1.4188137556060152,22.36860514,22.368415328575814,False,False,5.851305221906068,0.9616315234498971,0.974774280810239,0.0,0.0,0.006117553553578011,0.006117553553578011,0.066,0.066,-1.226989877831571,-1.226989877831571
2016,313,9.0,1.8526208168499878,2.0680118704053356,0.18945774978614013,1.0409935696238106,33.45067408177521,41.71483812475635,0.028149121052635635,0.1591812851907516,0.0,-1.354872463014534,22.60943374774902,22.610175779706008,False,False,5.851305221906068,0.9658717979507727,0.974774280810239,0.0,0.0,0.0035284009285860975,0.0035284009285860975,0.066,0.066,-1.226989877831571,-1.226989877831571
2016,313,9.5,1.2655486921396377,1.43507408324106,0.12384103248488681,0.5515839396755421,33.75255470326532,41.72979362961714,0.01977485381015615,0.08944971960744022,0.0,-1.2909311704230524,22.181686447065783,22.178621223993964,False,False,5.851305221906068,0.9698227827487214,0.974774280810239,0.0,0.0,0.002284865877942859,0.002284865877942859,0.066,0.066,-1.226989877831571,-1.226989877831571
2016,313,10.0,3.360400946776716,3.71385881712395,0.35768642883270635,1.71849654047187,33.19628559218422,41.5927549041485,0.04971058236789431,0.25045459403551074,0.0,-1.4188137556060152,23.41282082,23.40871553389276,False,False,5.851305221906068,0.9616315234498971,0.974774280810239,0.0,0.0,0.008933734589574678,0.008933734589574678,0.066,0.066,-1.226989877831571,-1.226989877831571
2016,313,10.5,7.322522989253221,0.0,0.8075126926775879,0.0,32.721042702465695,0.0,0.10613752018260632,0.0,0.0,0.0,1712.8500664205137,0.0,False,0.0,5.851305221906068,0.9616315234498971,0.974774280810239,0.0,0.0,0.020509812156925288,0.020509812156925288,0.066,0.066,-1.226989877831571,-1.226989877831571
2016,313,11.0,9.160587217096419,0.0,1.5174190401394962,0.0,29.8793654344728,0.0,0.10594408117920569,0.0,0.0,0.0,2793.787769620896,0.0,False,0.0,5.851305221906068,0.9616315234498971,0.974774280810239,0.0,0.0,0.030963066544458965,0.030963066544458965,0.066,0.066,-1.226989877831571,-1.226989877831571
2016,313,11.5,7.259967999602216,0.0,1.380296641296067,0.0,28.958668027688887,0.0,0.07835630425110654,0.0,0.0,0.0,3770.184977248479,0.0,False,0.0,5.851305221906068,0.9616315234498971,0.974774280810239,0.0,0.0,0.029908863442553252,0.029908863442553252,0.066,0.066,-1.226989877831571,-1.226989877831571
2016,313,12.0,7.428218557410663,0.0,1.5112173256681773,0.0,28.460169540379514,0.0,0.07758261296815852,0.0,0.0,0.0,4067.811143715219,0.0,False,0.0,5.851305221906068,0.9616315234498971,0.974774280810239,0.0,0.0,0.044509354659060155,0.044509354659060155,0.066,0.066,-1.226989877831571,-1.226989877831571
2016,313,12.5,7.497680003840983,0.0,1.866460321463222,0.0,26.972563428868742,0.0,0.07127911499935054,0.0,0.0,0.0,5479.804044986765,0.0,False,0.0,5.851305221906068,0.9616315234498971,0.974774280810239,0.0,0.0,0.04936297053219014,0.04936297053219014,0.066,0.066,-1.226989877831571,-1.226989877831571
2016,313,13.0,2.1226972687407164,3.316101946618974,0.5086576202642457,3.937534502448798,27.468782615809385,40.736238204020324,0.020488728377314063,0.16436788496945268,0.0,-1.7972662148446423,32.06462479,32.0686328833611,False,False,5.80394070801875,0.9304126512833715,0.974774280810239,0.0,0.0,0.010813664626486896,0.010813664626486896,0.065,0.065,-1.3589616101865312,-1.3589616101865312
2016,313,13.5,3.648921972300951,0.0,0.865853335681244,0.0,27.452048145154187,0.0,0.03546808074923154,0.0,0.0,0.0,3689.9871139284837,0.0,False,0.0,5.80394070801875,0.9304126512833715,0.974774280810239,0.0,0.0,0.01477614466850538,0.01477614466850538,0.065,0.065,-1.3589616101865312,-1.3589616101865312
2016,313,14.0,2.3965354769938947,3.704702195022132,0.5666151822598805,4.155770114116256,27.522827707331057,40.600694647474626,0.023311144674068803,0.17751512756179746,0.0,-1.8598811583672297,33.17019747945541,33.16662869372112,False,False,5.80394070801875,0.9242165868192079,0.974774280810239,0.0,0.0,0.013516775043724777,0.013516775043724777,0.065,0.065,-1.3589616101865312,-1.3589616101865312
2016,313,14.5,2.015282220578384,2.79247539206325,0.3663298612310768,2.9498742815787335,29.46981526826108,41.562313818592735,0.02226535182678577,0.18677589622566865,0.0,-1.734651271322055,30.705532523091197,30.713885457575813,False,False,5.80394070801875,0.936313657307867,0.974774280810239,0.0,0.0,0.00914619744816932,0.00914619744816932,0.065,0.065,-1.3589616101865312,-1.3589616101865312
2016,313,15.0,0.009567862167308316,0.2517999286540702,0.0013134877714779322,0.22969804512715197,31.53015060473224,41.68239202978151,0.0001225488646631212,0.021519782407604545,0.0,-1.3902690819478247,28.31371498,28.315613771674357,False,False,5.80394070801875,0.9635605066335531,0.974774280810239,0.0,0.0,0.0020414215148420083,0.0020414215148420083,0.065,0.065,-1.3589616101865312,-1.3589616101865312
2016.0,313.0,15.5,0.0,0.0,0.0,0.0,0.0,0.0,0.0,0.0,0.0,0.0,0.0,0.0,0.0,0.0,5.80394070801875,0.9635605066335531,0.974774280810239,0.0,0.0,0.0,0.0,0.065,0.065,-1.3589616101865312,-1.3589616101865312
2016.0,313.0,16.0,0.0,0.0,0.0,0.0,0.0,0.0,0.0,0.0,0.0,0.0,0.0,0.0,0.0,0.0,5.80394070801875,0.9635605066335531,0.974774280810239,0.0,0.0,0.0,0.0,0.065,0.065,-1.3589616101865312,-1.3589616101865312
2016.0,313.0,16.5,0.0,0.0,0.0,0.0,0.0,0.0,0.0,0.0,0.0,0.0,0.0,0.0,0.0,0.0,5.80394070801875,0.9635605066335531,0.974774280810239,0.0,0.0,0.0,0.0,0.065,0.065,-1.3589616101865312,-1.3589616101865312
2016.0,313.0,17.0,0.0,0.0,0.0,0.0,0.0,0.0,0.0,0.0,0.0,0.0,0.0,0.0,0.0,0.0,5.80394070801875,0.9635605066335531,0.974774280810239,0.0,0.0,0.0,0.0,0.065,0.065,-1.3589616101865312,-1.3589616101865312
2016.0,313.0,17.5,0.0,0.0,0.0,0.0,0.0,0.0,0.0,0.0,0.0,0.0,0.0,0.0,0.0,0.0,5.80394070801875,0.9635605066335531,0.974774280810239,0.0,0.0,0.0,0.0,0.065,0.065,-1.3589616101865312,-1.3589616101865312
2016.0,313.0,18.0,0.0,0.0,0.0,0.0,0.0,0.0,0.0,0.0,0.0,0.0,0.0,0.0,0.0,0.0,5.80394070801875,0.9635605066335531,0.974774280810239,0.0,0.0,0.0,0.0,0.065,0.065,-1.3589616101865312,-1.3589616101865312
2016.0,313.0,18.5,0.0,0.0,0.0,0.0,0.0,0.0,0.0,0.0,0.0,0.0,0.0,0.0,0.0,0.0,5.80394070801875,0.9635605066335531,0.974774280810239,0.0,0.0,0.0,0.0,0.065,0.065,-1.3589616101865312,-1.3589616101865312
2016.0,313.0,19.0,0.0,0.0,0.0,0.0,0.0,0.0,0.0,0.0,0.0,0.0,0.0,0.0,0.0,0.0,5.80394070801875,0.9635605066335531,0.974774280810239,0.0,0.0,0.0,0.0,0.065,0.065,-1.3589616101865312,-1.3589616101865312
2016.0,313.0,19.5,0.0,0.0,0.0,0.0,0.0,0.0,0.0,0.0,0.0,0.0,0.0,0.0,0.0,0.0,5.80394070801875,0.9635605066335531,0.974774280810239,0.0,0.0,0.0,0.0,0.065,0.065,-1.3589616101865312,-1.3589616101865312
2016.0,313.0,20.0,0.0,0.0,0.0,0.0,0.0,0.0,0.0,0.0,0.0,0.0,0.0,0.0,0.0,0.0,5.80394070801875,0.9635605066335531,0.974774280810239,0.0,0.0,0.0,0.0,0.065,0.065,-1.3589616101865312,-1.3589616101865312
2016.0,313.0,20.5,0.0,0.0,0.0,0.0,0.0,0.0,0.0,0.0,0.0,0.0,0.0,0.0,0.0,0.0,5.80394070801875,0.9635605066335531,0.974774280810239,0.0,0.0,0.0,0.0,0.065,0.065,-1.3589616101865312,-1.3589616101865312
2016.0,313.0,21.0,0.0,0.0,0.0,0.0,0.0,0.0,0.0,0.0,0.0,0.0,0.0,0.0,0.0,0.0,5.80394070801875,0.9635605066335531,0.974774280810239,0.0,0.0,0.0,0.0,0.065,0.065,-1.3589616101865312,-1.3589616101865312
2016.0,313.0,21.5,0.0,0.0,0.0,0.0,0.0,0.0,0.0,0.0,0.0,0.0,0.0,0.0,0.0,0.0,5.80394070801875,0.9635605066335531,0.974774280810239,0.0,0.0,0.0,0.0,0.065,0.065,-1.3589616101865312,-1.3589616101865312
2016.0,313.0,22.0,0.0,0.0,0.0,0.0,0.0,0.0,0.0,0.0,0.0,0.0,0.0,0.0,0.0,0.0,5.80394070801875,0.9635605066335531,0.974774280810239,0.0,0.0,0.0,0.0,0.065,0.065,-1.3589616101865312,-1.3589616101865312
2016.0,313.0,22.5,0.0,0.0,0.0,0.0,0.0,0.0,0.0,0.0,0.0,0.0,0.0,0.0,0.0,0.0,5.80394070801875,0.9635605066335531,0.974774280810239,0.0,0.0,0.0,0.0,0.065,0.065,-1.3589616101865312,-1.3589616101865312
2016.0,313.0,23.0,0.0,0.0,0.0,0.0,0.0,0.0,0.0,0.0,0.0,0.0,0.0,0.0,0.0,0.0,5.80394070801875,0.9635605066335531,0.974774280810239,0.0,0.0,0.0,0.0,0.0645,0.0645,-1.4310239929470283,-1.4310239929470283
2016.0,313.0,23.5,0.0,0.0,0.0,0.0,0.0,0.0,0.0,0.0,0.0,0.0,0.0,0.0,0.0,0.0,5.80394070801875,0.9635605066335531,0.974774280810239,0.0,0.0,0.0,0.0,0.065,0.065,-1.3589616101865312,-1.3589616101865312
2016.0,314.0,0.0,0.0,0.0,0.0,0.0,0.0,0.0,0.0,0.0,0.0,0.0,0.0,0.0,0.0,0.0,5.80394070801875,0.9635605066335531,0.974774280810239,0.0,0.0,0.0,0.0,0.065,0.065,-1.3589616101865312,-1.3589616101865312
2016.0,314.0,0.5,0.0,0.0,0.0,0.0,0.0,0.0,0.0,0.0,0.0,0.0,0.0,0.0,0.0,0.0,5.80394070801875,0.9635605066335531,0.974774280810239,0.0,0.0,0.0,0.0,0.0645,0.0645,-1.4310239929470283,-1.4310239929470283
2016.0,314.0,1.0,0.0,0.0,0.0,0.0,0.0,0.0,0.0,0.0,0.0,0.0,0.0,0.0,0.0,0.0,5.80394070801875,0.9635605066335531,0.974774280810239,0.0,0.0,0.0,0.0,0.065,0.065,-1.3589616101865312,-1.3589616101865312
2016.0,314.0,1.5,0.0,0.0,0.0,0.0,0.0,0.0,0.0,0.0,0.0,0.0,0.0,0.0,0.0,0.0,5.80394070801875,0.9635605066335531,0.974774280810239,0.0,0.0,0.0,0.0,0.065,0.065,-1.3589616101865312,-1.3589616101865312
2016.0,314.0,2.0,0.0,0.0,0.0,0.0,0.0,0.0,0.0,0.0,0.0,0.0,0.0,0.0,0.0,0.0,5.80394070801875,0.9635605066335531,0.974774280810239,0.0,0.0,0.0,0.0,0.065,0.065,-1.3589616101865312,-1.3589616101865312
2016.0,314.0,2.5,0.0,0.0,0.0,0.0,0.0,0.0,0.0,0.0,0.0,0.0,0.0,0.0,0.0,0.0,5.80394070801875,0.9635605066335531,0.974774280810239,0.0,0.0,0.0,0.0,0.064,0.064,-1.5075137161482992,-1.5075137161482992
2016.0,314.0,3.0,0.0,0.0,0.0,0.0,0.0,0.0,0.0,0.0,0.0,0.0,0.0,0.0,0.0,0.0,5.80394070801875,0.9635605066335531,0.974774280810239,0.0,0.0,0.0,0.0,0.0645,0.0645,-1.4310239929470283,-1.4310239929470283
2016.0,314.0,3.5,0.0,0.0,0.0,0.0,0.0,0.0,0.0,0.0,0.0,0.0,0.0,0.0,0.0,0.0,5.80394070801875,0.9635605066335531,0.974774280810239,0.0,0.0,0.0,0.0,0.0645,0.0645,-1.4310239929470283,-1.4310239929470283
2016.0,314.0,4.0,0.0,0.0,0.0,0.0,0.0,0.0,0.0,0.0,0.0,0.0,0.0,0.0,0.0,0.0,5.80394070801875,0.9635605066335531,0.974774280810239,0.0,0.0,0.0,0.0,0.064,0.064,-1.5075137161482992,-1.5075137161482992
2016.0,314.0,4.5,0.0,0.0,0.0,0.0,0.0,0.0,0.0,0.0,0.0,0.0,0.0,0.0,0.0,0.0,5.80394070801875,0.9635605066335531,0.974774280810239,0.0,0.0,0.0,0.0,0.064,0.064,-1.5075137161482992,-1.5075137161482992
2016.0,314.0,5.0,0.0,0.0,0.0,0.0,0.0,0.0,0.0,0.0,0.0,0.0,0.0,0.0,0.0,0.0,5.80394070801875,0.9635605066335531,0.974774280810239,0.0,0.0,0.0,0.0,0.064,0.064,-1.5075137161482992,-1.5075137161482992
2016.0,314.0,5.5,0.0,0.0,0.0,0.0,0.0,0.0,0.0,0.0,0.0,0.0,0.0,0.0,0.0,0.0,5.80394070801875,0.9635605066335531,0.974774280810239,0.0,0.0,0.0,0.0,0.064,0.064,-1.5075137161482992,-1.5075137161482992
2016.0,314.0,6.0,0.0,0.0,0.0,0.0,0.0,0.0,0.0,0.0,0.0,0.0,0.0,0.0,0.0,0.0,5.80394070801875,0.9635605066335531,0.974774280810239,0.0,0.0,0.0,0.0,0.064,0.064,-1.5075137161482992,-1.5075137161482992
2016.0,314.0,6.5,0.0,0.0,0.0,0.0,0.0,0.0,0.0,0.0,0.0,0.0,0.0,0.0,0.0,0.0,5.80394070801875,0.9635605066335531,0.974774280810239,0.0,0.0,0.0,0.0,0.064,0.064,-1.5075137161482992,-1.5075137161482992
2016,314,7.0,0.0,0.0,0.0,0.0,0.0,0.0,0.0,0.0,0.0,0.0,0.0,0.0,True,True,5.741748196006188,0.9635605066335531,0.974774280810239,0.0,0.0,0.00021440963807565483,0.00021440963807565483,0.064,0.064,-1.5075137161482992,-1.5075137161482992
2016,314,7.5,2.4861454748936396,2.624658652721604,0.16732414133225537,0.5399186040356799,35.892972152252774,41.686565421949766,0.049720912018715195,0.16697567410546546,0.0,-1.5991966524478318,21.489294690206343,21.483066418664638,False,False,5.741748196006188,0.9480745056038853,0.974774280810239,0.0,0.0,0.0048962625506422395,0.0048962625506422395,0.064,0.064,-1.5075137161482992,-1.5075137161482992
2016,314,8.0,5.7592766405403415,6.051682189281093,0.4097958790096755,1.2274921395077354,35.420374267819085,41.18918758826347,0.11041515571877555,0.3541977893684732,0.0,-1.6908795887473647,22.31619688391694,22.30828288164439,False,False,5.741748196006188,0.940264026207143,0.974774280810239,0.0,0.0,0.013598293630070897,0.013598293630070897,0.064,0.064,-1.5075137161482992,-1.5075137161482992
2016,314,8.5,0.0,0.0,0.0,0.0,0.0,0.0,0.0,0.0,0.0,0.0,0.0,0.0,True,0.0,5.741748196006188,0.940264026207143,0.974774280810239,0.0,0.0,0.027950219171032877,0.027950219171032877,0.064,0.064,-1.5075137161482992,-1.5075137161482992
2016,314,9.0,5.791508867092077,6.123044775648552,0.4308251447787854,1.4599986641026248,35.18241297784549,41.43003764909971,0.10768034323100789,0.39180761597496455,0.0,-1.6908795887473647,22.499576177497612,22.50204112037454,False,False,5.741748196006188,0.940264026207143,0.974774280810239,0.0,0.0,0.014163980826954756,0.014163980826954756,0.064,0.064,-1.5075137161482992,-1.5075137161482992
2016,314,9.5,16.39741065540213,27.222258636949494,1.5294027957909335,5.745999997386762,33.37919297994033,39.624554992355044,0.2606765985051133,0.5188001879882369,0.0,-1.797843014430153,1890.9299518909786,25.07931686448412,False,False,5.741748196006188,0.9227535160681856,0.9375210471070988,0.0,0.0,0.06017443587659104,0.06017443587659104,0.064,0.064,-1.5075137161482992,-1.5075137161482992
2016,314,10.0,7.343407024328257,0.0,0.7864102143678562,0.0,32.90859814696353,0.0,0.10829514704721625,0.0,0.0,0.0,1712.4346485467959,0.0,False,0.0,5.741748196006188,0.9227535160681856,0.9375210471070988,0.0,0.0,0.018033348628874173,0.018033348628874173,0.064,0.064,-1.5075137161482992,-1.5075137161482992
2016,314,10.5,3.8219812985902712,4.310008404535601,0.45003219720361115,1.9336414141403806,32.43539711219537,41.19507694806717,0.05344902521579169,0.23628455219187078,0.0,-1.7214405675138755,24.792726131239576,24.746547403900625,False,False,5.741748196006188,0.9375210471070988,0.9375210471070988,0.0,0.0,0.00971569220484782,0.00971569220484782,0.064,0.064,-1.5075137161482992,-1.5075137161482992
2016,314,11.0,4.645786395947217,5.2081414949134635,0.5180818472032925,2.2463110317017057,32.75930308141916,41.262448302555086,0.06705907045904978,0.3055947959552921,0.0,-1.7520015462803864,25.89281000928457,25.88009950482931,False,False,5.741748196006188,0.9347080325993704,0.9375210471070988,0.0,0.0,0.013592013130030523,0.013592013130030523,0.064,0.064,-1.5075137161482992,-1.5075137161482992
2016,314,11.5,4.648374045507819,5.196858661569394,0.545013178544713,2.262542378753908,32.43195684233218,41.0165375732181,0.06497571258829252,0.2837250754858054,0.0,-1.7520015462803864,25.380032491218145,25.37557678032475,False,False,5.741748196006188,0.9347080325993704,0.9375210471070988,0.0,0.0,0.012756157033810856,0.012756157033810856,0.064,0.064,-1.5075137161482992,-1.5075137161482992
2016,314,12.0,7.9566973234882825,0.0,1.1250449171402643,0.0,31.030242305512708,0.0,0.10009894774896126,0.0,0.0,0.0,2723.9827528042842,0.0,False,0.0,5.741748196006188,0.9347080325993704,0.9375210471070988,0.0,0.0,0.024028308640967846,0.024028308640967846,0.064,0.064,-1.5075137161482992,-1.5075137161482992
2016,314,12.5,7.624525344427004,0.0,1.153769287142115,0.0,30.575040051499553,0.0,0.09234446911741746,0.0,0.0,0.0,2695.999680841254,0.0,False,0.0,5.741748196006188,0.9347080325993704,0.9375210471070988,0.0,0.0,0.0210869690958608,0.0210869690958608,0.0635,0.0635,-1.5887406165480027,-1.5887406165480027
2016,314,13.0,4.547881655323115,5.280422552090698,0.6792721950221228,2.612200429505072,30.780795546785505,40.11051463612114,0.05563131698209161,0.22270512324129874,0.0,-1.9722303409391282,27.476051198949577,27.485935692546448,False,False,5.659979332962941,0.9123588061040293,0.9375210471070988,0.0,0.0,0.011936947527747687,0.011936947527747687,0.063,0.063,-1.6750389044446923,-1.6750389044446923
2016,314,13.5,2.8488506958332684,3.3422297213906207,0.36266272169454694,2.0323949274399467,31.94895319258387,41.63759921025873,0.038117410921514494,0.222859865805945,0.0,-1.9127920536402412,26.197173970483675,26.1689774748867,False,False,5.659979332962941,0.9187505426073591,0.9375210471070988,0.0,0.0,0.007113814809970787,0.007113814809970787,0.063,0.063,-1.6750389044446923,-1.6750389044446923
2016,314,14.0,1.7385695991071408,2.016069238391175,0.1833769240446708,0.9769623460775579,33.28595881769254,41.74522728944736,0.025935015159644508,0.14224360349312065,0.0,-1.7939154790424667,25.26266098,25.265243447131024,False,False,5.659979332962941,0.9307359010684796,0.9375210471070988,0.0,0.0,0.004464521064416461,0.004464521064416461,0.063,0.063,-1.6750389044446923,-1.6750389044446923
2016,314,14.5,1.459699849988391,1.6548302477525676,0.1345092593506048,0.6907506572527566,34.13100494596813,41.74338818746782,0.023648998738447106,0.12430973646998357,0.0,-1.764196335393023,24.10781956,24.109742103928795,False,False,5.659979332962941,0.9335659729045216,0.9375210471070988,0.0,0.0,0.003220170783599991,0.003220170783599991,0.063,0.063,-1.6750389044446923,-1.6750389044446923
2016.0,314.0,15.0,0.0,0.0,0.0,0.0,0.0,0.0,0.0,0.0,0.0,0.0,0.0,0.0,0.0,0.0,5.659979332962941,0.9335659729045216,0.9375210471070988,0.0,0.0,0.0,0.0,0.063,0.063,-1.6750389044446923,-1.6750389044446923
2016.0,314.0,15.5,0.0,0.0,0.0,0.0,0.0,0.0,0.0,0.0,0.0,0.0,0.0,0.0,0.0,0.0,5.659979332962941,0.9335659729045216,0.9375210471070988,0.0,0.0,0.0,0.0,0.063,0.063,-1.6750389044446923,-1.6750389044446923
2016.0,314.0,16.0,0.0,0.0,0.0,0.0,0.0,0.0,0.0,0.0,0.0,0.0,0.0,0.0,0.0,0.0,5.659979332962941,0.9335659729045216,0.9375210471070988,0.0,0.0,0.0,0.0,0.063,0.063,-1.6750389044446923,-1.6750389044446923
2016.0,314.0,16.5,0.0,0.0,0.0,0.0,0.0,0.0,0.0,0.0,0.0,0.0,0.0,0.0,0.0,0.0,5.659979332962941,0.9335659729045216,0.9375210471070988,0.0,0.0,0.0,0.0,0.063,0.063,-1.6750389044446923,-1.6750389044446923
2016.0,314.0,17.0,0.0,0.0,0.0,0.0,0.0,0.0,0.0,0.0,0.0,0.0,0.0,0.0,0.0,0.0,5.659979332962941,0.9335659729045216,0.9375210471070988,0.0,0.0,0.0,0.0,0.063,0.063,-1.6750389044446923,-1.6750389044446923
2016.0,314.0,17.5,0.0,0.0,0.0,0.0,0.0,0.0,0.0,0.0,0.0,0.0,0.0,0.0,0.0,0.0,5.659979332962941,0.9335659729045216,0.9375210471070988,0.0,0.0,0.0,0.0,0.063,0.063,-1.6750389044446923,-1.6750389044446923
2016.0,314.0,18.0,0.0,0.0,0.0,0.0,0.0,0.0,0.0,0.0,0.0,0.0,0.0,0.0,0.0,0.0,5.659979332962941,0.9335659729045216,0.9375210471070988,0.0,0.0,0.0,0.0,0.063,0.063,-1.6750389044446923,-1.6750389044446923
2016.0,314.0,18.5,0.0,0.0,0.0,0.0,0.0,0.0,0.0,0.0,0.0,0.0,0.0,0.0,0.0,0.0,5.659979332962941,0.9335659729045216,0.9375210471070988,0.0,0.0,0.0,0.0,0.063,0.063,-1.6750389044446923,-1.6750389044446923
2016.0,314.0,19.0,0.0,0.0,0.0,0.0,0.0,0.0,0.0,0.0,0.0,0.0,0.0,0.0,0.0,0.0,5.659979332962941,0.9335659729045216,0.9375210471070988,0.0,0.0,0.0,0.0,0.063,0.063,-1.6750389044446923,-1.6750389044446923
2016.0,314.0,19.5,0.0,0.0,0.0,0.0,0.0,0.0,0.0,0.0,0.0,0.0,0.0,0.0,0.0,0.0,5.659979332962941,0.9335659729045216,0.9375210471070988,0.0,0.0,0.0,0.0,0.063,0.063,-1.6750389044446923,-1.6750389044446923
2016.0,314.0,20.0,0.0,0.0,0.0,0.0,0.0,0.0,0.0,0.0,0.0,0.0,0.0,0.0,0.0,0.0,5.659979332962941,0.9335659729045216,0.9375210471070988,0.0,0.0,0.0,0.0,0.063,0.063,-1.6750389044446923,-1.6750389044446923
2016.0,314.0,20.5,0.0,0.0,0.0,0.0,0.0,0.0,0.0,0.0,0.0,0.0,0.0,0.0,0.0,0.0,5.659979332962941,0.9335659729045216,0.9375210471070988,0.0,0.0,0.0,0.0,0.063,0.063,-1.6750389044446923,-1.6750389044446923
2016.0,314.0,21.0,0.0,0.0,0.0,0.0,0.0,0.0,0.0,0.0,0.0,0.0,0.0,0.0,0.0,0.0,5.659979332962941,0.9335659729045216,0.9375210471070988,0.0,0.0,0.0,0.0,0.063,0.063,-1.6750389044446923,-1.6750389044446923
2016.0,314.0,21.5,0.0,0.0,0.0,0.0,0.0,0.0,0.0,0.0,0.0,0.0,0.0,0.0,0.0,0.0,5.659979332962941,0.9335659729045216,0.9375210471070988,0.0,0.0,0.0,0.0,0.063,0.063,-1.6750389044446923,-1.6750389044446923
2016.0,314.0,22.0,0.0,0.0,0.0,0.0,0.0,0.0,0.0,0.0,0.0,0.0,0.0,0.0,0.0,0.0,5.659979332962941,0.9335659729045216,0.9375210471070988,0.0,0.0,0.0,0.0,0.063,0.063,-1.6750389044446923,-1.6750389044446923
2016.0,314.0,22.5,0.0,0.0,0.0,0.0,0.0,0.0,0.0,0.0,0.0,0.0,0.0,0.0,0.0,0.0,5.659979332962941,0.9335659729045216,0.9375210471070988,0.0,0.0,0.0,0.0,0.063,0.063,-1.6750389044446923,-1.6750389044446923
2016.0,314.0,23.0,0.0,0.0,0.0,0.0,0.0,0.0,0.0,0.0,0.0,0.0,0.0,0.0,0.0,0.0,5.659979332962941,0.9335659729045216,0.9375210471070988,0.0,0.0,0.0,0.0,0.063,0.063,-1.6750389044446923,-1.6750389044446923
2016.0,314.0,23.5,0.0,0.0,0.0,0.0,0.0,0.0,0.0,0.0,0.0,0.0,0.0,0.0,0.0,0.0,5.659979332962941,0.9335659729045216,0.9375210471070988,0.0,0.0,0.0,0.0,0.063,0.063,-1.6750389044446923,-1.6750389044446923
2016.0,315.0,0.0,0.0,0.0,0.0,0.0,0.0,0.0,0.0,0.0,0.0,0.0,0.0,0.0,0.0,0.0,5.659979332962941,0.9335659729045216,0.9375210471070988,0.0,0.0,0.0,0.0,0.063,0.063,-1.6750389044446923,-1.6750389044446923
2016.0,315.0,0.5,0.0,0.0,0.0,0.0,0.0,0.0,0.0,0.0,0.0,0.0,0.0,0.0,0.0,0.0,5.659979332962941,0.9335659729045216,0.9375210471070988,0.0,0.0,0.0,0.0,0.063,0.063,-1.6750389044446923,-1.6750389044446923
2016.0,315.0,1.0,0.0,0.0,0.0,0.0,0.0,0.0,0.0,0.0,0.0,0.0,0.0,0.0,0.0,0.0,5.659979332962941,0.9335659729045216,0.9375210471070988,0.0,0.0,0.0,0.0,0.063,0.063,-1.6750389044446923,-1.6750389044446923
2016.0,315.0,1.5,0.0,0.0,0.0,0.0,0.0,0.0,0.0,0.0,0.0,0.0,0.0,0.0,0.0,0.0,5.659979332962941,0.9335659729045216,0.9375210471070988,0.0,0.0,0.0,0.0,0.063,0.063,-1.6750389044446923,-1.6750389044446923
2016.0,315.0,2.0,0.0,0.0,0.0,0.0,0.0,0.0,0.0,0.0,0.0,0.0,0.0,0.0,0.0,0.0,5.659979332962941,0.9335659729045216,0.9375210471070988,0.0,0.0,0.0,0.0,0.063,0.063,-1.6750389044446923,-1.6750389044446923
2016.0,315.0,2.5,0.0,0.0,0.0,0.0,0.0,0.0,0.0,0.0,0.0,0.0,0.0,0.0,0.0,0.0,5.659979332962941,0.9335659729045216,0.9375210471070988,0.0,0.0,0.0,0.0,0.063,0.063,-1.6750389044446923,-1.6750389044446923
2016.0,315.0,3.0,0.0,0.0,0.0,0.0,0.0,0.0,0.0,0.0,0.0,0.0,0.0,0.0,0.0,0.0,5.659979332962941,0.9335659729045216,0.9375210471070988,0.0,0.0,0.0,0.0,0.063,0.063,-1.6750389044446923,-1.6750389044446923
2016.0,315.0,3.5,0.0,0.0,0.0,0.0,0.0,0.0,0.0,0.0,0.0,0.0,0.0,0.0,0.0,0.0,5.659979332962941,0.9335659729045216,0.9375210471070988,0.0,0.0,0.0,0.0,0.063,0.063,-1.6750389044446923,-1.6750389044446923
2016.0,315.0,4.0,0.0,0.0,0.0,0.0,0.0,0.0,0.0,0.0,0.0,0.0,0.0,0.0,0.0,0.0,5.659979332962941,0.9335659729045216,0.9375210471070988,0.0,0.0,0.0,0.0,0.063,0.063,-1.6750389044446923,-1.6750389044446923
2016.0,315.0,4.5,0.0,0.0,0.0,0.0,0.0,0.0,0.0,0.0,0.0,0.0,0.0,0.0,0.0,0.0,5.659979332962941,0.9335659729045216,0.9375210471070988,0.0,0.0,0.0,0.0,0.063,0.063,-1.6750389044446923,-1.6750389044446923
2016.0,315.0,5.0,0.0,0.0,0.0,0.0,0.0,0.0,0.0,0.0,0.0,0.0,0.0,0.0,0.0,0.0,5.659979332962941,0.9335659729045216,0.9375210471070988,0.0,0.0,0.0,0.0,0.063,0.063,-1.6750389044446923,-1.6750389044446923
2016.0,315.0,5.5,0.0,0.0,0.0,0.0,0.0,0.0,0.0,0.0,0.0,0.0,0.0,0.0,0.0,0.0,5.659979332962941,0.9335659729045216,0.9375210471070988,0.0,0.0,0.0,0.0,0.063,0.063,-1.6750389044446923,-1.6750389044446923
2016.0,315.0,6.0,0.0,0.0,0.0,0.0,0.0,0.0,0.0,0.0,0.0,0.0,0.0,0.0,0.0,0.0,5.659979332962941,0.9335659729045216,0.9375210471070988,0.0,0.0,0.0,0.0,0.063,0.063,-1.6750389044446923,-1.6750389044446923
2016,315,6.5,1.77536971368463,1.8471522692777276,0.10757030906677506,0.32264113473817474,36.54274832787107,41.68906384786965,0.03812834486627668,0.11763147394884144,0.0,-1.9506252787509397,19.22086525,19.213570772883998,False,False,5.552434987014947,0.9147128617889623,0.9375210471070988,0.0,0.0,0.00205581357244739,0.00205581357244739,0.062,0.062,-1.8643213520376791,-1.8643213520376791
2016,315,7.0,3.7197340455057137,3.8499393129093784,0.22343796656429818,0.548537245370939,36.4204593616292,41.098992118572,0.08045482389387612,0.2066109608707471,0.0,-1.9793932543220267,19.829004696618618,19.81575203,False,False,5.552434987014947,0.9115706035759011,0.9375210471070988,0.0,0.0,0.006255242155966732,0.006255242155966732,0.062,0.062,-1.8643213520376791,-1.8643213520376791
2016,315,7.5,0.0,9.499576272824164,0.0,1.7521473041832758,0.0,41.6752545559561,0.0,0.7138173377885405,0.0,-1.9506252787509397,0.0,20.44045544,True,False,5.552434987014947,0.9115706035759011,0.9147128617889623,0.0,0.0,0.016280970814118043,0.016280970814118043,0.062,0.062,-1.8643213520376791,-1.8643213520376791
2016,315,8.0,9.375836882865142,0.0,0.5820492133834889,0.0,39.956582209711556,0.0,0.1964245801709189,0.0,0.0,0.0,924.1361644333896,0.0,False,0.0,5.552434987014947,0.9115706035759011,0.9147128617889623,0.0,0.0,0.03199280251662505,0.03199280251662505,0.063,0.063,-1.6750389044446923,-1.6750389044446923
2016,315,8.5,14.822070123609036,0.0,1.0927923286368104,0.0,34.80475302518987,0.0,0.2737428478837907,0.0,0.0,0.0,1263.361546277065,0.0,False,0.0,5.552434987014947,0.9115706035759011,0.9147128617889623,0.0,0.0,0.050076875919962405,0.050076875919962405,0.062,0.062,-1.8643213520376791,-1.8643213520376791
2016,315,9.0,20.448784340872216,0.0,1.666735702685826,0.0,34.000841180476435,0.0,0.35138021357962995,0.0,0.0,0.0,1524.4308709393908,0.0,False,0.0,5.552434987014947,0.9115706035759011,0.9147128617889623,0.0,0.0,0.06666036108664515,0.06666036108664515,0.062,0.062,-1.8643213520376791,-1.8643213520376791
2016,315,9.5,19.785876583908784,0.0,1.9005606344531514,0.0,33.05456068803725,0.0,0.30809315836793116,0.0,0.0,0.0,2012.0261772568408,0.0,False,0.0,5.552434987014947,0.9115706035759011,0.9147128617889623,0.0,0.0,0.06351222661865702,0.06351222661865702,0.062,0.062,-1.8643213520376791,-1.8643213520376791
2016,315,10.0,9.672189471390682,0.0,1.1557114526140353,0.0,38.01420595218448,0.0,0.1332567137249788,0.0,0.0,0.0,2412.722676022323,0.0,False,0.0,5.552434987014947,0.9115706035759011,0.9147128617889623,0.0,0.0,0.03420162584656712,0.03420162584656712,0.062,0.062,-1.8643213520376791,-1.8643213520376791
2016,315,10.5,12.09933441089468,22.850946434807376,1.6504488528811343,4.864153523236171,31.113063945299338,39.01889602166815,0.15493632123059714,0.220772628811987,0.0,-2.123233132177461,2666.476548873329,25.540099225897052,False,False,5.552434987014947,0.880512586747292,0.9083661990343996,0.0,0.0,0.04345593936614609,0.04345593936614609,0.062,0.062,-1.8643213520376791,-1.8643213520376791
2016,315,11.0,4.161136967456299,4.93531156665072,0.6413672343586543,2.5376823782043805,30.574850416114305,40.14097356882029,0.05005305920709828,0.20585691627560043,0.0,-2.152001107748548,28.3448884608966,28.35359309711631,False,False,5.552434987014947,0.8914168391273866,0.9083661990343996,0.0,0.0,0.011339170251051342,0.011339170251051342,0.062,0.062,-1.8643213520376791,-1.8643213520376791
2016,315,11.5,9.093437257732141,18.88747899946719,1.5956883776912858,5.963495140806144,29.472290236025877,39.230198193344364,0.1019753639877398,0.18475503923163938,0.0,-2.180769083319635,3534.6652875566015,26.689584675041132,False,False,5.552434987014947,0.8690664382992689,0.9050997620744607,0.0,0.0,0.03110299022056484,0.03110299022056484,0.062,0.062,-1.8643213520376791,-1.8643213520376791
2016,315,12.0,11.292464230034348,0.0,2.184915676878865,0.0,28.692185880831648,0.0,0.12063254257964137,0.0,0.0,0.0,4060.5797709863095,0.0,False,0.0,5.552434987014947,0.8690664382992689,0.9050997620744607,0.0,0.0,0.040793123389424035,0.040793123389424035,0.0615,0.0615,-1.9681160423062827,-1.9681160423062827
2016,315,12.5,2.734760387513,3.8187788944385908,0.5546335356704223,2.8308119723827243,28.06597457413379,39.848815227424204,0.0275645137693619,0.1433942216627155,0.0,-2.410902428895124,30.670583717684842,30.617346065451876,False,False,5.411134002275945,0.8570896276475949,0.9050997620744607,0.0,0.0,0.008616563392459992,0.008616563392459992,0.061,0.061,-2.0786085639674976,-2.0786085639674976
2016,315,13.0,3.6910597052561074,0.0,0.7759597883107666,0.0,27.768993710702773,0.0,0.036546860957374416,0.0,0.0,0.0,3576.1262135436623,0.0,False,0.0,5.411134002275945,0.8570896276475949,0.9050997620744607,0.0,0.0,0.010642426243604073,0.010642426243604073,0.061,0.061,-2.0786085639674976,-2.0786085639674976
2016,315,13.5,7.5482322308988845,0.0,1.5253681203485079,0.0,27.931530995044188,0.0,0.07612173422236707,0.0,0.0,0.0,3957.5530753202474,0.0,False,0.0,5.411134002275945,0.8570896276475949,0.9050997620744607,0.0,0.0,0.020277026466319435,0.020277026466319435,0.061,0.061,-2.0786085639674976,-2.0786085639674976
2016,315,14.0,4.364816261287229,0.0,1.0369998780109522,0.0,26.833258184527566,0.0,0.04094373500754,0.0,0.0,0.0,4606.311802121733,0.0,False,0.0,5.411134002275945,0.8570896276475949,0.9050997620744607,0.0,0.0,0.021814934687285528,0.021814934687285528,0.061,0.061,-2.0786085639674976,-2.0786085639674976
2016,315,14.5,9.566427215679191,0.0,2.1503810419527776,0.0,27.07556946955426,0.0,0.09199127578178058,0.0,0.0,0.0,4097.4320380658055,0.0,False,0.0,5.411134002275945,0.8570896276475949,0.9050997620744607,0.0,0.0,0.038589729534504826,0.038589729534504826,0.061,0.061,-2.0786085639674976,-2.0786085639674976
2016,315,15.0,3.806641383337003,1.8832825754497198,0.8992389026962316,3.129862310201191,35.40919993223325,39.699577842500005,0.03579570604006708,0.12755989551274402,0.0,-2.5493582059483018,2915.34179769455,31.890998247984413,False,False,5.411134002275945,0.836791646040039,0.9002575598343583,0.0,0.0,0.009897677300795247,0.009897677300795247,0.061,0.061,-2.0786085639674976,-2.0786085639674976
2016,315,15.5,0.0,0.27898051052803163,0.0,0.6275879509842828,0.0,41.74280134693317,0.0,0.02172210600007022,0.0,-2.4275763115206384,0.0,32.212446682005975,False,False,5.226028143620038,0.8547150556570071,0.9002575598343583,0.0,0.0,0.0,0.0,0.06,0.06,-2.321697907845493,-2.321697907845493
2016,315,16.0,0.35803026347510913,0.9997803817737876,0.07677233476380153,1.6060319681186819,25.914872587954942,41.63095887425957,0.0031573705965143354,0.06706092651786008,0.0,-2.639333118870929,31.44760321839013,31.44928122876334,False,False,5.226028143620038,0.8229106432040708,0.9002575598343583,0.0,0.0,0.00022076642786388002,0.00022076642786388002,0.06,0.06,-2.321697907845493,-2.321697907845493
2016,315,16.5,0.20175110180428635,0.5150964912888036,0.03153080969251651,0.5615910529714686,28.277094887803077,41.69346054410983,0.002050754329040596,0.0369153251457391,0.0,-2.4540459124394243,29.617588996023674,29.62672437145977,False,False,5.226028143620038,0.8509057695633717,0.9002575598343583,0.0,0.0,0.0003897162703075074,0.0003897162703075074,0.06,0.06,-2.321697907845493,-2.321697907845493
2016,315,17.0,0.0,0.0,0.0,0.0,0.0,0.0,0.0,0.0,0.0,0.0,0.0,0.0,True,True,5.226028143620038,0.8509057695633717,0.9002575598343583,0.0,0.0,0.0,0.0,0.06,0.06,-2.321697907845493,-2.321697907845493
2016.0,315.0,17.5,0.0,0.0,0.0,0.0,0.0,0.0,0.0,0.0,0.0,0.0,0.0,0.0,0.0,0.0,5.226028143620038,0.8509057695633717,0.9002575598343583,0.0,0.0,0.0,0.0,0.06,0.06,-2.321697907845493,-2.321697907845493
2016.0,315.0,18.0,0.0,0.0,0.0,0.0,0.0,0.0,0.0,0.0,0.0,0.0,0.0,0.0,0.0,0.0,5.226028143620038,0.8509057695633717,0.9002575598343583,0.0,0.0,0.0,0.0,0.06,0.06,-2.321697907845493,-2.321697907845493
2016.0,315.0,18.5,0.0,0.0,0.0,0.0,0.0,0.0,0.0,0.0,0.0,0.0,0.0,0.0,0.0,0.0,5.226028143620038,0.8509057695633717,0.9002575598343583,0.0,0.0,0.0,0.0,0.06,0.06,-2.321697907845493,-2.321697907845493
2016.0,315.0,19.0,0.0,0.0,0.0,0.0,0.0,0.0,0.0,0.0,0.0,0.0,0.0,0.0,0.0,0.0,5.226028143620038,0.8509057695633717,0.9002575598343583,0.0,0.0,0.0,0.0,0.06,0.06,-2.321697907845493,-2.321697907845493
2016.0,315.0,19.5,0.0,0.0,0.0,0.0,0.0,0.0,0.0,0.0,0.0,0.0,0.0,0.0,0.0,0.0,5.226028143620038,0.8509057695633717,0.9002575598343583,0.0,0.0,0.0,0.0,0.06,0.06,-2.321697907845493,-2.321697907845493
2016.0,315.0,20.0,0.0,0.0,0.0,0.0,0.0,0.0,0.0,0.0,0.0,0.0,0.0,0.0,0.0,0.0,5.226028143620038,0.8509057695633717,0.9002575598343583,0.0,0.0,0.0,0.0,0.06,0.06,-2.321697907845493,-2.321697907845493
2016.0,315.0,20.5,0.0,0.0,0.0,0.0,0.0,0.0,0.0,0.0,0.0,0.0,0.0,0.0,0.0,0.0,5.226028143620038,0.8509057695633717,0.9002575598343583,0.0,0.0,0.0,0.0,0.06,0.06,-2.321697907845493,-2.321697907845493
2016.0,315.0,21.0,0.0,0.0,0.0,0.0,0.0,0.0,0.0,0.0,0.0,0.0,0.0,0.0,0.0,0.0,5.226028143620038,0.8509057695633717,0.9002575598343583,0.0,0.0,0.0,0.0,0.06,0.06,-2.321697907845493,-2.321697907845493
2016.0,315.0,21.5,0.0,0.0,0.0,0.0,0.0,0.0,0.0,0.0,0.0,0.0,0.0,0.0,0.0,0.0,5.226028143620038,0.8509057695633717,0.9002575598343583,0.0,0.0,0.0,0.0,0.06,0.06,-2.321697907845493,-2.321697907845493
2016.0,315.0,22.0,0.0,0.0,0.0,0.0,0.0,0.0,0.0,0.0,0.0,0.0,0.0,0.0,0.0,0.0,5.226028143620038,0.8509057695633717,0.9002575598343583,0.0,0.0,0.0,0.0,0.06,0.06,-2.321697907845493,-2.321697907845493
2016.0,315.0,22.5,0.0,0.0,0.0,0.0,0.0,0.0,0.0,0.0,0.0,0.0,0.0,0.0,0.0,0.0,5.226028143620038,0.8509057695633717,0.9002575598343583,0.0,0.0,0.0,0.0,0.06,0.06,-2.321697907845493,-2.321697907845493
2016.0,315.0,23.0,0.0,0.0,0.0,0.0,0.0,0.0,0.0,0.0,0.0,0.0,0.0,0.0,0.0,0.0,5.226028143620038,0.8509057695633717,0.9002575598343583,0.0,0.0,0.0,0.0,0.06,0.06,-2.321697907845493,-2.321697907845493
2016.0,315.0,23.5,0.0,0.0,0.0,0.0,0.0,0.0,0.0,0.0,0.0,0.0,0.0,0.0,0.0,0.0,5.226028143620038,0.8509057695633717,0.9002575598343583,0.0,0.0,0.0,0.0,0.06,0.06,-2.321697907845493,-2.321697907845493
2016.0,316.0,0.0,0.0,0.0,0.0,0.0,0.0,0.0,0.0,0.0,0.0,0.0,0.0,0.0,0.0,0.0,5.226028143620038,0.8509057695633717,0.9002575598343583,0.0,0.0,0.0,0.0,0.06,0.06,-2.321697907845493,-2.321697907845493
2016.0,316.0,0.5,0.0,0.0,0.0,0.0,0.0,0.0,0.0,0.0,0.0,0.0,0.0,0.0,0.0,0.0,5.226028143620038,0.8509057695633717,0.9002575598343583,0.0,0.0,0.0,0.0,0.06,0.06,-2.321697907845493,-2.321697907845493
2016.0,316.0,1.0,0.0,0.0,0.0,0.0,0.0,0.0,0.0,0.0,0.0,0.0,0.0,0.0,0.0,0.0,5.226028143620038,0.8509057695633717,0.9002575598343583,0.0,0.0,0.0,0.0,0.06,0.06,-2.321697907845493,-2.321697907845493
2016.0,316.0,1.5,0.0,0.0,0.0,0.0,0.0,0.0,0.0,0.0,0.0,0.0,0.0,0.0,0.0,0.0,5.226028143620038,0.8509057695633717,0.9002575598343583,0.0,0.0,0.0,0.0,0.06,0.06,-2.321697907845493,-2.321697907845493
2016.0,316.0,2.0,0.0,0.0,0.0,0.0,0.0,0.0,0.0,0.0,0.0,0.0,0.0,0.0,0.0,0.0,5.226028143620038,0.8509057695633717,0.9002575598343583,0.0,0.0,0.0,0.0,0.06,0.06,-2.321697907845493,-2.321697907845493
2016.0,316.0,2.5,0.0,0.0,0.0,0.0,0.0,0.0,0.0,0.0,0.0,0.0,0.0,0.0,0.0,0.0,5.226028143620038,0.8509057695633717,0.9002575598343583,0.0,0.0,0.0,0.0,0.06,0.06,-2.321697907845493,-2.321697907845493
2016.0,316.0,3.0,0.0,0.0,0.0,0.0,0.0,0.0,0.0,0.0,0.0,0.0,0.0,0.0,0.0,0.0,5.226028143620038,0.8509057695633717,0.9002575598343583,0.0,0.0,0.0,0.0,0.06,0.06,-2.321697907845493,-2.321697907845493
2016.0,316.0,3.5,0.0,0.0,0.0,0.0,0.0,0.0,0.0,0.0,0.0,0.0,0.0,0.0,0.0,0.0,5.226028143620038,0.8509057695633717,0.9002575598343583,0.0,0.0,0.0,0.0,0.06,0.06,-2.321697907845493,-2.321697907845493
2016.0,316.0,4.0,0.0,0.0,0.0,0.0,0.0,0.0,0.0,0.0,0.0,0.0,0.0,0.0,0.0,0.0,5.226028143620038,0.8509057695633717,0.9002575598343583,0.0,0.0,0.0,0.0,0.06,0.06,-2.321697907845493,-2.321697907845493
2016.0,316.0,4.5,0.0,0.0,0.0,0.0,0.0,0.0,0.0,0.0,0.0,0.0,0.0,0.0,0.0,0.0,5.226028143620038,0.8509057695633717,0.9002575598343583,0.0,0.0,0.0,0.0,0.06,0.06,-2.321697907845493,-2.321697907845493
2016.0,316.0,5.0,0.0,0.0,0.0,0.0,0.0,0.0,0.0,0.0,0.0,0.0,0.0,0.0,0.0,0.0,5.226028143620038,0.8509057695633717,0.9002575598343583,0.0,0.0,0.0,0.0,0.06,0.06,-2.321697907845493,-2.321697907845493
2016,316,5.5,0.0,0.0,0.0,0.0,0.0,0.0,0.0,0.0,0.0,0.0,0.0,0.0,True,True,5.226028143620038,0.8509057695633717,0.9002575598343583,0.0,0.0,0.0,0.0,0.06,0.06,-2.321697907845493,-2.321697907845493
2016,316,6.0,1.5994369441011629,4.546237846803098,0.1008645536076464,0.7034455356825605,39.2323539665484,40.95492744107418,0.02696677126356302,0.09594954080248877,0.0,-2.387871910142459,635.1171937299869,20.0718279028982,False,False,5.226028143620038,0.8547150556570071,0.8658490471366778,0.0,0.0,0.004675262795685799,0.004675262795685799,0.06,0.06,-2.321697907845493,-2.321697907845493
2016,316,6.5,2.3267403486940696,5.958995672062032,0.13370267723548424,1.1976964622157187,34.95922561938665,41.285521089268684,0.04169386781155162,0.19634481048326768,0.0,-2.401106710601852,881.3310787735927,21.81612921,False,False,5.226028143620038,0.8547150556570071,0.8621870540400817,0.0,0.0,0.007048781238413022,0.007048781238413022,0.06,0.06,-2.321697907845493,-2.321697907845493
2016,316,7.0,3.6283302525509584,8.614809537071599,0.2208741650693664,1.7504735477758786,34.538938038193024,41.16442460794437,0.06264402166146357,0.2652683956835926,0.0,-2.427576311520638,949.4166378550125,21.81738329,False,False,5.226028143620038,0.8509057695633717,0.8584756065311413,0.0,0.0,0.009403393794382209,0.009403393794382209,0.06,0.06,-2.321697907845493,-2.321697907845493
2016,316,7.5,3.9273527430664226,4.163751384658204,0.23060478604350343,0.7075204852002147,34.765469904615145,41.052074727995574,0.06922883981529397,0.222779734223269,0.0,-2.4540459124394243,22.46547760297119,22.45812035,False,False,5.226028143620038,0.8509057695633717,0.8584756065311413,0.0,0.0,0.0046712041478852865,0.0046712041478852865,0.06,0.06,-2.321697907845493,-2.321697907845493
2016,316,8.0,5.873413048771704,0.0,0.4495629690286784,0.0,33.03909467757685,0.0,0.08762316861270883,0.0,0.0,0.0,1422.1192837261904,0.0,False,0.0,5.226028143620038,0.8509057695633717,0.8584756065311413,0.0,0.0,0.014176050529447683,0.014176050529447683,0.06,0.06,-2.321697907845493,-2.321697907845493
2016,316,8.5,6.711530594956304,13.339680747771215,0.5341782536500411,2.864214566198937,32.768790602013766,39.97529523695102,0.09759709054356872,0.27307799267299016,0.0,-2.4805155133582106,1361.3214528394158,22.97322559,False,False,5.226028143620038,0.8431425491492565,0.8509057695633717,0.0,0.0,0.014567305920438556,0.014567305920438556,0.06,0.06,-2.321697907845493,-2.321697907845493
2016,316,9.0,11.452143861020538,18.948626667454572,1.088759603668218,3.7366301144178564,30.488490833651714,38.09035524893391,0.13948653466610528,16.448772207698905,0.0,-2.76497812849632,2144.6309526744258,27.825915051133027,False,False,5.113313526777013,0.8026577779818668,0.8026577779818668,0.0,0.0,0.026599349806812826,0.026599349806812826,0.0595,0.0595,-2.4554056988372195,-2.4554056988372195
2016,316,9.5,13.391119399517638,23.521412233728707,1.4541757398737063,5.180871301228877,28.47367002951427,36.54959694453238,0.14182131900567846,0.2589211200899689,0.0,-2.8990124313266605,2413.2416012881663,26.377065480072417,False,False,4.984915479919241,0.7712512915401957,0.7886004860892815,0.0,0.0,0.03135207951170087,0.03135207951170087,0.059,0.059,-2.5980411333999887,-2.5980411333999887
2016,316,10.0,7.064546609747097,0.0,0.8873502755179128,0.0,35.77617381924249,0.0,0.06989078210854736,0.0,0.0,0.0,2654.184989547298,0.0,False,0.0,4.984915479919241,0.7712512915401957,0.7886004860892815,0.0,0.0,0.018207874580459686,0.018207874580459686,0.059,0.059,-2.5980411333999887,-2.5980411333999887
2016,316,10.5,9.468753612280718,0.0,1.2968918792382023,0.0,35.417375690554174,0.0,0.0901056740051389,0.0,0.0,0.0,3101.05429225908,0.0,False,0.0,4.984915479919241,0.7712512915401957,0.7886004860892815,0.0,0.0,0.025671430115749877,0.025671430115749877,0.059,0.059,-2.5980411333999887,-2.5980411333999887
2016,316,11.0,3.324068404903861,4.440340937293434,0.4894416107884199,1.9742464585139072,26.56267830975985,38.53814345961973,0.030626977427618107,0.12531086758900722,0.0,-2.848850548338882,28.725100758297557,28.68166352493069,False,False,4.984915479919241,0.7886004860892815,0.7886004860892815,0.0,0.0,0.00717490030577413,0.00717490030577413,0.059,0.059,-2.5980411333999887,-2.5980411333999887
2016,316,11.5,9.361514014773864,0.0,1.4542751641648644,0.0,25.98074447963668,0.0,0.08428575242144816,0.0,0.0,0.0,3619.3090674931964,0.0,False,0.0,4.984915479919241,0.7886004860892815,0.7886004860892815,0.0,0.0,0.026695562578081825,0.026695562578081825,0.059,0.059,-2.5980411333999887,-2.5980411333999887
2016,316,12.0,12.09215029810801,0.0,2.0578411443807516,0.0,25.218940389611767,0.0,0.10501655015006256,0.0,0.0,0.0,4068.14411087709,0.0,False,0.0,4.984915479919241,0.7886004860892815,0.7886004860892815,0.0,0.0,0.03682817082449581,0.03682817082449581,0.059,0.059,-2.5980411333999887,-2.5980411333999887
2016,316,12.5,2.176394496274218,3.751257412529794,0.3836667405798799,2.38434558685893,24.106963916873934,38.72223361320537,0.01750288936820732,0.11040066469556821,0.0,-3.0663904331123106,31.19600978298536,31.136944768960184,False,False,4.839037572972991,0.7502886704143271,0.7886004860892815,0.0,0.0,0.007028135042083339,0.007028135042083339,0.0585,0.0585,-2.750283687153001,-2.750283687153001
2016,316,13.0,5.014648043799582,0.0,0.8439177001058622,0.0,23.167686179090644,0.0,0.03867938558154563,0.0,0.0,0.0,4547.815386375686,0.0,False,0.0,4.839037572972991,0.7502886704143271,0.7886004860892815,0.0,0.0,0.019861145527725953,0.019861145527725953,0.058,0.058,-2.912871007557862,-2.912871007557862
2016,316,13.5,5.677238397162303,0.0,0.9323142255223523,0.0,23.327323252339962,0.0,0.04422744458482825,0.0,0.0,0.0,4550.015325469321,0.0,False,0.0,4.839037572972991,0.7502886704143271,0.7886004860892815,0.0,0.0,0.02274679817436419,0.02274679817436419,0.058,0.058,-2.912871007557862,-2.912871007557862
2016,316,14.0,0.0,0.0,0.0,0.0,0.0,0.0,0.0,0.0,0.0,0.0,0.0,0.0,True,0.0,4.839037572972991,0.7502886704143271,0.7886004860892815,0.0,0.0,0.011734236542152462,0.011734236542152462,0.058,0.058,-2.912871007557862,-2.912871007557862
2016,316,14.5,5.353027824625293,0.0,0.7572504443652911,0.0,34.1648112373478,0.0,0.0440471944029341,0.0,0.0,0.0,3724.2096515533062,0.0,False,0.0,4.839037572972991,0.7502886704143271,0.7886004860892815,0.0,0.0,0.01542760127121468,0.01542760127121468,0.058,0.058,-2.912871007557862,-2.912871007557862
2016,316,15.0,4.672447892763831,0.0,0.6063445935937357,0.0,34.52030512685811,0.0,0.039762878431658946,0.0,0.0,0.0,3245.4135515568983,0.0,False,0.0,4.839037572972991,0.7502886704143271,0.7886004860892815,0.0,0.0,0.013468305112960774,0.013468305112960774,0.058,0.058,-2.912871007557862,-2.912871007557862
2016,316,15.5,0.7022079730019284,1.4063115470136567,0.09332985290585928,1.1066464783677046,25.059041623874123,40.890856710922826,0.005913272795176748,0.07136381894117239,0.0,-3.124360943980651,29.4687047,29.46848306154078,False,False,4.673849528078996,0.7396633913523095,0.7886004860892815,0.0,0.0,0.001442061340203638,0.001442061340203638,0.058,0.058,-2.912871007557862,-2.912871007557862
2016,316,16.0,0.03296026985135514,0.47317516523271874,0.00360568744043025,0.4005569758715668,25.207938278930534,41.68230190230277,0.0002797610337193339,0.03132289485327038,0.0,-3.1771078544983444,28.7913332,28.7884372682165,False,False,4.487566384452245,0.7298560620495644,0.7886004860892815,0.0,0.0,0.0005071740776657026,0.0005071740776657026,0.0575,0.0575,-3.0866044568329984,-3.0866044568329984
2016,316,16.5,0.0,0.0,0.0,0.0,0.0,0.0,0.0,0.0,0.0,0.0,0.0,0.0,True,True,4.278562860784596,0.7298560620495644,0.7886004860892815,0.0,0.0,0.0,0.0,0.057,0.057,-3.272355237598531,-3.272355237598531
2016,316,17.0,0.0,0.0,0.0,0.0,0.0,0.0,0.0,0.0,0.0,0.0,0.0,0.0,True,True,4.278562860784596,0.7298560620495644,0.7886004860892815,0.0,0.0,0.0,0.0,0.057,0.057,-3.272355237598531,-3.272355237598531
2016.0,316.0,17.5,0.0,0.0,0.0,0.0,0.0,0.0,0.0,0.0,0.0,0.0,0.0,0.0,0.0,0.0,4.278562860784596,0.7298560620495644,0.7886004860892815,0.0,0.0,0.0,0.0,0.057,0.057,-3.272355237598531,-3.272355237598531
2016.0,316.0,18.0,0.0,0.0,0.0,0.0,0.0,0.0,0.0,0.0,0.0,0.0,0.0,0.0,0.0,0.0,4.278562860784596,0.7298560620495644,0.7886004860892815,0.0,0.0,0.0,0.0,0.057,0.057,-3.272355237598531,-3.272355237598531
2016.0,316.0,18.5,0.0,0.0,0.0,0.0,0.0,0.0,0.0,0.0,0.0,0.0,0.0,0.0,0.0,0.0,4.278562860784596,0.7298560620495644,0.7886004860892815,0.0,0.0,0.0,0.0,0.057,0.057,-3.272355237598531,-3.272355237598531
2016.0,316.0,19.0,0.0,0.0,0.0,0.0,0.0,0.0,0.0,0.0,0.0,0.0,0.0,0.0,0.0,0.0,4.278562860784596,0.7298560620495644,0.7886004860892815,0.0,0.0,0.0,0.0,0.057,0.057,-3.272355237598531,-3.272355237598531
2016.0,316.0,19.5,0.0,0.0,0.0,0.0,0.0,0.0,0.0,0.0,0.0,0.0,0.0,0.0,0.0,0.0,4.278562860784596,0.7298560620495644,0.7886004860892815,0.0,0.0,0.0,0.0,0.057,0.057,-3.272355237598531,-3.272355237598531
2016.0,316.0,20.0,0.0,0.0,0.0,0.0,0.0,0.0,0.0,0.0,0.0,0.0,0.0,0.0,0.0,0.0,4.278562860784596,0.7298560620495644,0.7886004860892815,0.0,0.0,0.0,0.0,0.057,0.057,-3.272355237598531,-3.272355237598531
2016.0,316.0,20.5,0.0,0.0,0.0,0.0,0.0,0.0,0.0,0.0,0.0,0.0,0.0,0.0,0.0,0.0,4.278562860784596,0.7298560620495644,0.7886004860892815,0.0,0.0,0.0,0.0,0.057,0.057,-3.272355237598531,-3.272355237598531
2016.0,316.0,21.0,0.0,0.0,0.0,0.0,0.0,0.0,0.0,0.0,0.0,0.0,0.0,0.0,0.0,0.0,4.278562860784596,0.7298560620495644,0.7886004860892815,0.0,0.0,0.0,0.0,0.057,0.057,-3.272355237598531,-3.272355237598531
2016.0,316.0,21.5,0.0,0.0,0.0,0.0,0.0,0.0,0.0,0.0,0.0,0.0,0.0,0.0,0.0,0.0,4.278562860784596,0.7298560620495644,0.7886004860892815,0.0,0.0,0.0,0.0,0.057,0.057,-3.272355237598531,-3.272355237598531
2016.0,316.0,22.0,0.0,0.0,0.0,0.0,0.0,0.0,0.0,0.0,0.0,0.0,0.0,0.0,0.0,0.0,4.278562860784596,0.7298560620495644,0.7886004860892815,0.0,0.0,0.0,0.0,0.057,0.057,-3.272355237598531,-3.272355237598531
2016.0,316.0,22.5,0.0,0.0,0.0,0.0,0.0,0.0,0.0,0.0,0.0,0.0,0.0,0.0,0.0,0.0,4.278562860784596,0.7298560620495644,0.7886004860892815,0.0,0.0,0.0,0.0,0.057,0.057,-3.272355237598531,-3.272355237598531
2016.0,316.0,23.0,0.0,0.0,0.0,0.0,0.0,0.0,0.0,0.0,0.0,0.0,0.0,0.0,0.0,0.0,4.278562860784596,0.7298560620495644,0.7886004860892815,0.0,0.0,0.0,0.0,0.057,0.057,-3.272355237598531,-3.272355237598531
2016.0,316.0,23.5,0.0,0.0,0.0,0.0,0.0,0.0,0.0,0.0,0.0,0.0,0.0,0.0,0.0,0.0,4.278562860784596,0.7298560620495644,0.7886004860892815,0.0,0.0,0.0,0.0,0.057,0.057,-3.272355237598531,-3.272355237598531
2016.0,317.0,0.0,0.0,0.0,0.0,0.0,0.0,0.0,0.0,0.0,0.0,0.0,0.0,0.0,0.0,0.0,4.278562860784596,0.7298560620495644,0.7886004860892815,0.0,0.0,0.0,0.0,0.057,0.057,-3.272355237598531,-3.272355237598531
2016.0,317.0,0.5,0.0,0.0,0.0,0.0,0.0,0.0,0.0,0.0,0.0,0.0,0.0,0.0,0.0,0.0,4.278562860784596,0.7298560620495644,0.7886004860892815,0.0,0.0,0.0,0.0,0.057,0.057,-3.272355237598531,-3.272355237598531
2016.0,317.0,1.0,0.0,0.0,0.0,0.0,0.0,0.0,0.0,0.0,0.0,0.0,0.0,0.0,0.0,0.0,4.278562860784596,0.7298560620495644,0.7886004860892815,0.0,0.0,0.0,0.0,0.057,0.057,-3.272355237598531,-3.272355237598531
2016.0,317.0,1.5,0.0,0.0,0.0,0.0,0.0,0.0,0.0,0.0,0.0,0.0,0.0,0.0,0.0,0.0,4.278562860784596,0.7298560620495644,0.7886004860892815,0.0,0.0,0.0,0.0,0.057,0.057,-3.272355237598531,-3.272355237598531
2016.0,317.0,2.0,0.0,0.0,0.0,0.0,0.0,0.0,0.0,0.0,0.0,0.0,0.0,0.0,0.0,0.0,4.278562860784596,0.7298560620495644,0.7886004860892815,0.0,0.0,0.0,0.0,0.057,0.057,-3.272355237598531,-3.272355237598531
2016.0,317.0,2.5,0.0,0.0,0.0,0.0,0.0,0.0,0.0,0.0,0.0,0.0,0.0,0.0,0.0,0.0,4.278562860784596,0.7298560620495644,0.7886004860892815,0.0,0.0,0.0,0.0,0.057,0.057,-3.272355237598531,-3.272355237598531
2016.0,317.0,3.0,0.0,0.0,0.0,0.0,0.0,0.0,0.0,0.0,0.0,0.0,0.0,0.0,0.0,0.0,4.278562860784596,0.7298560620495644,0.7886004860892815,0.0,0.0,0.0,0.0,0.057,0.057,-3.272355237598531,-3.272355237598531
2016.0,317.0,3.5,0.0,0.0,0.0,0.0,0.0,0.0,0.0,0.0,0.0,0.0,0.0,0.0,0.0,0.0,4.278562860784596,0.7298560620495644,0.7886004860892815,0.0,0.0,0.0,0.0,0.057,0.057,-3.272355237598531,-3.272355237598531
2016.0,317.0,4.0,0.0,0.0,0.0,0.0,0.0,0.0,0.0,0.0,0.0,0.0,0.0,0.0,0.0,0.0,4.278562860784596,0.7298560620495644,0.7886004860892815,0.0,0.0,0.0,0.0,0.057,0.057,-3.272355237598531,-3.272355237598531
2016.0,317.0,4.5,0.0,0.0,0.0,0.0,0.0,0.0,0.0,0.0,0.0,0.0,0.0,0.0,0.0,0.0,4.278562860784596,0.7298560620495644,0.7886004860892815,0.0,0.0,0.0,0.0,0.057,0.057,-3.272355237598531,-3.272355237598531
2016.0,317.0,5.0,0.0,0.0,0.0,0.0,0.0,0.0,0.0,0.0,0.0,0.0,0.0,0.0,0.0,0.0,4.278562860784596,0.7298560620495644,0.7886004860892815,0.0,0.0,0.0,0.0,0.057,0.057,-3.272355237598531,-3.272355237598531
2016.0,317.0,5.5,0.0,0.0,0.0,0.0,0.0,0.0,0.0,0.0,0.0,0.0,0.0,0.0,0.0,0.0,4.278562860784596,0.7298560620495644,0.7886004860892815,0.0,0.0,0.0,0.0,0.057,0.057,-3.272355237598531,-3.272355237598531
2016.0,317.0,6.0,0.0,0.0,0.0,0.0,0.0,0.0,0.0,0.0,0.0,0.0,0.0,0.0,0.0,0.0,4.278562860784596,0.7298560620495644,0.7886004860892815,0.0,0.0,0.0,0.0,0.057,0.057,-3.272355237598531,-3.272355237598531
2016.0,317.0,6.5,0.0,0.0,0.0,0.0,0.0,0.0,0.0,0.0,0.0,0.0,0.0,0.0,0.0,0.0,4.278562860784596,0.7298560620495644,0.7886004860892815,0.0,0.0,0.0,0.0,0.057,0.057,-3.272355237598531,-3.272355237598531
2016,317,7.0,1.0327527690678338,1.2119498369198909,0.04747829943994803,0.24000136716112141,30.24378375876816,41.16879425632466,0.01198657195258175,0.06156894781266558,0.0,-3.337432522820925,21.87695169,21.871956028318134,False,False,4.278562860784596,0.6992960425331983,0.7886004860892815,0.0,0.0,0.0006024432778319157,0.0006024432778319157,0.057,0.057,-3.272355237598531,-3.272355237598531
2016,317,7.5,1.3203641668971802,1.5355468063126514,0.05729259916422711,0.28604110168754016,30.680980520858412,41.24316831019222,0.01582964297092821,0.08090337221032637,0.0,-3.337432522820925,22.15175343,22.149281653553704,False,False,4.278562860784596,0.6992960425331983,0.7886004860892815,0.0,0.0,0.0010513137921529417,0.0010513137921529417,0.057,0.057,-3.272355237598531,-3.272355237598531
2016,317,8.0,4.70211288331225,5.221726851727226,0.2198661185461319,0.6462059584468854,29.958210423697526,39.06607613360382,0.05436357672195099,0.16395025974601732,0.0,-3.4025098080433183,23.07258619162193,23.07020423745253,False,False,4.278562860784596,0.6865991168259372,0.7886004860892815,0.0,0.0,0.00465142795771478,0.00465142795771478,0.057,0.057,-3.272355237598531,-3.272355237598531
2016,317,8.5,6.521627695104847,0.0,0.29688228715798487,0.0,30.091735533517692,0.0,0.07641984084675203,0.0,0.0,0.0,1505.3654755681728,0.0,False,0.0,4.278562860784596,0.6865991168259372,0.7886004860892815,0.0,0.0,0.00723629720257999,0.00723629720257999,0.057,0.057,-3.272355237598531,-3.272355237598531
2016,317,9.0,9.499682283300436,0.0,0.48633005394514445,0.0,29.177106414258564,0.0,0.10426164457879374,0.0,0.0,0.0,2200.8416126352886,0.0,False,0.0,4.278562860784596,0.6865991168259372,0.7886004860892815,0.0,0.0,0.0179458458594369,0.0179458458594369,0.057,0.057,-3.272355237598531,-3.272355237598531
2016,317,9.5,16.553914948035768,0.0,1.1575479560473636,0.0,26.679909687495847,0.0,0.15721851817991717,0.0,0.0,0.0,2720.2987279968347,0.0,False,0.0,4.278562860784596,0.6865991168259372,0.7886004860892815,0.0,0.0,0.03119351874429429,0.03119351874429429,0.057,0.057,-3.272355237598531,-3.272355237598531
2016,317,10.0,8.270403472256044,0.0,0.7411814755581413,0.0,25.091910481051563,0.0,0.07072936904853154,0.0,0.0,0.0,3272.9762277750415,0.0,False,0.0,4.278562860784596,0.6865991168259372,0.7886004860892815,0.0,0.0,0.018895999197189088,0.018895999197189088,0.057,0.057,-3.272355237598531,-3.272355237598531
2016,317,10.5,9.608327966238367,0.0,1.012768117448518,0.0,23.849600969856702,0.0,0.07721119411808712,0.0,0.0,0.0,4020.8508525255897,0.0,False,0.0,4.278562860784596,0.6865991168259372,0.7886004860892815,0.0,0.0,0.023869077137171037,0.023869077137171037,0.057,0.057,-3.272355237598531,-3.272355237598531
2016,317,11.0,0.5107947306001095,1.9167565963573967,0.0637657865202003,1.4574901781527478,22.830709583352782,40.614786237003095,0.003853250335470712,0.09002885027253774,0.0,-3.4892795216731765,31.521433840211476,31.53312553556215,False,False,4.278562860784596,0.6694386916014183,0.7886004860892815,0.0,0.0,0.004349968728217889,0.004349968728217889,0.057,0.057,-3.272355237598531,-3.272355237598531
2016,317,11.5,5.566701709326152,14.100549127487,0.7666674978426519,5.3989871927879705,20.552078646621823,35.7583205428415,0.0381736458810859,0.13824781895661462,0.0,-3.864254430286242,6204.059972941102,33.257104702549334,False,False,4.045530868976135,0.5800745608455419,0.6058300209503901,0.0,0.0,0.023364606652493288,0.023364606652493288,0.0565,0.0565,-3.471071168355371,-3.471071168355371
2016,317,12.0,4.252078382527089,0.0,0.6253195953724603,0.0,18.647796800959892,0.0,0.026875618358859158,0.0,0.0,0.0,7171.75235852399,0.0,False,0.0,4.045530868976135,0.5800745608455419,0.6058300209503901,0.0,0.0,0.021252707417116823,0.021252707417116823,0.056,0.056,-3.6837841843144643,-3.6837841843144643
2016,317,12.5,0.0,0.522521183106381,0.0,1.0479519888958535,0.0,41.729761589814665,0.0,0.037454705278366536,0.0,-3.8604087006829344,0.0,35.90071115622676,False,False,3.7876869319601627,0.5937743695631521,0.6058300209503901,0.0,0.0,0.002800047337495046,0.002800047337495046,0.056,0.056,-3.6837841843144643,-3.6837841843144643
2016,317,13.0,0.0,0.0,0.0,0.0,0.0,0.0,0.0,0.0,0.0,0.0,0.0,0.0,False,0.0,3.7876869319601627,0.5937743695631521,0.6058300209503901,0.0,0.0,0.010929302320238102,0.010929302320238102,0.056,0.056,-3.6837841843144643,-3.6837841843144643
2016,317,13.5,0.0,-2.844995685936591,0.0,2.2303613586998274,0.0,40.13529199791783,0.0,0.060823121666606694,0.0,-4.095908055840894,0.0,36.859608536415806,False,False,3.7876869319601627,0.5446839170584408,0.6301625118410905,0.0,0.0,0.003944086408904913,0.003944086408904913,0.056,0.056,-3.6837841843144643,-3.6837841843144643
2016,317,14.0,0.0,0.0,0.0,0.0,0.0,0.0,0.0,0.0,0.0,0.0,0.0,0.0,True,0.0,3.7876869319601627,0.5446839170584408,0.6301625118410905,0.0,0.0,0.006920212781703329,0.006920212781703329,0.056,0.056,-3.6837841843144643,-3.6837841843144643
2016,317,14.5,0.7177433723627349,0.0,0.15410867316004717,0.0,16.23262721295134,0.0,0.004124258341175833,0.0,0.0,0.0,7498.311275961936,0.0,True,0.0,3.7876869319601627,0.5446839170584408,0.6301625118410905,0.0,0.0,0.01779305262105683,0.01779305262105683,0.056,0.056,-3.6837841843144643,-3.6837841843144643
2016,317,15.0,0.0,-2.8590082515584307,0.0,1.6168298388295157,0.0,38.82590138246411,0.0,0.04736973735530284,0.0,-4.299699687253281,0.0,36.16799355590753,False,False,3.505032567009848,0.5021432734330299,0.5831369292627118,0.0,0.0,0.003477984076736189,0.003477984076736189,0.0555,0.0555,-3.9116186486462903,-3.9116186486462903
2016,317,15.5,0.0,0.0,0.0,0.0,0.0,0.0,0.0,0.0,0.0,0.0,0.0,0.0,False,0.0,3.7876869319601627,0.6301625118410905,0.5831369292627118,0.0,0.0,0.000149250138748242,0.000149250138748242,0.056,0.056,-3.6837841843144643,-3.6837841843144643
2016,317,16.0,0.0,0.0,0.0,0.0,0.0,0.0,0.0,0.0,0.0,0.0,0.0,0.0,False,0.0,3.505032567009848,0.5831369292627118,0.5831369292627118,0.0,0.0,0.0,0.0,0.0555,0.0555,-3.9116186486462903,-3.9116186486462903
2016,317,16.5,0.0,0.0,0.0,0.0,0.0,0.0,0.0,0.0,0.0,0.0,0.0,0.0,True,True,3.1986630838619625,0.5831369292627118,0.5831369292627118,0.0,0.0,0.0,0.0,0.055,0.055,-4.155800570083817,-4.155800570083817
2016.0,317.0,17.0,0.0,0.0,0.0,0.0,0.0,0.0,0.0,0.0,0.0,0.0,0.0,0.0,0.0,0.0,3.1986630838619625,0.5831369292627118,0.5831369292627118,0.0,0.0,0.0,0.0,0.055,0.055,-4.155800570083817,-4.155800570083817
2016.0,317.0,17.5,0.0,0.0,0.0,0.0,0.0,0.0,0.0,0.0,0.0,0.0,0.0,0.0,0.0,0.0,3.1986630838619625,0.5831369292627118,0.5831369292627118,0.0,0.0,0.0,0.0,0.055,0.055,-4.155800570083817,-4.155800570083817
2016.0,317.0,18.0,0.0,0.0,0.0,0.0,0.0,0.0,0.0,0.0,0.0,0.0,0.0,0.0,0.0,0.0,3.1986630838619625,0.5831369292627118,0.5831369292627118,0.0,0.0,0.0,0.0,0.055,0.055,-4.155800570083817,-4.155800570083817
2016.0,317.0,18.5,0.0,0.0,0.0,0.0,0.0,0.0,0.0,0.0,0.0,0.0,0.0,0.0,0.0,0.0,3.1986630838619625,0.5831369292627118,0.5831369292627118,0.0,0.0,0.0,0.0,0.055,0.055,-4.155800570083817,-4.155800570083817
2016.0,317.0,19.0,0.0,0.0,0.0,0.0,0.0,0.0,0.0,0.0,0.0,0.0,0.0,0.0,0.0,0.0,3.1986630838619625,0.5831369292627118,0.5831369292627118,0.0,0.0,0.0,0.0,0.055,0.055,-4.155800570083817,-4.155800570083817
2016.0,317.0,19.5,0.0,0.0,0.0,0.0,0.0,0.0,0.0,0.0,0.0,0.0,0.0,0.0,0.0,0.0,3.1986630838619625,0.5831369292627118,0.5831369292627118,0.0,0.0,0.0,0.0,0.055,0.055,-4.155800570083817,-4.155800570083817
2016.0,317.0,20.0,0.0,0.0,0.0,0.0,0.0,0.0,0.0,0.0,0.0,0.0,0.0,0.0,0.0,0.0,3.1986630838619625,0.5831369292627118,0.5831369292627118,0.0,0.0,0.0,0.0,0.055,0.055,-4.155800570083817,-4.155800570083817
2016.0,317.0,20.5,0.0,0.0,0.0,0.0,0.0,0.0,0.0,0.0,0.0,0.0,0.0,0.0,0.0,0.0,3.1986630838619625,0.5831369292627118,0.5831369292627118,0.0,0.0,0.0,0.0,0.055,0.055,-4.155800570083817,-4.155800570083817
2016.0,317.0,21.0,0.0,0.0,0.0,0.0,0.0,0.0,0.0,0.0,0.0,0.0,0.0,0.0,0.0,0.0,3.1986630838619625,0.5831369292627118,0.5831369292627118,0.0,0.0,0.0,0.0,0.055,0.055,-4.155800570083817,-4.155800570083817
2016.0,317.0,21.5,0.0,0.0,0.0,0.0,0.0,0.0,0.0,0.0,0.0,0.0,0.0,0.0,0.0,0.0,3.1986630838619625,0.5831369292627118,0.5831369292627118,0.0,0.0,0.0,0.0,0.055,0.055,-4.155800570083817,-4.155800570083817
2016.0,317.0,22.0,0.0,0.0,0.0,0.0,0.0,0.0,0.0,0.0,0.0,0.0,0.0,0.0,0.0,0.0,3.1986630838619625,0.5831369292627118,0.5831369292627118,0.0,0.0,0.0,0.0,0.055,0.055,-4.155800570083817,-4.155800570083817
2016.0,317.0,22.5,0.0,0.0,0.0,0.0,0.0,0.0,0.0,0.0,0.0,0.0,0.0,0.0,0.0,0.0,3.1986630838619625,0.5831369292627118,0.5831369292627118,0.0,0.0,0.0,0.0,0.055,0.055,-4.155800570083817,-4.155800570083817
2016.0,317.0,23.0,0.0,0.0,0.0,0.0,0.0,0.0,0.0,0.0,0.0,0.0,0.0,0.0,0.0,0.0,3.1986630838619625,0.5831369292627118,0.5831369292627118,0.0,0.0,0.0,0.0,0.055,0.055,-4.155800570083817,-4.155800570083817
2016.0,317.0,23.5,0.0,0.0,0.0,0.0,0.0,0.0,0.0,0.0,0.0,0.0,0.0,0.0,0.0,0.0,3.1986630838619625,0.5831369292627118,0.5831369292627118,0.0,0.0,0.0,0.0,0.055,0.055,-4.155800570083817,-4.155800570083817
2016.0,318.0,0.0,0.0,0.0,0.0,0.0,0.0,0.0,0.0,0.0,0.0,0.0,0.0,0.0,0.0,0.0,3.1986630838619625,0.5831369292627118,0.5831369292627118,0.0,0.0,0.0,0.0,0.055,0.055,-4.155800570083817,-4.155800570083817
2016.0,318.0,0.5,0.0,0.0,0.0,0.0,0.0,0.0,0.0,0.0,0.0,0.0,0.0,0.0,0.0,0.0,3.1986630838619625,0.5831369292627118,0.5831369292627118,0.0,0.0,0.0,0.0,0.055,0.055,-4.155800570083817,-4.155800570083817
2016.0,318.0,1.0,0.0,0.0,0.0,0.0,0.0,0.0,0.0,0.0,0.0,0.0,0.0,0.0,0.0,0.0,3.1986630838619625,0.5831369292627118,0.5831369292627118,0.0,0.0,0.0,0.0,0.055,0.055,-4.155800570083817,-4.155800570083817
2016.0,318.0,1.5,0.0,0.0,0.0,0.0,0.0,0.0,0.0,0.0,0.0,0.0,0.0,0.0,0.0,0.0,3.1986630838619625,0.5831369292627118,0.5831369292627118,0.0,0.0,0.0,0.0,0.055,0.055,-4.155800570083817,-4.155800570083817
2016.0,318.0,2.0,0.0,0.0,0.0,0.0,0.0,0.0,0.0,0.0,0.0,0.0,0.0,0.0,0.0,0.0,3.1986630838619625,0.5831369292627118,0.5831369292627118,0.0,0.0,0.0,0.0,0.055,0.055,-4.155800570083817,-4.155800570083817
2016.0,318.0,2.5,0.0,0.0,0.0,0.0,0.0,0.0,0.0,0.0,0.0,0.0,0.0,0.0,0.0,0.0,3.1986630838619625,0.5831369292627118,0.5831369292627118,0.0,0.0,0.0,0.0,0.055,0.055,-4.155800570083817,-4.155800570083817
2016.0,318.0,3.0,0.0,0.0,0.0,0.0,0.0,0.0,0.0,0.0,0.0,0.0,0.0,0.0,0.0,0.0,3.1986630838619625,0.5831369292627118,0.5831369292627118,0.0,0.0,0.0,0.0,0.055,0.055,-4.155800570083817,-4.155800570083817
2016.0,318.0,3.5,0.0,0.0,0.0,0.0,0.0,0.0,0.0,0.0,0.0,0.0,0.0,0.0,0.0,0.0,3.1986630838619625,0.5831369292627118,0.5831369292627118,0.0,0.0,0.0,0.0,0.055,0.055,-4.155800570083817,-4.155800570083817
2016.0,318.0,4.0,0.0,0.0,0.0,0.0,0.0,0.0,0.0,0.0,0.0,0.0,0.0,0.0,0.0,0.0,3.1986630838619625,0.5831369292627118,0.5831369292627118,0.0,0.0,0.0,0.0,0.055,0.055,-4.155800570083817,-4.155800570083817
2016.0,318.0,4.5,0.0,0.0,0.0,0.0,0.0,0.0,0.0,0.0,0.0,0.0,0.0,0.0,0.0,0.0,3.1986630838619625,0.5831369292627118,0.5831369292627118,0.0,0.0,0.0,0.0,0.055,0.055,-4.155800570083817,-4.155800570083817
2016.0,318.0,5.0,0.0,0.0,0.0,0.0,0.0,0.0,0.0,0.0,0.0,0.0,0.0,0.0,0.0,0.0,3.1986630838619625,0.5831369292627118,0.5831369292627118,0.0,0.0,0.0,0.0,0.055,0.055,-4.155800570083817,-4.155800570083817
2016,318,5.5,0.0,0.0,0.0,0.0,0.0,0.0,0.0,0.0,0.0,0.0,0.0,0.0,True,True,3.1986630838619625,0.5831369292627118,0.5831369292627118,0.0,0.0,0.0,0.0,0.055,0.055,-4.155800570083817,-4.155800570083817
2016,318,6.0,4.251330514445559,8.94814440956738,0.17555162687864734,1.0023246919525193,34.13747872550843,35.94126004112919,0.03486814438052677,0.10288584589903153,0.0,-4.293824607092868,626.2958054172458,19.410233738298707,False,False,3.1986630838619625,0.48902359145341134,0.5177523917433926,0.0,0.0,0.00210146787011661,0.00210146787011661,0.055,0.055,-4.155800570083817,-4.155800570083817
2016,318,6.5,8.037699801140562,0.0,0.4089186606721303,0.0,22.567543629688018,0.0,0.061310355822871955,0.0,0.0,0.0,891.0287972183387,0.0,False,0.0,3.1986630838619625,0.48902359145341134,0.5177523917433926,0.0,0.0,0.0041295433551088705,0.0041295433551088705,0.055,0.055,-4.155800570083817,-4.155800570083817
2016,318,7.0,10.413991875813151,0.0,0.6739949999284424,0.0,20.88656758593587,0.0,0.07320405727688602,0.0,0.0,0.0,1143.6674482202072,0.0,False,0.0,3.1986630838619625,0.48902359145341134,0.5177523917433926,0.0,0.0,0.0057530730162578024,0.0057530730162578024,0.055,0.055,-4.155800570083817,-4.155800570083817
2016,318,7.5,7.13616356301476,0.0,0.5831212750800104,0.0,19.34933406727712,0.0,0.046698449903365066,0.0,0.0,0.0,1612.2868714170133,0.0,False,0.0,3.1986630838619625,0.48902359145341134,0.5177523917433926,0.0,0.0,0.004840555260928629,0.004840555260928629,0.055,0.055,-4.155800570083817,-4.155800570083817
2016,318,8.0,4.207862821457202,11.319619110849576,0.3746927583227566,2.6854501012842307,18.844496924697403,34.3913496392416,0.026826253924222034,0.09792634902163061,0.0,-4.414595639475788,2014.6982493752548,26.0468359,False,False,3.1986630838619625,0.46762649301856557,0.48902359145341134,0.0,0.0,0.0036427680058221342,0.0036427680058221342,0.055,0.055,-4.155800570083817,-4.155800570083817
2016,318,8.5,6.842653297376108,0.0,0.7235201644178766,0.0,17.642975703093306,0.0,0.04176310684015478,0.0,0.0,0.0,2622.775149580383,0.0,False,0.0,3.1986630838619625,0.46762649301856557,0.48902359145341134,0.0,0.0,0.005934401970539288,0.005934401970539288,0.055,0.055,-4.155800570083817,-4.155800570083817
2016,318,9.0,10.692818927319601,0.0,1.242117647517201,0.0,15.344845089213829,0.0,0.060197152091880986,0.0,0.0,0.0,3417.4654957311427,0.0,False,0.0,3.1986630838619625,0.46762649301856557,0.48902359145341134,0.0,0.0,0.011276322542963112,0.011276322542963112,0.0545,0.0545,-4.417667835177966,-4.417667835177966
2016,318,9.5,6.689307612283587,0.0,0.8825438539981705,0.0,13.072106445647167,0.0,0.03470784667275127,0.0,0.0,0.0,4411.292081767251,0.0,True,0.0,3.1986630838619625,0.46762649301856557,0.48902359145341134,0.0,0.0,0.012393752665224553,0.012393752665224553,0.054,0.054,-4.698681577596776,-4.698681577596776
2016,318,10.0,2.2220838329302617,0.0,0.33840414695844134,0.0,12.370060330279935,0.0,0.011217983492342418,0.0,0.0,0.0,5350.520981341997,0.0,False,0.0,3.1986630838619625,0.46762649301856557,0.48902359145341134,0.0,0.0,0.0069747553979200485,0.0069747553979200485,0.054,0.054,-4.698681577596776,-4.698681577596776
2016,318,10.5,1.2428504858658083,0.0,0.19774518681673192,0.0,12.156849481066484,0.0,0.006225738655567459,0.0,0.0,0.0,5661.3701536235385,0.0,False,0.0,3.1986630838619625,0.46762649301856557,0.48902359145341134,0.0,0.0,0.005982620376987054,0.005982620376987054,0.054,0.054,-4.698681577596776,-4.698681577596776
2016,318,11.0,0.0,1.316341126561381,0.0,1.0556782079556313,0.0,37.941670543464625,0.0,0.03416901324607324,0.0,-4.974655805479473,0.0,32.587992279392225,False,False,2.5266587700291314,0.36621792684714605,0.48902359145341134,0.0,0.0,0.0005876956047306701,0.0005876956047306701,0.054,0.054,-4.698681577596776,-4.698681577596776
2016,318,11.5,1.0703254001645126,0.0,0.16215463015248924,0.0,12.410559832242287,0.0,0.005403745186793955,0.0,0.0,0.0,5784.588880184505,0.0,False,0.0,2.5266587700291314,0.36621792684714605,0.48902359145341134,0.0,0.0,0.005534978416424893,0.005534978416424893,0.054,0.054,-4.698681577596776,-4.698681577596776
2016,318,12.0,0.0,0.7808920932077594,0.0,0.8516167720691243,0.0,39.91387283903816,0.0,0.029209732192404164,0.0,-4.916555968030484,0.0,32.35855134893859,False,False,2.5266587700291314,0.37739758510020394,0.48902359145341134,0.0,0.0,0.00041174811047194943,0.00041174811047194943,0.054,0.054,-4.698681577596776,-4.698681577596776
2016,318,12.5,0.0,1.0835358910430575,0.0,0.9485931635187375,0.0,39.06245420893167,0.0,0.034430823179710975,0.0,-4.945605886754978,0.0,32.09283700255872,False,False,2.5266587700291314,0.3717917886017324,0.48902359145341134,0.0,0.0,0.0005516150751630934,0.0005516150751630934,0.054,0.054,-4.698681577596776,-4.698681577596776
2016,318,13.0,0.0,2.7345082384534867,0.0,0.9123934557323411,0.0,30.93519326712783,0.0,0.033077134892304336,0.0,-5.6774419411120105,0.0,32.28503791803815,False,False,1.814484606410297,0.2431831810407659,0.48902359145341134,0.0,0.0,0.0015474353931512262,0.0015474353931512262,0.053,0.053,-5.3246865658933755,-5.3246865658933755
2016,318,13.5,0.7718685223189206,0.0,0.09786342171590488,0.0,10.257993479529583,0.0,0.0036466549613954685,0.0,0.0,0.0,4881.66097955418,0.0,False,0.0,1.814484606410297,0.2431831810407659,0.48902359145341134,0.0,0.0,0.0,0.0,0.053,0.053,-5.3246865658933755,-5.3246865658933755
2016,318,14.0,0.3344613950634523,0.0,0.040948271661708724,0.0,10.415485575176833,0.0,0.001587411037571971,0.0,0.0,0.0,4258.476123395913,0.0,False,0.0,1.814484606410297,0.2431831810407659,0.48902359145341134,0.0,0.0,0.0,0.0,0.053,0.053,-5.3246865658933755,-5.3246865658933755
2016,318,14.5,4.2632286378066295,0.0,0.4798067547324636,0.0,10.760030384138473,0.0,0.020526195316371846,0.0,0.0,0.0,3818.1387423565616,0.0,True,0.0,1.814484606410297,0.2431831810407659,0.48902359145341134,0.0,0.0,0.0,0.0,0.053,0.053,-5.3246865658933755,-5.3246865658933755
2016,318,15.0,0.0,6.067660918297961,0.0,1.8710574617165134,0.0,31.006634131206223,0.0,0.07431610711273985,0.0,-5.631925118503155,0.0,29.777596943268982,True,False,1.814484606410297,0.2431831810407659,0.2503737508893959,0.0,0.0,0.0,0.0,0.053,0.053,-5.3246865658933755,-5.3246865658933755
2016,318,15.5,0.0,0.33461873458232994,0.0,0.42481353569908864,0.0,40.68815831255061,0.0,0.015970195617738152,0.0,-5.540891473285442,0.0,29.30151030224721,False,False,1.814484606410297,0.2651039680643587,0.2503737508893959,0.0,0.0,0.0,0.0,0.053,0.053,-5.3246865658933755,-5.3246865658933755
2016,318,16.0,0.0,0.0,0.0,0.0,0.0,0.0,0.0,0.0,0.0,0.0,0.0,0.0,True,True,1.814484606410297,0.2651039680643587,0.2503737508893959,0.0,0.0,0.0,0.0,0.053,0.053,-5.3246865658933755,-5.3246865658933755
2016,318,16.5,0.0,0.0,0.0,0.0,0.0,0.0,0.0,0.0,0.0,0.0,0.0,0.0,True,True,1.814484606410297,0.2651039680643587,0.2503737508893959,0.0,0.0,0.0,0.0,0.053,0.053,-5.3246865658933755,-5.3246865658933755
2016.0,318.0,17.0,0.0,0.0,0.0,0.0,0.0,0.0,0.0,0.0,0.0,0.0,0.0,0.0,0.0,0.0,1.814484606410297,0.2651039680643587,0.2503737508893959,0.0,0.0,0.0,0.0,0.053,0.053,-5.3246865658933755,-5.3246865658933755
2016.0,318.0,17.5,0.0,0.0,0.0,0.0,0.0,0.0,0.0,0.0,0.0,0.0,0.0,0.0,0.0,0.0,1.814484606410297,0.2651039680643587,0.2503737508893959,0.0,0.0,0.0,0.0,0.0525,0.0525,-5.67333745760483,-5.67333745760483
2016.0,318.0,18.0,0.0,0.0,0.0,0.0,0.0,0.0,0.0,0.0,0.0,0.0,0.0,0.0,0.0,0.0,1.814484606410297,0.2651039680643587,0.2503737508893959,0.0,0.0,0.0,0.0,0.052,0.052,-6.048487305117891,-6.048487305117891
2016.0,318.0,18.5,0.0,0.0,0.0,0.0,0.0,0.0,0.0,0.0,0.0,0.0,0.0,0.0,0.0,0.0,1.814484606410297,0.2651039680643587,0.2503737508893959,0.0,0.0,0.0,0.0,0.052,0.052,-6.048487305117891,-6.048487305117891
2016.0,318.0,19.0,0.0,0.0,0.0,0.0,0.0,0.0,0.0,0.0,0.0,0.0,0.0,0.0,0.0,0.0,1.814484606410297,0.2651039680643587,0.2503737508893959,0.0,0.0,0.0,0.0,0.052,0.052,-6.048487305117891,-6.048487305117891
2016.0,318.0,19.5,0.0,0.0,0.0,0.0,0.0,0.0,0.0,0.0,0.0,0.0,0.0,0.0,0.0,0.0,1.814484606410297,0.2651039680643587,0.2503737508893959,0.0,0.0,0.0,0.0,0.052,0.052,-6.048487305117891,-6.048487305117891
2016.0,318.0,20.0,0.0,0.0,0.0,0.0,0.0,0.0,0.0,0.0,0.0,0.0,0.0,0.0,0.0,0.0,1.814484606410297,0.2651039680643587,0.2503737508893959,0.0,0.0,0.0,0.0,0.052,0.052,-6.048487305117891,-6.048487305117891
2016.0,318.0,20.5,0.0,0.0,0.0,0.0,0.0,0.0,0.0,0.0,0.0,0.0,0.0,0.0,0.0,0.0,1.814484606410297,0.2651039680643587,0.2503737508893959,0.0,0.0,0.0,0.0,0.052,0.052,-6.048487305117891,-6.048487305117891
2016.0,318.0,21.0,0.0,0.0,0.0,0.0,0.0,0.0,0.0,0.0,0.0,0.0,0.0,0.0,0.0,0.0,1.814484606410297,0.2651039680643587,0.2503737508893959,0.0,0.0,0.0,0.0,0.052,0.052,-6.048487305117891,-6.048487305117891
2016.0,318.0,21.5,0.0,0.0,0.0,0.0,0.0,0.0,0.0,0.0,0.0,0.0,0.0,0.0,0.0,0.0,1.814484606410297,0.2651039680643587,0.2503737508893959,0.0,0.0,0.0,0.0,0.052,0.052,-6.048487305117891,-6.048487305117891
2016.0,318.0,22.0,0.0,0.0,0.0,0.0,0.0,0.0,0.0,0.0,0.0,0.0,0.0,0.0,0.0,0.0,1.814484606410297,0.2651039680643587,0.2503737508893959,0.0,0.0,0.0,0.0,0.052,0.052,-6.048487305117891,-6.048487305117891
2016.0,318.0,22.5,0.0,0.0,0.0,0.0,0.0,0.0,0.0,0.0,0.0,0.0,0.0,0.0,0.0,0.0,1.814484606410297,0.2651039680643587,0.2503737508893959,0.0,0.0,0.0,0.0,0.052,0.052,-6.048487305117891,-6.048487305117891
2016.0,318.0,23.0,0.0,0.0,0.0,0.0,0.0,0.0,0.0,0.0,0.0,0.0,0.0,0.0,0.0,0.0,1.814484606410297,0.2651039680643587,0.2503737508893959,0.0,0.0,0.0,0.0,0.052,0.052,-6.048487305117891,-6.048487305117891
2016.0,318.0,23.5,0.0,0.0,0.0,0.0,0.0,0.0,0.0,0.0,0.0,0.0,0.0,0.0,0.0,0.0,1.814484606410297,0.2651039680643587,0.2503737508893959,0.0,0.0,0.0,0.0,0.052,0.052,-6.048487305117891,-6.048487305117891
2016.0,319.0,0.0,0.0,0.0,0.0,0.0,0.0,0.0,0.0,0.0,0.0,0.0,0.0,0.0,0.0,0.0,1.814484606410297,0.2651039680643587,0.2503737508893959,0.0,0.0,0.0,0.0,0.052,0.052,-6.048487305117891,-6.048487305117891
2016.0,319.0,0.5,0.0,0.0,0.0,0.0,0.0,0.0,0.0,0.0,0.0,0.0,0.0,0.0,0.0,0.0,1.814484606410297,0.2651039680643587,0.2503737508893959,0.0,0.0,0.0,0.0,0.052,0.052,-6.048487305117891,-6.048487305117891
2016.0,319.0,1.0,0.0,0.0,0.0,0.0,0.0,0.0,0.0,0.0,0.0,0.0,0.0,0.0,0.0,0.0,1.814484606410297,0.2651039680643587,0.2503737508893959,0.0,0.0,0.0,0.0,0.052,0.052,-6.048487305117891,-6.048487305117891
2016.0,319.0,1.5,0.0,0.0,0.0,0.0,0.0,0.0,0.0,0.0,0.0,0.0,0.0,0.0,0.0,0.0,1.814484606410297,0.2651039680643587,0.2503737508893959,0.0,0.0,0.0,0.0,0.052,0.052,-6.048487305117891,-6.048487305117891
2016.0,319.0,2.0,0.0,0.0,0.0,0.0,0.0,0.0,0.0,0.0,0.0,0.0,0.0,0.0,0.0,0.0,1.814484606410297,0.2651039680643587,0.2503737508893959,0.0,0.0,0.0,0.0,0.052,0.052,-6.048487305117891,-6.048487305117891
2016.0,319.0,2.5,0.0,0.0,0.0,0.0,0.0,0.0,0.0,0.0,0.0,0.0,0.0,0.0,0.0,0.0,1.814484606410297,0.2651039680643587,0.2503737508893959,0.0,0.0,0.0,0.0,0.052,0.052,-6.048487305117891,-6.048487305117891
2016.0,319.0,3.0,0.0,0.0,0.0,0.0,0.0,0.0,0.0,0.0,0.0,0.0,0.0,0.0,0.0,0.0,1.814484606410297,0.2651039680643587,0.2503737508893959,0.0,0.0,0.0,0.0,0.052,0.052,-6.048487305117891,-6.048487305117891
2016.0,319.0,3.5,0.0,0.0,0.0,0.0,0.0,0.0,0.0,0.0,0.0,0.0,0.0,0.0,0.0,0.0,1.814484606410297,0.2651039680643587,0.2503737508893959,0.0,0.0,0.0,0.0,0.052,0.052,-6.048487305117891,-6.048487305117891
2016.0,319.0,4.0,0.0,0.0,0.0,0.0,0.0,0.0,0.0,0.0,0.0,0.0,0.0,0.0,0.0,0.0,1.814484606410297,0.2651039680643587,0.2503737508893959,0.0,0.0,0.0,0.0,0.052,0.052,-6.048487305117891,-6.048487305117891
2016.0,319.0,4.5,0.0,0.0,0.0,0.0,0.0,0.0,0.0,0.0,0.0,0.0,0.0,0.0,0.0,0.0,1.814484606410297,0.2651039680643587,0.2503737508893959,0.0,0.0,0.0,0.0,0.052,0.052,-6.048487305117891,-6.048487305117891
2016.0,319.0,5.0,0.0,0.0,0.0,0.0,0.0,0.0,0.0,0.0,0.0,0.0,0.0,0.0,0.0,0.0,1.814484606410297,0.2651039680643587,0.2503737508893959,0.0,0.0,0.0,0.0,0.052,0.052,-6.048487305117891,-6.048487305117891
2016,319,5.5,0.0,0.0,0.0,0.0,0.0,0.0,0.0,0.0,0.0,0.0,0.0,0.0,True,True,1.1365260456957729,0.2651039680643587,0.2503737508893959,0.0,0.0,0.0,0.0,0.052,0.052,-6.048487305117891,-6.048487305117891
2016,319,6.0,0.0,0.0,0.0,0.0,0.0,0.0,0.0,0.0,0.0,0.0,0.0,0.0,True,True,1.1365260456957729,0.2651039680643587,0.2503737508893959,0.0,0.0,0.0,0.0,0.052,0.052,-6.048487305117891,-6.048487305117891
2016,319,6.5,0.8362929412196917,1.587286223038096,0.03348686602106314,0.1252936812726142,12.314062240425475,28.313326370161416,0.0042052693840620905,0.01580345270451105,0.0,-6.218811657291025,20.36236191,20.35188691486666,False,False,1.1365260456957729,0.16702362646241595,0.2503737508893959,0.0,0.0,0.0,0.0,0.052,0.052,-6.048487305117891,-6.048487305117891
2016,319,7.0,5.419093564880037,0.0,0.28340413826364996,0.0,10.90584942571233,0.0,0.026275131640796225,0.0,0.0,0.0,1201.991167685922,0.0,False,0.0,1.1365260456957729,0.16702362646241595,0.2503737508893959,0.0,0.0,0.0,0.0,0.052,0.052,-6.048487305117891,-6.048487305117891
2016,319,7.5,1.8689733889458937,0.0,0.10504710780956676,0.0,10.642267335758726,0.0,0.008946420232121765,0.0,0.0,0.0,1241.5318921050032,0.0,False,0.0,1.1365260456957729,0.16702362646241595,0.2503737508893959,0.0,0.0,0.0,0.0,0.052,0.052,-6.048487305117891,-6.048487305117891
2016,319,8.0,2.465619881623412,0.0,0.1693721905525048,0.0,9.749054439736412,0.0,0.011500674153260821,0.0,0.0,0.0,1471.0652680454773,0.0,False,0.0,1.1365260456957729,0.16702362646241595,0.2503737508893959,0.0,0.0,0.0,0.0,0.052,0.052,-6.048487305117891,-6.048487305117891
2016,319,8.5,3.58927471660504,0.0,0.2712436668341724,0.0,9.344790984807979,0.0,0.016559542628156298,0.0,0.0,0.0,2144.684002628201,0.0,False,0.0,1.1365260456957729,0.16702362646241595,0.2503737508893959,0.0,0.0,0.0,0.0,0.052,0.052,-6.048487305117891,-6.048487305117891
2016,319,9.0,3.224261742119122,0.0,0.244119348401753,0.0,26.63668003583324,0.0,0.014864815010174288,0.0,0.0,0.0,2286.9372169144303,0.0,False,0.0,1.1365260456957729,0.16702362646241595,0.2503737508893959,0.0,0.0,0.0,0.0,0.052,0.052,-6.048487305117891,-6.048487305117891
2016,319,9.5,5.556777225898905,0.0,0.4460841289600469,0.0,26.507800308888925,0.0,0.025485470346156003,0.0,0.0,0.0,2662.350458703614,0.0,True,0.0,1.1365260456957729,0.16702362646241595,0.2503737508893959,0.0,0.0,0.0,0.0,0.052,0.052,-6.048487305117891,-6.048487305117891
2016,319,10.0,2.3657618544199184,0.0,0.19656913559979736,0.0,8.976416313911466,0.0,0.010783062328772852,0.0,0.0,0.0,2686.664844954147,0.0,False,0.0,1.1365260456957729,0.16702362646241595,0.2503737508893959,0.0,0.0,0.0,0.0,0.052,0.052,-6.048487305117891,-6.048487305117891
2016,319,10.5,0.24558652351446497,0.0,0.02255489507875048,0.0,25.5488168816196,0.0,0.0010622952571273801,0.0,0.0,0.0,3400.27458905393,0.0,False,0.0,1.1365260456957729,0.16702362646241595,0.2503737508893959,0.0,0.0,0.0,0.0,0.0515,0.0515,-6.452434612407716,-6.452434612407716
2016,319,11.0,0.0,0.2743045708339409,0.0,0.02310080894263301,0.0,9.105460565227276,0.0,0.0011919224140539593,0.0,-6.912376406368752,0.0,26.797222242894797,False,False,0.584232973397601,0.09511651149203419,0.2503737508893959,0.0,0.0,0.0,0.0,0.051,0.051,-6.8877024241280935,-6.8877024241280935
2016,319,11.5,0.0,0.0,0.0,0.0,0.0,0.0,0.0,0.0,0.0,0.0,0.0,0.0,False,0.0,0.584232973397601,0.09511651149203419,0.2503737508893959,0.0,0.0,0.0,0.0,0.051,0.051,-6.8877024241280935,-6.8877024241280935
2016,319,12.0,0.0,1.0207718723584498,0.0,0.09626206276233149,0.0,12.223943544549511,0.0,0.00504076553397273,0.0,-6.993448062302346,0.0,27.08176829240056,False,False,0.584232973397601,0.0885044023689189,0.2503737508893959,0.0,0.0,0.0,0.0,0.051,0.051,-6.8877024241280935,-6.8877024241280935
2016,319,12.5,0.0,0.15078255455360923,0.0,0.013225114490643515,0.0,9.150983383039858,0.0,0.0006663512778781841,0.0,-6.901801842551327,0.0,27.385473410624577,False,False,0.584232973397601,0.09600519319879862,0.2503737508893959,0.0,0.0,0.0,0.0,0.051,0.051,-6.8877024241280935,-6.8877024241280935
2016,319,13.0,0.0,0.0,0.0,0.0,0.0,0.0,0.0,0.0,0.0,0.0,0.0,0.0,False,0.0,0.584232973397601,0.09600519319879862,0.2503737508893959,0.0,0.0,0.0,0.0,0.051,0.051,-6.8877024241280935,-6.8877024241280935
2016,319,13.5,0.0,1.1469548001178138,0.0,0.11612293617429495,0.0,13.699393641913472,0.0,0.005953586322471394,0.0,-7.025171753754622,0.0,26.52678108,False,False,0.584232973397601,0.0860127062355504,0.2503737508893959,0.0,0.0,0.0,0.0,0.051,0.051,-6.8877024241280935,-6.8877024241280935
2016,319,14.0,0.0,0.8321037236036086,0.0,0.0728352283582802,0.0,10.752855060726018,0.0,0.003913285065767412,0.0,-6.975823789273304,0.0,26.373442171690655,False,False,0.584232973397601,0.08991177310690854,0.2503737508893959,0.0,0.0,0.0,0.0,0.051,0.051,-6.8877024241280935,-6.8877024241280935
2016,319,14.5,0.0,0.056101016059942665,0.0,0.0028510636114794084,0.0,7.6197560411334715,0.0,0.0001701874838557914,0.0,-6.8912272787339015,0.0,26.092825680755183,False,False,0.584232973397601,0.09689998937173189,0.2503737508893959,0.0,0.0,0.0,0.0,0.051,0.051,-6.8877024241280935,-6.8877024241280935
2016,319,15.0,0.1344632997715447,2.100441196655846,0.006489031300759088,0.1378943457012718,7.872520731164054,17.76210305202438,0.0005931653328714213,0.012638208178157296,0.0,-7.088619136659173,23.672467853786195,23.674058754708675,False,False,0.584232973397601,0.08118770162160732,0.2503737508893959,0.0,0.0,0.0,0.0,0.051,0.051,-6.8877024241280935,-6.8877024241280935
2016.0,319.0,15.5,0.0,0.0,0.0,0.0,0.0,0.0,0.0,0.0,0.0,0.0,0.0,0.0,0.0,0.0,0.584232973397601,0.08118770162160732,0.2503737508893959,0.0,0.0,0.0,0.0,0.05,0.05,-7.863564046704504,-7.863564046704504
2016.0,319.0,16.0,0.0,0.0,0.0,0.0,0.0,0.0,0.0,0.0,0.0,0.0,0.0,0.0,0.0,0.0,0.584232973397601,0.08118770162160732,0.2503737508893959,0.0,0.0,0.0,0.0,0.05,0.05,-7.863564046704504,-7.863564046704504
2016.0,319.0,16.5,0.0,0.0,0.0,0.0,0.0,0.0,0.0,0.0,0.0,0.0,0.0,0.0,0.0,0.0,0.584232973397601,0.08118770162160732,0.2503737508893959,0.0,0.0,0.0,0.0,0.05,0.05,-7.863564046704504,-7.863564046704504
2016.0,319.0,17.0,0.0,0.0,0.0,0.0,0.0,0.0,0.0,0.0,0.0,0.0,0.0,0.0,0.0,0.0,0.584232973397601,0.08118770162160732,0.2503737508893959,0.0,0.0,0.0,0.0,0.05,0.05,-7.863564046704504,-7.863564046704504
2016.0,319.0,17.5,0.0,0.0,0.0,0.0,0.0,0.0,0.0,0.0,0.0,0.0,0.0,0.0,0.0,0.0,0.584232973397601,0.08118770162160732,0.2503737508893959,0.0,0.0,0.0,0.0,0.05,0.05,-7.863564046704504,-7.863564046704504
2016.0,319.0,18.0,0.0,0.0,0.0,0.0,0.0,0.0,0.0,0.0,0.0,0.0,0.0,0.0,0.0,0.0,0.584232973397601,0.08118770162160732,0.2503737508893959,0.0,0.0,0.0,0.0,0.05,0.05,-7.863564046704504,-7.863564046704504
2016.0,319.0,18.5,0.0,0.0,0.0,0.0,0.0,0.0,0.0,0.0,0.0,0.0,0.0,0.0,0.0,0.0,0.584232973397601,0.08118770162160732,0.2503737508893959,0.0,0.0,0.0,0.0,0.05,0.05,-7.863564046704504,-7.863564046704504
2016.0,319.0,19.0,0.0,0.0,0.0,0.0,0.0,0.0,0.0,0.0,0.0,0.0,0.0,0.0,0.0,0.0,0.584232973397601,0.08118770162160732,0.2503737508893959,0.0,0.0,0.0,0.0,0.05,0.05,-7.863564046704504,-7.863564046704504
2016.0,319.0,19.5,0.0,0.0,0.0,0.0,0.0,0.0,0.0,0.0,0.0,0.0,0.0,0.0,0.0,0.0,0.584232973397601,0.08118770162160732,0.2503737508893959,0.0,0.0,0.0,0.0,0.05,0.05,-7.863564046704504,-7.863564046704504
2016.0,319.0,20.0,0.0,0.0,0.0,0.0,0.0,0.0,0.0,0.0,0.0,0.0,0.0,0.0,0.0,0.0,0.584232973397601,0.08118770162160732,0.2503737508893959,0.0,0.0,0.0,0.0,0.05,0.05,-7.863564046704504,-7.863564046704504
2016.0,319.0,20.5,0.0,0.0,0.0,0.0,0.0,0.0,0.0,0.0,0.0,0.0,0.0,0.0,0.0,0.0,0.584232973397601,0.08118770162160732,0.2503737508893959,0.0,0.0,0.0,0.0,0.05,0.05,-7.863564046704504,-7.863564046704504
2016.0,319.0,21.0,0.0,0.0,0.0,0.0,0.0,0.0,0.0,0.0,0.0,0.0,0.0,0.0,0.0,0.0,0.584232973397601,0.08118770162160732,0.2503737508893959,0.0,0.0,0.0,0.0,0.05,0.05,-7.863564046704504,-7.863564046704504
2016.0,319.0,21.5,0.0,0.0,0.0,0.0,0.0,0.0,0.0,0.0,0.0,0.0,0.0,0.0,0.0,0.0,0.584232973397601,0.08118770162160732,0.2503737508893959,0.0,0.0,0.0,0.0,0.05,0.05,-7.863564046704504,-7.863564046704504
2016.0,319.0,22.0,0.0,0.0,0.0,0.0,0.0,0.0,0.0,0.0,0.0,0.0,0.0,0.0,0.0,0.0,0.584232973397601,0.08118770162160732,0.2503737508893959,0.0,0.0,0.0,0.0,0.05,0.05,-7.863564046704504,-7.863564046704504
2016.0,319.0,22.5,0.0,0.0,0.0,0.0,0.0,0.0,0.0,0.0,0.0,0.0,0.0,0.0,0.0,0.0,0.584232973397601,0.08118770162160732,0.2503737508893959,0.0,0.0,0.0,0.0,0.05,0.05,-7.863564046704504,-7.863564046704504
2016.0,319.0,23.0,0.0,0.0,0.0,0.0,0.0,0.0,0.0,0.0,0.0,0.0,0.0,0.0,0.0,0.0,0.584232973397601,0.08118770162160732,0.2503737508893959,0.0,0.0,0.0,0.0,0.05,0.05,-7.863564046704504,-7.863564046704504
2016.0,319.0,23.5,0.0,0.0,0.0,0.0,0.0,0.0,0.0,0.0,0.0,0.0,0.0,0.0,0.0,0.0,0.584232973397601,0.08118770162160732,0.2503737508893959,0.0,0.0,0.0,0.0,0.05,0.05,-7.863564046704504,-7.863564046704504
2016.0,320.0,0.0,0.0,0.0,0.0,0.0,0.0,0.0,0.0,0.0,0.0,0.0,0.0,0.0,0.0,0.0,0.584232973397601,0.08118770162160732,0.2503737508893959,0.0,0.0,0.0,0.0,0.05,0.05,-7.863564046704504,-7.863564046704504
2016.0,320.0,0.5,0.0,0.0,0.0,0.0,0.0,0.0,0.0,0.0,0.0,0.0,0.0,0.0,0.0,0.0,0.584232973397601,0.08118770162160732,0.2503737508893959,0.0,0.0,0.0,0.0,0.05,0.05,-7.863564046704504,-7.863564046704504
2016.0,320.0,1.0,0.0,0.0,0.0,0.0,0.0,0.0,0.0,0.0,0.0,0.0,0.0,0.0,0.0,0.0,0.584232973397601,0.08118770162160732,0.2503737508893959,0.0,0.0,0.0,0.0,0.05,0.05,-7.863564046704504,-7.863564046704504
2016.0,320.0,1.5,0.0,0.0,0.0,0.0,0.0,0.0,0.0,0.0,0.0,0.0,0.0,0.0,0.0,0.0,0.584232973397601,0.08118770162160732,0.2503737508893959,0.0,0.0,0.0,0.0,0.05,0.05,-7.863564046704504,-7.863564046704504
2016.0,320.0,2.0,0.0,0.0,0.0,0.0,0.0,0.0,0.0,0.0,0.0,0.0,0.0,0.0,0.0,0.0,0.584232973397601,0.08118770162160732,0.2503737508893959,0.0,0.0,0.0,0.0,0.05,0.05,-7.863564046704504,-7.863564046704504
2016.0,320.0,2.5,0.0,0.0,0.0,0.0,0.0,0.0,0.0,0.0,0.0,0.0,0.0,0.0,0.0,0.0,0.584232973397601,0.08118770162160732,0.2503737508893959,0.0,0.0,0.0,0.0,0.05,0.05,-7.863564046704504,-7.863564046704504
2016.0,320.0,3.0,0.0,0.0,0.0,0.0,0.0,0.0,0.0,0.0,0.0,0.0,0.0,0.0,0.0,0.0,0.584232973397601,0.08118770162160732,0.2503737508893959,0.0,0.0,0.0,0.0,0.05,0.05,-7.863564046704504,-7.863564046704504
2016.0,320.0,3.5,0.0,0.0,0.0,0.0,0.0,0.0,0.0,0.0,0.0,0.0,0.0,0.0,0.0,0.0,0.584232973397601,0.08118770162160732,0.2503737508893959,0.0,0.0,0.0,0.0,0.05,0.05,-7.863564046704504,-7.863564046704504
2016.0,320.0,4.0,0.0,0.0,0.0,0.0,0.0,0.0,0.0,0.0,0.0,0.0,0.0,0.0,0.0,0.0,0.584232973397601,0.08118770162160732,0.2503737508893959,0.0,0.0,0.0,0.0,0.05,0.05,-7.863564046704504,-7.863564046704504
2016.0,320.0,4.5,0.0,0.0,0.0,0.0,0.0,0.0,0.0,0.0,0.0,0.0,0.0,0.0,0.0,0.0,0.584232973397601,0.08118770162160732,0.2503737508893959,0.0,0.0,0.0,0.0,0.051,0.051,-6.8877024241280935,-6.8877024241280935
2016.0,320.0,5.0,0.0,0.0,0.0,0.0,0.0,0.0,0.0,0.0,0.0,0.0,0.0,0.0,0.0,0.0,0.584232973397601,0.08118770162160732,0.2503737508893959,0.0,0.0,0.0,0.0,0.0505,0.0505,-7.357062769630571,-7.357062769630571
2016.0,320.0,5.5,0.0,0.0,0.0,0.0,0.0,0.0,0.0,0.0,0.0,0.0,0.0,0.0,0.0,0.0,0.584232973397601,0.08118770162160732,0.2503737508893959,0.0,0.0,0.0,0.0,0.0505,0.0505,-7.357062769630571,-7.357062769630571
2016,320,6.0,1.096211979170174,1.541960956213102,0.01836404696571832,0.03707111263458531,12.474149160143549,22.28741684188069,0.005545303878560213,0.011219565555351642,0.0,-7.025171753754622,17.2693871474306,17.25810129836247,False,False,0.584232973397601,0.0860127062355504,0.2503737508893959,0.0,0.0,0.0,0.0,0.051,0.051,-6.8877024241280935,-6.8877024241280935
2016,320,6.5,1.9926086498333464,0.0,0.03398939345357456,0.0,12.315657758238432,0.0,0.01006524711433867,0.0,0.0,0.0,-461.2742162309058,0.0,False,0.0,0.584232973397601,0.0860127062355504,0.2503737508893959,0.0,0.0,0.0,0.0,0.051,0.051,-6.8877024241280935,-6.8877024241280935
2016,320,7.0,1.8832345071806378,2.735453095724372,0.029739604606540928,0.06305381218767821,12.723171129399205,23.025400644198875,0.009637413423844518,0.02050717006823762,0.0,-7.018122044543005,18.51270544021617,18.505222839507518,False,False,0.584232973397601,0.08656181834816645,0.2503737508893959,0.0,0.0,0.0,0.0,0.051,0.051,-6.8877024241280935,-6.8877024241280935
2016,320,7.5,1.9423415345887476,0.16269725557946335,0.039594949780374325,0.0027519240667899657,9.348086348912501,4.757933946923722,0.008953915147865992,0.0006209178297608891,0.0,-7.364060329059316,19.244021757458384,19.23973573479141,False,False,0.3787387708429918,0.06258378688047023,0.2503737508893959,0.0,0.0,0.0,0.0,0.0505,0.0505,-7.357062769630571,-7.357062769630571
2016.0,320.0,8.0,0.0,0.0,0.0,0.0,0.0,0.0,0.0,0.0,0.0,0.0,0.0,0.0,0.0,0.0,0.3787387708429918,0.06258378688047023,0.2503737508893959,0.0,0.0,0.0,0.0,0.05,0.05,-7.863564046704504,-7.863564046704504
2016.0,320.0,8.5,0.0,0.0,0.0,0.0,0.0,0.0,0.0,0.0,0.0,0.0,0.0,0.0,0.0,0.0,0.3787387708429918,0.06258378688047023,0.2503737508893959,0.0,0.0,0.0,0.0,0.05,0.05,-7.863564046704504,-7.863564046704504
2016.0,320.0,9.0,0.0,0.0,0.0,0.0,0.0,0.0,0.0,0.0,0.0,0.0,0.0,0.0,0.0,0.0,0.3787387708429918,0.06258378688047023,0.2503737508893959,0.0,0.0,0.0,0.0,0.05,0.05,-7.863564046704504,-7.863564046704504
2016.0,320.0,9.5,0.0,0.0,0.0,0.0,0.0,0.0,0.0,0.0,0.0,0.0,0.0,0.0,0.0,0.0,0.3787387708429918,0.06258378688047023,0.2503737508893959,0.0,0.0,0.0,0.0,0.05,0.05,-7.863564046704504,-7.863564046704504
2016.0,320.0,10.0,0.0,0.0,0.0,0.0,0.0,0.0,0.0,0.0,0.0,0.0,0.0,0.0,0.0,0.0,0.3787387708429918,0.06258378688047023,0.2503737508893959,0.0,0.0,0.0,0.0,0.05,0.05,-7.863564046704504,-7.863564046704504
2016.0,320.0,10.5,0.0,0.0,0.0,0.0,0.0,0.0,0.0,0.0,0.0,0.0,0.0,0.0,0.0,0.0,0.3787387708429918,0.06258378688047023,0.2503737508893959,0.0,0.0,0.0,0.0,0.05,0.05,-7.863564046704504,-7.863564046704504
2016.0,320.0,11.0,0.0,0.0,0.0,0.0,0.0,0.0,0.0,0.0,0.0,0.0,0.0,0.0,0.0,0.0,0.3787387708429918,0.06258378688047023,0.2503737508893959,0.0,0.0,0.0,0.0,0.05,0.05,-7.863564046704504,-7.863564046704504
2016.0,320.0,11.5,0.0,0.0,0.0,0.0,0.0,0.0,0.0,0.0,0.0,0.0,0.0,0.0,0.0,0.0,0.3787387708429918,0.06258378688047023,0.2503737508893959,0.0,0.0,0.0,0.0,0.05,0.05,-7.863564046704504,-7.863564046704504
2016.0,320.0,12.0,0.0,0.0,0.0,0.0,0.0,0.0,0.0,0.0,0.0,0.0,0.0,0.0,0.0,0.0,0.3787387708429918,0.06258378688047023,0.2503737508893959,0.0,0.0,0.0,0.0,0.05,0.05,-7.863564046704504,-7.863564046704504
2016.0,320.0,12.5,0.0,0.0,0.0,0.0,0.0,0.0,0.0,0.0,0.0,0.0,0.0,0.0,0.0,0.0,0.3787387708429918,0.06258378688047023,0.2503737508893959,0.0,0.0,0.0,0.0,0.05,0.05,-7.863564046704504,-7.863564046704504
2016.0,320.0,13.0,0.0,0.0,0.0,0.0,0.0,0.0,0.0,0.0,0.0,0.0,0.0,0.0,0.0,0.0,0.3787387708429918,0.06258378688047023,0.2503737508893959,0.0,0.0,0.0,0.0,0.05,0.05,-7.863564046704504,-7.863564046704504
2016.0,320.0,13.5,0.0,0.0,0.0,0.0,0.0,0.0,0.0,0.0,0.0,0.0,0.0,0.0,0.0,0.0,0.3787387708429918,0.06258378688047023,0.2503737508893959,0.0,0.0,0.0,0.0,0.05,0.05,-7.863564046704504,-7.863564046704504
2016.0,320.0,14.0,0.0,0.0,0.0,0.0,0.0,0.0,0.0,0.0,0.0,0.0,0.0,0.0,0.0,0.0,0.3787387708429918,0.06258378688047023,0.2503737508893959,0.0,0.0,0.0,0.0,0.0495,0.0495,-8.213147767034087,-8.213147767034087
2016.0,320.0,14.5,0.0,0.0,0.0,0.0,0.0,0.0,0.0,0.0,0.0,0.0,0.0,0.0,0.0,0.0,0.3787387708429918,0.06258378688047023,0.2503737508893959,0.0,0.0,0.0,0.0,0.049,0.049,-8.578272630895233,-8.578272630895233
2016.0,320.0,15.0,0.0,0.0,0.0,0.0,0.0,0.0,0.0,0.0,0.0,0.0,0.0,0.0,0.0,0.0,0.3787387708429918,0.06258378688047023,0.2503737508893959,0.0,0.0,0.0,0.0,0.049,0.049,-8.578272630895233,-8.578272630895233
2016.0,320.0,15.5,0.0,0.0,0.0,0.0,0.0,0.0,0.0,0.0,0.0,0.0,0.0,0.0,0.0,0.0,0.3787387708429918,0.06258378688047023,0.2503737508893959,0.0,0.0,0.0,0.0,0.049,0.049,-8.578272630895233,-8.578272630895233
2016.0,320.0,16.0,0.0,0.0,0.0,0.0,0.0,0.0,0.0,0.0,0.0,0.0,0.0,0.0,0.0,0.0,0.3787387708429918,0.06258378688047023,0.2503737508893959,0.0,0.0,0.0,0.0,0.049,0.049,-8.578272630895233,-8.578272630895233
2016.0,320.0,16.5,0.0,0.0,0.0,0.0,0.0,0.0,0.0,0.0,0.0,0.0,0.0,0.0,0.0,0.0,0.3787387708429918,0.06258378688047023,0.2503737508893959,0.0,0.0,0.0,0.0,0.049,0.049,-8.578272630895233,-8.578272630895233
2016.0,320.0,17.0,0.0,0.0,0.0,0.0,0.0,0.0,0.0,0.0,0.0,0.0,0.0,0.0,0.0,0.0,0.3787387708429918,0.06258378688047023,0.2503737508893959,0.0,0.0,0.0,0.0,0.049,0.049,-8.578272630895233,-8.578272630895233
2016.0,320.0,17.5,0.0,0.0,0.0,0.0,0.0,0.0,0.0,0.0,0.0,0.0,0.0,0.0,0.0,0.0,0.3787387708429918,0.06258378688047023,0.2503737508893959,0.0,0.0,0.0,0.0,0.049,0.049,-8.578272630895233,-8.578272630895233
2016.0,320.0,18.0,0.0,0.0,0.0,0.0,0.0,0.0,0.0,0.0,0.0,0.0,0.0,0.0,0.0,0.0,0.3787387708429918,0.06258378688047023,0.2503737508893959,0.0,0.0,0.0,0.0,0.049,0.049,-8.578272630895233,-8.578272630895233
2016.0,320.0,18.5,0.0,0.0,0.0,0.0,0.0,0.0,0.0,0.0,0.0,0.0,0.0,0.0,0.0,0.0,0.3787387708429918,0.06258378688047023,0.2503737508893959,0.0,0.0,0.0,0.0,0.049,0.049,-8.578272630895233,-8.578272630895233
2016.0,320.0,19.0,0.0,0.0,0.0,0.0,0.0,0.0,0.0,0.0,0.0,0.0,0.0,0.0,0.0,0.0,0.3787387708429918,0.06258378688047023,0.2503737508893959,0.0,0.0,0.0,0.0,0.049,0.049,-8.578272630895233,-8.578272630895233
2016.0,320.0,19.5,0.0,0.0,0.0,0.0,0.0,0.0,0.0,0.0,0.0,0.0,0.0,0.0,0.0,0.0,0.3787387708429918,0.06258378688047023,0.2503737508893959,0.0,0.0,0.0,0.0,0.049,0.049,-8.578272630895233,-8.578272630895233
2016.0,320.0,20.0,0.0,0.0,0.0,0.0,0.0,0.0,0.0,0.0,0.0,0.0,0.0,0.0,0.0,0.0,0.3787387708429918,0.06258378688047023,0.2503737508893959,0.0,0.0,0.0,0.0,0.049,0.049,-8.578272630895233,-8.578272630895233
2016.0,320.0,20.5,0.0,0.0,0.0,0.0,0.0,0.0,0.0,0.0,0.0,0.0,0.0,0.0,0.0,0.0,0.3787387708429918,0.06258378688047023,0.2503737508893959,0.0,0.0,0.0,0.0,0.049,0.049,-8.578272630895233,-8.578272630895233
2016.0,320.0,21.0,0.0,0.0,0.0,0.0,0.0,0.0,0.0,0.0,0.0,0.0,0.0,0.0,0.0,0.0,0.3787387708429918,0.06258378688047023,0.2503737508893959,0.0,0.0,0.0,0.0,0.049,0.049,-8.578272630895233,-8.578272630895233
2016.0,320.0,21.5,0.0,0.0,0.0,0.0,0.0,0.0,0.0,0.0,0.0,0.0,0.0,0.0,0.0,0.0,0.3787387708429918,0.06258378688047023,0.2503737508893959,0.0,0.0,0.0,0.0,0.049,0.049,-8.578272630895233,-8.578272630895233
2016.0,320.0,22.0,0.0,0.0,0.0,0.0,0.0,0.0,0.0,0.0,0.0,0.0,0.0,0.0,0.0,0.0,0.3787387708429918,0.06258378688047023,0.2503737508893959,0.0,0.0,0.0,0.0,0.049,0.049,-8.578272630895233,-8.578272630895233
2016.0,320.0,22.5,0.0,0.0,0.0,0.0,0.0,0.0,0.0,0.0,0.0,0.0,0.0,0.0,0.0,0.0,0.3787387708429918,0.06258378688047023,0.2503737508893959,0.0,0.0,0.0,0.0,0.049,0.049,-8.578272630895233,-8.578272630895233
2016.0,320.0,23.0,0.0,0.0,0.0,0.0,0.0,0.0,0.0,0.0,0.0,0.0,0.0,0.0,0.0,0.0,0.3787387708429918,0.06258378688047023,0.2503737508893959,0.0,0.0,0.0,0.0,0.049,0.049,-8.578272630895233,-8.578272630895233
2016.0,320.0,23.5,0.0,0.0,0.0,0.0,0.0,0.0,0.0,0.0,0.0,0.0,0.0,0.0,0.0,0.0,0.3787387708429918,0.06258378688047023,0.2503737508893959,0.0,0.0,0.0,0.0,0.049,0.049,-8.578272630895233,-8.578272630895233
