year,doy,hod,A(uso),A(pmax),E(uso),E(pmax),Ci(uso),Ci(pmax),gs(uso),gs(pmax),Pleaf(uso),Pleaf(pmax),Tleaf(uso),Tleaf(pmax),Rublim(uso),Rublim(pmax),ksc(pmax),VCsun(pmax),VCsha(pmax),Eci(uso),Eci(pmax),Es(uso),Es(pmax),sw(uso),sw(pmax),Ps(uso),Ps(pmax)
[-],[-],[h],[umol m-2 s-1],[umol m-2 s-1],[mmol m-2 s-1],[mmol m-2 s-1],[Pa],[Pa],[mol m-2 s-1],[mol m-2 s-1],[MPa],[MPa],[degC],[degC],[-],[-],[mmol m-2 s-1 MPa-1],[-],[-],[mmol m-2 s-1],[mmol m-2 s-1],[mmol m-2 s-1],[mmol m-2 s-1],[m3 m-3],[m3 m-3],[MPa],[MPa]
2016.0,303.0,0.0,0.0,0.0,0.0,0.0,0.0,0.0,0.0,0.0,0.0,0.0,0.0,0.0,0.0,0.0,6.010651,1.0,1.0,0.0,0.0,0.0,0.0,0.112,0.112,-0.03564977988411399,-0.03564977988411399
2016.0,303.0,0.5,0.0,0.0,0.0,0.0,0.0,0.0,0.0,0.0,0.0,0.0,0.0,0.0,0.0,0.0,6.010651,1.0,1.0,0.0,0.0,0.0,0.0,0.112,0.112,-0.03564977988411399,-0.03564977988411399
2016.0,303.0,1.0,0.0,0.0,0.0,0.0,0.0,0.0,0.0,0.0,0.0,0.0,0.0,0.0,0.0,0.0,6.010651,1.0,1.0,0.0,0.0,0.0,0.0,0.112,0.112,-0.03564977988411399,-0.03564977988411399
2016.0,303.0,1.5,0.0,0.0,0.0,0.0,0.0,0.0,0.0,0.0,0.0,0.0,0.0,0.0,0.0,0.0,6.010651,1.0,1.0,0.0,0.0,0.0,0.0,0.112,0.112,-0.03564977988411399,-0.03564977988411399
2016.0,303.0,2.0,0.0,0.0,0.0,0.0,0.0,0.0,0.0,0.0,0.0,0.0,0.0,0.0,0.0,0.0,6.010651,1.0,1.0,0.0,0.0,0.0,0.0,0.112,0.112,-0.03564977988411399,-0.03564977988411399
2016.0,303.0,2.5,0.0,0.0,0.0,0.0,0.0,0.0,0.0,0.0,0.0,0.0,0.0,0.0,0.0,0.0,6.010651,1.0,1.0,0.0,0.0,0.0,0.0,0.112,0.112,-0.03564977988411399,-0.03564977988411399
2016.0,303.0,3.0,0.0,0.0,0.0,0.0,0.0,0.0,0.0,0.0,0.0,0.0,0.0,0.0,0.0,0.0,6.010651,1.0,1.0,0.0,0.0,0.0,0.0,0.112,0.112,-0.03564977988411399,-0.03564977988411399
2016.0,303.0,3.5,0.0,0.0,0.0,0.0,0.0,0.0,0.0,0.0,0.0,0.0,0.0,0.0,0.0,0.0,6.010651,1.0,1.0,0.0,0.0,0.0,0.0,0.112,0.112,-0.03564977988411399,-0.03564977988411399
2016.0,303.0,4.0,0.0,0.0,0.0,0.0,0.0,0.0,0.0,0.0,0.0,0.0,0.0,0.0,0.0,0.0,6.010651,1.0,1.0,0.0,0.0,0.0,0.0,0.112,0.112,-0.03564977988411399,-0.03564977988411399
2016.0,303.0,4.5,0.0,0.0,0.0,0.0,0.0,0.0,0.0,0.0,0.0,0.0,0.0,0.0,0.0,0.0,6.010651,1.0,1.0,0.0,0.0,0.0,0.0,0.112,0.112,-0.03564977988411399,-0.03564977988411399
2016.0,303.0,5.0,0.0,0.0,0.0,0.0,0.0,0.0,0.0,0.0,0.0,0.0,0.0,0.0,0.0,0.0,6.010651,1.0,1.0,0.0,0.0,0.0,0.0,0.112,0.112,-0.03564977988411399,-0.03564977988411399
2016.0,303.0,5.5,0.0,0.0,0.0,0.0,0.0,0.0,0.0,0.0,0.0,0.0,0.0,0.0,0.0,0.0,6.010651,1.0,1.0,0.0,0.0,0.0,0.0,0.112,0.112,-0.03564977988411399,-0.03564977988411399
2016.0,303.0,6.0,0.0,0.0,0.0,0.0,0.0,0.0,0.0,0.0,0.0,0.0,0.0,0.0,0.0,0.0,6.010651,1.0,1.0,0.0,0.0,0.0,0.0,0.112,0.112,-0.03564977988411399,-0.03564977988411399
2016,303,6.5,0.0,0.0,0.0,0.0,0.0,0.0,0.0,0.0,0.0,0.0,0.0,0.0,True,True,6.01063392215407,1.0,1.0,0.0,0.0,0.0,0.0,0.112,0.112,-0.03564977988411399,-0.03564977988411399
2016,303,7.0,0.0,0.0,0.0,0.0,0.0,0.0,0.0,0.0,0.0,0.0,0.0,0.0,True,True,6.010632546886653,1.0,1.0,0.0,0.0,0.003650374619603474,0.003650374619603474,0.1115,0.1115,-0.03673320302919571,-0.03673320302919571
2016,303,7.5,2.5341642698421203,2.6660953618119843,0.15879419832755212,0.4538847802170678,36.19471682028661,41.69662382578305,0.05318160260311717,0.15157623941324594,0.0,-0.11374704579800529,19.960940741543595,19.88840456675401,False,False,6.010631053928128,0.9999428431892257,1.0,0.0,0.0,0.01866849096374706,0.01866849096374706,0.111,0.111,-0.037854645342310235,-0.037854645342310235
2016,303,8.0,4.423318937275876,4.626976070785034,0.2770067657251921,1.0444452818116141,36.0474141166299,41.68101760714474,0.0921796034156119,0.3877506393118643,0.0,-0.18963944625370036,21.031079265252245,21.034292074078238,False,False,6.010631053928128,0.9997855490459115,1.0,0.0,0.0,0.04177000339175591,0.04177000339175591,0.111,0.111,-0.037854645342310235,-0.037854645342310235
2016,303,8.5,4.515075817592629,4.704580842629752,0.2531173381074249,0.8699678706141437,36.5986434976193,41.67834774710202,0.10077163025318996,0.38468463741261383,0.0,-0.15169324602585282,21.185287932360737,21.18164236669022,False,False,6.010631053928128,0.9998796344145388,1.0,0.0,0.0,0.04456911876386062,0.04456911876386062,0.111,0.111,-0.037854645342310235,-0.037854645342310235
2016,303,9.0,19.491013907061056,0.0,1.3196855252334876,0.0,34.463489052118234,0.0,0.3681258553424675,0.0,0.0,0.0,19017.572134482627,0.0,False,0.0,6.010631053928128,0.9998796344145388,1.0,0.0,0.0,0.34953314992489865,0.34953314992489865,0.111,0.111,-0.037854645342310235,-0.037854645342310235
2016,303,9.5,18.408601262474804,0.0,1.6810676895274987,0.0,32.885351601433534,0.0,0.29130234693077006,0.0,0.0,0.0,22018.13818188966,0.0,False,0.0,6.010631053928128,0.9998796344145388,1.0,0.0,0.0,0.3371133478128862,0.3371133478128862,0.111,0.111,-0.037854645342310235,-0.037854645342310235
2016,303,10.0,10.77461767259674,0.0,1.1934998417571154,0.0,32.075487594431344,0.0,0.13806144058928374,0.0,0.0,0.0,26472.024747156614,0.0,False,0.0,6.010631053928128,0.9998796344145388,1.0,0.0,0.0,0.2216814912758102,0.2216814912758102,0.111,0.111,-0.037854645342310235,-0.037854645342310235
2016,303,10.5,15.096706470129247,0.0,1.8647252370036267,0.0,31.201747773814247,0.0,0.19329591206928778,0.0,0.0,0.0,29379.957382912224,0.0,False,0.0,6.010631053928128,0.9998796344145388,1.0,0.0,0.0,0.3070574843358294,0.3070574843358294,0.111,0.111,-0.037854645342310235,-0.037854645342310235
2016,303,11.0,5.3836526871523604,0.0,0.2802780711512499,0.0,38.47729808529303,0.0,0.05417197663868124,0.0,0.0,0.0,28826.175672234647,0.0,False,0.0,6.010631053928128,0.9998796344145388,1.0,0.0,0.0,0.09219015438544031,0.09219015438544031,0.111,0.111,-0.037854645342310235,-0.037854645342310235
2016,303,11.5,4.16431123831633,6.862868450923133,0.2712589662060839,2.5870131838412656,41.03766744758338,41.68962255631466,0.041454430002599976,0.20277647584412353,0.0,-0.30347804693724295,31.560762093176216,24.77986747353863,False,False,6.010631053928128,0.9992764173368293,1.0,0.0,0.0,0.07485982086878933,0.07485982086878933,0.111,0.111,-0.037854645342310235,-0.037854645342310235
2016,303,12.0,0.0,0.0,0.0,0.0,0.0,0.0,0.0,0.0,0.0,0.0,0.0,0.0,True,0.0,6.010631053928128,0.9992764173368293,1.0,0.0,0.0,0.01974290856366594,0.01974290856366594,0.111,0.111,-0.037854645342310235,-0.037854645342310235
2016,303,12.5,0.0,0.0,0.0,0.0,0.0,0.0,0.0,0.0,0.0,0.0,0.0,0.0,True,0.0,6.01062767123044,0.999996118761585,1.0,0.0,0.0,0.01083015316745983,0.01083015316745983,0.11,0.11,-0.040217713132218724,-0.040217713132218724
2016,303,13.0,0.0,2.975921458770629,0.0,0.3446843380309499,0.0,41.688189270005665,0.0,0.04152034233859804,0.0,-0.07815203864755416,0.0,23.581502630796432,False,False,6.01062767123044,0.9999783534840815,1.0,0.0,0.0,0.033236354612020506,0.033236354612020506,0.11,0.11,-0.040217713132218724,-0.040217713132218724
2016,303,13.5,3.9772915308264527,5.859627020781257,0.18679671636797407,1.7253777913916393,38.07019402700973,41.71447485049705,0.044391046173642125,0.17896371998729646,0.0,-0.22988934070889588,29.642592521836544,24.8286976428549,False,False,6.01062767123044,0.9996471831299836,1.0,0.0,0.0,0.06515875818366826,0.06515875818366826,0.11,0.11,-0.040217713132218724,-0.040217713132218724
2016,303,14.0,2.4749528332916833,3.218028619769801,0.11828258277070124,1.3167179540381475,37.05457868622144,41.72224440765004,0.0324188151467699,0.23253273826065302,0.0,-0.19195501519356045,27.277660855559468,25.001456925880802,False,False,6.01062767123044,0.9997787097651161,1.0,0.0,0.0,0.039691762269428686,0.039691762269428686,0.11,0.11,-0.040217713132218724,-0.040217713132218724
2016,303,14.5,0.0,0.0,0.0,0.0,0.0,0.0,0.0,0.0,0.0,0.0,0.0,0.0,True,True,6.01062767123044,0.9997787097651161,1.0,0.0,0.0,0.005566401644582514,0.005566401644582514,0.11,0.11,-0.040217713132218724,-0.040217713132218724
2016.0,303.0,15.0,0.0,0.0,0.0,0.0,0.0,0.0,0.0,0.0,0.0,0.0,0.0,0.0,0.0,0.0,6.01062767123044,0.9997787097651161,1.0,0.0,0.0,0.0006936754898177936,0.0006936754898177936,0.11,0.11,-0.040217713132218724,-0.040217713132218724
2016,303,15.5,3.217179834912753,3.5004823151599282,0.2588114561377575,1.0104827255093836,34.75030303083991,41.69238323969485,0.05688562931543734,0.2259675239451924,0.0,-0.19195501519356045,24.004013681637527,23.909517533031263,False,False,6.01062767123044,0.9997787097651161,1.0,0.0,0.0,0.03672190360069857,0.03672190360069857,0.11,0.11,-0.040217713132218724,-0.040217713132218724
2016,303,16.0,1.8518296596741743,2.0274861517257694,0.15676604981314812,0.6463092932003451,34.55121585037655,41.688463654256864,0.03177890946687338,0.13672691123583905,0.0,-0.15402068967822502,24.294216105401965,24.296282801312206,False,False,6.01062767123044,0.9998747986717622,1.0,0.0,0.0,0.02118336963740476,0.02118336963740476,0.11,0.11,-0.040217713132218724,-0.040217713132218724
2016,303,16.5,0.0,0.0,0.0,0.0,0.0,0.0,0.0,0.0,0.0,0.0,0.0,0.0,True,True,6.01062767123044,0.9998747986717622,1.0,0.0,0.0,0.010420701674549662,0.010420701674549662,0.11,0.11,-0.040217713132218724,-0.040217713132218724
2016,303,17.0,0.0,0.0,0.0,0.0,0.0,0.0,0.0,0.0,0.0,0.0,0.0,0.0,True,True,6.01062767123044,0.9998747986717622,1.0,0.0,0.0,0.004038136298296049,0.004038136298296049,0.11,0.11,-0.040217713132218724,-0.040217713132218724
2016.0,303.0,17.5,0.0,0.0,0.0,0.0,0.0,0.0,0.0,0.0,0.0,0.0,0.0,0.0,0.0,0.0,6.01062767123044,0.9998747986717622,1.0,0.0,0.0,0.0,0.0,0.11,0.11,-0.040217713132218724,-0.040217713132218724
2016.0,303.0,18.0,0.0,0.0,0.0,0.0,0.0,0.0,0.0,0.0,0.0,0.0,0.0,0.0,0.0,0.0,6.01062767123044,0.9998747986717622,1.0,0.0,0.0,0.0,0.0,0.109,0.109,-0.04275193063584228,-0.04275193063584228
2016.0,303.0,18.5,0.0,0.0,0.0,0.0,0.0,0.0,0.0,0.0,0.0,0.0,0.0,0.0,0.0,0.0,6.01062767123044,0.9998747986717622,1.0,0.0,0.0,0.0,0.0,0.109,0.109,-0.04275193063584228,-0.04275193063584228
2016.0,303.0,19.0,0.0,0.0,0.0,0.0,0.0,0.0,0.0,0.0,0.0,0.0,0.0,0.0,0.0,0.0,6.01062767123044,0.9998747986717622,1.0,0.0,0.0,0.0,0.0,0.109,0.109,-0.04275193063584228,-0.04275193063584228
2016.0,303.0,19.5,0.0,0.0,0.0,0.0,0.0,0.0,0.0,0.0,0.0,0.0,0.0,0.0,0.0,0.0,6.01062767123044,0.9998747986717622,1.0,0.0,0.0,0.0,0.0,0.109,0.109,-0.04275193063584228,-0.04275193063584228
2016.0,303.0,20.0,0.0,0.0,0.0,0.0,0.0,0.0,0.0,0.0,0.0,0.0,0.0,0.0,0.0,0.0,6.01062767123044,0.9998747986717622,1.0,0.0,0.0,0.0,0.0,0.109,0.109,-0.04275193063584228,-0.04275193063584228
2016.0,303.0,20.5,0.0,0.0,0.0,0.0,0.0,0.0,0.0,0.0,0.0,0.0,0.0,0.0,0.0,0.0,6.01062767123044,0.9998747986717622,1.0,0.0,0.0,0.0,0.0,0.109,0.109,-0.04275193063584228,-0.04275193063584228
2016.0,303.0,21.0,0.0,0.0,0.0,0.0,0.0,0.0,0.0,0.0,0.0,0.0,0.0,0.0,0.0,0.0,6.01062767123044,0.9998747986717622,1.0,0.0,0.0,0.0,0.0,0.109,0.109,-0.04275193063584228,-0.04275193063584228
2016.0,303.0,21.5,0.0,0.0,0.0,0.0,0.0,0.0,0.0,0.0,0.0,0.0,0.0,0.0,0.0,0.0,6.01062767123044,0.9998747986717622,1.0,0.0,0.0,0.0,0.0,0.109,0.109,-0.04275193063584228,-0.04275193063584228
2016.0,303.0,22.0,0.0,0.0,0.0,0.0,0.0,0.0,0.0,0.0,0.0,0.0,0.0,0.0,0.0,0.0,6.01062767123044,0.9998747986717622,1.0,0.0,0.0,0.0,0.0,0.109,0.109,-0.04275193063584228,-0.04275193063584228
2016.0,303.0,22.5,0.0,0.0,0.0,0.0,0.0,0.0,0.0,0.0,0.0,0.0,0.0,0.0,0.0,0.0,6.01062767123044,0.9998747986717622,1.0,0.0,0.0,0.0,0.0,0.109,0.109,-0.04275193063584228,-0.04275193063584228
2016.0,303.0,23.0,0.0,0.0,0.0,0.0,0.0,0.0,0.0,0.0,0.0,0.0,0.0,0.0,0.0,0.0,6.01062767123044,0.9998747986717622,1.0,0.0,0.0,0.0,0.0,0.109,0.109,-0.04275193063584228,-0.04275193063584228
2016.0,303.0,23.5,0.0,0.0,0.0,0.0,0.0,0.0,0.0,0.0,0.0,0.0,0.0,0.0,0.0,0.0,6.01062767123044,0.9998747986717622,1.0,0.0,0.0,0.0,0.0,0.109,0.109,-0.04275193063584228,-0.04275193063584228
2016.0,304.0,0.0,0.0,0.0,0.0,0.0,0.0,0.0,0.0,0.0,0.0,0.0,0.0,0.0,0.0,0.0,6.01062767123044,0.9998747986717622,1.0,0.0,0.0,0.0,0.0,0.109,0.109,-0.04275193063584228,-0.04275193063584228
2016.0,304.0,0.5,0.0,0.0,0.0,0.0,0.0,0.0,0.0,0.0,0.0,0.0,0.0,0.0,0.0,0.0,6.01062767123044,0.9998747986717622,1.0,0.0,0.0,0.0,0.0,0.109,0.109,-0.04275193063584228,-0.04275193063584228
2016.0,304.0,1.0,0.0,0.0,0.0,0.0,0.0,0.0,0.0,0.0,0.0,0.0,0.0,0.0,0.0,0.0,6.01062767123044,0.9998747986717622,1.0,0.0,0.0,0.0,0.0,0.109,0.109,-0.04275193063584228,-0.04275193063584228
2016.0,304.0,1.5,0.0,0.0,0.0,0.0,0.0,0.0,0.0,0.0,0.0,0.0,0.0,0.0,0.0,0.0,6.01062767123044,0.9998747986717622,1.0,0.0,0.0,0.0,0.0,0.109,0.109,-0.04275193063584228,-0.04275193063584228
2016.0,304.0,2.0,0.0,0.0,0.0,0.0,0.0,0.0,0.0,0.0,0.0,0.0,0.0,0.0,0.0,0.0,6.01062767123044,0.9998747986717622,1.0,0.0,0.0,0.0,0.0,0.109,0.109,-0.04275193063584228,-0.04275193063584228
2016.0,304.0,2.5,0.0,0.0,0.0,0.0,0.0,0.0,0.0,0.0,0.0,0.0,0.0,0.0,0.0,0.0,6.01062767123044,0.9998747986717622,1.0,0.0,0.0,0.0,0.0,0.109,0.109,-0.04275193063584228,-0.04275193063584228
2016.0,304.0,3.0,0.0,0.0,0.0,0.0,0.0,0.0,0.0,0.0,0.0,0.0,0.0,0.0,0.0,0.0,6.01062767123044,0.9998747986717622,1.0,0.0,0.0,0.0,0.0,0.109,0.109,-0.04275193063584228,-0.04275193063584228
2016.0,304.0,3.5,0.0,0.0,0.0,0.0,0.0,0.0,0.0,0.0,0.0,0.0,0.0,0.0,0.0,0.0,6.01062767123044,0.9998747986717622,1.0,0.0,0.0,0.0,0.0,0.109,0.109,-0.04275193063584228,-0.04275193063584228
2016.0,304.0,4.0,0.0,0.0,0.0,0.0,0.0,0.0,0.0,0.0,0.0,0.0,0.0,0.0,0.0,0.0,6.01062767123044,0.9998747986717622,1.0,0.0,0.0,0.0,0.0,0.109,0.109,-0.04275193063584228,-0.04275193063584228
2016.0,304.0,4.5,0.0,0.0,0.0,0.0,0.0,0.0,0.0,0.0,0.0,0.0,0.0,0.0,0.0,0.0,6.01062767123044,0.9998747986717622,1.0,0.0,0.0,0.0,0.0,0.1085,0.1085,-0.04408758946698625,-0.04408758946698625
2016.0,304.0,5.0,0.0,0.0,0.0,0.0,0.0,0.0,0.0,0.0,0.0,0.0,0.0,0.0,0.0,0.0,6.01062767123044,0.9998747986717622,1.0,0.0,0.0,0.0,0.0,0.108,0.108,-0.04547143795776919,-0.04547143795776919
2016,304,5.5,0.0,0.0,0.0,0.0,0.0,0.0,0.0,0.0,0.0,0.0,0.0,0.0,True,0.0,6.01062767123044,0.9998747986717622,1.0,0.0,0.0,0.0033922236921889357,0.0033922236921889357,0.108,0.108,-0.04547143795776919,-0.04547143795776919
2016,304,6.0,1.9178987530236942,0.0,0.12905916382356897,0.0,39.816446126621756,0.0,0.03829974814708216,0.0,0.0,0.0,-5959.555956702992,0.0,False,0.0,6.01062767123044,0.9998747986717622,1.0,0.0,0.0,0.01933736178389494,0.01933736178389494,0.108,0.108,-0.04547143795776919,-0.04547143795776919
2016,304,6.5,3.441585403150774,0.0,0.24233249747235847,0.0,35.47135412198673,0.0,0.06638230010915036,0.0,0.0,0.0,7847.365212038679,0.0,False,0.0,6.01062767123044,0.9998747986717622,1.0,0.0,0.0,0.03975448215293642,0.03975448215293642,0.108,0.108,-0.04547143795776919,-0.04547143795776919
2016,304,7.0,2.7738315535611386,0.0,0.1715255365236998,0.0,36.23734754539947,0.0,0.05865882774042116,0.0,0.0,0.0,10163.761115175908,0.0,False,0.0,6.01062767123044,0.9998747986717622,1.0,0.0,0.0,0.0760740811424286,0.0760740811424286,0.108,0.108,-0.04547143795776919,-0.04547143795776919
2016,304,7.5,4.246502063316717,0.0,0.3064915051320571,0.0,35.28681128164152,0.0,0.07994726923617448,0.0,0.0,0.0,12377.589848181211,0.0,False,0.0,6.01062767123044,0.9998747986717622,1.0,0.0,0.0,0.1019690608808685,0.1019690608808685,0.108,0.108,-0.04547143795776919,-0.04547143795776919
2016,304,8.0,0.0,0.0,0.0,0.0,0.0,0.0,0.0,0.0,0.0,0.0,0.0,0.0,True,0.0,6.01062767123044,0.9998747986717622,1.0,0.0,0.0,0.10200028333608867,0.10200028333608867,0.108,0.108,-0.04547143795776919,-0.04547143795776919
2016,304,8.5,6.421856315037079,0.0,0.7033503318835427,0.0,32.60613470850512,0.0,0.09261513593428745,0.0,0.0,0.0,19421.74385991918,0.0,False,0.0,6.01062767123044,0.9998747986717622,1.0,0.0,0.0,0.14811243756859443,0.14811243756859443,0.108,0.108,-0.04547143795776919,-0.04547143795776919
2016,304,9.0,6.195583165942745,0.0,0.7123400246664234,0.0,32.20589414641452,0.0,0.081918611655498,0.0,0.0,0.0,23178.518607370042,0.0,False,0.0,6.01062767123044,0.9998747986717622,1.0,0.0,0.0,0.1430985966407729,0.1430985966407729,0.108,0.108,-0.04547143795776919,-0.04547143795776919
2016,304,9.5,8.296216789469785,0.0,0.9609050999346019,0.0,31.916897343782416,0.0,0.1026679160525569,0.0,0.0,0.0,27020.965044791916,0.0,False,0.0,6.01062767123044,0.9998747986717622,1.0,0.0,0.0,0.12604130199741886,0.12604130199741886,0.108,0.108,-0.04547143795776919,-0.04547143795776919
2016,304,10.0,7.876942777594279,0.0,0.7836180627848132,0.0,32.66697614541809,0.0,0.084123297436247,0.0,0.0,0.0,32068.356210517828,0.0,False,0.0,6.01062767123044,0.9998747986717622,1.0,0.0,0.0,0.14648868096969306,0.14648868096969306,0.108,0.108,-0.04547143795776919,-0.04547143795776919
2016,304,10.5,5.388440046544922,0.0,0.3468909580818585,0.0,37.145904492272734,0.0,0.051249741375780124,0.0,0.0,0.0,34900.13377201866,0.0,False,0.0,6.01062767123044,0.9998747986717622,1.0,0.0,0.0,0.1289368157557561,0.1289368157557561,0.108,0.108,-0.04547143795776919,-0.04547143795776919
2016,304,11.0,2.551372969139476,0.0,0.1313342967664602,0.0,36.13032731310531,0.0,0.023595476194943812,0.0,0.0,0.0,36769.47902511103,0.0,False,0.0,6.01062767123044,0.9998747986717622,1.0,0.0,0.0,0.09066865338488805,0.09066865338488805,0.1075,0.1075,-0.046905450055852886,-0.046905450055852886
2016,304,11.5,0.0,0.0,0.0,0.0,0.0,0.0,0.0,0.0,0.0,0.0,0.0,0.0,False,0.0,6.01062767123044,0.9998747986717622,1.0,0.0,0.0,0.09167233948103569,0.09167233948103569,0.107,0.107,-0.048391690295205986,-0.048391690295205986
2016,304,12.0,0.0,0.0,0.0,0.0,0.0,0.0,0.0,0.0,0.0,0.0,0.0,0.0,True,0.0,6.01062767123044,0.9998747986717622,1.0,0.0,0.0,0.08675535213232541,0.08675535213232541,0.107,0.107,-0.048391690295205986,-0.048391690295205986
2016,304,12.5,0.0,5.689460919374477,0.0,2.148197891037808,0.0,41.71625150437265,0.0,0.10364000524152393,0.0,-0.27575119181446517,0.0,28.765420125767474,True,False,6.010613349638567,0.9994352242264815,1.0,0.0,0.0,0.07405752003707436,0.07405752003707436,0.107,0.107,-0.048391690295205986,-0.048391690295205986
2016,304,13.0,0.0,6.107353707015571,0.0,4.7834613510287145,0.0,41.11275933011592,0.0,0.11261311470610554,0.0,-0.6167904440933538,0.0,21.789546334708874,False,False,6.010613349638567,0.9954762614522863,1.0,0.0,0.0,0.04717207480420496,0.04717207480420496,0.107,0.107,-0.048391690295205986,-0.048391690295205986
2016,304,13.5,0.0,3.7168031968197193,0.0,4.4655805122010515,0.0,41.71433785752173,0.0,0.1808729177699075,0.0,-0.5410039435869342,0.0,27.41531088045455,False,False,6.010613349638567,0.9967753584252043,1.0,0.0,0.0,0.037880093731498865,0.037880093731498865,0.107,0.107,-0.048391690295205986,-0.048391690295205986
2016,304,14.0,0.0,3.056830894460713,0.0,3.6045456207258466,0.0,41.72866994817706,0.0,0.16310753612960774,0.0,-0.46667291084151263,0.0,27.95102291918495,True,False,6.010610169835143,0.9977988611489004,1.0,0.0,0.0,0.03234795292551713,0.03234795292551713,0.1065,0.1065,-0.04993231840392216,-0.04993231840392216
2016,304,14.5,0.7050650914266336,2.7497487909652745,0.07677388333156789,2.469513983297728,32.29007935090396,41.68350389844601,0.006814243628955721,0.1451423481757424,0.0,-0.3545494493058253,33.990104393111636,29.906401839790384,False,False,6.010606704581266,0.9989181578001247,1.0,0.0,0.0,0.03864280953940689,0.03864280953940689,0.106,0.106,-0.05152959416956806,-0.05152959416956806
2016,304,15.0,0.3820021120457522,1.012078080963891,0.06773941424055878,0.8448932166975379,29.710739462209794,41.67585283381266,0.004267705402966128,0.05075659358896875,0.0,-0.16516203984566455,30.36515617,29.965437902364936,False,False,6.010606704581266,0.9998500067778232,1.0,0.0,0.0,0.016024592554375116,0.016024592554375116,0.106,0.106,-0.05152959416956806,-0.05152959416956806
2016.0,304.0,15.5,0.0,0.0,0.0,0.0,0.0,0.0,0.0,0.0,0.0,0.0,0.0,0.0,0.0,0.0,6.010606704581266,0.9998500067778232,1.0,0.0,0.0,0.0,0.0,0.106,0.106,-0.05152959416956806,-0.05152959416956806
2016.0,304.0,16.0,0.0,0.0,0.0,0.0,0.0,0.0,0.0,0.0,0.0,0.0,0.0,0.0,0.0,0.0,6.010606704581266,0.9998500067778232,1.0,0.0,0.0,0.0,0.0,0.106,0.106,-0.05152959416956806,-0.05152959416956806
2016.0,304.0,16.5,0.0,0.0,0.0,0.0,0.0,0.0,0.0,0.0,0.0,0.0,0.0,0.0,0.0,0.0,6.010606704581266,0.9998500067778232,1.0,0.0,0.0,0.0,0.0,0.106,0.106,-0.05152959416956806,-0.05152959416956806
2016.0,304.0,17.0,0.0,0.0,0.0,0.0,0.0,0.0,0.0,0.0,0.0,0.0,0.0,0.0,0.0,0.0,6.010606704581266,0.9998500067778232,1.0,0.0,0.0,0.0,0.0,0.106,0.106,-0.05152959416956806,-0.05152959416956806
2016.0,304.0,17.5,0.0,0.0,0.0,0.0,0.0,0.0,0.0,0.0,0.0,0.0,0.0,0.0,0.0,0.0,6.010606704581266,0.9998500067778232,1.0,0.0,0.0,0.0,0.0,0.106,0.106,-0.05152959416956806,-0.05152959416956806
2016.0,304.0,18.0,0.0,0.0,0.0,0.0,0.0,0.0,0.0,0.0,0.0,0.0,0.0,0.0,0.0,0.0,6.010606704581266,0.9998500067778232,1.0,0.0,0.0,0.0,0.0,0.1055,0.1055,-0.053185882577760246,-0.053185882577760246
2016.0,304.0,18.5,0.0,0.0,0.0,0.0,0.0,0.0,0.0,0.0,0.0,0.0,0.0,0.0,0.0,0.0,6.010606704581266,0.9998500067778232,1.0,0.0,0.0,0.0,0.0,0.106,0.106,-0.05152959416956806,-0.05152959416956806
2016.0,304.0,19.0,0.0,0.0,0.0,0.0,0.0,0.0,0.0,0.0,0.0,0.0,0.0,0.0,0.0,0.0,6.010606704581266,0.9998500067778232,1.0,0.0,0.0,0.0,0.0,0.106,0.106,-0.05152959416956806,-0.05152959416956806
2016.0,304.0,19.5,0.0,0.0,0.0,0.0,0.0,0.0,0.0,0.0,0.0,0.0,0.0,0.0,0.0,0.0,6.010606704581266,0.9998500067778232,1.0,0.0,0.0,0.0,0.0,0.105,0.105,-0.05490365924070806,-0.05490365924070806
2016.0,304.0,20.0,0.0,0.0,0.0,0.0,0.0,0.0,0.0,0.0,0.0,0.0,0.0,0.0,0.0,0.0,6.010606704581266,0.9998500067778232,1.0,0.0,0.0,0.0,0.0,0.105,0.105,-0.05490365924070806,-0.05490365924070806
2016.0,304.0,20.5,0.0,0.0,0.0,0.0,0.0,0.0,0.0,0.0,0.0,0.0,0.0,0.0,0.0,0.0,6.010606704581266,0.9998500067778232,1.0,0.0,0.0,0.0,0.0,0.105,0.105,-0.05490365924070806,-0.05490365924070806
2016.0,304.0,21.0,0.0,0.0,0.0,0.0,0.0,0.0,0.0,0.0,0.0,0.0,0.0,0.0,0.0,0.0,6.010606704581266,0.9998500067778232,1.0,0.0,0.0,0.0,0.0,0.105,0.105,-0.05490365924070806,-0.05490365924070806
2016.0,304.0,21.5,0.0,0.0,0.0,0.0,0.0,0.0,0.0,0.0,0.0,0.0,0.0,0.0,0.0,0.0,6.010606704581266,0.9998500067778232,1.0,0.0,0.0,0.0,0.0,0.105,0.105,-0.05490365924070806,-0.05490365924070806
2016.0,304.0,22.0,0.0,0.0,0.0,0.0,0.0,0.0,0.0,0.0,0.0,0.0,0.0,0.0,0.0,0.0,6.010606704581266,0.9998500067778232,1.0,0.0,0.0,0.0,0.0,0.105,0.105,-0.05490365924070806,-0.05490365924070806
2016.0,304.0,22.5,0.0,0.0,0.0,0.0,0.0,0.0,0.0,0.0,0.0,0.0,0.0,0.0,0.0,0.0,6.010606704581266,0.9998500067778232,1.0,0.0,0.0,0.0,0.0,0.105,0.105,-0.05490365924070806,-0.05490365924070806
2016.0,304.0,23.0,0.0,0.0,0.0,0.0,0.0,0.0,0.0,0.0,0.0,0.0,0.0,0.0,0.0,0.0,6.010606704581266,0.9998500067778232,1.0,0.0,0.0,0.0,0.0,0.105,0.105,-0.05490365924070806,-0.05490365924070806
2016.0,304.0,23.5,0.0,0.0,0.0,0.0,0.0,0.0,0.0,0.0,0.0,0.0,0.0,0.0,0.0,0.0,6.010606704581266,0.9998500067778232,1.0,0.0,0.0,0.0,0.0,0.105,0.105,-0.05490365924070806,-0.05490365924070806
2016.0,305.0,0.0,0.0,0.0,0.0,0.0,0.0,0.0,0.0,0.0,0.0,0.0,0.0,0.0,0.0,0.0,6.010606704581266,0.9998500067778232,1.0,0.0,0.0,0.0,0.0,0.105,0.105,-0.05490365924070806,-0.05490365924070806
2016.0,305.0,0.5,0.0,0.0,0.0,0.0,0.0,0.0,0.0,0.0,0.0,0.0,0.0,0.0,0.0,0.0,6.010606704581266,0.9998500067778232,1.0,0.0,0.0,0.0,0.0,0.105,0.105,-0.05490365924070806,-0.05490365924070806
2016.0,305.0,1.0,0.0,0.0,0.0,0.0,0.0,0.0,0.0,0.0,0.0,0.0,0.0,0.0,0.0,0.0,6.010606704581266,0.9998500067778232,1.0,0.0,0.0,0.0,0.0,0.105,0.105,-0.05490365924070806,-0.05490365924070806
2016.0,305.0,1.5,0.0,0.0,0.0,0.0,0.0,0.0,0.0,0.0,0.0,0.0,0.0,0.0,0.0,0.0,6.010606704581266,0.9998500067778232,1.0,0.0,0.0,0.0,0.0,0.105,0.105,-0.05490365924070806,-0.05490365924070806
2016.0,305.0,2.0,0.0,0.0,0.0,0.0,0.0,0.0,0.0,0.0,0.0,0.0,0.0,0.0,0.0,0.0,6.010606704581266,0.9998500067778232,1.0,0.0,0.0,0.0,0.0,0.105,0.105,-0.05490365924070806,-0.05490365924070806
2016.0,305.0,2.5,0.0,0.0,0.0,0.0,0.0,0.0,0.0,0.0,0.0,0.0,0.0,0.0,0.0,0.0,6.010606704581266,0.9998500067778232,1.0,0.0,0.0,0.0,0.0,0.105,0.105,-0.05490365924070806,-0.05490365924070806
2016.0,305.0,3.0,0.0,0.0,0.0,0.0,0.0,0.0,0.0,0.0,0.0,0.0,0.0,0.0,0.0,0.0,6.010606704581266,0.9998500067778232,1.0,0.0,0.0,0.0,0.0,0.105,0.105,-0.05490365924070806,-0.05490365924070806
2016.0,305.0,3.5,0.0,0.0,0.0,0.0,0.0,0.0,0.0,0.0,0.0,0.0,0.0,0.0,0.0,0.0,6.010606704581266,0.9998500067778232,1.0,0.0,0.0,0.0,0.0,0.105,0.105,-0.05490365924070806,-0.05490365924070806
2016.0,305.0,4.0,0.0,0.0,0.0,0.0,0.0,0.0,0.0,0.0,0.0,0.0,0.0,0.0,0.0,0.0,6.010606704581266,0.9998500067778232,1.0,0.0,0.0,0.0,0.0,0.105,0.105,-0.05490365924070806,-0.05490365924070806
2016.0,305.0,4.5,0.0,0.0,0.0,0.0,0.0,0.0,0.0,0.0,0.0,0.0,0.0,0.0,0.0,0.0,6.010606704581266,0.9998500067778232,1.0,0.0,0.0,0.0,0.0,0.105,0.105,-0.05490365924070806,-0.05490365924070806
2016.0,305.0,5.0,0.0,0.0,0.0,0.0,0.0,0.0,0.0,0.0,0.0,0.0,0.0,0.0,0.0,0.0,6.010606704581266,0.9998500067778232,1.0,0.0,0.0,0.0,0.0,0.105,0.105,-0.05490365924070806,-0.05490365924070806
2016,305,5.5,0.0,0.0,0.0,0.0,0.0,0.0,0.0,0.0,0.0,0.0,0.0,0.0,True,True,6.010598806365899,0.9998500067778232,1.0,0.0,0.0,0.0,0.0,0.105,0.105,-0.05490365924070806,-0.05490365924070806
2016,305,6.0,2.8843293795511564,0.0,0.2909676526670008,0.0,33.38460741640152,0.0,0.04417436351823408,0.0,0.0,0.0,5595.380187955437,0.0,False,0.0,6.010598806365899,0.9998500067778232,1.0,0.0,0.0,0.04572374443957685,0.04572374443957685,0.104,0.104,-0.05853416765766311,-0.05853416765766311
2016,305,6.5,7.173049558825992,0.0,0.7403184491393775,0.0,32.91753243252317,0.0,0.10778831648973146,0.0,0.0,0.0,7147.491961461121,0.0,False,0.0,6.010598806365899,0.9998500067778232,1.0,0.0,0.0,0.10683950826401487,0.10683950826401487,0.104,0.104,-0.05853416765766311,-0.05853416765766311
2016,305,7.0,5.850409828576739,0.0,0.6890948788882979,0.0,32.1819830084058,0.0,0.08140275303731608,0.0,0.0,0.0,8395.42700459628,0.0,False,0.0,6.010598806365899,0.9998500067778232,1.0,0.0,0.0,0.09543638344366431,0.09543638344366431,0.104,0.104,-0.05853416765766311,-0.05853416765766311
2016,305,7.5,7.254228085572504,0.0,0.9452960224266516,0.0,31.418643823388123,0.0,0.09524649000627318,0.0,0.0,0.0,10499.24446434792,0.0,False,0.0,6.010598806365899,0.9998500067778232,1.0,0.0,0.0,0.11607585353332159,0.11607585353332159,0.104,0.104,-0.05853416765766311,-0.05853416765766311
2016,305,8.0,11.297270186801493,0.0,1.6225576319803747,0.0,30.50209365010449,0.0,0.14028940108457827,0.0,0.0,0.0,12850.396379779573,0.0,False,0.0,6.010598806365899,0.9998500067778232,1.0,0.0,0.0,0.16998693867457576,0.16998693867457576,0.104,0.104,-0.05853416765766311,-0.05853416765766311
2016,305,8.5,18.157280436147907,0.0,2.7195625290529595,0.0,29.791940650121095,0.0,0.21985521867768373,0.0,0.0,0.0,15785.157328772848,0.0,False,0.0,6.010598806365899,0.9998500067778232,1.0,0.0,0.0,0.28598541614426193,0.28598541614426193,0.104,0.104,-0.05853416765766311,-0.05853416765766311
2016,305,9.0,20.229022067256146,0.0,3.1491733802058084,0.0,29.408429912284422,0.0,0.24003980988224494,0.0,0.0,0.0,18429.344606489216,0.0,False,0.0,6.010598806365899,0.9998500067778232,1.0,0.0,0.0,0.3306125080157569,0.3306125080157569,0.104,0.104,-0.05853416765766311,-0.05853416765766311
2016,305,9.5,18.86851596414841,0.0,3.135303219156575,0.0,29.04169680617622,0.0,0.21628224645024566,0.0,0.0,0.0,24866.998311186424,0.0,False,0.0,6.010598806365899,0.9998500067778232,1.0,0.0,0.0,0.34344859715993664,0.34344859715993664,0.1035,0.1035,-0.06045245705084043,-0.06045245705084043
2016,305,10.0,13.596090793208713,0.0,2.4188741008950974,0.0,36.31079580314757,0.0,0.14569734986664198,0.0,0.0,0.0,28087.8590161168,0.0,False,0.0,6.010598806365899,0.9998500067778232,1.0,0.0,0.0,0.24642567238940044,0.24642567238940044,0.103,0.103,-0.0624433631667216,-0.0624433631667216
2016,305,10.5,18.108079096313638,0.0,3.279612077639918,0.0,28.489906377282434,0.0,0.19553956253318924,0.0,0.0,0.0,29800.542261962077,0.0,False,0.0,6.010598806365899,0.9998500067778232,1.0,0.0,0.0,0.3284137068334856,0.3284137068334856,0.103,0.103,-0.0624433631667216,-0.0624433631667216
2016,305,11.0,8.600590610770789,0.0,1.045971982415047,0.0,31.12530086571485,0.0,0.08047425357523746,0.0,0.0,0.0,32794.074703121245,0.0,False,0.0,6.010598806365899,0.9998500067778232,1.0,0.0,0.0,0.19991062513287855,0.19991062513287855,0.103,0.103,-0.0624433631667216,-0.0624433631667216
2016,305,11.5,5.75097313547289,0.0,0.5067519884487555,0.0,33.360832229478454,0.0,0.05001173548451168,0.0,0.0,0.0,34130.244693791836,0.0,False,0.0,6.010598806365899,0.9998500067778232,1.0,0.0,0.0,0.1247894982253279,0.1247894982253279,0.103,0.103,-0.0624433631667216,-0.0624433631667216
2016,305,12.0,3.7965524491168265,0.0,0.2744517644192245,0.0,36.21563999685711,0.0,0.03163285169742071,0.0,0.0,0.0,34934.86136100107,0.0,False,0.0,6.010598806365899,0.9998500067778232,1.0,0.0,0.0,0.15786632691607863,0.15786632691607863,0.102,0.102,-0.06665566250405618,-0.06665566250405618
2016,305,12.5,0.0,0.0,0.0,0.0,0.0,0.0,0.0,0.0,0.0,0.0,0.0,0.0,True,0.0,6.010598806365899,0.9998500067778232,1.0,0.0,0.0,0.017857268308357013,0.017857268308357013,0.102,0.102,-0.06665566250405618,-0.06665566250405618
2016,305,13.0,4.1464426214019126,0.0,0.4167703493510642,0.0,32.442831974834725,0.0,0.03564882377372602,0.0,0.0,0.0,34015.71556829967,0.0,False,0.0,6.010598806365899,0.9998500067778232,1.0,0.0,0.0,0.10093833530110574,0.10093833530110574,0.102,0.102,-0.06665566250405618,-0.06665566250405618
2016,305,13.5,6.0201206649017465,0.0,1.241046752863862,0.0,28.42566847549795,0.0,0.06168911521371325,0.0,0.0,0.0,30622.39426431309,0.0,False,0.0,6.010598806365899,0.9998500067778232,1.0,0.0,0.0,0.07442648722965467,0.07442648722965467,0.102,0.102,-0.06665566250405618,-0.06665566250405618
2016,305,14.0,6.973048046075133,0.0,1.3377221564228614,0.0,28.624250227190853,0.0,0.07131558280190574,0.0,0.0,0.0,27765.684733764258,0.0,False,0.0,6.010598806365899,0.9998500067778232,1.0,0.0,0.0,0.08559175350705545,0.08559175350705545,0.1015,0.1015,-0.06888375816279445,-0.06888375816279445
2016,305,14.5,13.135806771584615,0.0,2.3177914824366406,0.0,28.958651669644045,0.0,0.14646794487446066,0.0,0.0,0.0,23730.917501219894,0.0,False,0.0,6.010598806365899,0.9998500067778232,1.0,0.0,0.0,0.2311662414897653,0.2311662414897653,0.101,0.101,-0.07119789195244307,-0.07119789195244307
2016,305,15.0,8.73199484271548,0.0,1.4876273726634708,0.0,29.47424475654411,0.0,0.09940908889071133,0.0,0.0,0.0,18566.18112743445,0.0,False,0.0,6.010598806365899,0.9998500067778232,1.0,0.0,0.0,0.1475614984270022,0.1475614984270022,0.101,0.101,-0.07119789195244307,-0.07119789195244307
2016,305,15.5,0.0,0.0,0.0,0.0,0.0,0.0,0.0,0.0,0.0,0.0,0.0,0.0,True,True,6.01054876381481,0.9998500067778232,1.0,0.0,0.0,0.0,0.0,0.101,0.101,-0.07119789195244307,-0.07119789195244307
2016,305,16.0,0.0,0.0,0.0,0.0,0.0,0.0,0.0,0.0,0.0,0.0,0.0,0.0,True,True,6.01054876381481,0.9998500067778232,1.0,0.0,0.0,0.0,0.0,0.101,0.101,-0.07119789195244307,-0.07119789195244307
2016,305,16.5,0.0,0.0,0.0,0.0,0.0,0.0,0.0,0.0,0.0,0.0,0.0,0.0,True,True,6.01054876381481,0.9998500067778232,1.0,0.0,0.0,0.0,0.0,0.101,0.101,-0.07119789195244307,-0.07119789195244307
2016.0,305.0,17.0,0.0,0.0,0.0,0.0,0.0,0.0,0.0,0.0,0.0,0.0,0.0,0.0,0.0,0.0,6.01054876381481,0.9998500067778232,1.0,0.0,0.0,0.0,0.0,0.1005,0.1005,-0.07360183711599791,-0.07360183711599791
2016.0,305.0,17.5,0.0,0.0,0.0,0.0,0.0,0.0,0.0,0.0,0.0,0.0,0.0,0.0,0.0,0.0,6.01054876381481,0.9998500067778232,1.0,0.0,0.0,0.0,0.0,0.1,0.1,-0.07609955234709746,-0.07609955234709746
2016.0,305.0,18.0,0.0,0.0,0.0,0.0,0.0,0.0,0.0,0.0,0.0,0.0,0.0,0.0,0.0,0.0,6.01054876381481,0.9998500067778232,1.0,0.0,0.0,0.0,0.0,0.1,0.1,-0.07609955234709746,-0.07609955234709746
2016.0,305.0,18.5,0.0,0.0,0.0,0.0,0.0,0.0,0.0,0.0,0.0,0.0,0.0,0.0,0.0,0.0,6.01054876381481,0.9998500067778232,1.0,0.0,0.0,0.0,0.0,0.1,0.1,-0.07609955234709746,-0.07609955234709746
2016.0,305.0,19.0,0.0,0.0,0.0,0.0,0.0,0.0,0.0,0.0,0.0,0.0,0.0,0.0,0.0,0.0,6.01054876381481,0.9998500067778232,1.0,0.0,0.0,0.0,0.0,0.1,0.1,-0.07609955234709746,-0.07609955234709746
2016.0,305.0,19.5,0.0,0.0,0.0,0.0,0.0,0.0,0.0,0.0,0.0,0.0,0.0,0.0,0.0,0.0,6.01054876381481,0.9998500067778232,1.0,0.0,0.0,0.0,0.0,0.1,0.1,-0.07609955234709746,-0.07609955234709746
2016.0,305.0,20.0,0.0,0.0,0.0,0.0,0.0,0.0,0.0,0.0,0.0,0.0,0.0,0.0,0.0,0.0,6.01054876381481,0.9998500067778232,1.0,0.0,0.0,0.0,0.0,0.1,0.1,-0.07609955234709746,-0.07609955234709746
2016.0,305.0,20.5,0.0,0.0,0.0,0.0,0.0,0.0,0.0,0.0,0.0,0.0,0.0,0.0,0.0,0.0,6.01054876381481,0.9998500067778232,1.0,0.0,0.0,0.0,0.0,0.1,0.1,-0.07609955234709746,-0.07609955234709746
2016.0,305.0,21.0,0.0,0.0,0.0,0.0,0.0,0.0,0.0,0.0,0.0,0.0,0.0,0.0,0.0,0.0,6.01054876381481,0.9998500067778232,1.0,0.0,0.0,0.0,0.0,0.1,0.1,-0.07609955234709746,-0.07609955234709746
2016.0,305.0,21.5,0.0,0.0,0.0,0.0,0.0,0.0,0.0,0.0,0.0,0.0,0.0,0.0,0.0,0.0,6.01054876381481,0.9998500067778232,1.0,0.0,0.0,0.0,0.0,0.1,0.1,-0.07609955234709746,-0.07609955234709746
2016.0,305.0,22.0,0.0,0.0,0.0,0.0,0.0,0.0,0.0,0.0,0.0,0.0,0.0,0.0,0.0,0.0,6.01054876381481,0.9998500067778232,1.0,0.0,0.0,0.0,0.0,0.1,0.1,-0.07609955234709746,-0.07609955234709746
2016.0,305.0,22.5,0.0,0.0,0.0,0.0,0.0,0.0,0.0,0.0,0.0,0.0,0.0,0.0,0.0,0.0,6.01054876381481,0.9998500067778232,1.0,0.0,0.0,0.0,0.0,0.1,0.1,-0.07609955234709746,-0.07609955234709746
2016.0,305.0,23.0,0.0,0.0,0.0,0.0,0.0,0.0,0.0,0.0,0.0,0.0,0.0,0.0,0.0,0.0,6.01054876381481,0.9998500067778232,1.0,0.0,0.0,0.0,0.0,0.1,0.1,-0.07609955234709746,-0.07609955234709746
2016.0,305.0,23.5,0.0,0.0,0.0,0.0,0.0,0.0,0.0,0.0,0.0,0.0,0.0,0.0,0.0,0.0,6.01054876381481,0.9998500067778232,1.0,0.0,0.0,0.0,0.0,0.1,0.1,-0.07609955234709746,-0.07609955234709746
2016.0,306.0,0.0,0.0,0.0,0.0,0.0,0.0,0.0,0.0,0.0,0.0,0.0,0.0,0.0,0.0,0.0,6.01054876381481,0.9998500067778232,1.0,0.0,0.0,0.0,0.0,0.1,0.1,-0.07609955234709746,-0.07609955234709746
2016.0,306.0,0.5,0.0,0.0,0.0,0.0,0.0,0.0,0.0,0.0,0.0,0.0,0.0,0.0,0.0,0.0,6.01054876381481,0.9998500067778232,1.0,0.0,0.0,0.0,0.0,0.099,0.099,-0.08139311628306982,-0.08139311628306982
2016.0,306.0,1.0,0.0,0.0,0.0,0.0,0.0,0.0,0.0,0.0,0.0,0.0,0.0,0.0,0.0,0.0,6.01054876381481,0.9998500067778232,1.0,0.0,0.0,0.0,0.0,0.099,0.099,-0.08139311628306982,-0.08139311628306982
2016.0,306.0,1.5,0.0,0.0,0.0,0.0,0.0,0.0,0.0,0.0,0.0,0.0,0.0,0.0,0.0,0.0,6.01054876381481,0.9998500067778232,1.0,0.0,0.0,0.0,0.0,0.099,0.099,-0.08139311628306982,-0.08139311628306982
2016.0,306.0,2.0,0.0,0.0,0.0,0.0,0.0,0.0,0.0,0.0,0.0,0.0,0.0,0.0,0.0,0.0,6.01054876381481,0.9998500067778232,1.0,0.0,0.0,0.0,0.0,0.099,0.099,-0.08139311628306982,-0.08139311628306982
2016.0,306.0,2.5,0.0,0.0,0.0,0.0,0.0,0.0,0.0,0.0,0.0,0.0,0.0,0.0,0.0,0.0,6.01054876381481,0.9998500067778232,1.0,0.0,0.0,0.0,0.0,0.099,0.099,-0.08139311628306982,-0.08139311628306982
2016.0,306.0,3.0,0.0,0.0,0.0,0.0,0.0,0.0,0.0,0.0,0.0,0.0,0.0,0.0,0.0,0.0,6.01054876381481,0.9998500067778232,1.0,0.0,0.0,0.0,0.0,0.099,0.099,-0.08139311628306982,-0.08139311628306982
2016.0,306.0,3.5,0.0,0.0,0.0,0.0,0.0,0.0,0.0,0.0,0.0,0.0,0.0,0.0,0.0,0.0,6.01054876381481,0.9998500067778232,1.0,0.0,0.0,0.0,0.0,0.099,0.099,-0.08139311628306982,-0.08139311628306982
2016.0,306.0,4.0,0.0,0.0,0.0,0.0,0.0,0.0,0.0,0.0,0.0,0.0,0.0,0.0,0.0,0.0,6.01054876381481,0.9998500067778232,1.0,0.0,0.0,0.0,0.0,0.099,0.099,-0.08139311628306982,-0.08139311628306982
2016.0,306.0,4.5,0.0,0.0,0.0,0.0,0.0,0.0,0.0,0.0,0.0,0.0,0.0,0.0,0.0,0.0,6.01054876381481,0.9998500067778232,1.0,0.0,0.0,0.0,0.0,0.099,0.099,-0.08139311628306982,-0.08139311628306982
2016.0,306.0,5.0,0.0,0.0,0.0,0.0,0.0,0.0,0.0,0.0,0.0,0.0,0.0,0.0,0.0,0.0,6.01054876381481,0.9998500067778232,1.0,0.0,0.0,0.0,0.0,0.099,0.099,-0.08139311628306982,-0.08139311628306982
2016,306,5.5,0.0,0.0,0.0,0.0,0.0,0.0,0.0,0.0,0.0,0.0,0.0,0.0,True,True,6.010506468168368,0.9998500067778232,1.0,0.0,0.0,0.0,0.0,0.099,0.099,-0.08139311628306982,-0.08139311628306982
2016,306,6.0,2.9919527833816857,0.0,0.1578278319664066,0.0,37.02079956721723,0.0,0.07066286519107404,0.0,0.0,0.0,2619.7880464949235,0.0,False,0.0,6.010506468168368,0.9998500067778232,1.0,0.0,0.0,0.030290139942839862,0.030290139942839862,0.099,0.099,-0.08139311628306982,-0.08139311628306982
2016,306,6.5,7.91883735709063,0.0,0.40772976293733254,0.0,36.707680498894945,0.0,0.18719984915888863,0.0,0.0,0.0,3572.940742434385,0.0,False,0.0,6.010506468168368,0.9998500067778232,1.0,0.0,0.0,0.08206053774293201,0.08206053774293201,0.099,0.099,-0.08139311628306982,-0.08139311628306982
2016,306,7.0,6.378078766214033,0.0,0.5195642124729133,0.0,34.44548527484815,0.0,0.11089243053416739,0.0,0.0,0.0,4986.32230547078,0.0,False,0.0,6.010506468168368,0.9998500067778232,1.0,0.0,0.0,0.06710352942712684,0.06710352942712684,0.099,0.099,-0.08139311628306982,-0.08139311628306982
2016,306,7.5,0.0,0.0,0.0,0.0,0.0,0.0,0.0,0.0,0.0,0.0,0.0,0.0,True,0.0,6.010506468168368,0.9998500067778232,1.0,0.0,0.0,0.04719939496656815,0.04719939496656815,0.099,0.099,-0.08139311628306982,-0.08139311628306982
2016,306,8.0,7.94574396512914,0.0,0.7819257674373902,0.0,33.19882846202003,0.0,0.12234023791885099,0.0,0.0,0.0,8458.515477754103,0.0,False,0.0,6.010506468168368,0.9998500067778232,1.0,0.0,0.0,0.08641829605800266,0.08641829605800266,0.099,0.099,-0.08139311628306982,-0.08139311628306982
2016,306,8.5,12.802673518834007,0.0,1.493765351176119,0.0,31.788557102028697,0.0,0.17753628193938084,0.0,0.0,0.0,11809.303965771567,0.0,False,0.0,6.010506468168368,0.9998500067778232,1.0,0.0,0.0,0.1467737789963628,0.1467737789963628,0.099,0.099,-0.08139311628306982,-0.08139311628306982
2016,306,9.0,17.862202795361206,0.0,2.185405387520459,0.0,31.152872155813277,0.0,0.24064219674202306,0.0,0.0,0.0,14595.38216226955,0.0,False,0.0,6.010506468168368,0.9998500067778232,1.0,0.0,0.0,0.21663359674335467,0.21663359674335467,0.0985,0.0985,-0.08419790365177743,-0.08419790365177743
2016,306,9.5,17.51652404038335,0.0,2.3474100523679624,0.0,30.587680757033073,0.0,0.22391851883273084,0.0,0.0,0.0,17880.78507788953,0.0,False,0.0,6.010506468168368,0.9998500067778232,1.0,0.0,0.0,0.21963331247162501,0.21963331247162501,0.098,0.098,-0.08711436181617598,-0.08711436181617598
2016,306,10.0,16.744936575610463,0.0,2.4408918717083505,0.0,30.073707582907314,0.0,0.20270981677644237,0.0,0.0,0.0,20909.321258284715,0.0,False,0.0,6.010506468168368,0.9998500067778232,1.0,0.0,0.0,0.21584829310106568,0.21584829310106568,0.098,0.098,-0.08711436181617598,-0.08711436181617598
2016,306,10.5,15.777310966452795,0.0,2.468166628772972,0.0,29.604537900048495,0.0,0.1790473693558028,0.0,0.0,0.0,25432.431583481954,0.0,False,0.0,6.010506468168368,0.9998500067778232,1.0,0.0,0.0,0.22048276639545225,0.22048276639545225,0.098,0.098,-0.08711436181617598,-0.08711436181617598
2016,306,11.0,8.005752792305731,0.0,0.9274027634127965,0.0,31.42713042375835,0.0,0.0787765622970047,0.0,0.0,0.0,28211.50012631688,0.0,False,0.0,6.010506468168368,0.9998500067778232,1.0,0.0,0.0,0.1319096406474747,0.1319096406474747,0.098,0.098,-0.08711436181617598,-0.08711436181617598
2016,306,11.5,6.940691195027231,0.0,0.6896699208058938,0.0,32.30723858477318,0.0,0.06412325488027246,0.0,0.0,0.0,31075.34900646664,0.0,False,0.0,6.010506468168368,0.9998500067778232,1.0,0.0,0.0,0.09300426235320877,0.09300426235320877,0.0975,0.0975,-0.09014754103564299,-0.09014754103564299
2016,306,12.0,5.263297457171983,0.0,0.442111525795087,0.0,33.36691779397004,0.0,0.04695992963262153,0.0,0.0,0.0,31614.276342506182,0.0,False,0.0,6.010506468168368,0.9998500067778232,1.0,0.0,0.0,0.08129208975583783,0.08129208975583783,0.097,0.097,-0.09330274757307958,-0.09330274757307958
2016,306,12.5,0.0,0.0,0.0,0.0,0.0,0.0,0.0,0.0,0.0,0.0,0.0,0.0,True,0.0,6.010506468168368,0.9998500067778232,1.0,0.0,0.0,0.029149669173910174,0.029149669173910174,0.097,0.097,-0.09330274757307958,-0.09330274757307958
2016,306,13.0,4.615839267657404,0.0,0.5078349472751693,0.0,31.750031499085186,0.0,0.04039295270308845,0.0,0.0,0.0,33488.22445665322,0.0,False,0.0,6.010506468168368,0.9998500067778232,1.0,0.0,0.0,0.0853525395356244,0.0853525395356244,0.097,0.097,-0.09330274757307958,-0.09330274757307958
2016,306,13.5,6.617073032864795,5.607239373611293,2.8458470554550512,4.808540686534609,22.206844599714117,41.72998573395517,0.06785471749618752,0.2000086477503245,0.0,-0.6206486792492225,12.36271594847425,26.668723109615865,False,False,6.010445226008024,0.9954028600322062,1.0,0.0,0.0,0.035916326870012616,0.035916326870012616,0.097,0.097,-0.09330274757307958,-0.09330274757307958
2016,306,14.0,7.0779454899883465,0.0,1.4210094635844142,0.0,28.600377974662372,0.0,0.07335433485447543,0.0,0.0,0.0,26911.712014135734,0.0,False,0.0,6.010445226008024,0.9954028600322062,1.0,0.0,0.0,0.06859752978373634,0.06859752978373634,0.096,0.096,-0.10000183490806634,-0.10000183490806634
2016,306,14.5,11.592960762372513,0.0,2.299460665971782,0.0,28.22451639683599,0.0,0.12209811253995191,0.0,0.0,0.0,24389.25007802047,0.0,False,0.0,6.010445226008024,0.9954028600322062,1.0,0.0,0.0,0.18111970512626072,0.18111970512626072,0.096,0.096,-0.10000183490806634,-0.10000183490806634
2016,306,15.0,8.332674626819834,0.0,1.6601672011593667,0.0,28.380258072822944,0.0,0.08785741716150075,0.0,0.0,0.0,20854.903159842772,0.0,False,0.0,6.010445226008024,0.9954028600322062,1.0,0.0,0.0,0.13220580825909348,0.13220580825909348,0.096,0.096,-0.10000183490806634,-0.10000183490806634
2016,306,15.5,0.0,0.0,0.0,0.0,0.0,0.0,0.0,0.0,0.0,0.0,0.0,0.0,True,True,6.01040479658948,0.9954028600322062,1.0,0.0,0.0,0.0,0.0,0.096,0.096,-0.10000183490806634,-0.10000183490806634
2016,306,16.0,0.0,0.0,0.0,0.0,0.0,0.0,0.0,0.0,0.0,0.0,0.0,0.0,True,True,6.01040479658948,0.9954028600322062,1.0,0.0,0.0,0.0,0.0,0.096,0.096,-0.10000183490806634,-0.10000183490806634
2016,306,16.5,0.0,0.0,0.0,0.0,0.0,0.0,0.0,0.0,0.0,0.0,0.0,0.0,True,True,6.0103815050735925,0.9954028600322062,1.0,0.0,0.0,0.0,0.0,0.0955,0.0955,-0.10355774227718577,-0.10355774227718577
2016.0,306.0,17.0,0.0,0.0,0.0,0.0,0.0,0.0,0.0,0.0,0.0,0.0,0.0,0.0,0.0,0.0,6.0103815050735925,0.9954028600322062,1.0,0.0,0.0,0.0,0.0,0.095,0.095,-0.10725976358096488,-0.10725976358096488
2016.0,306.0,17.5,0.0,0.0,0.0,0.0,0.0,0.0,0.0,0.0,0.0,0.0,0.0,0.0,0.0,0.0,6.0103815050735925,0.9954028600322062,1.0,0.0,0.0,0.0,0.0,0.095,0.095,-0.10725976358096488,-0.10725976358096488
2016.0,306.0,18.0,0.0,0.0,0.0,0.0,0.0,0.0,0.0,0.0,0.0,0.0,0.0,0.0,0.0,0.0,6.0103815050735925,0.9954028600322062,1.0,0.0,0.0,0.0,0.0,0.095,0.095,-0.10725976358096488,-0.10725976358096488
2016.0,306.0,18.5,0.0,0.0,0.0,0.0,0.0,0.0,0.0,0.0,0.0,0.0,0.0,0.0,0.0,0.0,6.0103815050735925,0.9954028600322062,1.0,0.0,0.0,0.0,0.0,0.095,0.095,-0.10725976358096488,-0.10725976358096488
2016.0,306.0,19.0,0.0,0.0,0.0,0.0,0.0,0.0,0.0,0.0,0.0,0.0,0.0,0.0,0.0,0.0,6.0103815050735925,0.9954028600322062,1.0,0.0,0.0,0.0,0.0,0.095,0.095,-0.10725976358096488,-0.10725976358096488
2016.0,306.0,19.5,0.0,0.0,0.0,0.0,0.0,0.0,0.0,0.0,0.0,0.0,0.0,0.0,0.0,0.0,6.0103815050735925,0.9954028600322062,1.0,0.0,0.0,0.0,0.0,0.095,0.095,-0.10725976358096488,-0.10725976358096488
2016.0,306.0,20.0,0.0,0.0,0.0,0.0,0.0,0.0,0.0,0.0,0.0,0.0,0.0,0.0,0.0,0.0,6.0103815050735925,0.9954028600322062,1.0,0.0,0.0,0.0,0.0,0.095,0.095,-0.10725976358096488,-0.10725976358096488
2016.0,306.0,20.5,0.0,0.0,0.0,0.0,0.0,0.0,0.0,0.0,0.0,0.0,0.0,0.0,0.0,0.0,6.0103815050735925,0.9954028600322062,1.0,0.0,0.0,0.0,0.0,0.095,0.095,-0.10725976358096488,-0.10725976358096488
2016.0,306.0,21.0,0.0,0.0,0.0,0.0,0.0,0.0,0.0,0.0,0.0,0.0,0.0,0.0,0.0,0.0,6.0103815050735925,0.9954028600322062,1.0,0.0,0.0,0.0,0.0,0.095,0.095,-0.10725976358096488,-0.10725976358096488
2016.0,306.0,21.5,0.0,0.0,0.0,0.0,0.0,0.0,0.0,0.0,0.0,0.0,0.0,0.0,0.0,0.0,6.0103815050735925,0.9954028600322062,1.0,0.0,0.0,0.0,0.0,0.095,0.095,-0.10725976358096488,-0.10725976358096488
2016.0,306.0,22.0,0.0,0.0,0.0,0.0,0.0,0.0,0.0,0.0,0.0,0.0,0.0,0.0,0.0,0.0,6.0103815050735925,0.9954028600322062,1.0,0.0,0.0,0.0,0.0,0.095,0.095,-0.10725976358096488,-0.10725976358096488
2016.0,306.0,22.5,0.0,0.0,0.0,0.0,0.0,0.0,0.0,0.0,0.0,0.0,0.0,0.0,0.0,0.0,6.0103815050735925,0.9954028600322062,1.0,0.0,0.0,0.0,0.0,0.095,0.095,-0.10725976358096488,-0.10725976358096488
2016.0,306.0,23.0,0.0,0.0,0.0,0.0,0.0,0.0,0.0,0.0,0.0,0.0,0.0,0.0,0.0,0.0,6.0103815050735925,0.9954028600322062,1.0,0.0,0.0,0.0,0.0,0.095,0.095,-0.10725976358096488,-0.10725976358096488
2016.0,306.0,23.5,0.0,0.0,0.0,0.0,0.0,0.0,0.0,0.0,0.0,0.0,0.0,0.0,0.0,0.0,6.0103815050735925,0.9954028600322062,1.0,0.0,0.0,0.0,0.0,0.095,0.095,-0.10725976358096488,-0.10725976358096488
2016.0,307.0,0.0,0.0,0.0,0.0,0.0,0.0,0.0,0.0,0.0,0.0,0.0,0.0,0.0,0.0,0.0,6.0103815050735925,0.9954028600322062,1.0,0.0,0.0,0.0,0.0,0.095,0.095,-0.10725976358096488,-0.10725976358096488
2016.0,307.0,0.5,0.0,0.0,0.0,0.0,0.0,0.0,0.0,0.0,0.0,0.0,0.0,0.0,0.0,0.0,6.0103815050735925,0.9954028600322062,1.0,0.0,0.0,0.0,0.0,0.094,0.094,-0.11512978840235837,-0.11512978840235837
2016.0,307.0,1.0,0.0,0.0,0.0,0.0,0.0,0.0,0.0,0.0,0.0,0.0,0.0,0.0,0.0,0.0,6.0103815050735925,0.9954028600322062,1.0,0.0,0.0,0.0,0.0,0.094,0.094,-0.11512978840235837,-0.11512978840235837
2016.0,307.0,1.5,0.0,0.0,0.0,0.0,0.0,0.0,0.0,0.0,0.0,0.0,0.0,0.0,0.0,0.0,6.0103815050735925,0.9954028600322062,1.0,0.0,0.0,0.0,0.0,0.094,0.094,-0.11512978840235837,-0.11512978840235837
2016.0,307.0,2.0,0.0,0.0,0.0,0.0,0.0,0.0,0.0,0.0,0.0,0.0,0.0,0.0,0.0,0.0,6.0103815050735925,0.9954028600322062,1.0,0.0,0.0,0.0,0.0,0.094,0.094,-0.11512978840235837,-0.11512978840235837
2016.0,307.0,2.5,0.0,0.0,0.0,0.0,0.0,0.0,0.0,0.0,0.0,0.0,0.0,0.0,0.0,0.0,6.0103815050735925,0.9954028600322062,1.0,0.0,0.0,0.0,0.0,0.094,0.094,-0.11512978840235837,-0.11512978840235837
2016.0,307.0,3.0,0.0,0.0,0.0,0.0,0.0,0.0,0.0,0.0,0.0,0.0,0.0,0.0,0.0,0.0,6.0103815050735925,0.9954028600322062,1.0,0.0,0.0,0.0,0.0,0.094,0.094,-0.11512978840235837,-0.11512978840235837
2016.0,307.0,3.5,0.0,0.0,0.0,0.0,0.0,0.0,0.0,0.0,0.0,0.0,0.0,0.0,0.0,0.0,6.0103815050735925,0.9954028600322062,1.0,0.0,0.0,0.0,0.0,0.094,0.094,-0.11512978840235837,-0.11512978840235837
2016.0,307.0,4.0,0.0,0.0,0.0,0.0,0.0,0.0,0.0,0.0,0.0,0.0,0.0,0.0,0.0,0.0,6.0103815050735925,0.9954028600322062,1.0,0.0,0.0,0.0,0.0,0.094,0.094,-0.11512978840235837,-0.11512978840235837
2016.0,307.0,4.5,0.0,0.0,0.0,0.0,0.0,0.0,0.0,0.0,0.0,0.0,0.0,0.0,0.0,0.0,6.0103815050735925,0.9954028600322062,1.0,0.0,0.0,0.0,0.0,0.094,0.094,-0.11512978840235837,-0.11512978840235837
2016.0,307.0,5.0,0.0,0.0,0.0,0.0,0.0,0.0,0.0,0.0,0.0,0.0,0.0,0.0,0.0,0.0,6.0103815050735925,0.9954028600322062,1.0,0.0,0.0,0.0,0.0,0.094,0.094,-0.11512978840235837,-0.11512978840235837
2016,307,5.5,0.0,0.0,0.0,0.0,0.0,0.0,0.0,0.0,0.0,0.0,0.0,0.0,True,True,6.010296541963572,0.9954028600322062,1.0,0.0,0.0,0.0,0.0,0.094,0.094,-0.11512978840235837,-0.11512978840235837
2016,307,6.0,3.850634908267466,0.0,0.17637879343379262,0.0,40.75019802529169,0.0,0.10075652252674906,0.0,0.0,0.0,2915.9400609448826,0.0,False,0.0,6.010296541963572,0.9954028600322062,1.0,0.0,0.0,0.033853453861166186,0.033853453861166186,0.094,0.094,-0.11512978840235837,-0.11512978840235837
2016,307,6.5,7.557480988447725,0.0,0.36995467690220635,0.0,36.97091000035935,0.0,0.1853855037386415,0.0,0.0,0.0,3850.8708170203086,0.0,False,0.0,6.010296541963572,0.9954028600322062,1.0,0.0,0.0,0.06843688372181743,0.06843688372181743,0.094,0.094,-0.11512978840235837,-0.11512978840235837
2016,307,7.0,11.546495893821795,0.0,0.8565869478183696,0.0,34.58628271815749,0.0,0.21067384220367785,0.0,0.0,0.0,5704.637868331136,0.0,False,0.0,6.010296541963572,0.9954028600322062,1.0,0.0,0.0,0.11194769591624061,0.11194769591624061,0.094,0.094,-0.11512978840235837,-0.11512978840235837
2016,307,7.5,9.143109336045145,0.0,0.8399335297818527,0.0,33.529660921793884,0.0,0.1467567779410144,0.0,0.0,0.0,7526.160657603633,0.0,False,0.0,6.010296541963572,0.9954028600322062,1.0,0.0,0.0,0.09108790145214751,0.09108790145214751,0.094,0.094,-0.11512978840235837,-0.11512978840235837
2016,307,8.0,13.877539766468391,0.0,1.595180840725728,0.0,31.809966174232308,0.0,0.19418500959323187,0.0,0.0,0.0,10442.408553069303,0.0,False,0.0,6.010296541963572,0.9954028600322062,1.0,0.0,0.0,0.14381418551093778,0.14381418551093778,0.094,0.094,-0.11512978840235837,-0.11512978840235837
2016,307,8.5,16.827109824686506,0.0,2.184579054120892,0.0,30.8303067890212,0.0,0.21973176077143106,0.0,0.0,0.0,13616.973600778541,0.0,False,0.0,6.010296541963572,0.9954028600322062,1.0,0.0,0.0,0.18527453440564953,0.18527453440564953,0.094,0.094,-0.11512978840235837,-0.11512978840235837
2016,307,9.0,20.89992659128074,0.0,2.9777949366824945,0.0,36.87464313746564,0.0,0.25932089986704876,0.0,0.0,0.0,16887.40364062388,0.0,False,0.0,6.010296541963572,0.9954028600322062,1.0,0.0,0.0,0.25037330668498337,0.25037330668498337,0.094,0.094,-0.11512978840235837,-0.11512978840235837
2016,307,9.5,19.424832364968065,0.0,3.253263076275908,0.0,28.96959291083695,0.0,0.22170967614246698,0.0,0.0,0.0,21439.754185091388,0.0,False,0.0,6.010296541963572,0.9954028600322062,1.0,0.0,0.0,0.2423418348416827,0.2423418348416827,0.093,0.093,-0.12367088542212278,-0.12367088542212278
2016,307,10.0,15.319219730172657,0.0,2.6463313363660834,0.0,28.982164544996785,0.0,0.16918002338154214,0.0,0.0,0.0,23817.18620387999,0.0,False,0.0,6.010296541963572,0.9954028600322062,1.0,0.0,0.0,0.1816445116462289,0.1816445116462289,0.093,0.093,-0.12367088542212278,-0.12367088542212278
2016,307,10.5,16.358437881195933,0.0,2.8273349437365987,0.0,28.89680496788223,0.0,0.17788095409646815,0.0,0.0,0.0,25958.22658019168,0.0,False,0.0,6.010296541963572,0.9954028600322062,1.0,0.0,0.0,0.19840964704820438,0.19840964704820438,0.093,0.093,-0.12367088542212278,-0.12367088542212278
2016,307,11.0,0.0,0.0,0.0,0.0,0.0,0.0,0.0,0.0,0.0,0.0,0.0,0.0,True,0.0,6.010296541963572,0.9954028600322062,1.0,0.0,0.0,0.09688189040006176,0.09688189040006176,0.093,0.093,-0.12367088542212278,-0.12367088542212278
2016,307,11.5,9.821650459689405,0.0,8.055202271437947,0.0,23.40515272214128,0.0,0.2410005277955687,0.0,0.0,0.0,32470.791639031562,0.0,False,0.0,6.010296541963572,0.9954028600322062,1.0,0.0,0.0,0.060746828136978084,0.060746828136978084,0.0925,0.0925,-0.1282132473430953,-0.1282132473430953
2016,307,12.0,10.155562005566248,0.0,6.4461020212270945,0.0,23.75864606725302,0.0,0.18797509786489697,0.0,0.0,0.0,34174.75401898078,0.0,False,0.0,6.010296541963572,0.9954028600322062,1.0,0.0,0.0,0.06871949250709701,0.06871949250709701,0.092,0.092,-0.13294843755325347,-0.13294843755325347
2016,307,12.5,0.0,0.0,0.0,0.0,0.0,0.0,0.0,0.0,0.0,0.0,0.0,0.0,True,0.0,6.010136674873935,0.9999144310448127,1.0,0.0,0.0,0.02278275124429861,0.02278275124429861,0.092,0.092,-0.13294843755325347,-0.13294843755325347
2016,307,13.0,9.339395987809091,0.0,2.7229936031145505,0.0,26.2548457687944,0.0,0.1014606109594388,0.0,0.0,0.0,32630.664018496547,0.0,False,0.0,6.010136674873935,0.9999144310448127,1.0,0.0,0.0,0.07665580062819145,0.07665580062819145,0.092,0.092,-0.13294843755325347,-0.13294843755325347
2016,307,13.5,0.0,4.875971542352004,0.0,4.008265524791987,0.0,41.70949205844088,0.0,0.1318321383120497,0.0,-0.5825685412596282,0.0,24.87949825046954,True,False,6.010136674873935,0.996096104575769,1.0,0.0,0.0,0.014111721202788283,0.014111721202788283,0.092,0.092,-0.13294843755325347,-0.13294843755325347
2016,307,14.0,6.700373338578503,0.0,1.8132900641133403,0.0,26.61828141932884,0.0,0.06970384819924681,0.0,0.0,0.0,27756.85439929813,0.0,False,0.0,6.010136674873935,0.996096104575769,1.0,0.0,0.0,0.04944218391977674,0.04944218391977674,0.0915,0.0915,-0.137885757340547,-0.137885757340547
2016,307,14.5,12.130225353513024,0.0,2.707025510840477,0.0,27.350695569344012,0.0,0.12111122758626171,0.0,0.0,0.0,23944.335002369124,0.0,False,0.0,6.010136674873935,0.996096104575769,1.0,0.0,0.0,0.16096554072078803,0.16096554072078803,0.091,0.091,-0.14303501105796806,-0.14303501105796806
2016,307,15.0,6.739606225930167,0.0,1.5589107747565596,0.0,27.389506778769324,0.0,0.06632099795620863,0.0,0.0,0.0,20789.629994198072,0.0,False,0.0,6.010136674873935,0.996096104575769,1.0,0.0,0.0,0.09335554455040491,0.09335554455040491,0.091,0.091,-0.14303501105796806,-0.14303501105796806
2016,307,15.5,0.0,0.24336836737617906,0.0,0.5018721186104822,0.0,41.73836571053624,0.0,0.02133398887976584,0.0,-0.2178703224109932,0.0,27.03987092859689,False,False,6.010029564437902,0.9996929370260214,1.0,0.0,0.0,0.0,0.0,0.091,0.091,-0.14303501105796806,-0.14303501105796806
2016,307,16.0,0.0,0.0,0.0,0.0,0.0,0.0,0.0,0.0,0.0,0.0,0.0,0.0,True,True,6.010029564437902,0.9996929370260214,1.0,0.0,0.0,0.0,0.0,0.091,0.091,-0.14303501105796806,-0.14303501105796806
2016,307,16.5,0.0,0.0,0.0,0.0,0.0,0.0,0.0,0.0,0.0,0.0,0.0,0.0,True,True,6.010029564437902,0.9996929370260214,1.0,0.0,0.0,0.0,0.0,0.091,0.091,-0.14303501105796806,-0.14303501105796806
2016.0,307.0,17.0,0.0,0.0,0.0,0.0,0.0,0.0,0.0,0.0,0.0,0.0,0.0,0.0,0.0,0.0,6.010029564437902,0.9996929370260214,1.0,0.0,0.0,0.0,0.0,0.09,0.09,-0.15401123611662587,-0.15401123611662587
2016.0,307.0,17.5,0.0,0.0,0.0,0.0,0.0,0.0,0.0,0.0,0.0,0.0,0.0,0.0,0.0,0.0,6.010029564437902,0.9996929370260214,1.0,0.0,0.0,0.0,0.0,0.09,0.09,-0.15401123611662587,-0.15401123611662587
2016.0,307.0,18.0,0.0,0.0,0.0,0.0,0.0,0.0,0.0,0.0,0.0,0.0,0.0,0.0,0.0,0.0,6.010029564437902,0.9996929370260214,1.0,0.0,0.0,0.0,0.0,0.09,0.09,-0.15401123611662587,-0.15401123611662587
2016.0,307.0,18.5,0.0,0.0,0.0,0.0,0.0,0.0,0.0,0.0,0.0,0.0,0.0,0.0,0.0,0.0,6.010029564437902,0.9996929370260214,1.0,0.0,0.0,0.0,0.0,0.09,0.09,-0.15401123611662587,-0.15401123611662587
2016.0,307.0,19.0,0.0,0.0,0.0,0.0,0.0,0.0,0.0,0.0,0.0,0.0,0.0,0.0,0.0,0.0,6.010029564437902,0.9996929370260214,1.0,0.0,0.0,0.0,0.0,0.09,0.09,-0.15401123611662587,-0.15401123611662587
2016.0,307.0,19.5,0.0,0.0,0.0,0.0,0.0,0.0,0.0,0.0,0.0,0.0,0.0,0.0,0.0,0.0,6.010029564437902,0.9996929370260214,1.0,0.0,0.0,0.0,0.0,0.09,0.09,-0.15401123611662587,-0.15401123611662587
2016.0,307.0,20.0,0.0,0.0,0.0,0.0,0.0,0.0,0.0,0.0,0.0,0.0,0.0,0.0,0.0,0.0,6.010029564437902,0.9996929370260214,1.0,0.0,0.0,0.0,0.0,0.09,0.09,-0.15401123611662587,-0.15401123611662587
2016.0,307.0,20.5,0.0,0.0,0.0,0.0,0.0,0.0,0.0,0.0,0.0,0.0,0.0,0.0,0.0,0.0,6.010029564437902,0.9996929370260214,1.0,0.0,0.0,0.0,0.0,0.09,0.09,-0.15401123611662587,-0.15401123611662587
2016.0,307.0,21.0,0.0,0.0,0.0,0.0,0.0,0.0,0.0,0.0,0.0,0.0,0.0,0.0,0.0,0.0,6.010029564437902,0.9996929370260214,1.0,0.0,0.0,0.0,0.0,0.09,0.09,-0.15401123611662587,-0.15401123611662587
2016.0,307.0,21.5,0.0,0.0,0.0,0.0,0.0,0.0,0.0,0.0,0.0,0.0,0.0,0.0,0.0,0.0,6.010029564437902,0.9996929370260214,1.0,0.0,0.0,0.0,0.0,0.09,0.09,-0.15401123611662587,-0.15401123611662587
2016.0,307.0,22.0,0.0,0.0,0.0,0.0,0.0,0.0,0.0,0.0,0.0,0.0,0.0,0.0,0.0,0.0,6.010029564437902,0.9996929370260214,1.0,0.0,0.0,0.0,0.0,0.09,0.09,-0.15401123611662587,-0.15401123611662587
2016.0,307.0,22.5,0.0,0.0,0.0,0.0,0.0,0.0,0.0,0.0,0.0,0.0,0.0,0.0,0.0,0.0,6.010029564437902,0.9996929370260214,1.0,0.0,0.0,0.0,0.0,0.09,0.09,-0.15401123611662587,-0.15401123611662587
2016.0,307.0,23.0,0.0,0.0,0.0,0.0,0.0,0.0,0.0,0.0,0.0,0.0,0.0,0.0,0.0,0.0,6.010029564437902,0.9996929370260214,1.0,0.0,0.0,0.0,0.0,0.09,0.09,-0.15401123611662587,-0.15401123611662587
2016.0,307.0,23.5,0.0,0.0,0.0,0.0,0.0,0.0,0.0,0.0,0.0,0.0,0.0,0.0,0.0,0.0,6.010029564437902,0.9996929370260214,1.0,0.0,0.0,0.0,0.0,0.09,0.09,-0.15401123611662587,-0.15401123611662587
2016.0,308.0,0.0,0.0,0.0,0.0,0.0,0.0,0.0,0.0,0.0,0.0,0.0,0.0,0.0,0.0,0.0,6.010029564437902,0.9996929370260214,1.0,0.0,0.0,0.0,0.0,0.09,0.09,-0.15401123611662587,-0.15401123611662587
2016.0,308.0,0.5,0.0,0.0,0.0,0.0,0.0,0.0,0.0,0.0,0.0,0.0,0.0,0.0,0.0,0.0,6.010029564437902,0.9996929370260214,1.0,0.0,0.0,0.0,0.0,0.09,0.09,-0.15401123611662587,-0.15401123611662587
2016.0,308.0,1.0,0.0,0.0,0.0,0.0,0.0,0.0,0.0,0.0,0.0,0.0,0.0,0.0,0.0,0.0,6.010029564437902,0.9996929370260214,1.0,0.0,0.0,0.0,0.0,0.09,0.09,-0.15401123611662587,-0.15401123611662587
2016.0,308.0,1.5,0.0,0.0,0.0,0.0,0.0,0.0,0.0,0.0,0.0,0.0,0.0,0.0,0.0,0.0,6.010029564437902,0.9996929370260214,1.0,0.0,0.0,0.0,0.0,0.09,0.09,-0.15401123611662587,-0.15401123611662587
2016.0,308.0,2.0,0.0,0.0,0.0,0.0,0.0,0.0,0.0,0.0,0.0,0.0,0.0,0.0,0.0,0.0,6.010029564437902,0.9996929370260214,1.0,0.0,0.0,0.0,0.0,0.09,0.09,-0.15401123611662587,-0.15401123611662587
2016.0,308.0,2.5,0.0,0.0,0.0,0.0,0.0,0.0,0.0,0.0,0.0,0.0,0.0,0.0,0.0,0.0,6.010029564437902,0.9996929370260214,1.0,0.0,0.0,0.0,0.0,0.09,0.09,-0.15401123611662587,-0.15401123611662587
2016.0,308.0,3.0,0.0,0.0,0.0,0.0,0.0,0.0,0.0,0.0,0.0,0.0,0.0,0.0,0.0,0.0,6.010029564437902,0.9996929370260214,1.0,0.0,0.0,0.0,0.0,0.09,0.09,-0.15401123611662587,-0.15401123611662587
2016.0,308.0,3.5,0.0,0.0,0.0,0.0,0.0,0.0,0.0,0.0,0.0,0.0,0.0,0.0,0.0,0.0,6.010029564437902,0.9996929370260214,1.0,0.0,0.0,0.0,0.0,0.09,0.09,-0.15401123611662587,-0.15401123611662587
2016.0,308.0,4.0,0.0,0.0,0.0,0.0,0.0,0.0,0.0,0.0,0.0,0.0,0.0,0.0,0.0,0.0,6.010029564437902,0.9996929370260214,1.0,0.0,0.0,0.0,0.0,0.0895,0.0895,-0.15986061324751152,-0.15986061324751152
2016.0,308.0,4.5,0.0,0.0,0.0,0.0,0.0,0.0,0.0,0.0,0.0,0.0,0.0,0.0,0.0,0.0,6.010029564437902,0.9996929370260214,1.0,0.0,0.0,0.0,0.0,0.089,0.089,-0.16596680679910064,-0.16596680679910064
2016.0,308.0,5.0,0.0,0.0,0.0,0.0,0.0,0.0,0.0,0.0,0.0,0.0,0.0,0.0,0.0,0.0,6.010029564437902,0.9996929370260214,1.0,0.0,0.0,0.0,0.0,0.089,0.089,-0.16596680679910064,-0.16596680679910064
2016,308,5.5,0.0,0.0,0.0,0.0,0.0,0.0,0.0,0.0,0.0,0.0,0.0,0.0,True,True,6.0097380353013525,0.9996929370260214,1.0,0.0,0.0,0.0,0.0,0.089,0.089,-0.16596680679910064,-0.16596680679910064
2016,308,6.0,3.6696155435694626,0.0,0.16369894838141588,0.0,37.70824578529764,0.0,0.09799306287112651,0.0,0.0,0.0,3021.730112036414,0.0,False,0.0,6.0097380353013525,0.9996929370260214,1.0,0.0,0.0,0.02928189865328138,0.02928189865328138,0.089,0.089,-0.16596680679910064,-0.16596680679910064
2016,308,6.5,6.608674012595028,0.0,0.30309482390623105,0.0,37.34742208188722,0.0,0.1704365400747002,0.0,0.0,0.0,4151.095239806461,0.0,False,0.0,6.0097380353013525,0.9996929370260214,1.0,0.0,0.0,0.05464474562730779,0.05464474562730779,0.089,0.089,-0.16596680679910064,-0.16596680679910064
2016,308,7.0,11.000141693237751,0.0,0.7622467253639212,0.0,34.99911677586459,0.0,0.2099128126966983,0.0,0.0,0.0,5636.478827670226,0.0,False,0.0,6.0097380353013525,0.9996929370260214,1.0,0.0,0.0,0.09283486801973587,0.09283486801973587,0.089,0.089,-0.16596680679910064,-0.16596680679910064
2016,308,7.5,7.690357143647001,0.0,0.6981010261250734,0.0,33.70747757265617,0.0,0.1243663491407933,0.0,0.0,0.0,7644.386779447741,0.0,False,0.0,6.0097380353013525,0.9996929370260214,1.0,0.0,0.0,0.03712599017212824,0.03712599017212824,0.089,0.089,-0.16596680679910064,-0.16596680679910064
2016,308,8.0,14.584504914638632,0.0,1.4399561601586068,0.0,32.708965977619975,0.0,0.2224323015801696,0.0,0.0,0.0,10287.460116853204,0.0,False,0.0,6.0097380353013525,0.9996929370260214,1.0,0.0,0.0,0.13351229000037343,0.13351229000037343,0.089,0.089,-0.16596680679910064,-0.16596680679910064
2016,308,8.5,15.730735391581272,0.0,1.8524742942696772,0.0,31.530210225746863,0.0,0.21680208509935084,0.0,0.0,0.0,13493.342272663624,0.0,False,0.0,6.0097380353013525,0.9996929370260214,1.0,0.0,0.0,0.15118420599449203,0.15118420599449203,0.089,0.089,-0.16596680679910064,-0.16596680679910064
2016,308,9.0,20.853666268063414,0.0,2.728575016766948,0.0,30.52184048452407,0.0,0.270490246841642,0.0,0.0,0.0,16871.611729136475,0.0,False,0.0,6.0097380353013525,0.9996929370260214,1.0,0.0,0.0,0.219212456230734,0.219212456230734,0.089,0.089,-0.16596680679910064,-0.16596680679910064
2016,308,9.5,20.25199586876389,0.0,2.8073212000028254,0.0,36.98692690124133,0.0,0.2543180572764064,0.0,0.0,0.0,19546.72468540361,0.0,False,0.0,6.0097380353013525,0.9996929370260214,1.0,0.0,0.0,0.2135335030394871,0.2135335030394871,0.089,0.089,-0.16596680679910064,-0.16596680679910064
2016,308,10.0,14.365924325256353,0.0,2.1894189878179833,0.0,29.88376823313069,0.0,0.16736246345260694,0.0,0.0,0.0,23434.499944403917,0.0,False,0.0,6.0097380353013525,0.9996929370260214,1.0,0.0,0.0,0.14807900129111407,0.14807900129111407,0.088,0.088,-0.1790016182191552,-0.1790016182191552
2016,308,10.5,12.906527269807274,0.0,1.9900802648873832,0.0,29.759914982888535,0.0,0.14023941909091558,0.0,0.0,0.0,26586.884106944257,0.0,False,0.0,6.0097380353013525,0.9996929370260214,1.0,0.0,0.0,0.14092706402137065,0.14092706402137065,0.088,0.088,-0.1790016182191552,-0.1790016182191552
2016,308,11.0,0.0,0.0,0.0,0.0,0.0,0.0,0.0,0.0,0.0,0.0,0.0,0.0,True,0.0,6.0097380353013525,0.9996929370260214,1.0,0.0,0.0,0.089908567403619,0.089908567403619,0.088,0.088,-0.1790016182191552,-0.1790016182191552
2016,308,11.5,5.327945390249917,0.0,0.5427004585181286,0.0,32.02587373008829,0.0,0.04640433684899232,0.0,0.0,0.0,33841.3315733635,0.0,False,0.0,6.0097380353013525,0.9996929370260214,1.0,0.0,0.0,0.07081360257472995,0.07081360257472995,0.088,0.088,-0.1790016182191552,-0.1790016182191552
2016,308,12.0,0.0,0.0,0.0,0.0,0.0,0.0,0.0,0.0,0.0,0.0,0.0,0.0,True,0.0,6.0097380353013525,0.9996929370260214,1.0,0.0,0.0,0.039901991352579734,0.039901991352579734,0.088,0.088,-0.1790016182191552,-0.1790016182191552
2016,308,12.5,0.0,0.0,0.0,0.0,0.0,0.0,0.0,0.0,0.0,0.0,0.0,0.0,True,0.0,6.0097380353013525,0.9996929370260214,1.0,0.0,0.0,0.047261362399478056,0.047261362399478056,0.087,0.087,-0.1932270615424628,-0.1932270615424628
2016,308,13.0,9.084765264149373,0.0,4.571444250623312,0.0,20.788586254803352,0.0,0.08892585756758643,0.0,0.0,0.0,33917.13629432506,0.0,False,0.0,6.0097380353013525,0.9996929370260214,1.0,0.0,0.0,0.04190151281096128,0.04190151281096128,0.087,0.087,-0.1932270615424628,-0.1932270615424628
2016,308,13.5,0.0,5.138969743577826,0.0,4.006605899461455,0.0,41.68803386087698,0.0,0.1425917343672275,0.0,-0.6392122733499909,0.0,25.441230016448056,True,False,6.0092979811929315,0.9950395532259597,1.0,0.0,0.0,0.017220027946497907,0.017220027946497907,0.087,0.087,-0.1932270615424628,-0.1932270615424628
2016,308,14.5,13.10999978762496,0.0,2.8608092437894554,0.0,27.455727735872635,0.0,0.13224948665423178,0.0,0.0,0.0,24873.30598561275,0.0,False,0.0,6.0092979811929315,0.9950395532259597,1.0,0.0,0.0,0.156102870783932,0.156102870783932,0.0865,0.0865,-0.20082458265297198,-0.20082458265297198
2016,308,15.0,8.373047522654247,0.0,1.978093269303199,0.0,27.13906678616616,0.0,0.08152285033978529,0.0,0.0,0.0,22542.99531123599,0.0,False,0.0,6.0092979811929315,0.9950395532259597,1.0,0.0,0.0,0.1054917062246,0.1054917062246,0.086,0.086,-0.2087675009191212,-0.2087675009191212
2016,308,15.5,0.0,0.1331296009233276,0.0,0.24943623308698132,0.0,41.68329331511571,0.0,0.010041167623035783,0.0,-0.24585484257623097,0.0,28.23089710587209,False,False,6.008998259768314,0.9995802672705951,1.0,0.0,0.0,0.0,0.0,0.086,0.086,-0.2087675009191212,-0.2087675009191212
2016,308,16.0,0.0,0.0,0.0,0.0,0.0,0.0,0.0,0.0,0.0,0.0,0.0,0.0,True,True,6.008998259768314,0.9995802672705951,1.0,0.0,0.0,0.0,0.0,0.086,0.086,-0.2087675009191212,-0.2087675009191212
2016,308,16.5,0.0,0.0,0.0,0.0,0.0,0.0,0.0,0.0,0.0,0.0,0.0,0.0,True,True,6.008998259768314,0.9995802672705951,1.0,0.0,0.0,0.0,0.0,0.086,0.086,-0.2087675009191212,-0.2087675009191212
2016.0,308.0,17.0,0.0,0.0,0.0,0.0,0.0,0.0,0.0,0.0,0.0,0.0,0.0,0.0,0.0,0.0,6.008998259768314,0.9995802672705951,1.0,0.0,0.0,0.0,0.0,0.086,0.086,-0.2087675009191212,-0.2087675009191212
2016.0,308.0,17.5,0.0,0.0,0.0,0.0,0.0,0.0,0.0,0.0,0.0,0.0,0.0,0.0,0.0,0.0,6.008998259768314,0.9995802672705951,1.0,0.0,0.0,0.0,0.0,0.086,0.086,-0.2087675009191212,-0.2087675009191212
2016.0,308.0,18.0,0.0,0.0,0.0,0.0,0.0,0.0,0.0,0.0,0.0,0.0,0.0,0.0,0.0,0.0,6.008998259768314,0.9995802672705951,1.0,0.0,0.0,0.0,0.0,0.086,0.086,-0.2087675009191212,-0.2087675009191212
2016.0,308.0,18.5,0.0,0.0,0.0,0.0,0.0,0.0,0.0,0.0,0.0,0.0,0.0,0.0,0.0,0.0,6.008998259768314,0.9995802672705951,1.0,0.0,0.0,0.0,0.0,0.086,0.086,-0.2087675009191212,-0.2087675009191212
2016.0,308.0,19.0,0.0,0.0,0.0,0.0,0.0,0.0,0.0,0.0,0.0,0.0,0.0,0.0,0.0,0.0,6.008998259768314,0.9995802672705951,1.0,0.0,0.0,0.0,0.0,0.085,0.085,-0.22576196041911914,-0.22576196041911914
2016.0,308.0,19.5,0.0,0.0,0.0,0.0,0.0,0.0,0.0,0.0,0.0,0.0,0.0,0.0,0.0,0.0,6.008998259768314,0.9995802672705951,1.0,0.0,0.0,0.0,0.0,0.085,0.085,-0.22576196041911914,-0.22576196041911914
2016.0,308.0,20.0,0.0,0.0,0.0,0.0,0.0,0.0,0.0,0.0,0.0,0.0,0.0,0.0,0.0,0.0,6.008998259768314,0.9995802672705951,1.0,0.0,0.0,0.0,0.0,0.085,0.085,-0.22576196041911914,-0.22576196041911914
2016.0,308.0,20.5,0.0,0.0,0.0,0.0,0.0,0.0,0.0,0.0,0.0,0.0,0.0,0.0,0.0,0.0,6.008998259768314,0.9995802672705951,1.0,0.0,0.0,0.0,0.0,0.085,0.085,-0.22576196041911914,-0.22576196041911914
2016.0,308.0,21.0,0.0,0.0,0.0,0.0,0.0,0.0,0.0,0.0,0.0,0.0,0.0,0.0,0.0,0.0,6.008998259768314,0.9995802672705951,1.0,0.0,0.0,0.0,0.0,0.085,0.085,-0.22576196041911914,-0.22576196041911914
2016.0,308.0,21.5,0.0,0.0,0.0,0.0,0.0,0.0,0.0,0.0,0.0,0.0,0.0,0.0,0.0,0.0,6.008998259768314,0.9995802672705951,1.0,0.0,0.0,0.0,0.0,0.085,0.085,-0.22576196041911914,-0.22576196041911914
2016.0,308.0,22.0,0.0,0.0,0.0,0.0,0.0,0.0,0.0,0.0,0.0,0.0,0.0,0.0,0.0,0.0,6.008998259768314,0.9995802672705951,1.0,0.0,0.0,0.0,0.0,0.085,0.085,-0.22576196041911914,-0.22576196041911914
2016.0,308.0,22.5,0.0,0.0,0.0,0.0,0.0,0.0,0.0,0.0,0.0,0.0,0.0,0.0,0.0,0.0,6.008998259768314,0.9995802672705951,1.0,0.0,0.0,0.0,0.0,0.085,0.085,-0.22576196041911914,-0.22576196041911914
2016.0,308.0,23.0,0.0,0.0,0.0,0.0,0.0,0.0,0.0,0.0,0.0,0.0,0.0,0.0,0.0,0.0,6.008998259768314,0.9995802672705951,1.0,0.0,0.0,0.0,0.0,0.085,0.085,-0.22576196041911914,-0.22576196041911914
2016.0,308.0,23.5,0.0,0.0,0.0,0.0,0.0,0.0,0.0,0.0,0.0,0.0,0.0,0.0,0.0,0.0,6.008998259768314,0.9995802672705951,1.0,0.0,0.0,0.0,0.0,0.085,0.085,-0.22576196041911914,-0.22576196041911914
2016.0,309.0,0.0,0.0,0.0,0.0,0.0,0.0,0.0,0.0,0.0,0.0,0.0,0.0,0.0,0.0,0.0,6.008998259768314,0.9995802672705951,1.0,0.0,0.0,0.0,0.0,0.085,0.085,-0.22576196041911914,-0.22576196041911914
2016.0,309.0,0.5,0.0,0.0,0.0,0.0,0.0,0.0,0.0,0.0,0.0,0.0,0.0,0.0,0.0,0.0,6.008998259768314,0.9995802672705951,1.0,0.0,0.0,0.0,0.0,0.085,0.085,-0.22576196041911914,-0.22576196041911914
2016.0,309.0,1.0,0.0,0.0,0.0,0.0,0.0,0.0,0.0,0.0,0.0,0.0,0.0,0.0,0.0,0.0,6.008998259768314,0.9995802672705951,1.0,0.0,0.0,0.0,0.0,0.085,0.085,-0.22576196041911914,-0.22576196041911914
2016.0,309.0,1.5,0.0,0.0,0.0,0.0,0.0,0.0,0.0,0.0,0.0,0.0,0.0,0.0,0.0,0.0,6.008998259768314,0.9995802672705951,1.0,0.0,0.0,0.0,0.0,0.085,0.085,-0.22576196041911914,-0.22576196041911914
2016.0,309.0,2.0,0.0,0.0,0.0,0.0,0.0,0.0,0.0,0.0,0.0,0.0,0.0,0.0,0.0,0.0,6.008998259768314,0.9995802672705951,1.0,0.0,0.0,0.0,0.0,0.085,0.085,-0.22576196041911914,-0.22576196041911914
2016.0,309.0,2.5,0.0,0.0,0.0,0.0,0.0,0.0,0.0,0.0,0.0,0.0,0.0,0.0,0.0,0.0,6.008998259768314,0.9995802672705951,1.0,0.0,0.0,0.0,0.0,0.085,0.085,-0.22576196041911914,-0.22576196041911914
2016.0,309.0,3.0,0.0,0.0,0.0,0.0,0.0,0.0,0.0,0.0,0.0,0.0,0.0,0.0,0.0,0.0,6.008998259768314,0.9995802672705951,1.0,0.0,0.0,0.0,0.0,0.085,0.085,-0.22576196041911914,-0.22576196041911914
2016.0,309.0,3.5,0.0,0.0,0.0,0.0,0.0,0.0,0.0,0.0,0.0,0.0,0.0,0.0,0.0,0.0,6.008998259768314,0.9995802672705951,1.0,0.0,0.0,0.0,0.0,0.085,0.085,-0.22576196041911914,-0.22576196041911914
2016.0,309.0,4.0,0.0,0.0,0.0,0.0,0.0,0.0,0.0,0.0,0.0,0.0,0.0,0.0,0.0,0.0,6.008998259768314,0.9995802672705951,1.0,0.0,0.0,0.0,0.0,0.085,0.085,-0.22576196041911914,-0.22576196041911914
2016.0,309.0,4.5,0.0,0.0,0.0,0.0,0.0,0.0,0.0,0.0,0.0,0.0,0.0,0.0,0.0,0.0,6.008998259768314,0.9995802672705951,1.0,0.0,0.0,0.0,0.0,0.085,0.085,-0.22576196041911914,-0.22576196041911914
2016.0,309.0,5.0,0.0,0.0,0.0,0.0,0.0,0.0,0.0,0.0,0.0,0.0,0.0,0.0,0.0,0.0,6.008998259768314,0.9995802672705951,1.0,0.0,0.0,0.0,0.0,0.085,0.085,-0.22576196041911914,-0.22576196041911914
2016,309,5.5,0.0,0.0,0.0,0.0,0.0,0.0,0.0,0.0,0.0,0.0,0.0,0.0,True,True,6.008627424897719,0.9995802672705951,1.0,0.0,0.0,0.0,0.0,0.085,0.085,-0.22576196041911914,-0.22576196041911914
2016,309,6.0,3.4534627660533475,0.0,0.22774079807798994,0.0,39.8469376212274,0.0,0.06971782022552073,0.0,0.0,0.0,4698.785590714562,0.0,False,0.0,6.008627424897719,0.9995802672705951,1.0,0.0,0.0,0.02899437444606318,0.02899437444606318,0.085,0.085,-0.22576196041911914,-0.22576196041911914
2016,309,6.5,5.52027308511413,0.0,0.31809753734901014,0.0,36.34888783542301,0.0,0.12156834488875301,0.0,0.0,0.0,6419.976640084621,0.0,False,0.0,6.008627424897719,0.9995802672705951,1.0,0.0,0.0,0.051044161103167014,0.051044161103167014,0.085,0.085,-0.22576196041911914,-0.22576196041911914
2016,309,7.0,7.390942977564569,0.0,0.5442004072415387,0.0,34.9260265240868,0.0,0.13680617457940294,0.0,0.0,0.0,8561.94466482803,0.0,False,0.0,6.008627424897719,0.9995802672705951,1.0,0.0,0.0,0.06772466820065087,0.06772466820065087,0.085,0.085,-0.22576196041911914,-0.22576196041911914
2016,309,7.5,5.618635973216818,0.0,0.5309567206736708,0.0,33.600918540225635,0.0,0.0892226755456217,0.0,0.0,0.0,11130.092636034266,0.0,False,0.0,6.008627424897719,0.9995802672705951,1.0,0.0,0.0,0.05869918646382647,0.05869918646382647,0.085,0.085,-0.22576196041911914,-0.22576196041911914
2016,309,8.0,6.969948483171114,0.0,0.7705420586241138,0.0,32.517339599058324,0.0,0.10051663630122863,0.0,0.0,0.0,13923.947574024405,0.0,False,0.0,6.008627424897719,0.9995802672705951,1.0,0.0,0.0,0.07103039726707351,0.07103039726707351,0.084,0.084,-0.24436605378157714,-0.24436605378157714
2016,309,8.5,12.987141137393197,0.0,2.0141322555773438,0.0,29.861564907798723,0.0,0.1548226700684451,0.0,0.0,0.0,20070.178004335652,0.0,False,0.0,6.008627424897719,0.9995802672705951,1.0,0.0,0.0,0.13525769965273016,0.13525769965273016,0.084,0.084,-0.24436605378157714,-0.24436605378157714
2016,309,9.0,18.401699816643745,0.0,3.331798483602602,0.0,28.466267948195604,0.0,0.20261673171534864,0.0,0.0,0.0,24839.7385140845,0.0,False,0.0,6.008627424897719,0.9995802672705951,1.0,0.0,0.0,0.2070435881696097,0.2070435881696097,0.084,0.084,-0.24436605378157714,-0.24436605378157714
2016,309,9.5,18.19592798519197,0.0,3.8122458790048017,0.0,27.464023267188928,0.0,0.18690936175513387,0.0,0.0,0.0,29863.557439504013,0.0,False,0.0,6.008627424897719,0.9995802672705951,1.0,0.0,0.0,0.22253303424330234,0.22253303424330234,0.084,0.084,-0.24436605378157714,-0.24436605378157714
2016,309,10.0,14.193094805002819,0.0,3.2594777001542,0.0,26.99889033640359,0.0,0.13687831245737103,0.0,0.0,0.0,35319.24356928363,0.0,False,0.0,6.008627424897719,0.9995802672705951,1.0,0.0,0.0,0.19025023289145682,0.19025023289145682,0.084,0.084,-0.24436605378157714,-0.24436605378157714
2016,309,10.5,11.518997677099968,0.0,2.587030195123602,0.0,27.12827343260256,0.0,0.10491012632942656,0.0,0.0,0.0,39431.72603457783,0.0,False,0.0,6.008627424897719,0.9995802672705951,1.0,0.0,0.0,0.17820523185253032,0.17820523185253032,0.0835,0.0835,-0.2543254163284225,-0.2543254163284225
2016,309,11.0,0.0,0.0,0.0,0.0,0.0,0.0,0.0,0.0,0.0,0.0,0.0,0.0,True,0.0,6.008627424897719,0.9995802672705951,1.0,0.0,0.0,0.1344523232523912,0.1344523232523912,0.083,0.083,-0.2647541953873816,-0.2647541953873816
2016,309,11.5,0.0,6.6396468260926875,0.0,7.359801261054394,0.0,39.46995165355161,0.0,0.16336548174356494,0.0,-1.037680226549333,0.0,28.214739082741183,True,False,6.007595480939315,0.9827342493960856,1.0,0.0,0.0,0.02745713274602735,0.02745713274602735,0.083,0.083,-0.2647541953873816,-0.2647541953873816
2016,309,12.0,0.0,0.0,0.0,0.0,0.0,0.0,0.0,0.0,0.0,0.0,0.0,0.0,False,0.0,6.007595480939315,0.9827342493960856,1.0,0.0,0.0,0.05332250999053801,0.05332250999053801,0.083,0.083,-0.2647541953873816,-0.2647541953873816
2016,309,12.5,0.0,0.0,0.0,0.0,0.0,0.0,0.0,0.0,0.0,0.0,0.0,0.0,True,0.0,6.007595480939315,0.9827342493960856,1.0,0.0,0.0,0.06493521860534503,0.06493521860534503,0.083,0.083,-0.2647541953873816,-0.2647541953873816
2016,309,13.0,0.0,0.0,0.0,0.0,0.0,0.0,0.0,0.0,0.0,0.0,0.0,0.0,True,0.0,6.007595480939315,0.9827342493960856,1.0,0.0,0.0,0.034419332889490166,0.034419332889490166,0.0825,0.0825,-0.2756775464585471,-0.2756775464585471
2016,309,13.5,3.619934212132741,0.0,1.110103486639949,0.0,25.548041518920268,0.0,0.031293408859440874,0.0,0.0,0.0,42869.0048411467,0.0,False,0.0,6.007595480939315,0.9827342493960856,1.0,0.0,0.0,0.04462316145127311,0.04462316145127311,0.082,0.082,-0.28712213750166166,-0.28712213750166166
2016,309,14.0,6.105197940938984,2.40027489319712,2.5192238055571488,7.995939763431355,23.11174302189095,41.00662931372102,0.052976192081849484,0.23358562927992232,0.0,-1.204462131620042,37859.85162606282,32.955029428909,False,False,6.006882358603227,0.9747145395209993,0.9993730061191752,0.0,0.0,0.03600216163233855,0.03600216163233855,0.082,0.082,-0.28712213750166166,-0.28712213750166166
2016,309,14.5,8.726700200430153,0.0,2.4930673334843556,0.0,25.716961039604527,0.0,0.07791411685481034,0.0,0.0,0.0,33899.31312874879,0.0,False,0.0,6.006882358603227,0.9747145395209993,0.9993730061191752,0.0,0.0,0.14122362181224885,0.14122362181224885,0.082,0.082,-0.28712213750166166,-0.28712213750166166
2016,309,15.0,5.592623743125946,0.0,1.6325927755718916,0.0,25.86476535522259,0.0,0.04919349802738276,0.0,0.0,0.0,28785.155037551547,0.0,False,0.0,6.006882358603227,0.9747145395209993,0.9993730061191752,0.0,0.0,0.08868814444046688,0.08868814444046688,0.082,0.082,-0.28712213750166166,-0.28712213750166166
2016,309,15.5,0.0,0.0,0.0,0.0,0.0,0.0,0.0,0.0,0.0,0.0,0.0,0.0,True,True,6.006461617737326,0.9747145395209993,0.9993730061191752,0.0,0.0,0.0,0.0,0.0815,0.0815,-0.29911624987965013,-0.29911624987965013
2016,309,16.0,0.0,0.0,0.0,0.0,0.0,0.0,0.0,0.0,0.0,0.0,0.0,0.0,True,True,6.0059908884251625,0.9747145395209993,0.9993730061191752,0.0,0.0,0.0,0.0,0.081,0.081,-0.31168988671555264,-0.31168988671555264
2016,309,16.5,0.0,0.0,0.0,0.0,0.0,0.0,0.0,0.0,0.0,0.0,0.0,0.0,True,True,6.0059908884251625,0.9747145395209993,0.9993730061191752,0.0,0.0,0.0,0.0,0.081,0.081,-0.31168988671555264,-0.31168988671555264
2016.0,309.0,17.0,0.0,0.0,0.0,0.0,0.0,0.0,0.0,0.0,0.0,0.0,0.0,0.0,0.0,0.0,6.0059908884251625,0.9747145395209993,0.9993730061191752,0.0,0.0,0.0,0.0,0.081,0.081,-0.31168988671555264,-0.31168988671555264
2016.0,309.0,17.5,0.0,0.0,0.0,0.0,0.0,0.0,0.0,0.0,0.0,0.0,0.0,0.0,0.0,0.0,6.0059908884251625,0.9747145395209993,0.9993730061191752,0.0,0.0,0.0,0.0,0.081,0.081,-0.31168988671555264,-0.31168988671555264
2016.0,309.0,18.0,0.0,0.0,0.0,0.0,0.0,0.0,0.0,0.0,0.0,0.0,0.0,0.0,0.0,0.0,6.0059908884251625,0.9747145395209993,0.9993730061191752,0.0,0.0,0.0,0.0,0.081,0.081,-0.31168988671555264,-0.31168988671555264
2016.0,309.0,18.5,0.0,0.0,0.0,0.0,0.0,0.0,0.0,0.0,0.0,0.0,0.0,0.0,0.0,0.0,6.0059908884251625,0.9747145395209993,0.9993730061191752,0.0,0.0,0.0,0.0,0.081,0.081,-0.31168988671555264,-0.31168988671555264
2016.0,309.0,19.0,0.0,0.0,0.0,0.0,0.0,0.0,0.0,0.0,0.0,0.0,0.0,0.0,0.0,0.0,6.0059908884251625,0.9747145395209993,0.9993730061191752,0.0,0.0,0.0,0.0,0.081,0.081,-0.31168988671555264,-0.31168988671555264
2016.0,309.0,19.5,0.0,0.0,0.0,0.0,0.0,0.0,0.0,0.0,0.0,0.0,0.0,0.0,0.0,0.0,6.0059908884251625,0.9747145395209993,0.9993730061191752,0.0,0.0,0.0,0.0,0.081,0.081,-0.31168988671555264,-0.31168988671555264
2016.0,309.0,20.0,0.0,0.0,0.0,0.0,0.0,0.0,0.0,0.0,0.0,0.0,0.0,0.0,0.0,0.0,6.0059908884251625,0.9747145395209993,0.9993730061191752,0.0,0.0,0.0,0.0,0.081,0.081,-0.31168988671555264,-0.31168988671555264
2016.0,309.0,20.5,0.0,0.0,0.0,0.0,0.0,0.0,0.0,0.0,0.0,0.0,0.0,0.0,0.0,0.0,6.0059908884251625,0.9747145395209993,0.9993730061191752,0.0,0.0,0.0,0.0,0.081,0.081,-0.31168988671555264,-0.31168988671555264
2016.0,309.0,21.0,0.0,0.0,0.0,0.0,0.0,0.0,0.0,0.0,0.0,0.0,0.0,0.0,0.0,0.0,6.0059908884251625,0.9747145395209993,0.9993730061191752,0.0,0.0,0.0,0.0,0.081,0.081,-0.31168988671555264,-0.31168988671555264
2016.0,309.0,21.5,0.0,0.0,0.0,0.0,0.0,0.0,0.0,0.0,0.0,0.0,0.0,0.0,0.0,0.0,6.0059908884251625,0.9747145395209993,0.9993730061191752,0.0,0.0,0.0,0.0,0.081,0.081,-0.31168988671555264,-0.31168988671555264
2016.0,309.0,22.0,0.0,0.0,0.0,0.0,0.0,0.0,0.0,0.0,0.0,0.0,0.0,0.0,0.0,0.0,6.0059908884251625,0.9747145395209993,0.9993730061191752,0.0,0.0,0.0,0.0,0.081,0.081,-0.31168988671555264,-0.31168988671555264
2016.0,309.0,22.5,0.0,0.0,0.0,0.0,0.0,0.0,0.0,0.0,0.0,0.0,0.0,0.0,0.0,0.0,6.0059908884251625,0.9747145395209993,0.9993730061191752,0.0,0.0,0.0,0.0,0.081,0.081,-0.31168988671555264,-0.31168988671555264
2016.0,309.0,23.0,0.0,0.0,0.0,0.0,0.0,0.0,0.0,0.0,0.0,0.0,0.0,0.0,0.0,0.0,6.0059908884251625,0.9747145395209993,0.9993730061191752,0.0,0.0,0.0,0.0,0.081,0.081,-0.31168988671555264,-0.31168988671555264
2016.0,309.0,23.5,0.0,0.0,0.0,0.0,0.0,0.0,0.0,0.0,0.0,0.0,0.0,0.0,0.0,0.0,6.0059908884251625,0.9747145395209993,0.9993730061191752,0.0,0.0,0.0,0.0,0.081,0.081,-0.31168988671555264,-0.31168988671555264
2016.0,310.0,0.0,0.0,0.0,0.0,0.0,0.0,0.0,0.0,0.0,0.0,0.0,0.0,0.0,0.0,0.0,6.0059908884251625,0.9747145395209993,0.9993730061191752,0.0,0.0,0.0,0.0,0.08,0.08,-0.3387050618989844,-0.3387050618989844
2016.0,310.0,0.5,0.0,0.0,0.0,0.0,0.0,0.0,0.0,0.0,0.0,0.0,0.0,0.0,0.0,0.0,6.0059908884251625,0.9747145395209993,0.9993730061191752,0.0,0.0,0.0,0.0,0.08,0.08,-0.3387050618989844,-0.3387050618989844
2016.0,310.0,1.0,0.0,0.0,0.0,0.0,0.0,0.0,0.0,0.0,0.0,0.0,0.0,0.0,0.0,0.0,6.0059908884251625,0.9747145395209993,0.9993730061191752,0.0,0.0,0.0,0.0,0.08,0.08,-0.3387050618989844,-0.3387050618989844
2016.0,310.0,1.5,0.0,0.0,0.0,0.0,0.0,0.0,0.0,0.0,0.0,0.0,0.0,0.0,0.0,0.0,6.0059908884251625,0.9747145395209993,0.9993730061191752,0.0,0.0,0.0,0.0,0.08,0.08,-0.3387050618989844,-0.3387050618989844
2016.0,310.0,2.0,0.0,0.0,0.0,0.0,0.0,0.0,0.0,0.0,0.0,0.0,0.0,0.0,0.0,0.0,6.0059908884251625,0.9747145395209993,0.9993730061191752,0.0,0.0,0.0,0.0,0.08,0.08,-0.3387050618989844,-0.3387050618989844
2016.0,310.0,2.5,0.0,0.0,0.0,0.0,0.0,0.0,0.0,0.0,0.0,0.0,0.0,0.0,0.0,0.0,6.0059908884251625,0.9747145395209993,0.9993730061191752,0.0,0.0,0.0,0.0,0.08,0.08,-0.3387050618989844,-0.3387050618989844
2016.0,310.0,3.0,0.0,0.0,0.0,0.0,0.0,0.0,0.0,0.0,0.0,0.0,0.0,0.0,0.0,0.0,6.0059908884251625,0.9747145395209993,0.9993730061191752,0.0,0.0,0.0,0.0,0.08,0.08,-0.3387050618989844,-0.3387050618989844
2016.0,310.0,3.5,0.0,0.0,0.0,0.0,0.0,0.0,0.0,0.0,0.0,0.0,0.0,0.0,0.0,0.0,6.0059908884251625,0.9747145395209993,0.9993730061191752,0.0,0.0,0.0,0.0,0.08,0.08,-0.3387050618989844,-0.3387050618989844
2016.0,310.0,4.0,0.0,0.0,0.0,0.0,0.0,0.0,0.0,0.0,0.0,0.0,0.0,0.0,0.0,0.0,6.0059908884251625,0.9747145395209993,0.9993730061191752,0.0,0.0,0.0,0.0,0.08,0.08,-0.3387050618989844,-0.3387050618989844
2016.0,310.0,4.5,0.0,0.0,0.0,0.0,0.0,0.0,0.0,0.0,0.0,0.0,0.0,0.0,0.0,0.0,6.0059908884251625,0.9747145395209993,0.9993730061191752,0.0,0.0,0.0,0.0,0.08,0.08,-0.3387050618989844,-0.3387050618989844
2016.0,310.0,5.0,0.0,0.0,0.0,0.0,0.0,0.0,0.0,0.0,0.0,0.0,0.0,0.0,0.0,0.0,6.0059908884251625,0.9747145395209993,0.9993730061191752,0.0,0.0,0.0,0.0,0.08,0.08,-0.3387050618989844,-0.3387050618989844
2016,310,5.5,0.0,0.0,0.0,0.0,0.0,0.0,0.0,0.0,0.0,0.0,0.0,0.0,True,True,6.004873425494034,0.9747145395209993,0.9993730061191752,0.0,0.0,0.0,0.0,0.08,0.08,-0.3387050618989844,-0.3387050618989844
2016,310,6.0,4.1754244235372635,0.0,0.634975892893481,0.0,30.542423819389995,0.0,0.05052444526956234,0.0,0.0,0.0,7785.639114342262,0.0,False,0.0,6.004873425494034,0.9747145395209993,0.9993730061191752,0.0,0.0,0.03252257008749105,0.03252257008749105,0.08,0.08,-0.3387050618989844,-0.3387050618989844
2016,310,6.5,2.7939568847729213,0.0,0.46764887472877154,0.0,29.97548968173136,0.0,0.03212637493270894,0.0,0.0,0.0,10040.860517155064,0.0,False,0.0,6.004873425494034,0.9747145395209993,0.9993730061191752,0.0,0.0,0.031165976027757315,0.031165976027757315,0.08,0.08,-0.3387050618989844,-0.3387050618989844
2016,310,7.0,9.619455472641059,0.0,1.8920079059039419,0.0,28.389391948319428,0.0,0.10202772928372292,0.0,0.0,0.0,14173.286358044756,0.0,False,0.0,6.004873425494034,0.9747145395209993,0.9993730061191752,0.0,0.0,0.09092762100276594,0.09092762100276594,0.08,0.08,-0.3387050618989844,-0.3387050618989844
2016,310,7.5,6.108283637720683,0.0,1.3025429746802837,0.0,35.89962015185314,0.0,0.06237609843526411,0.0,0.0,0.0,17457.591079861733,0.0,False,0.0,6.004873425494034,0.9747145395209993,0.9993730061191752,0.0,0.0,0.06886258798354092,0.06886258798354092,0.08,0.08,-0.3387050618989844,-0.3387050618989844
2016,310,8.0,4.531071133857275,0.0,1.0249161831756746,0.0,27.67399250009598,0.0,0.04502263300375697,0.0,0.0,0.0,20055.267252639453,0.0,False,0.0,6.004873425494034,0.9747145395209993,0.9993730061191752,0.0,0.0,0.05324851009891515,0.05324851009891515,0.079,0.079,-0.36844676716639596,-0.36844676716639596
2016,310,8.5,11.30035128068925,0.0,2.509080432245959,0.0,27.42776447292964,0.0,0.11317121421350436,0.0,0.0,0.0,23039.196394358893,0.0,False,0.0,6.004873425494034,0.9747145395209993,0.9993730061191752,0.0,0.0,0.10848191044816248,0.10848191044816248,0.079,0.079,-0.36844676716639596,-0.36844676716639596
2016,310,9.0,17.5866984056556,0.0,3.9236546643454417,0.0,27.047874244387877,0.0,0.17586620050341034,0.0,0.0,0.0,26021.310483571244,0.0,False,0.0,6.004873425494034,0.9747145395209993,0.9993730061191752,0.0,0.0,0.17216740254903612,0.17216740254903612,0.079,0.079,-0.36844676716639596,-0.36844676716639596
2016,310,9.5,17.64336598311595,0.0,4.133463481464651,0.0,26.70401954686784,0.0,0.17237502370332275,0.0,0.0,0.0,30284.539095677603,0.0,False,0.0,6.004873425494034,0.9747145395209993,0.9993730061191752,0.0,0.0,0.183100891329611,0.183100891329611,0.079,0.079,-0.36844676716639596,-0.36844676716639596
2016,310,10.0,10.504289943397858,0.0,2.2685311420978707,0.0,27.525914698911027,0.0,0.09954886973656961,0.0,0.0,0.0,32415.556926144807,0.0,False,0.0,6.004873425494034,0.9747145395209993,0.9993730061191752,0.0,0.0,0.11087250836004664,0.11087250836004664,0.079,0.079,-0.36844676716639596,-0.36844676716639596
2016,310,10.5,12.388199521072327,0.0,2.537067460514479,0.0,27.770807023703775,0.0,0.11799852944653282,0.0,0.0,0.0,33761.37219874854,0.0,False,0.0,6.004873425494034,0.9747145395209993,0.9993730061191752,0.0,0.0,0.1283048644939398,0.1283048644939398,0.078,0.078,-0.4012300667322298,-0.4012300667322298
2016,310,11.0,10.122728979456433,0.0,5.992779604704195,0.0,23.673955571948092,0.0,0.16258445950350292,0.0,0.0,0.0,36856.01063730507,0.0,False,0.0,6.004873425494034,0.9747145395209993,0.9993730061191752,0.0,0.0,0.04934389389082004,0.04934389389082004,0.078,0.078,-0.4012300667322298,-0.4012300667322298
2016,310,11.5,0.0,0.0,0.0,0.0,0.0,0.0,0.0,0.0,0.0,0.0,0.0,0.0,True,0.0,6.004873425494034,0.9747145395209993,0.9993730061191752,0.0,0.0,0.036147886204251745,0.036147886204251745,0.078,0.078,-0.4012300667322298,-0.4012300667322298
2016,310,12.0,0.0,8.23805629616165,0.0,4.095175318946232,0.0,38.144757857304825,0.0,0.08492067077686069,0.0,-0.9069127699248145,0.0,19.25157483559333,True,False,6.00169809116957,0.9877831705462705,0.9993730061191752,0.0,0.0,0.022782716170929716,0.022782716170929716,0.078,0.078,-0.4012300667322298,-0.4012300667322298
2016,310,12.5,5.540081115870592,0.0,0.7655501149508179,0.0,30.10212819515277,0.0,0.04773916696774493,0.0,0.0,0.0,35440.75206030461,0.0,False,0.0,6.00169809116957,0.9877831705462705,0.9993730061191752,0.0,0.0,0.07880363691857357,0.07880363691857357,0.078,0.078,-0.4012300667322298,-0.4012300667322298
2016,310,13.0,9.13189523630744,0.0,4.098228662167569,0.0,21.972742581183347,0.0,0.08955382275895632,0.0,0.0,0.0,33681.73581720721,0.0,False,0.0,6.00169809116957,0.9877831705462705,0.9993730061191752,0.0,0.0,0.03256746673430352,0.03256746673430352,0.077,0.077,-0.4374111645545728,-0.4374111645545728
2016,310,13.5,7.94974655896365,0.0,2.158902712729392,0.0,26.671189284783754,0.0,0.08485103224813367,0.0,0.0,0.0,31353.974997089666,0.0,False,0.0,6.00169809116957,0.9877831705462705,0.9993730061191752,0.0,0.0,0.04324994642018057,0.04324994642018057,0.077,0.077,-0.4374111645545728,-0.4374111645545728
2016,310,14.0,8.745353507554128,0.0,1.9160553760601218,0.0,27.609844434834333,0.0,0.08546442345601926,0.0,0.0,0.0,29204.824908618775,0.0,False,0.0,6.00169809116957,0.9877831705462705,0.9993730061191752,0.0,0.0,0.08703270263956715,0.08703270263956715,0.077,0.077,-0.4374111645545728,-0.4374111645545728
2016,310,14.5,10.53870586828146,0.0,2.25932228766101,0.0,35.75623555871066,0.0,0.10690491175857791,0.0,0.0,0.0,25308.44455558407,0.0,False,0.0,6.00169809116957,0.9877831705462705,0.9993730061191752,0.0,0.0,0.09417473068161614,0.09417473068161614,0.077,0.077,-0.4374111645545728,-0.4374111645545728
2016,310,15.0,5.347153847269714,0.0,1.247024247805877,0.0,27.411595681394907,0.0,0.05252054347636954,0.0,0.0,0.0,22223.58843702799,0.0,False,0.0,6.00169809116957,0.9877831705462705,0.9993730061191752,0.0,0.0,0.049499805179072,0.049499805179072,0.0765,0.0765,-0.4568999096561373,-0.4568999096561373
2016,310,15.5,0.34839270152372337,0.7569396766600336,0.08237127949397044,1.2058299911817534,27.587914028983718,41.730598455606106,0.003402423900149016,0.05085368492241542,0.0,-0.6560807244626315,28.438325679142494,28.500265695187743,False,False,5.996620984108509,0.9946946910901522,0.9993730061191752,0.0,0.0,0.0,0.0,0.076,0.076,-0.47739341090022597,-0.47739341090022597
2016,310,16.0,0.21554008253174595,0.5232757110972845,0.0487036048333187,0.8335483226161858,27.928436287825065,41.73158744082429,0.002140835411849652,0.03717784142694547,0.0,-0.6203432617501504,27.712206679691743,27.708693392882545,False,False,5.996620984108509,0.9954086967722665,0.9993730061191752,0.0,0.0,0.0,0.0,0.076,0.076,-0.47739341090022597,-0.47739341090022597
2016,310,16.5,0.0,0.0,0.0,0.0,0.0,0.0,0.0,0.0,0.0,0.0,0.0,0.0,True,True,5.996620984108509,0.9954086967722665,0.9993730061191752,0.0,0.0,0.0,0.0,0.076,0.076,-0.47739341090022597,-0.47739341090022597
2016.0,310.0,17.0,0.0,0.0,0.0,0.0,0.0,0.0,0.0,0.0,0.0,0.0,0.0,0.0,0.0,0.0,5.996620984108509,0.9954086967722665,0.9993730061191752,0.0,0.0,0.0,0.0,0.076,0.076,-0.47739341090022597,-0.47739341090022597
2016.0,310.0,17.5,0.0,0.0,0.0,0.0,0.0,0.0,0.0,0.0,0.0,0.0,0.0,0.0,0.0,0.0,5.996620984108509,0.9954086967722665,0.9993730061191752,0.0,0.0,0.0,0.0,0.076,0.076,-0.47739341090022597,-0.47739341090022597
2016.0,310.0,18.0,0.0,0.0,0.0,0.0,0.0,0.0,0.0,0.0,0.0,0.0,0.0,0.0,0.0,0.0,5.996620984108509,0.9954086967722665,0.9993730061191752,0.0,0.0,0.0,0.0,0.076,0.076,-0.47739341090022597,-0.47739341090022597
2016.0,310.0,18.5,0.0,0.0,0.0,0.0,0.0,0.0,0.0,0.0,0.0,0.0,0.0,0.0,0.0,0.0,5.996620984108509,0.9954086967722665,0.9993730061191752,0.0,0.0,0.0,0.0,0.076,0.076,-0.47739341090022597,-0.47739341090022597
2016.0,310.0,19.0,0.0,0.0,0.0,0.0,0.0,0.0,0.0,0.0,0.0,0.0,0.0,0.0,0.0,0.0,5.996620984108509,0.9954086967722665,0.9993730061191752,0.0,0.0,0.0,0.0,0.076,0.076,-0.47739341090022597,-0.47739341090022597
2016.0,310.0,19.5,0.0,0.0,0.0,0.0,0.0,0.0,0.0,0.0,0.0,0.0,0.0,0.0,0.0,0.0,5.996620984108509,0.9954086967722665,0.9993730061191752,0.0,0.0,0.0,0.0,0.076,0.076,-0.47739341090022597,-0.47739341090022597
2016.0,310.0,20.0,0.0,0.0,0.0,0.0,0.0,0.0,0.0,0.0,0.0,0.0,0.0,0.0,0.0,0.0,5.996620984108509,0.9954086967722665,0.9993730061191752,0.0,0.0,0.0,0.0,0.076,0.076,-0.47739341090022597,-0.47739341090022597
2016.0,310.0,20.5,0.0,0.0,0.0,0.0,0.0,0.0,0.0,0.0,0.0,0.0,0.0,0.0,0.0,0.0,5.996620984108509,0.9954086967722665,0.9993730061191752,0.0,0.0,0.0,0.0,0.076,0.076,-0.47739341090022597,-0.47739341090022597
2016.0,310.0,21.0,0.0,0.0,0.0,0.0,0.0,0.0,0.0,0.0,0.0,0.0,0.0,0.0,0.0,0.0,5.996620984108509,0.9954086967722665,0.9993730061191752,0.0,0.0,0.0,0.0,0.076,0.076,-0.47739341090022597,-0.47739341090022597
2016.0,310.0,21.5,0.0,0.0,0.0,0.0,0.0,0.0,0.0,0.0,0.0,0.0,0.0,0.0,0.0,0.0,5.996620984108509,0.9954086967722665,0.9993730061191752,0.0,0.0,0.0,0.0,0.076,0.076,-0.47739341090022597,-0.47739341090022597
2016.0,310.0,22.0,0.0,0.0,0.0,0.0,0.0,0.0,0.0,0.0,0.0,0.0,0.0,0.0,0.0,0.0,5.996620984108509,0.9954086967722665,0.9993730061191752,0.0,0.0,0.0,0.0,0.076,0.076,-0.47739341090022597,-0.47739341090022597
2016.0,310.0,22.5,0.0,0.0,0.0,0.0,0.0,0.0,0.0,0.0,0.0,0.0,0.0,0.0,0.0,0.0,5.996620984108509,0.9954086967722665,0.9993730061191752,0.0,0.0,0.0,0.0,0.076,0.076,-0.47739341090022597,-0.47739341090022597
2016.0,310.0,23.0,0.0,0.0,0.0,0.0,0.0,0.0,0.0,0.0,0.0,0.0,0.0,0.0,0.0,0.0,5.996620984108509,0.9954086967722665,0.9993730061191752,0.0,0.0,0.0,0.0,0.075,0.075,-0.521634281110708,-0.521634281110708
2016.0,310.0,23.5,0.0,0.0,0.0,0.0,0.0,0.0,0.0,0.0,0.0,0.0,0.0,0.0,0.0,0.0,5.996620984108509,0.9954086967722665,0.9993730061191752,0.0,0.0,0.0,0.0,0.075,0.075,-0.521634281110708,-0.521634281110708
2016.0,311.0,0.0,0.0,0.0,0.0,0.0,0.0,0.0,0.0,0.0,0.0,0.0,0.0,0.0,0.0,0.0,5.996620984108509,0.9954086967722665,0.9993730061191752,0.0,0.0,0.0,0.0,0.075,0.075,-0.521634281110708,-0.521634281110708
2016.0,311.0,0.5,0.0,0.0,0.0,0.0,0.0,0.0,0.0,0.0,0.0,0.0,0.0,0.0,0.0,0.0,5.996620984108509,0.9954086967722665,0.9993730061191752,0.0,0.0,0.0,0.0,0.075,0.075,-0.521634281110708,-0.521634281110708
2016.0,311.0,1.0,0.0,0.0,0.0,0.0,0.0,0.0,0.0,0.0,0.0,0.0,0.0,0.0,0.0,0.0,5.996620984108509,0.9954086967722665,0.9993730061191752,0.0,0.0,0.0,0.0,0.075,0.075,-0.521634281110708,-0.521634281110708
2016.0,311.0,1.5,0.0,0.0,0.0,0.0,0.0,0.0,0.0,0.0,0.0,0.0,0.0,0.0,0.0,0.0,5.996620984108509,0.9954086967722665,0.9993730061191752,0.0,0.0,0.0,0.0,0.075,0.075,-0.521634281110708,-0.521634281110708
2016.0,311.0,2.0,0.0,0.0,0.0,0.0,0.0,0.0,0.0,0.0,0.0,0.0,0.0,0.0,0.0,0.0,5.996620984108509,0.9954086967722665,0.9993730061191752,0.0,0.0,0.0,0.0,0.075,0.075,-0.521634281110708,-0.521634281110708
2016.0,311.0,2.5,0.0,0.0,0.0,0.0,0.0,0.0,0.0,0.0,0.0,0.0,0.0,0.0,0.0,0.0,5.996620984108509,0.9954086967722665,0.9993730061191752,0.0,0.0,0.0,0.0,0.075,0.075,-0.521634281110708,-0.521634281110708
2016.0,311.0,3.0,0.0,0.0,0.0,0.0,0.0,0.0,0.0,0.0,0.0,0.0,0.0,0.0,0.0,0.0,5.996620984108509,0.9954086967722665,0.9993730061191752,0.0,0.0,0.0,0.0,0.075,0.075,-0.521634281110708,-0.521634281110708
2016.0,311.0,3.5,0.0,0.0,0.0,0.0,0.0,0.0,0.0,0.0,0.0,0.0,0.0,0.0,0.0,0.0,5.996620984108509,0.9954086967722665,0.9993730061191752,0.0,0.0,0.0,0.0,0.075,0.075,-0.521634281110708,-0.521634281110708
2016.0,311.0,4.0,0.0,0.0,0.0,0.0,0.0,0.0,0.0,0.0,0.0,0.0,0.0,0.0,0.0,0.0,5.996620984108509,0.9954086967722665,0.9993730061191752,0.0,0.0,0.0,0.0,0.075,0.075,-0.521634281110708,-0.521634281110708
2016.0,311.0,4.5,0.0,0.0,0.0,0.0,0.0,0.0,0.0,0.0,0.0,0.0,0.0,0.0,0.0,0.0,5.996620984108509,0.9954086967722665,0.9993730061191752,0.0,0.0,0.0,0.0,0.075,0.075,-0.521634281110708,-0.521634281110708
2016.0,311.0,5.0,0.0,0.0,0.0,0.0,0.0,0.0,0.0,0.0,0.0,0.0,0.0,0.0,0.0,0.0,5.996620984108509,0.9954086967722665,0.9993730061191752,0.0,0.0,0.0,0.0,0.075,0.075,-0.521634281110708,-0.521634281110708
2016,311,5.5,0.0,0.0,0.0,0.0,0.0,0.0,0.0,0.0,0.0,0.0,0.0,0.0,True,True,5.9930108606319585,0.9954086967722665,0.9993730061191752,0.0,0.0,0.0,0.0,0.075,0.075,-0.521634281110708,-0.521634281110708
2016,311,6.0,4.92475902158022,0.0,0.5840432088326385,0.0,32.17707502783523,0.0,0.0684044651457982,0.0,0.0,0.0,5623.9996104927395,0.0,False,0.0,5.9930108606319585,0.9954086967722665,0.9993730061191752,0.0,0.0,0.02684862194148999,0.02684862194148999,0.075,0.075,-0.521634281110708,-0.521634281110708
2016,311,6.5,2.603006280072358,0.0,0.3366301556336387,0.0,31.79410839415283,0.0,0.0344028211158588,0.0,0.0,0.0,7235.9158396050125,0.0,False,0.0,5.9930108606319585,0.9954086967722665,0.9993730061191752,0.0,0.0,0.019814653412748205,0.019814653412748205,0.075,0.075,-0.521634281110708,-0.521634281110708
2016,311,7.0,11.699582718182798,0.0,1.5774055988091504,0.0,30.8940393275677,0.0,0.15022538170537142,0.0,0.0,0.0,9366.56813890604,0.0,False,0.0,5.9930108606319585,0.9954086967722665,0.9993730061191752,0.0,0.0,0.07210858314068665,0.07210858314068665,0.075,0.075,-0.521634281110708,-0.521634281110708
2016,311,7.5,10.892388328856452,0.0,1.6922529697267243,0.0,29.988896076576598,0.0,0.12968051499945116,0.0,0.0,0.0,11810.878048234144,0.0,False,0.0,5.9930108606319585,0.9954086967722665,0.9993730061191752,0.0,0.0,0.07030801383975466,0.07030801383975466,0.075,0.075,-0.521634281110708,-0.521634281110708
2016,311,8.0,11.027660513125372,0.0,1.8644031569965303,0.0,29.39203955461405,0.0,0.12576614610667064,0.0,0.0,0.0,14988.26329757871,0.0,False,0.0,5.9930108606319585,0.9954086967722665,0.9993730061191752,0.0,0.0,0.0754644395825763,0.0754644395825763,0.0745,0.0745,-0.5455114336333129,-0.5455114336333129
2016,311,8.5,12.53307947006138,0.0,2.2837717724539064,0.0,28.774995710991114,0.0,0.13770895728668872,0.0,0.0,0.0,18437.728145598387,0.0,False,0.0,5.9930108606319585,0.9954086967722665,0.9993730061191752,0.0,0.0,0.08885009407125721,0.08885009407125721,0.074,0.074,-0.5706534997675224,-0.5706534997675224
2016,311,9.0,19.334233555954686,0.0,3.6701735730256293,0.0,28.094263592945627,0.0,0.20817335179070626,0.0,0.0,0.0,22216.84264517721,0.0,False,0.0,5.9930108606319585,0.9954086967722665,0.9993730061191752,0.0,0.0,0.13657732407071635,0.13657732407071635,0.074,0.074,-0.5706534997675224,-0.5706534997675224
2016,311,9.5,20.193068839172675,0.0,3.950001392348628,0.0,27.846019787335972,0.0,0.21411616386451152,0.0,0.0,0.0,25191.38528260252,0.0,False,0.0,5.9930108606319585,0.9954086967722665,0.9993730061191752,0.0,0.0,0.14659304522658317,0.14659304522658317,0.074,0.074,-0.5706534997675224,-0.5706534997675224
2016,311,10.0,9.655327473511074,0.0,1.884249619287423,0.0,28.310863317506072,0.0,0.09641452739148648,0.0,0.0,0.0,28587.20785908686,0.0,False,0.0,5.9930108606319585,0.9954086967722665,0.9993730061191752,0.0,0.0,0.07273122873648238,0.07273122873648238,0.074,0.074,-0.5706534997675224,-0.5706534997675224
2016,311,10.5,13.308683914333807,0.0,2.664387219037221,0.0,27.924514553851832,0.0,0.12984686782049756,0.0,0.0,0.0,32313.488326943356,0.0,False,0.0,5.9930108606319585,0.9954086967722665,0.9993730061191752,0.0,0.0,0.10535359005463421,0.10535359005463421,0.0735,0.0735,-0.5971367254978646,-0.5971367254978646
2016,311,11.0,10.265803968635206,0.0,7.50323451343402,0.0,23.250091435006993,0.0,0.20763585280229407,0.0,0.0,0.0,33907.57994882575,0.0,False,0.0,5.9930108606319585,0.9954086967722665,0.9993730061191752,0.0,0.0,0.03331118860364513,0.03331118860364513,0.073,0.073,-0.6250425172123373,-0.6250425172123373
2016,311,11.5,0.0,0.0,0.0,0.0,0.0,0.0,0.0,0.0,0.0,0.0,0.0,0.0,True,0.0,5.9930108606319585,0.9954086967722665,0.9993730061191752,0.0,0.0,0.022267807753847065,0.022267807753847065,0.073,0.073,-0.6250425172123373,-0.6250425172123373
2016,311,12.0,0.0,0.0,0.0,0.0,0.0,0.0,0.0,0.0,0.0,0.0,0.0,0.0,True,0.0,5.9930108606319585,0.9954086967722665,0.9993730061191752,0.0,0.0,0.0177125940576178,0.0177125940576178,0.073,0.073,-0.6250425172123373,-0.6250425172123373
2016,311,12.5,5.420278038362118,0.0,0.7783196528258499,0.0,29.905130885907095,0.0,0.04509363479035508,0.0,0.0,0.0,37853.24870194381,0.0,False,0.0,5.9930108606319585,0.9954086967722665,0.9993730061191752,0.0,0.0,0.07667132374230767,0.07667132374230767,0.073,0.073,-0.6250425172123373,-0.6250425172123373
2016,311,13.0,0.0,0.0,0.0,0.0,0.0,0.0,0.0,0.0,0.0,0.0,0.0,0.0,True,0.0,5.9930108606319585,0.9954086967722665,0.9993730061191752,0.0,0.0,0.02109347629901674,0.02109347629901674,0.0725,0.0725,-0.6544578297034795,-0.6544578297034795
2016,311,13.5,0.0,0.0,0.0,0.0,0.0,0.0,0.0,0.0,0.0,0.0,0.0,0.0,True,0.0,5.9930108606319585,0.9954086967722665,0.9993730061191752,0.0,0.0,0.04012891171488826,0.04012891171488826,0.072,0.072,-0.6854755862964091,-0.6854755862964091
2016,311,14.0,8.765922161473734,0.0,2.007876378722251,0.0,27.271879938516744,0.0,0.08354371959127355,0.0,0.0,0.0,30986.379384090662,0.0,False,0.0,5.9930108606319585,0.9954086967722665,0.9993730061191752,0.0,0.0,0.06818235889044168,0.06818235889044168,0.072,0.072,-0.6854755862964091,-0.6854755862964091
2016,311,14.5,9.834718895151777,0.0,2.1936642870805474,0.0,27.475964411524753,0.0,0.09781906329343268,0.0,0.0,0.0,26679.359210569033,0.0,False,0.0,5.9930108606319585,0.9954086967722665,0.9993730061191752,0.0,0.0,0.07054145395360853,0.07054145395360853,0.072,0.072,-0.6854755862964091,-0.6854755862964091
2016,311,15.0,5.020993789951286,0.0,1.22977839139726,0.0,27.07071872296999,0.0,0.048303124254279635,0.0,0.0,0.0,23486.409657017935,0.0,False,0.0,5.9930108606319585,0.9954086967722665,0.9993730061191752,0.0,0.0,0.03698755384118683,0.03698755384118683,0.072,0.072,-0.6854755862964091,-0.6854755862964091
2016,311,15.5,0.5437245635674657,1.0495499511146815,0.1347422064418385,1.8681794573935806,27.225592094035154,41.723986150660444,0.005199556590840487,0.0742414588378426,0.0,-0.9630101754175171,29.07196263242975,29.117366704752634,False,False,5.974945323052049,0.9857457822138092,0.9993730061191752,0.0,0.0,0.0,0.0,0.072,0.072,-0.6854755862964091,-0.6854755862964091
2016,311,16.0,1.1408298481804167,1.6772417883657955,0.27761012746712443,2.799539494484498,27.322147064605975,41.603234074219294,0.010962002030290255,0.11538158079215766,0.0,-1.2015787872452428,28.54826350837995,28.551831617319795,False,False,5.970382966423634,0.9748688565650006,0.9993730061191752,0.0,0.0,0.0,0.0,0.0715,0.0715,-0.7181951340120418,-0.7181951340120418
2016,311,16.5,0.0,0.0,0.0,0.0,0.0,0.0,0.0,0.0,0.0,0.0,0.0,0.0,True,True,5.965201552757978,0.9748688565650006,0.9993730061191752,0.0,0.0,0.0,0.0,0.071,0.071,-0.752722736959751,-0.752722736959751
2016.0,311.0,17.0,0.0,0.0,0.0,0.0,0.0,0.0,0.0,0.0,0.0,0.0,0.0,0.0,0.0,0.0,5.965201552757978,0.9748688565650006,0.9993730061191752,0.0,0.0,0.0,0.0,0.071,0.071,-0.752722736959751,-0.752722736959751
2016.0,311.0,17.5,0.0,0.0,0.0,0.0,0.0,0.0,0.0,0.0,0.0,0.0,0.0,0.0,0.0,0.0,5.965201552757978,0.9748688565650006,0.9993730061191752,0.0,0.0,0.0,0.0,0.071,0.071,-0.752722736959751,-0.752722736959751
2016.0,311.0,18.0,0.0,0.0,0.0,0.0,0.0,0.0,0.0,0.0,0.0,0.0,0.0,0.0,0.0,0.0,5.965201552757978,0.9748688565650006,0.9993730061191752,0.0,0.0,0.0,0.0,0.071,0.071,-0.752722736959751,-0.752722736959751
2016.0,311.0,18.5,0.0,0.0,0.0,0.0,0.0,0.0,0.0,0.0,0.0,0.0,0.0,0.0,0.0,0.0,5.965201552757978,0.9748688565650006,0.9993730061191752,0.0,0.0,0.0,0.0,0.071,0.071,-0.752722736959751,-0.752722736959751
2016.0,311.0,19.0,0.0,0.0,0.0,0.0,0.0,0.0,0.0,0.0,0.0,0.0,0.0,0.0,0.0,0.0,5.965201552757978,0.9748688565650006,0.9993730061191752,0.0,0.0,0.0,0.0,0.071,0.071,-0.752722736959751,-0.752722736959751
2016.0,311.0,19.5,0.0,0.0,0.0,0.0,0.0,0.0,0.0,0.0,0.0,0.0,0.0,0.0,0.0,0.0,5.965201552757978,0.9748688565650006,0.9993730061191752,0.0,0.0,0.0,0.0,0.071,0.071,-0.752722736959751,-0.752722736959751
2016.0,311.0,20.0,0.0,0.0,0.0,0.0,0.0,0.0,0.0,0.0,0.0,0.0,0.0,0.0,0.0,0.0,5.965201552757978,0.9748688565650006,0.9993730061191752,0.0,0.0,0.0,0.0,0.071,0.071,-0.752722736959751,-0.752722736959751
2016.0,311.0,20.5,0.0,0.0,0.0,0.0,0.0,0.0,0.0,0.0,0.0,0.0,0.0,0.0,0.0,0.0,5.965201552757978,0.9748688565650006,0.9993730061191752,0.0,0.0,0.0,0.0,0.071,0.071,-0.752722736959751,-0.752722736959751
2016.0,311.0,21.0,0.0,0.0,0.0,0.0,0.0,0.0,0.0,0.0,0.0,0.0,0.0,0.0,0.0,0.0,5.965201552757978,0.9748688565650006,0.9993730061191752,0.0,0.0,0.0,0.0,0.071,0.071,-0.752722736959751,-0.752722736959751
2016.0,311.0,21.5,0.0,0.0,0.0,0.0,0.0,0.0,0.0,0.0,0.0,0.0,0.0,0.0,0.0,0.0,5.965201552757978,0.9748688565650006,0.9993730061191752,0.0,0.0,0.0,0.0,0.071,0.071,-0.752722736959751,-0.752722736959751
2016.0,311.0,22.0,0.0,0.0,0.0,0.0,0.0,0.0,0.0,0.0,0.0,0.0,0.0,0.0,0.0,0.0,5.965201552757978,0.9748688565650006,0.9993730061191752,0.0,0.0,0.0,0.0,0.071,0.071,-0.752722736959751,-0.752722736959751
2016.0,311.0,22.5,0.0,0.0,0.0,0.0,0.0,0.0,0.0,0.0,0.0,0.0,0.0,0.0,0.0,0.0,5.965201552757978,0.9748688565650006,0.9993730061191752,0.0,0.0,0.0,0.0,0.071,0.071,-0.752722736959751,-0.752722736959751
2016.0,311.0,23.0,0.0,0.0,0.0,0.0,0.0,0.0,0.0,0.0,0.0,0.0,0.0,0.0,0.0,0.0,5.965201552757978,0.9748688565650006,0.9993730061191752,0.0,0.0,0.0,0.0,0.071,0.071,-0.752722736959751,-0.752722736959751
2016.0,311.0,23.5,0.0,0.0,0.0,0.0,0.0,0.0,0.0,0.0,0.0,0.0,0.0,0.0,0.0,0.0,5.965201552757978,0.9748688565650006,0.9993730061191752,0.0,0.0,0.0,0.0,0.071,0.071,-0.752722736959751,-0.752722736959751
2016.0,312.0,0.0,0.0,0.0,0.0,0.0,0.0,0.0,0.0,0.0,0.0,0.0,0.0,0.0,0.0,0.0,5.965201552757978,0.9748688565650006,0.9993730061191752,0.0,0.0,0.0,0.0,0.071,0.071,-0.752722736959751,-0.752722736959751
2016.0,312.0,0.5,0.0,0.0,0.0,0.0,0.0,0.0,0.0,0.0,0.0,0.0,0.0,0.0,0.0,0.0,5.965201552757978,0.9748688565650006,0.9993730061191752,0.0,0.0,0.0,0.0,0.071,0.071,-0.752722736959751,-0.752722736959751
2016.0,312.0,1.0,0.0,0.0,0.0,0.0,0.0,0.0,0.0,0.0,0.0,0.0,0.0,0.0,0.0,0.0,5.965201552757978,0.9748688565650006,0.9993730061191752,0.0,0.0,0.0,0.0,0.071,0.071,-0.752722736959751,-0.752722736959751
2016.0,312.0,1.5,0.0,0.0,0.0,0.0,0.0,0.0,0.0,0.0,0.0,0.0,0.0,0.0,0.0,0.0,5.965201552757978,0.9748688565650006,0.9993730061191752,0.0,0.0,0.0,0.0,0.071,0.071,-0.752722736959751,-0.752722736959751
2016.0,312.0,2.0,0.0,0.0,0.0,0.0,0.0,0.0,0.0,0.0,0.0,0.0,0.0,0.0,0.0,0.0,5.965201552757978,0.9748688565650006,0.9993730061191752,0.0,0.0,0.0,0.0,0.071,0.071,-0.752722736959751,-0.752722736959751
2016.0,312.0,2.5,0.0,0.0,0.0,0.0,0.0,0.0,0.0,0.0,0.0,0.0,0.0,0.0,0.0,0.0,5.965201552757978,0.9748688565650006,0.9993730061191752,0.0,0.0,0.0,0.0,0.071,0.071,-0.752722736959751,-0.752722736959751
2016.0,312.0,3.0,0.0,0.0,0.0,0.0,0.0,0.0,0.0,0.0,0.0,0.0,0.0,0.0,0.0,0.0,5.965201552757978,0.9748688565650006,0.9993730061191752,0.0,0.0,0.0,0.0,0.071,0.071,-0.752722736959751,-0.752722736959751
2016.0,312.0,3.5,0.0,0.0,0.0,0.0,0.0,0.0,0.0,0.0,0.0,0.0,0.0,0.0,0.0,0.0,5.965201552757978,0.9748688565650006,0.9993730061191752,0.0,0.0,0.0,0.0,0.071,0.071,-0.752722736959751,-0.752722736959751
2016.0,312.0,4.0,0.0,0.0,0.0,0.0,0.0,0.0,0.0,0.0,0.0,0.0,0.0,0.0,0.0,0.0,5.965201552757978,0.9748688565650006,0.9993730061191752,0.0,0.0,0.0,0.0,0.071,0.071,-0.752722736959751,-0.752722736959751
2016.0,312.0,4.5,0.0,0.0,0.0,0.0,0.0,0.0,0.0,0.0,0.0,0.0,0.0,0.0,0.0,0.0,5.965201552757978,0.9748688565650006,0.9993730061191752,0.0,0.0,0.0,0.0,0.071,0.071,-0.752722736959751,-0.752722736959751
2016.0,312.0,5.0,0.0,0.0,0.0,0.0,0.0,0.0,0.0,0.0,0.0,0.0,0.0,0.0,0.0,0.0,5.965201552757978,0.9748688565650006,0.9993730061191752,0.0,0.0,0.0,0.0,0.071,0.071,-0.752722736959751,-0.752722736959751
2016,312,5.5,0.0,0.0,0.0,0.0,0.0,0.0,0.0,0.0,0.0,0.0,0.0,0.0,True,True,5.9593124327819185,0.9748688565650006,0.9993730061191752,0.0,0.0,0.0,0.0,0.0705,0.0705,-0.7891721114701507,-0.7891721114701507
2016,312,6.0,4.54272054399161,0.0,0.323556950581609,0.0,35.29543498894507,0.0,0.08687973026852537,0.0,0.0,0.0,4301.8068219473325,0.0,False,0.0,5.9593124327819185,0.9748688565650006,0.9993730061191752,0.0,0.0,0.019336203311300277,0.019336203311300277,0.07,0.07,-0.8276650068290242,-0.8276650068290242
2016,312,6.5,2.403180059563732,0.0,0.17466586817289365,0.0,35.50296362174144,0.0,0.04525829584360533,0.0,0.0,0.0,5948.817322376294,0.0,False,0.0,5.9593124327819185,0.9748688565650006,0.9993730061191752,0.0,0.0,0.014526513060758023,0.014526513060758023,0.07,0.07,-0.8276650068290242,-0.8276650068290242
2016,312,7.0,11.1969761098751,0.0,1.1489404036591258,0.0,32.6926347597806,0.0,0.16770874797747373,0.0,0.0,0.0,8144.365912943096,0.0,False,0.0,5.9593124327819185,0.9748688565650006,0.9993730061191752,0.0,0.0,0.0521828102873632,0.0521828102873632,0.07,0.07,-0.8276650068290242,-0.8276650068290242
2016,312,7.5,13.168582822766059,0.0,1.5904047017400682,0.0,31.526617858019605,0.0,0.17934950030499408,0.0,0.0,0.0,10784.523456377188,0.0,False,0.0,5.9593124327819185,0.9748688565650006,0.9993730061191752,0.0,0.0,0.06442540166595094,0.06442540166595094,0.07,0.07,-0.8276650068290242,-0.8276650068290242
2016,312,8.0,14.787677467436913,0.0,2.1404174393641315,0.0,30.22452036692378,0.0,0.18251541004602934,0.0,0.0,0.0,14517.838508450563,0.0,False,0.0,5.9593124327819185,0.9748688565650006,0.9993730061191752,0.0,0.0,0.0775940391178683,0.0775940391178683,0.07,0.07,-0.8276650068290242,-0.8276650068290242
2016,312,8.5,12.642554698386729,0.0,1.8211531499985498,0.0,30.39826443813817,0.0,0.15640678484654658,0.0,0.0,0.0,15310.98803198304,0.0,False,0.0,5.9593124327819185,0.9748688565650006,0.9993730061191752,0.0,0.0,0.06088204597165377,0.06088204597165377,0.07,0.07,-0.8276650068290242,-0.8276650068290242
2016,312,9.0,20.791674823084573,0.0,2.9974526575971994,0.0,29.89036039683565,0.0,0.25607696755458137,0.0,0.0,0.0,17673.532085599996,0.0,False,0.0,5.9593124327819185,0.9748688565650006,0.9993730061191752,0.0,0.0,0.10080560073495752,0.10080560073495752,0.07,0.07,-0.8276650068290242,-0.8276650068290242
2016,312,9.5,22.031642748051656,0.0,3.1667605176979157,0.0,29.84246324020651,0.0,0.27142453245995235,0.0,0.0,0.0,19560.110883723082,0.0,False,0.0,5.9593124327819185,0.9748688565650006,0.9993730061191752,0.0,0.0,0.10802443324754005,0.10802443324754005,0.07,0.07,-0.8276650068290242,-0.8276650068290242
2016,312,10.0,15.73440223773055,0.0,2.1707228259021294,0.0,30.492097997990864,0.0,0.1945345179577862,0.0,0.0,0.0,21102.367589073852,0.0,False,0.0,5.9593124327819185,0.9748688565650006,0.9993730061191752,0.0,0.0,0.07211142484226923,0.07211142484226923,0.069,0.069,-0.9113123600460743,-0.9113123600460743
2016,312,10.5,16.949401982493868,0.0,2.2223139147887743,0.0,30.739393028961427,0.0,0.21223199253716576,0.0,0.0,0.0,22360.76665974949,0.0,False,0.0,5.9593124327819185,0.9748688565650006,0.9993730061191752,0.0,0.0,0.07776383427637404,0.07776383427637404,0.069,0.069,-0.9113123600460743,-0.9113123600460743
2016,312,11.0,9.41440583734052,0.0,0.9678988908429127,0.0,38.05125873116026,0.0,0.10710320027281399,0.0,0.0,0.0,22969.852389793283,0.0,False,0.0,5.9593124327819185,0.9748688565650006,0.9993730061191752,0.0,0.0,0.026577980046545144,0.026577980046545144,0.069,0.069,-0.9113123600460743,-0.9113123600460743
2016,312,11.5,8.647155183496908,11.900555809683226,0.8137598505958201,3.2865422252865653,32.76709667385861,41.257882449129596,0.09510439915050291,0.11797891205181725,0.0,-1.0790971874490365,23643.330004204727,19.876991443409178,False,False,5.936300521549757,0.9742366684442856,0.9864254330051638,0.0,0.0,0.02500368430412947,0.02500368430412947,0.069,0.069,-0.9113123600460743,-0.9113123600460743
2016,312,12.0,7.6626108839060185,0.0,5.29417759733924,0.0,23.896682581922637,0.0,0.16586606455151692,0.0,0.0,0.0,31974.749275660113,0.0,False,0.0,5.936300521549757,0.9742366684442856,0.9864254330051638,0.0,0.0,0.016986870235693206,0.016986870235693206,0.069,0.069,-0.9113123600460743,-0.9113123600460743
2016,312,13.0,0.0,0.0,0.0,0.0,0.0,0.0,0.0,0.0,0.0,0.0,0.0,0.0,True,0.0,5.936300521549757,0.9742366684442856,0.9864254330051638,0.0,0.0,0.01222762236652719,0.01222762236652719,0.068,0.068,-1.0048248172265413,-1.0048248172265413
2016,312,13.5,8.248527506441306,0.0,2.8819649894958346,0.0,25.225295004812807,0.0,0.08935214345343377,0.0,0.0,0.0,34530.83676483075,0.0,False,0.0,5.936300521549757,0.9742366684442856,0.9864254330051638,0.0,0.0,0.025209700721623044,0.025209700721623044,0.068,0.068,-1.0048248172265413,-1.0048248172265413
2016,312,14.0,14.54696190979698,0.0,2.438573821820332,0.0,29.24701483958742,0.0,0.16540136214963286,0.0,0.0,0.0,21943.307113614417,0.0,False,0.0,5.936300521549757,0.9742366684442856,0.9864254330051638,0.0,0.0,0.058126705871486745,0.058126705871486745,0.068,0.068,-1.0048248172265413,-1.0048248172265413
2016,312,14.5,8.37292639820397,0.0,1.5286250761758344,0.0,29.252879707935065,0.0,0.0906277675568781,0.0,0.0,0.0,20294.64960352817,0.0,False,0.0,5.936300521549757,0.9742366684442856,0.9864254330051638,0.0,0.0,0.034882014947914014,0.034882014947914014,0.068,0.068,-1.0048248172265413,-1.0048248172265413
2016,312,15.0,6.054268094859076,0.0,1.1865044298613927,0.0,28.641388315649404,0.0,0.06441864311883806,0.0,0.0,0.0,17881.314974431087,0.0,False,0.0,5.936300521549757,0.9742366684442856,0.9864254330051638,0.0,0.0,0.025539639370071206,0.025539639370071206,0.068,0.068,-1.0048248172265413,-1.0048248172265413
2016,312,15.5,1.1015935608952563,1.460745749182016,0.2284109075465853,1.9838391406728708,28.51688585138635,41.7270367153421,0.011413773240702725,0.10290132378134041,0.0,-1.3026082999457214,24.99880069195872,25.013024947359394,False,False,5.9150947863990035,0.9691226183529907,0.9864254330051638,0.0,0.0,0.0,0.0,0.068,0.068,-1.0048248172265413,-1.0048248172265413
2016,312,16.0,1.8396247786020286,2.2756283950860543,0.38302936271115995,2.2618214823740983,28.441421183785536,40.89008455069164,0.0189889812067414,0.11543161091445774,0.0,-1.4496674460306385,24.835065389334886,24.747821220022466,False,False,5.902191394671284,0.9594806633994509,0.9864254330051638,0.0,0.0,0.0,0.0,0.0675,0.0675,-1.0556900527908526,-1.0556900527908526
2016,312,16.5,0.0,0.0,0.0,0.0,0.0,0.0,0.0,0.0,0.0,0.0,0.0,0.0,True,True,5.902191394671284,0.9594806633994509,0.9864254330051638,0.0,0.0,0.0,0.0,0.0675,0.0675,-1.0556900527908526,-1.0556900527908526
2016.0,312.0,17.0,0.0,0.0,0.0,0.0,0.0,0.0,0.0,0.0,0.0,0.0,0.0,0.0,0.0,0.0,5.902191394671284,0.9594806633994509,0.9864254330051638,0.0,0.0,0.0,0.0,0.067,0.067,-1.1095374308689805,-1.1095374308689805
2016.0,312.0,17.5,0.0,0.0,0.0,0.0,0.0,0.0,0.0,0.0,0.0,0.0,0.0,0.0,0.0,0.0,5.902191394671284,0.9594806633994509,0.9864254330051638,0.0,0.0,0.0,0.0,0.067,0.067,-1.1095374308689805,-1.1095374308689805
2016.0,312.0,18.0,0.0,0.0,0.0,0.0,0.0,0.0,0.0,0.0,0.0,0.0,0.0,0.0,0.0,0.0,5.902191394671284,0.9594806633994509,0.9864254330051638,0.0,0.0,0.0,0.0,0.067,0.067,-1.1095374308689805,-1.1095374308689805
2016.0,312.0,18.5,0.0,0.0,0.0,0.0,0.0,0.0,0.0,0.0,0.0,0.0,0.0,0.0,0.0,0.0,5.902191394671284,0.9594806633994509,0.9864254330051638,0.0,0.0,0.0,0.0,0.067,0.067,-1.1095374308689805,-1.1095374308689805
2016.0,312.0,19.0,0.0,0.0,0.0,0.0,0.0,0.0,0.0,0.0,0.0,0.0,0.0,0.0,0.0,0.0,5.902191394671284,0.9594806633994509,0.9864254330051638,0.0,0.0,0.0,0.0,0.067,0.067,-1.1095374308689805,-1.1095374308689805
2016.0,312.0,19.5,0.0,0.0,0.0,0.0,0.0,0.0,0.0,0.0,0.0,0.0,0.0,0.0,0.0,0.0,5.902191394671284,0.9594806633994509,0.9864254330051638,0.0,0.0,0.0,0.0,0.067,0.067,-1.1095374308689805,-1.1095374308689805
2016.0,312.0,20.0,0.0,0.0,0.0,0.0,0.0,0.0,0.0,0.0,0.0,0.0,0.0,0.0,0.0,0.0,5.902191394671284,0.9594806633994509,0.9864254330051638,0.0,0.0,0.0,0.0,0.067,0.067,-1.1095374308689805,-1.1095374308689805
2016.0,312.0,20.5,0.0,0.0,0.0,0.0,0.0,0.0,0.0,0.0,0.0,0.0,0.0,0.0,0.0,0.0,5.902191394671284,0.9594806633994509,0.9864254330051638,0.0,0.0,0.0,0.0,0.067,0.067,-1.1095374308689805,-1.1095374308689805
2016.0,312.0,21.0,0.0,0.0,0.0,0.0,0.0,0.0,0.0,0.0,0.0,0.0,0.0,0.0,0.0,0.0,5.902191394671284,0.9594806633994509,0.9864254330051638,0.0,0.0,0.0,0.0,0.067,0.067,-1.1095374308689805,-1.1095374308689805
2016.0,312.0,21.5,0.0,0.0,0.0,0.0,0.0,0.0,0.0,0.0,0.0,0.0,0.0,0.0,0.0,0.0,5.902191394671284,0.9594806633994509,0.9864254330051638,0.0,0.0,0.0,0.0,0.067,0.067,-1.1095374308689805,-1.1095374308689805
2016.0,312.0,22.0,0.0,0.0,0.0,0.0,0.0,0.0,0.0,0.0,0.0,0.0,0.0,0.0,0.0,0.0,5.902191394671284,0.9594806633994509,0.9864254330051638,0.0,0.0,0.0,0.0,0.067,0.067,-1.1095374308689805,-1.1095374308689805
2016.0,312.0,22.5,0.0,0.0,0.0,0.0,0.0,0.0,0.0,0.0,0.0,0.0,0.0,0.0,0.0,0.0,5.902191394671284,0.9594806633994509,0.9864254330051638,0.0,0.0,0.0,0.0,0.067,0.067,-1.1095374308689805,-1.1095374308689805
2016.0,312.0,23.0,0.0,0.0,0.0,0.0,0.0,0.0,0.0,0.0,0.0,0.0,0.0,0.0,0.0,0.0,5.902191394671284,0.9594806633994509,0.9864254330051638,0.0,0.0,0.0,0.0,0.067,0.067,-1.1095374308689805,-1.1095374308689805
2016.0,312.0,23.5,0.0,0.0,0.0,0.0,0.0,0.0,0.0,0.0,0.0,0.0,0.0,0.0,0.0,0.0,5.902191394671284,0.9594806633994509,0.9864254330051638,0.0,0.0,0.0,0.0,0.067,0.067,-1.1095374308689805,-1.1095374308689805
2016.0,313.0,0.0,0.0,0.0,0.0,0.0,0.0,0.0,0.0,0.0,0.0,0.0,0.0,0.0,0.0,0.0,5.902191394671284,0.9594806633994509,0.9864254330051638,0.0,0.0,0.0,0.0,0.067,0.067,-1.1095374308689805,-1.1095374308689805
2016.0,313.0,0.5,0.0,0.0,0.0,0.0,0.0,0.0,0.0,0.0,0.0,0.0,0.0,0.0,0.0,0.0,5.902191394671284,0.9594806633994509,0.9864254330051638,0.0,0.0,0.0,0.0,0.067,0.067,-1.1095374308689805,-1.1095374308689805
2016.0,313.0,1.0,0.0,0.0,0.0,0.0,0.0,0.0,0.0,0.0,0.0,0.0,0.0,0.0,0.0,0.0,5.902191394671284,0.9594806633994509,0.9864254330051638,0.0,0.0,0.0,0.0,0.067,0.067,-1.1095374308689805,-1.1095374308689805
2016.0,313.0,1.5,0.0,0.0,0.0,0.0,0.0,0.0,0.0,0.0,0.0,0.0,0.0,0.0,0.0,0.0,5.902191394671284,0.9594806633994509,0.9864254330051638,0.0,0.0,0.0,0.0,0.067,0.067,-1.1095374308689805,-1.1095374308689805
2016.0,313.0,2.0,0.0,0.0,0.0,0.0,0.0,0.0,0.0,0.0,0.0,0.0,0.0,0.0,0.0,0.0,5.902191394671284,0.9594806633994509,0.9864254330051638,0.0,0.0,0.0,0.0,0.067,0.067,-1.1095374308689805,-1.1095374308689805
2016.0,313.0,2.5,0.0,0.0,0.0,0.0,0.0,0.0,0.0,0.0,0.0,0.0,0.0,0.0,0.0,0.0,5.902191394671284,0.9594806633994509,0.9864254330051638,0.0,0.0,0.0,0.0,0.067,0.067,-1.1095374308689805,-1.1095374308689805
2016.0,313.0,3.0,0.0,0.0,0.0,0.0,0.0,0.0,0.0,0.0,0.0,0.0,0.0,0.0,0.0,0.0,5.902191394671284,0.9594806633994509,0.9864254330051638,0.0,0.0,0.0,0.0,0.067,0.067,-1.1095374308689805,-1.1095374308689805
2016.0,313.0,3.5,0.0,0.0,0.0,0.0,0.0,0.0,0.0,0.0,0.0,0.0,0.0,0.0,0.0,0.0,5.902191394671284,0.9594806633994509,0.9864254330051638,0.0,0.0,0.0,0.0,0.067,0.067,-1.1095374308689805,-1.1095374308689805
2016.0,313.0,4.0,0.0,0.0,0.0,0.0,0.0,0.0,0.0,0.0,0.0,0.0,0.0,0.0,0.0,0.0,5.902191394671284,0.9594806633994509,0.9864254330051638,0.0,0.0,0.0,0.0,0.067,0.067,-1.1095374308689805,-1.1095374308689805
2016.0,313.0,4.5,0.0,0.0,0.0,0.0,0.0,0.0,0.0,0.0,0.0,0.0,0.0,0.0,0.0,0.0,5.902191394671284,0.9594806633994509,0.9864254330051638,0.0,0.0,0.0,0.0,0.067,0.067,-1.1095374308689805,-1.1095374308689805
2016.0,313.0,5.0,0.0,0.0,0.0,0.0,0.0,0.0,0.0,0.0,0.0,0.0,0.0,0.0,0.0,0.0,5.902191394671284,0.9594806633994509,0.9864254330051638,0.0,0.0,0.0,0.0,0.067,0.067,-1.1095374308689805,-1.1095374308689805
2016,313,5.5,0.0,0.0,0.0,0.0,0.0,0.0,0.0,0.0,0.0,0.0,0.0,0.0,True,True,5.8874480423459294,0.9594806633994509,0.9864254330051638,0.0,0.0,0.0,0.0,0.067,0.067,-1.1095374308689805,-1.1095374308689805
2016,313,6.0,1.862477726932525,0.0,0.1681514544816623,0.0,34.230585087233145,0.0,0.030483666951150633,0.0,0.0,0.0,5912.2230565388045,0.0,False,0.0,5.8874480423459294,0.9594806633994509,0.9864254330051638,0.0,0.0,0.010400911570387694,0.010400911570387694,0.067,0.067,-1.1095374308689805,-1.1095374308689805
2016,313,6.5,2.3656575343212283,2.51463255408821,0.21271850754305444,0.8934793265867835,34.236839502112446,41.625006653622,0.03874427657267717,0.17199706273402843,0.0,-1.3374634480484022,20.51611948,20.51601368548461,False,False,5.8874480423459294,0.9669759769242394,0.9864254330051638,0.0,0.0,0.003976507983611113,0.003976507983611113,0.067,0.067,-1.1095374308689805,-1.1095374308689805
2016,313,7.0,1.3266020466581117,1.444331522403076,0.1261495469443958,0.48060233205383934,33.882586310705825,41.448156430676455,0.02115122835727586,0.08268018120125441,0.0,-1.3229018167187931,21.449046923050137,21.461839798965087,False,False,5.851305221906068,0.9678831552734685,0.9864254330051638,0.0,0.0,0.0010812559441200497,0.0010812559441200497,0.066,0.066,-1.226989877831571,-1.226989877831571
2016,313,7.5,1.0525949350071404,1.1916393840896773,0.10466379124182724,0.3886933858382122,33.621818736072306,41.54039435561483,0.016279388104237878,0.059837542378640585,0.0,-1.2311146012216079,21.16319288279592,21.054483190986623,False,False,5.8705910572768865,0.9732613778236314,0.9864254330051638,0.0,0.0,7.349010700382304e-05,7.349010700382304e-05,0.0665,0.0665,-1.1665660338158987,-1.1665660338158987
2016,313,8.0,1.836606965121893,2.0774828669321668,0.19834766866046194,0.8760666713031732,33.03658061349891,41.66432448859192,0.02705756245914626,0.11891444106377447,0.0,-1.354872463014534,21.708195511629746,21.542816043981382,False,False,5.851305221906068,0.9658717979507727,0.9864254330051638,0.0,0.0,0.0022665200257089716,0.0022665200257089716,0.066,0.066,-1.226989877831571,-1.226989877831571
2016,313,8.5,2.972198603860856,3.2615731813316646,0.3217621955521437,1.4482255000497333,32.95035872331127,41.525370008338555,0.04383670306755035,0.21053846487510208,0.0,-1.4188137556060152,22.340005020714123,22.357500218791934,False,False,5.851305221906068,0.9616315234498971,0.9864254330051638,0.0,0.0,0.006117553553578011,0.006117553553578011,0.066,0.066,-1.226989877831571,-1.226989877831571
2016,313,9.0,1.99414825507888,2.52689453581893,0.2561527209959149,0.25256349601502043,32.54792541439393,41.67437838283073,0.033655453969614994,0.027119964983590622,0.0,-1.2589605241273119,21.607191366498217,21.097260869605552,False,False,5.851305221906068,0.9716913172664727,0.9864254330051638,0.0,0.0,0.0035284009285860975,0.0035284009285860975,0.066,0.066,-1.226989877831571,-1.226989877831571
2016,313,9.5,2.0708904606059804,0.0,0.367936654615525,0.0,33.786737370551215,0.0,0.032346021810486535,0.0,0.0,0.0,16.547262846493187,0.0,False,0.0,5.851305221906068,0.9734894309960881,0.9864254330051638,0.0,0.0,0.002284865877942859,0.002284865877942859,0.066,0.066,-1.226989877831571,-1.226989877831571
2016,313,10.0,3.360400946776716,4.299678931341085,0.3551020030262392,0.5610975482346113,33.19628559218422,41.691420102676936,0.04971058236789431,0.05837898361473915,0.0,-1.2909311704230524,23.41282082,21.88791738985308,False,False,5.851305221906068,0.9698227827487214,0.9864254330051638,0.0,0.0,0.008933734589574678,0.008933734589574678,0.066,0.066,-1.226989877831571,-1.226989877831571
2016,313,10.5,6.544744485318057,0.0,0.3187577944130609,0.0,37.414779075989955,0.0,0.07512509954222432,0.0,0.0,0.0,25878.515650040717,0.0,False,0.0,5.851305221906068,0.9698227827487214,0.9864254330051638,0.0,0.0,0.020509812156925288,0.020509812156925288,0.066,0.066,-1.226989877831571,-1.226989877831571
2016,313,11.0,6.640633053604098,0.0,0.47089830309184333,0.0,35.369749009492864,0.0,0.061178331645390896,0.0,0.0,0.0,32991.73343649111,0.0,False,0.0,5.851305221906068,0.9698227827487214,0.9864254330051638,0.0,0.0,0.030963066544458965,0.030963066544458965,0.066,0.066,-1.226989877831571,-1.226989877831571
2016,313,11.5,2.9053843508763366,0.0,0.21295725456690495,0.0,37.61365660401111,0.0,0.024196706774471995,0.0,0.0,0.0,39280.532288764865,0.0,False,0.0,5.851305221906068,0.9698227827487214,0.9864254330051638,0.0,0.0,0.029908863442553252,0.029908863442553252,0.066,0.066,-1.226989877831571,-1.226989877831571
2016,313,12.0,1.877292305161121,0.0,0.14749923009143845,0.0,37.185889854369634,0.0,0.015138025567195774,0.0,0.0,0.0,40526.53715585227,0.0,False,0.0,5.851305221906068,0.9698227827487214,0.9864254330051638,0.0,0.0,0.044509354659060155,0.044509354659060155,0.066,0.066,-1.226989877831571,-1.226989877831571
2016,313,12.5,0.0,0.0,0.0,0.0,0.0,0.0,0.0,0.0,0.0,0.0,0.0,0.0,True,0.0,5.851305221906068,0.9698227827487214,0.9864254330051638,0.0,0.0,0.04936297053219014,0.04936297053219014,0.066,0.066,-1.226989877831571,-1.226989877831571
2016,313,13.0,2.1226972687407164,0.0,0.5070355046781146,0.0,27.468782615809385,0.0,0.020488728377314063,0.0,0.0,0.0,32.06462479,0.0,False,0.0,5.851305221906068,0.9698227827487214,0.9864254330051638,0.0,0.0,0.010813664626486896,0.010813664626486896,0.065,0.065,-1.3589616101865312,-1.3589616101865312
2016,313,13.5,0.0,0.0,0.0,0.0,0.0,0.0,0.0,0.0,0.0,0.0,0.0,0.0,True,0.0,5.851305221906068,0.9698227827487214,0.9864254330051638,0.0,0.0,0.01477614466850538,0.01477614466850538,0.065,0.065,-1.3589616101865312,-1.3589616101865312
2016,313,14.0,0.0,8.38735895047487,0.0,2.699150553424112,0.0,34.65676111457071,0.0,0.04405497470358403,0.0,-1.7659587430833488,0.0,22.513222745111285,True,False,5.80394070801875,0.9333999964625426,0.9864254330051638,0.0,0.0,0.013516775043724777,0.013516775043724777,0.065,0.065,-1.3589616101865312,-1.3589616101865312
2016,313,14.5,0.6232497903683143,3.014243538757604,0.058310882897686434,2.970548946370749,33.25030504978936,41.65963287970697,0.0057409003082514775,0.18156391156532442,0.0,-1.734651271322055,35.3031070659104,30.35775475802894,False,False,5.80394070801875,0.936313657307867,0.9864254330051638,0.0,0.0,0.00914619744816932,0.00914619744816932,0.065,0.065,-1.3589616101865312,-1.3589616101865312
2016,313,15.0,0.13188205963170274,0.3777893298858501,0.019577927725158765,0.22910494623434574,30.968967751714246,41.674857628856245,0.0016891962273998772,0.02016330123678391,0.0,-1.3902690819478247,27.62790820546887,27.993826111022244,False,False,5.80394070801875,0.9635605066335531,0.9864254330051638,0.0,0.0,0.0020414215148420083,0.0020414215148420083,0.065,0.065,-1.3589616101865312,-1.3589616101865312
2016.0,313.0,15.5,0.0,0.0,0.0,0.0,0.0,0.0,0.0,0.0,0.0,0.0,0.0,0.0,0.0,0.0,5.80394070801875,0.9635605066335531,0.9864254330051638,0.0,0.0,0.0,0.0,0.065,0.065,-1.3589616101865312,-1.3589616101865312
2016.0,313.0,16.0,0.0,0.0,0.0,0.0,0.0,0.0,0.0,0.0,0.0,0.0,0.0,0.0,0.0,0.0,5.80394070801875,0.9635605066335531,0.9864254330051638,0.0,0.0,0.0,0.0,0.065,0.065,-1.3589616101865312,-1.3589616101865312
2016.0,313.0,16.5,0.0,0.0,0.0,0.0,0.0,0.0,0.0,0.0,0.0,0.0,0.0,0.0,0.0,0.0,5.80394070801875,0.9635605066335531,0.9864254330051638,0.0,0.0,0.0,0.0,0.065,0.065,-1.3589616101865312,-1.3589616101865312
2016.0,313.0,17.0,0.0,0.0,0.0,0.0,0.0,0.0,0.0,0.0,0.0,0.0,0.0,0.0,0.0,0.0,5.80394070801875,0.9635605066335531,0.9864254330051638,0.0,0.0,0.0,0.0,0.065,0.065,-1.3589616101865312,-1.3589616101865312
2016.0,313.0,17.5,0.0,0.0,0.0,0.0,0.0,0.0,0.0,0.0,0.0,0.0,0.0,0.0,0.0,0.0,5.80394070801875,0.9635605066335531,0.9864254330051638,0.0,0.0,0.0,0.0,0.065,0.065,-1.3589616101865312,-1.3589616101865312
2016.0,313.0,18.0,0.0,0.0,0.0,0.0,0.0,0.0,0.0,0.0,0.0,0.0,0.0,0.0,0.0,0.0,5.80394070801875,0.9635605066335531,0.9864254330051638,0.0,0.0,0.0,0.0,0.065,0.065,-1.3589616101865312,-1.3589616101865312
2016.0,313.0,18.5,0.0,0.0,0.0,0.0,0.0,0.0,0.0,0.0,0.0,0.0,0.0,0.0,0.0,0.0,5.80394070801875,0.9635605066335531,0.9864254330051638,0.0,0.0,0.0,0.0,0.065,0.065,-1.3589616101865312,-1.3589616101865312
2016.0,313.0,19.0,0.0,0.0,0.0,0.0,0.0,0.0,0.0,0.0,0.0,0.0,0.0,0.0,0.0,0.0,5.80394070801875,0.9635605066335531,0.9864254330051638,0.0,0.0,0.0,0.0,0.065,0.065,-1.3589616101865312,-1.3589616101865312
2016.0,313.0,19.5,0.0,0.0,0.0,0.0,0.0,0.0,0.0,0.0,0.0,0.0,0.0,0.0,0.0,0.0,5.80394070801875,0.9635605066335531,0.9864254330051638,0.0,0.0,0.0,0.0,0.065,0.065,-1.3589616101865312,-1.3589616101865312
2016.0,313.0,20.0,0.0,0.0,0.0,0.0,0.0,0.0,0.0,0.0,0.0,0.0,0.0,0.0,0.0,0.0,5.80394070801875,0.9635605066335531,0.9864254330051638,0.0,0.0,0.0,0.0,0.065,0.065,-1.3589616101865312,-1.3589616101865312
2016.0,313.0,20.5,0.0,0.0,0.0,0.0,0.0,0.0,0.0,0.0,0.0,0.0,0.0,0.0,0.0,0.0,5.80394070801875,0.9635605066335531,0.9864254330051638,0.0,0.0,0.0,0.0,0.065,0.065,-1.3589616101865312,-1.3589616101865312
2016.0,313.0,21.0,0.0,0.0,0.0,0.0,0.0,0.0,0.0,0.0,0.0,0.0,0.0,0.0,0.0,0.0,5.80394070801875,0.9635605066335531,0.9864254330051638,0.0,0.0,0.0,0.0,0.065,0.065,-1.3589616101865312,-1.3589616101865312
2016.0,313.0,21.5,0.0,0.0,0.0,0.0,0.0,0.0,0.0,0.0,0.0,0.0,0.0,0.0,0.0,0.0,5.80394070801875,0.9635605066335531,0.9864254330051638,0.0,0.0,0.0,0.0,0.065,0.065,-1.3589616101865312,-1.3589616101865312
2016.0,313.0,22.0,0.0,0.0,0.0,0.0,0.0,0.0,0.0,0.0,0.0,0.0,0.0,0.0,0.0,0.0,5.80394070801875,0.9635605066335531,0.9864254330051638,0.0,0.0,0.0,0.0,0.065,0.065,-1.3589616101865312,-1.3589616101865312
2016.0,313.0,22.5,0.0,0.0,0.0,0.0,0.0,0.0,0.0,0.0,0.0,0.0,0.0,0.0,0.0,0.0,5.80394070801875,0.9635605066335531,0.9864254330051638,0.0,0.0,0.0,0.0,0.065,0.065,-1.3589616101865312,-1.3589616101865312
2016.0,313.0,23.0,0.0,0.0,0.0,0.0,0.0,0.0,0.0,0.0,0.0,0.0,0.0,0.0,0.0,0.0,5.80394070801875,0.9635605066335531,0.9864254330051638,0.0,0.0,0.0,0.0,0.0645,0.0645,-1.4310239929470283,-1.4310239929470283
2016.0,313.0,23.5,0.0,0.0,0.0,0.0,0.0,0.0,0.0,0.0,0.0,0.0,0.0,0.0,0.0,0.0,5.80394070801875,0.9635605066335531,0.9864254330051638,0.0,0.0,0.0,0.0,0.065,0.065,-1.3589616101865312,-1.3589616101865312
2016.0,314.0,0.0,0.0,0.0,0.0,0.0,0.0,0.0,0.0,0.0,0.0,0.0,0.0,0.0,0.0,0.0,5.80394070801875,0.9635605066335531,0.9864254330051638,0.0,0.0,0.0,0.0,0.065,0.065,-1.3589616101865312,-1.3589616101865312
2016.0,314.0,0.5,0.0,0.0,0.0,0.0,0.0,0.0,0.0,0.0,0.0,0.0,0.0,0.0,0.0,0.0,5.80394070801875,0.9635605066335531,0.9864254330051638,0.0,0.0,0.0,0.0,0.0645,0.0645,-1.4310239929470283,-1.4310239929470283
2016.0,314.0,1.0,0.0,0.0,0.0,0.0,0.0,0.0,0.0,0.0,0.0,0.0,0.0,0.0,0.0,0.0,5.80394070801875,0.9635605066335531,0.9864254330051638,0.0,0.0,0.0,0.0,0.065,0.065,-1.3589616101865312,-1.3589616101865312
2016.0,314.0,1.5,0.0,0.0,0.0,0.0,0.0,0.0,0.0,0.0,0.0,0.0,0.0,0.0,0.0,0.0,5.80394070801875,0.9635605066335531,0.9864254330051638,0.0,0.0,0.0,0.0,0.065,0.065,-1.3589616101865312,-1.3589616101865312
2016.0,314.0,2.0,0.0,0.0,0.0,0.0,0.0,0.0,0.0,0.0,0.0,0.0,0.0,0.0,0.0,0.0,5.80394070801875,0.9635605066335531,0.9864254330051638,0.0,0.0,0.0,0.0,0.065,0.065,-1.3589616101865312,-1.3589616101865312
2016.0,314.0,2.5,0.0,0.0,0.0,0.0,0.0,0.0,0.0,0.0,0.0,0.0,0.0,0.0,0.0,0.0,5.80394070801875,0.9635605066335531,0.9864254330051638,0.0,0.0,0.0,0.0,0.064,0.064,-1.5075137161482992,-1.5075137161482992
2016.0,314.0,3.0,0.0,0.0,0.0,0.0,0.0,0.0,0.0,0.0,0.0,0.0,0.0,0.0,0.0,0.0,5.80394070801875,0.9635605066335531,0.9864254330051638,0.0,0.0,0.0,0.0,0.0645,0.0645,-1.4310239929470283,-1.4310239929470283
2016.0,314.0,3.5,0.0,0.0,0.0,0.0,0.0,0.0,0.0,0.0,0.0,0.0,0.0,0.0,0.0,0.0,5.80394070801875,0.9635605066335531,0.9864254330051638,0.0,0.0,0.0,0.0,0.0645,0.0645,-1.4310239929470283,-1.4310239929470283
2016.0,314.0,4.0,0.0,0.0,0.0,0.0,0.0,0.0,0.0,0.0,0.0,0.0,0.0,0.0,0.0,0.0,5.80394070801875,0.9635605066335531,0.9864254330051638,0.0,0.0,0.0,0.0,0.064,0.064,-1.5075137161482992,-1.5075137161482992
2016.0,314.0,4.5,0.0,0.0,0.0,0.0,0.0,0.0,0.0,0.0,0.0,0.0,0.0,0.0,0.0,0.0,5.80394070801875,0.9635605066335531,0.9864254330051638,0.0,0.0,0.0,0.0,0.064,0.064,-1.5075137161482992,-1.5075137161482992
2016.0,314.0,5.0,0.0,0.0,0.0,0.0,0.0,0.0,0.0,0.0,0.0,0.0,0.0,0.0,0.0,0.0,5.80394070801875,0.9635605066335531,0.9864254330051638,0.0,0.0,0.0,0.0,0.064,0.064,-1.5075137161482992,-1.5075137161482992
2016.0,314.0,5.5,0.0,0.0,0.0,0.0,0.0,0.0,0.0,0.0,0.0,0.0,0.0,0.0,0.0,0.0,5.80394070801875,0.9635605066335531,0.9864254330051638,0.0,0.0,0.0,0.0,0.064,0.064,-1.5075137161482992,-1.5075137161482992
2016.0,314.0,6.0,0.0,0.0,0.0,0.0,0.0,0.0,0.0,0.0,0.0,0.0,0.0,0.0,0.0,0.0,5.80394070801875,0.9635605066335531,0.9864254330051638,0.0,0.0,0.0,0.0,0.064,0.064,-1.5075137161482992,-1.5075137161482992
2016.0,314.0,6.5,0.0,0.0,0.0,0.0,0.0,0.0,0.0,0.0,0.0,0.0,0.0,0.0,0.0,0.0,5.80394070801875,0.9635605066335531,0.9864254330051638,0.0,0.0,0.0,0.0,0.064,0.064,-1.5075137161482992,-1.5075137161482992
2016,314,7.0,0.0,0.0,0.0,0.0,0.0,0.0,0.0,0.0,0.0,0.0,0.0,0.0,True,True,5.741748196006188,0.9635605066335531,0.9864254330051638,0.0,0.0,0.00021440963807565483,0.00021440963807565483,0.064,0.064,-1.5075137161482992,-1.5075137161482992
2016,314,7.5,2.486361281091996,2.6251415841352395,0.16613251097907789,0.5405116052579726,35.857598981678386,41.70919243627534,0.04987549038723142,0.1701086977309633,0.0,-1.5991966524478318,21.48024030920383,21.483022177115085,False,False,5.741748196006188,0.9480745056038853,0.9864254330051638,0.0,0.0,0.0048962625506422395,0.0048962625506422395,0.064,0.064,-1.5075137161482992,-1.5075137161482992
2016,314,8.0,5.7579643056167775,6.053321639276072,0.4020861810580229,1.0304962144049754,35.35360514653089,40.901484251191604,0.11099141349639732,0.29434592645882274,0.0,-1.6603186099808538,22.30269253562311,22.266820114059502,False,False,5.741748196006188,0.942937129817367,0.9864254330051638,0.0,0.0,0.013598293630070897,0.013598293630070897,0.064,0.064,-1.5075137161482992,-1.5075137161482992
2016,314,8.5,0.0,0.0,0.0,0.0,0.0,0.0,0.0,0.0,0.0,0.0,0.0,0.0,True,0.0,5.741748196006188,0.942937129817367,0.9864254330051638,0.0,0.0,0.027950219171032877,0.027950219171032877,0.064,0.064,-1.5075137161482992,-1.5075137161482992
2016,314,9.0,5.768024391631312,6.125713340782189,0.40189018038470903,1.46484619937414,35.29012538532078,41.45534757182937,0.10524126745536541,0.41789454372419976,0.0,-1.6908795887473647,22.63834232287841,22.498359305694855,False,False,5.741748196006188,0.940264026207143,0.9864254330051638,0.0,0.0,0.014163980826954756,0.014163980826954756,0.064,0.064,-1.5075137161482992,-1.5075137161482992
2016,314,9.5,16.343905571771312,0.0,1.467865607340091,0.0,33.12476990087664,0.0,0.2617729768013537,0.0,0.0,0.0,23828.175103128367,0.0,False,0.0,5.741748196006188,0.940264026207143,0.9864254330051638,0.0,0.0,0.06017443587659104,0.06017443587659104,0.064,0.064,-1.5075137161482992,-1.5075137161482992
2016,314,10.0,6.866294060399633,0.0,0.4351519157457648,0.0,35.34606599500378,0.0,0.08591871086202764,0.0,0.0,0.0,24622.484511111037,0.0,False,0.0,5.741748196006188,0.940264026207143,0.9864254330051638,0.0,0.0,0.018033348628874173,0.018033348628874173,0.064,0.064,-1.5075137161482992,-1.5075137161482992
2016,314,10.5,2.875470894146994,5.068910406715227,0.13057681439052307,0.8125370782055189,41.01889756853558,41.684767316726415,0.030517548703529726,0.07173022285337799,0.0,-1.5991966524478318,29.718930817304432,23.067788635971844,False,False,5.741748196006188,0.9480745056038853,0.9864254330051638,0.0,0.0,0.00971569220484782,0.00971569220484782,0.064,0.064,-1.5075137161482992,-1.5075137161482992
2016,314,11.0,3.83676029834262,5.91849899028499,0.16397433380663862,1.118345158903767,40.51400680370747,41.732432193312235,0.04235552203917773,0.11168334924835208,0.0,-1.629757631214343,30.014853543993794,24.55298321448131,False,False,5.741748196006188,0.9455405489506958,0.9864254330051638,0.0,0.0,0.013592013130030523,0.013592013130030523,0.064,0.064,-1.5075137161482992,-1.5075137161482992
2016,314,11.5,3.8331661273825484,6.023832370500403,0.20181505793728158,1.1209980900703052,35.62462641170093,41.730936863922366,0.04350383307320612,0.101383849648302,0.0,-1.629757631214343,28.715302599427254,23.772926888791687,False,False,5.741748196006188,0.9455405489506958,0.9864254330051638,0.0,0.0,0.012756157033810856,0.012756157033810856,0.064,0.064,-1.5075137161482992,-1.5075137161482992
2016,314,12.0,6.225209751131912,0.0,0.35628299613652886,0.0,37.94235582976758,0.0,0.06084018969883002,0.0,0.0,0.0,33277.866552004154,0.0,False,0.0,5.741748196006188,0.9455405489506958,0.9864254330051638,0.0,0.0,0.024028308640967846,0.024028308640967846,0.064,0.064,-1.5075137161482992,-1.5075137161482992
2016,314,12.5,5.554194662813748,0.0,0.3341882101537156,0.0,37.74172676801442,0.0,0.05220968548724856,0.0,0.0,0.0,32665.378422686757,0.0,False,0.0,5.741748196006188,0.9455405489506958,0.9864254330051638,0.0,0.0,0.0210869690958608,0.0210869690958608,0.0635,0.0635,-1.5887406165480027,-1.5887406165480027
2016,314,13.0,2.712424531525723,6.51372996834206,0.13353378644420405,1.5490041594081156,38.24621294719966,41.359483585290704,0.025405343812499415,0.09527623274829984,0.0,-1.853353766341354,33.79195170524581,25.393696165151532,False,False,5.659979332962941,0.924876294588467,0.9864254330051638,0.0,0.0,0.011936947527747687,0.011936947527747687,0.063,0.063,-1.6750389044446923,-1.6750389044446923
2016,314,13.5,0.0,4.180137257327231,0.0,0.7464911606058459,0.0,41.746284682715135,0.0,0.05749883784471494,0.0,-1.764196335393023,0.0,24.30102160403702,True,False,5.659979332962941,0.9335659729045216,0.9864254330051638,0.0,0.0,0.007113814809970787,0.007113814809970787,0.063,0.063,-1.6750389044446923,-1.6750389044446923
2016,314,14.0,1.7385695991071408,2.6799140457624135,0.1826485592361197,0.23579723797614885,33.28595881769254,41.71048192901152,0.025935015159644508,0.023091884979153147,0.0,-1.7047580480941358,25.26266098,23.49779430737945,False,False,5.659979332962941,0.9390270461097232,0.9864254330051638,0.0,0.0,0.004464521064416461,0.004464521064416461,0.063,0.063,-1.6750389044446923,-1.6750389044446923
2016,314,14.5,1.459699849988391,2.048434329918971,0.1337663581926156,0.2247063911685045,34.13100494596813,41.7092902819867,0.023648998738447106,0.02846002674335269,0.0,-1.7047580480941358,24.10781956,22.9197906144958,False,False,5.659979332962941,0.9390270461097232,0.9864254330051638,0.0,0.0,0.003220170783599991,0.003220170783599991,0.063,0.063,-1.6750389044446923,-1.6750389044446923
2016.0,314.0,15.0,0.0,0.0,0.0,0.0,0.0,0.0,0.0,0.0,0.0,0.0,0.0,0.0,0.0,0.0,5.659979332962941,0.9390270461097232,0.9864254330051638,0.0,0.0,0.0,0.0,0.063,0.063,-1.6750389044446923,-1.6750389044446923
2016.0,314.0,15.5,0.0,0.0,0.0,0.0,0.0,0.0,0.0,0.0,0.0,0.0,0.0,0.0,0.0,0.0,5.659979332962941,0.9390270461097232,0.9864254330051638,0.0,0.0,0.0,0.0,0.063,0.063,-1.6750389044446923,-1.6750389044446923
2016.0,314.0,16.0,0.0,0.0,0.0,0.0,0.0,0.0,0.0,0.0,0.0,0.0,0.0,0.0,0.0,0.0,5.659979332962941,0.9390270461097232,0.9864254330051638,0.0,0.0,0.0,0.0,0.063,0.063,-1.6750389044446923,-1.6750389044446923
2016.0,314.0,16.5,0.0,0.0,0.0,0.0,0.0,0.0,0.0,0.0,0.0,0.0,0.0,0.0,0.0,0.0,5.659979332962941,0.9390270461097232,0.9864254330051638,0.0,0.0,0.0,0.0,0.063,0.063,-1.6750389044446923,-1.6750389044446923
2016.0,314.0,17.0,0.0,0.0,0.0,0.0,0.0,0.0,0.0,0.0,0.0,0.0,0.0,0.0,0.0,0.0,5.659979332962941,0.9390270461097232,0.9864254330051638,0.0,0.0,0.0,0.0,0.063,0.063,-1.6750389044446923,-1.6750389044446923
2016.0,314.0,17.5,0.0,0.0,0.0,0.0,0.0,0.0,0.0,0.0,0.0,0.0,0.0,0.0,0.0,0.0,5.659979332962941,0.9390270461097232,0.9864254330051638,0.0,0.0,0.0,0.0,0.063,0.063,-1.6750389044446923,-1.6750389044446923
2016.0,314.0,18.0,0.0,0.0,0.0,0.0,0.0,0.0,0.0,0.0,0.0,0.0,0.0,0.0,0.0,0.0,5.659979332962941,0.9390270461097232,0.9864254330051638,0.0,0.0,0.0,0.0,0.063,0.063,-1.6750389044446923,-1.6750389044446923
2016.0,314.0,18.5,0.0,0.0,0.0,0.0,0.0,0.0,0.0,0.0,0.0,0.0,0.0,0.0,0.0,0.0,5.659979332962941,0.9390270461097232,0.9864254330051638,0.0,0.0,0.0,0.0,0.063,0.063,-1.6750389044446923,-1.6750389044446923
2016.0,314.0,19.0,0.0,0.0,0.0,0.0,0.0,0.0,0.0,0.0,0.0,0.0,0.0,0.0,0.0,0.0,5.659979332962941,0.9390270461097232,0.9864254330051638,0.0,0.0,0.0,0.0,0.063,0.063,-1.6750389044446923,-1.6750389044446923
2016.0,314.0,19.5,0.0,0.0,0.0,0.0,0.0,0.0,0.0,0.0,0.0,0.0,0.0,0.0,0.0,0.0,5.659979332962941,0.9390270461097232,0.9864254330051638,0.0,0.0,0.0,0.0,0.063,0.063,-1.6750389044446923,-1.6750389044446923
2016.0,314.0,20.0,0.0,0.0,0.0,0.0,0.0,0.0,0.0,0.0,0.0,0.0,0.0,0.0,0.0,0.0,5.659979332962941,0.9390270461097232,0.9864254330051638,0.0,0.0,0.0,0.0,0.063,0.063,-1.6750389044446923,-1.6750389044446923
2016.0,314.0,20.5,0.0,0.0,0.0,0.0,0.0,0.0,0.0,0.0,0.0,0.0,0.0,0.0,0.0,0.0,5.659979332962941,0.9390270461097232,0.9864254330051638,0.0,0.0,0.0,0.0,0.063,0.063,-1.6750389044446923,-1.6750389044446923
2016.0,314.0,21.0,0.0,0.0,0.0,0.0,0.0,0.0,0.0,0.0,0.0,0.0,0.0,0.0,0.0,0.0,5.659979332962941,0.9390270461097232,0.9864254330051638,0.0,0.0,0.0,0.0,0.063,0.063,-1.6750389044446923,-1.6750389044446923
2016.0,314.0,21.5,0.0,0.0,0.0,0.0,0.0,0.0,0.0,0.0,0.0,0.0,0.0,0.0,0.0,0.0,5.659979332962941,0.9390270461097232,0.9864254330051638,0.0,0.0,0.0,0.0,0.063,0.063,-1.6750389044446923,-1.6750389044446923
2016.0,314.0,22.0,0.0,0.0,0.0,0.0,0.0,0.0,0.0,0.0,0.0,0.0,0.0,0.0,0.0,0.0,5.659979332962941,0.9390270461097232,0.9864254330051638,0.0,0.0,0.0,0.0,0.063,0.063,-1.6750389044446923,-1.6750389044446923
2016.0,314.0,22.5,0.0,0.0,0.0,0.0,0.0,0.0,0.0,0.0,0.0,0.0,0.0,0.0,0.0,0.0,5.659979332962941,0.9390270461097232,0.9864254330051638,0.0,0.0,0.0,0.0,0.063,0.063,-1.6750389044446923,-1.6750389044446923
2016.0,314.0,23.0,0.0,0.0,0.0,0.0,0.0,0.0,0.0,0.0,0.0,0.0,0.0,0.0,0.0,0.0,5.659979332962941,0.9390270461097232,0.9864254330051638,0.0,0.0,0.0,0.0,0.063,0.063,-1.6750389044446923,-1.6750389044446923
2016.0,314.0,23.5,0.0,0.0,0.0,0.0,0.0,0.0,0.0,0.0,0.0,0.0,0.0,0.0,0.0,0.0,5.659979332962941,0.9390270461097232,0.9864254330051638,0.0,0.0,0.0,0.0,0.063,0.063,-1.6750389044446923,-1.6750389044446923
2016.0,315.0,0.0,0.0,0.0,0.0,0.0,0.0,0.0,0.0,0.0,0.0,0.0,0.0,0.0,0.0,0.0,5.659979332962941,0.9390270461097232,0.9864254330051638,0.0,0.0,0.0,0.0,0.063,0.063,-1.6750389044446923,-1.6750389044446923
2016.0,315.0,0.5,0.0,0.0,0.0,0.0,0.0,0.0,0.0,0.0,0.0,0.0,0.0,0.0,0.0,0.0,5.659979332962941,0.9390270461097232,0.9864254330051638,0.0,0.0,0.0,0.0,0.063,0.063,-1.6750389044446923,-1.6750389044446923
2016.0,315.0,1.0,0.0,0.0,0.0,0.0,0.0,0.0,0.0,0.0,0.0,0.0,0.0,0.0,0.0,0.0,5.659979332962941,0.9390270461097232,0.9864254330051638,0.0,0.0,0.0,0.0,0.063,0.063,-1.6750389044446923,-1.6750389044446923
2016.0,315.0,1.5,0.0,0.0,0.0,0.0,0.0,0.0,0.0,0.0,0.0,0.0,0.0,0.0,0.0,0.0,5.659979332962941,0.9390270461097232,0.9864254330051638,0.0,0.0,0.0,0.0,0.063,0.063,-1.6750389044446923,-1.6750389044446923
2016.0,315.0,2.0,0.0,0.0,0.0,0.0,0.0,0.0,0.0,0.0,0.0,0.0,0.0,0.0,0.0,0.0,5.659979332962941,0.9390270461097232,0.9864254330051638,0.0,0.0,0.0,0.0,0.063,0.063,-1.6750389044446923,-1.6750389044446923
2016.0,315.0,2.5,0.0,0.0,0.0,0.0,0.0,0.0,0.0,0.0,0.0,0.0,0.0,0.0,0.0,0.0,5.659979332962941,0.9390270461097232,0.9864254330051638,0.0,0.0,0.0,0.0,0.063,0.063,-1.6750389044446923,-1.6750389044446923
2016.0,315.0,3.0,0.0,0.0,0.0,0.0,0.0,0.0,0.0,0.0,0.0,0.0,0.0,0.0,0.0,0.0,5.659979332962941,0.9390270461097232,0.9864254330051638,0.0,0.0,0.0,0.0,0.063,0.063,-1.6750389044446923,-1.6750389044446923
2016.0,315.0,3.5,0.0,0.0,0.0,0.0,0.0,0.0,0.0,0.0,0.0,0.0,0.0,0.0,0.0,0.0,5.659979332962941,0.9390270461097232,0.9864254330051638,0.0,0.0,0.0,0.0,0.063,0.063,-1.6750389044446923,-1.6750389044446923
2016.0,315.0,4.0,0.0,0.0,0.0,0.0,0.0,0.0,0.0,0.0,0.0,0.0,0.0,0.0,0.0,0.0,5.659979332962941,0.9390270461097232,0.9864254330051638,0.0,0.0,0.0,0.0,0.063,0.063,-1.6750389044446923,-1.6750389044446923
2016.0,315.0,4.5,0.0,0.0,0.0,0.0,0.0,0.0,0.0,0.0,0.0,0.0,0.0,0.0,0.0,0.0,5.659979332962941,0.9390270461097232,0.9864254330051638,0.0,0.0,0.0,0.0,0.063,0.063,-1.6750389044446923,-1.6750389044446923
2016.0,315.0,5.0,0.0,0.0,0.0,0.0,0.0,0.0,0.0,0.0,0.0,0.0,0.0,0.0,0.0,0.0,5.659979332962941,0.9390270461097232,0.9864254330051638,0.0,0.0,0.0,0.0,0.063,0.063,-1.6750389044446923,-1.6750389044446923
2016.0,315.0,5.5,0.0,0.0,0.0,0.0,0.0,0.0,0.0,0.0,0.0,0.0,0.0,0.0,0.0,0.0,5.659979332962941,0.9390270461097232,0.9864254330051638,0.0,0.0,0.0,0.0,0.063,0.063,-1.6750389044446923,-1.6750389044446923
2016.0,315.0,6.0,0.0,0.0,0.0,0.0,0.0,0.0,0.0,0.0,0.0,0.0,0.0,0.0,0.0,0.0,5.659979332962941,0.9390270461097232,0.9864254330051638,0.0,0.0,0.0,0.0,0.063,0.063,-1.6750389044446923,-1.6750389044446923
2016,315,6.5,1.77536971368463,1.8468389296141665,0.10690035327200892,0.32271374145053944,36.54274832787107,41.730129946781766,0.03812834486627668,0.11947147768712636,0.0,-1.9506252787509397,19.22086525,19.219423855626268,False,False,5.552434987014947,0.9147128617889623,0.9864254330051638,0.0,0.0,0.00205581357244739,0.00205581357244739,0.062,0.062,-1.8643213520376791,-1.8643213520376791
2016,315,7.0,3.7210749933235645,3.8499393129093784,0.21969917863462152,0.5483406149292532,36.40288376778065,41.098992118572,0.08093866141946152,0.2149073621648996,0.0,-1.9793932543220267,19.81162799855407,19.81575203,False,False,5.552434987014947,0.9115706035759011,0.9864254330051638,0.0,0.0,0.006255242155966732,0.006255242155966732,0.062,0.062,-1.8643213520376791,-1.8643213520376791
2016,315,7.5,0.0,9.499576272824164,0.0,1.7530286752019488,0.0,41.6752545559561,0.0,0.8136498684550962,0.0,-1.9506252787509397,0.0,20.44045544,True,False,5.552434987014947,0.9115706035759011,0.9147128617889623,0.0,0.0,0.016280970814118043,0.016280970814118043,0.062,0.062,-1.8643213520376791,-1.8643213520376791
2016,315,8.0,9.374695605643058,0.0,0.559695994424759,0.0,35.89111589158108,0.0,0.1984523461700978,0.0,0.0,0.0,12556.593505495055,0.0,False,0.0,5.552434987014947,0.9115706035759011,0.9147128617889623,0.0,0.0,0.03199280251662505,0.03199280251662505,0.063,0.063,-1.6750389044446923,-1.6750389044446923
2016,315,8.5,14.795890058919888,0.0,1.046106379169296,0.0,34.586563595513994,0.0,0.27632237384563846,0.0,0.0,0.0,16327.841063040943,0.0,False,0.0,5.552434987014947,0.9115706035759011,0.9147128617889623,0.0,0.0,0.050076875919962405,0.050076875919962405,0.062,0.062,-1.8643213520376791,-1.8643213520376791
2016,315,9.0,20.379349154611585,0.0,1.5856229924799767,0.0,33.65463808727978,0.0,0.3547484922854335,0.0,0.0,0.0,19689.4341279084,0.0,False,0.0,5.552434987014947,0.9115706035759011,0.9147128617889623,0.0,0.0,0.06666036108664515,0.06666036108664515,0.062,0.062,-1.8643213520376791,-1.8643213520376791
2016,315,9.5,19.709908564917235,0.0,1.8194831978500332,0.0,38.255830891634844,0.0,0.3104402299557391,0.0,0.0,0.0,24496.593036849008,0.0,False,0.0,5.552434987014947,0.9115706035759011,0.9147128617889623,0.0,0.0,0.06351222661865702,0.06351222661865702,0.062,0.062,-1.8643213520376791,-1.8643213520376791
2016,315,10.0,9.254241467883293,0.0,0.8036768881836235,0.0,33.47555332744354,0.0,0.11497502999783009,0.0,0.0,0.0,28402.45115019709,0.0,False,0.0,5.552434987014947,0.9115706035759011,0.9147128617889623,0.0,0.0,0.03420162584656712,0.03420162584656712,0.062,0.062,-1.8643213520376791,-1.8643213520376791
2016,315,10.5,11.526001243351564,0.0,1.1855064249322713,0.0,32.32614815069109,0.0,0.13498316361187943,0.0,0.0,0.0,31959.391828489395,0.0,False,0.0,5.552434987014947,0.9115706035759011,0.9147128617889623,0.0,0.0,0.04345593936614609,0.04345593936614609,0.062,0.062,-1.8643213520376791,-1.8643213520376791
2016,315,11.0,0.0,6.330828943976372,0.0,1.2475814637907912,0.0,41.157541265413855,0.0,0.07193838160326822,0.0,-2.0081612298931137,0.0,26.088415735817776,False,False,5.552434987014947,0.9083661990343996,0.9147128617889623,0.0,0.0,0.011339170251051342,0.011339170251051342,0.062,0.062,-1.8643213520376791,-1.8643213520376791
2016,315,11.5,5.566435498548343,0.0,0.4065195870596013,0.0,36.43244471715306,0.0,0.049052188480063895,0.0,0.0,0.0,38249.83145203255,0.0,False,0.0,5.552434987014947,0.9083661990343996,0.9147128617889623,0.0,0.0,0.03110299022056484,0.03110299022056484,0.062,0.062,-1.8643213520376791,-1.8643213520376791
2016,315,12.0,7.299040541498517,0.0,0.7350942154926096,0.0,32.818415158329515,0.0,0.06491720163023704,0.0,0.0,0.0,40916.63187328932,0.0,False,0.0,5.552434987014947,0.9083661990343996,0.9147128617889623,0.0,0.0,0.040793123389424035,0.040793123389424035,0.0615,0.0615,-1.9681160423062827,-1.9681160423062827
2016,315,12.5,0.0,0.0,0.0,0.0,0.0,0.0,0.0,0.0,0.0,0.0,0.0,0.0,False,0.0,5.552434987014947,0.9083661990343996,0.9147128617889623,0.0,0.0,0.008616563392459992,0.008616563392459992,0.061,0.061,-2.0786085639674976,-2.0786085639674976
2016,315,13.0,0.0,0.0,0.0,0.0,0.0,0.0,0.0,0.0,0.0,0.0,0.0,0.0,False,0.0,5.552434987014947,0.9083661990343996,0.9147128617889623,0.0,0.0,0.010642426243604073,0.010642426243604073,0.061,0.061,-2.0786085639674976,-2.0786085639674976
2016,315,13.5,3.6163584639935307,0.0,0.34530649039286154,0.0,32.87252412065518,0.0,0.02992783363933982,0.0,0.0,0.0,36322.66699343023,0.0,False,0.0,5.552434987014947,0.9083661990343996,0.9147128617889623,0.0,0.0,0.020277026466319435,0.020277026466319435,0.061,0.061,-2.0786085639674976,-2.0786085639674976
2016,315,14.0,0.0,0.0,0.0,0.0,0.0,0.0,0.0,0.0,0.0,0.0,0.0,0.0,False,0.0,5.552434987014947,0.9083661990343996,0.9147128617889623,0.0,0.0,0.021814934687285528,0.021814934687285528,0.061,0.061,-2.0786085639674976,-2.0786085639674976
2016,315,14.5,9.402219090322813,0.0,2.0537175443467164,0.0,27.060522901863383,0.0,0.09020988940657412,0.0,0.0,0.0,31887.863659205508,0.0,False,0.0,5.552434987014947,0.9083661990343996,0.9147128617889623,0.0,0.0,0.038589729534504826,0.038589729534504826,0.061,0.061,-2.0786085639674976,-2.0786085639674976
2016,315,15.0,3.727227792516173,2.803053177639534,0.8609223701681419,2.9559944131072675,26.95223130086746,39.85477011500125,0.03489258337764439,0.10671304986680193,0.0,-2.5216670505376664,28004.812488287294,30.699597494951924,False,False,5.411134002275945,0.8409557119331097,0.9002575598343583,0.0,0.0,0.009897677300795247,0.009897677300795247,0.061,0.061,-2.0786085639674976,-2.0786085639674976
2016,315,15.5,0.0,0.28656479004602264,0.0,0.6277100644396091,0.0,41.736513113614485,0.0,0.021755836667350033,0.0,-2.4275763115206384,0.0,32.19632151981407,False,False,5.226028143620038,0.8547150556570071,0.9002575598343583,0.0,0.0,0.0,0.0,0.06,0.06,-2.321697907845493,-2.321697907845493
2016,315,16.0,0.35482234061475904,0.9914526787219522,0.07610455298076887,1.476317090814865,25.897069978149613,41.45615023489064,0.003128756610875546,0.06208342820772521,0.0,-2.6128635179521424,31.45714587482864,31.456913137017455,False,False,5.226028143620038,0.827049355655237,0.9002575598343583,0.0,0.0,0.00022076642786388002,0.00022076642786388002,0.06,0.06,-2.321697907845493,-2.321697907845493
2016,315,16.5,0.19839310118866837,0.5134135196002605,0.030983833821926914,0.56167760464869,28.287237238190514,41.6821153458787,0.0020145032285789595,0.03702224260832828,0.0,-2.4540459124394243,29.641078782549787,29.631725946678763,False,False,5.226028143620038,0.8509057695633717,0.9002575598343583,0.0,0.0,0.0003897162703075074,0.0003897162703075074,0.06,0.06,-2.321697907845493,-2.321697907845493
2016,315,17.0,0.0,0.0,0.0,0.0,0.0,0.0,0.0,0.0,0.0,0.0,0.0,0.0,True,True,5.226028143620038,0.8509057695633717,0.9002575598343583,0.0,0.0,0.0,0.0,0.06,0.06,-2.321697907845493,-2.321697907845493
2016.0,315.0,17.5,0.0,0.0,0.0,0.0,0.0,0.0,0.0,0.0,0.0,0.0,0.0,0.0,0.0,0.0,5.226028143620038,0.8509057695633717,0.9002575598343583,0.0,0.0,0.0,0.0,0.06,0.06,-2.321697907845493,-2.321697907845493
2016.0,315.0,18.0,0.0,0.0,0.0,0.0,0.0,0.0,0.0,0.0,0.0,0.0,0.0,0.0,0.0,0.0,5.226028143620038,0.8509057695633717,0.9002575598343583,0.0,0.0,0.0,0.0,0.06,0.06,-2.321697907845493,-2.321697907845493
2016.0,315.0,18.5,0.0,0.0,0.0,0.0,0.0,0.0,0.0,0.0,0.0,0.0,0.0,0.0,0.0,0.0,5.226028143620038,0.8509057695633717,0.9002575598343583,0.0,0.0,0.0,0.0,0.06,0.06,-2.321697907845493,-2.321697907845493
2016.0,315.0,19.0,0.0,0.0,0.0,0.0,0.0,0.0,0.0,0.0,0.0,0.0,0.0,0.0,0.0,0.0,5.226028143620038,0.8509057695633717,0.9002575598343583,0.0,0.0,0.0,0.0,0.06,0.06,-2.321697907845493,-2.321697907845493
2016.0,315.0,19.5,0.0,0.0,0.0,0.0,0.0,0.0,0.0,0.0,0.0,0.0,0.0,0.0,0.0,0.0,5.226028143620038,0.8509057695633717,0.9002575598343583,0.0,0.0,0.0,0.0,0.06,0.06,-2.321697907845493,-2.321697907845493
2016.0,315.0,20.0,0.0,0.0,0.0,0.0,0.0,0.0,0.0,0.0,0.0,0.0,0.0,0.0,0.0,0.0,5.226028143620038,0.8509057695633717,0.9002575598343583,0.0,0.0,0.0,0.0,0.06,0.06,-2.321697907845493,-2.321697907845493
2016.0,315.0,20.5,0.0,0.0,0.0,0.0,0.0,0.0,0.0,0.0,0.0,0.0,0.0,0.0,0.0,0.0,5.226028143620038,0.8509057695633717,0.9002575598343583,0.0,0.0,0.0,0.0,0.06,0.06,-2.321697907845493,-2.321697907845493
2016.0,315.0,21.0,0.0,0.0,0.0,0.0,0.0,0.0,0.0,0.0,0.0,0.0,0.0,0.0,0.0,0.0,5.226028143620038,0.8509057695633717,0.9002575598343583,0.0,0.0,0.0,0.0,0.06,0.06,-2.321697907845493,-2.321697907845493
2016.0,315.0,21.5,0.0,0.0,0.0,0.0,0.0,0.0,0.0,0.0,0.0,0.0,0.0,0.0,0.0,0.0,5.226028143620038,0.8509057695633717,0.9002575598343583,0.0,0.0,0.0,0.0,0.06,0.06,-2.321697907845493,-2.321697907845493
2016.0,315.0,22.0,0.0,0.0,0.0,0.0,0.0,0.0,0.0,0.0,0.0,0.0,0.0,0.0,0.0,0.0,5.226028143620038,0.8509057695633717,0.9002575598343583,0.0,0.0,0.0,0.0,0.06,0.06,-2.321697907845493,-2.321697907845493
2016.0,315.0,22.5,0.0,0.0,0.0,0.0,0.0,0.0,0.0,0.0,0.0,0.0,0.0,0.0,0.0,0.0,5.226028143620038,0.8509057695633717,0.9002575598343583,0.0,0.0,0.0,0.0,0.06,0.06,-2.321697907845493,-2.321697907845493
2016.0,315.0,23.0,0.0,0.0,0.0,0.0,0.0,0.0,0.0,0.0,0.0,0.0,0.0,0.0,0.0,0.0,5.226028143620038,0.8509057695633717,0.9002575598343583,0.0,0.0,0.0,0.0,0.06,0.06,-2.321697907845493,-2.321697907845493
2016.0,315.0,23.5,0.0,0.0,0.0,0.0,0.0,0.0,0.0,0.0,0.0,0.0,0.0,0.0,0.0,0.0,5.226028143620038,0.8509057695633717,0.9002575598343583,0.0,0.0,0.0,0.0,0.06,0.06,-2.321697907845493,-2.321697907845493
2016.0,316.0,0.0,0.0,0.0,0.0,0.0,0.0,0.0,0.0,0.0,0.0,0.0,0.0,0.0,0.0,0.0,5.226028143620038,0.8509057695633717,0.9002575598343583,0.0,0.0,0.0,0.0,0.06,0.06,-2.321697907845493,-2.321697907845493
2016.0,316.0,0.5,0.0,0.0,0.0,0.0,0.0,0.0,0.0,0.0,0.0,0.0,0.0,0.0,0.0,0.0,5.226028143620038,0.8509057695633717,0.9002575598343583,0.0,0.0,0.0,0.0,0.06,0.06,-2.321697907845493,-2.321697907845493
2016.0,316.0,1.0,0.0,0.0,0.0,0.0,0.0,0.0,0.0,0.0,0.0,0.0,0.0,0.0,0.0,0.0,5.226028143620038,0.8509057695633717,0.9002575598343583,0.0,0.0,0.0,0.0,0.06,0.06,-2.321697907845493,-2.321697907845493
2016.0,316.0,1.5,0.0,0.0,0.0,0.0,0.0,0.0,0.0,0.0,0.0,0.0,0.0,0.0,0.0,0.0,5.226028143620038,0.8509057695633717,0.9002575598343583,0.0,0.0,0.0,0.0,0.06,0.06,-2.321697907845493,-2.321697907845493
2016.0,316.0,2.0,0.0,0.0,0.0,0.0,0.0,0.0,0.0,0.0,0.0,0.0,0.0,0.0,0.0,0.0,5.226028143620038,0.8509057695633717,0.9002575598343583,0.0,0.0,0.0,0.0,0.06,0.06,-2.321697907845493,-2.321697907845493
2016.0,316.0,2.5,0.0,0.0,0.0,0.0,0.0,0.0,0.0,0.0,0.0,0.0,0.0,0.0,0.0,0.0,5.226028143620038,0.8509057695633717,0.9002575598343583,0.0,0.0,0.0,0.0,0.06,0.06,-2.321697907845493,-2.321697907845493
2016.0,316.0,3.0,0.0,0.0,0.0,0.0,0.0,0.0,0.0,0.0,0.0,0.0,0.0,0.0,0.0,0.0,5.226028143620038,0.8509057695633717,0.9002575598343583,0.0,0.0,0.0,0.0,0.06,0.06,-2.321697907845493,-2.321697907845493
2016.0,316.0,3.5,0.0,0.0,0.0,0.0,0.0,0.0,0.0,0.0,0.0,0.0,0.0,0.0,0.0,0.0,5.226028143620038,0.8509057695633717,0.9002575598343583,0.0,0.0,0.0,0.0,0.06,0.06,-2.321697907845493,-2.321697907845493
2016.0,316.0,4.0,0.0,0.0,0.0,0.0,0.0,0.0,0.0,0.0,0.0,0.0,0.0,0.0,0.0,0.0,5.226028143620038,0.8509057695633717,0.9002575598343583,0.0,0.0,0.0,0.0,0.06,0.06,-2.321697907845493,-2.321697907845493
2016.0,316.0,4.5,0.0,0.0,0.0,0.0,0.0,0.0,0.0,0.0,0.0,0.0,0.0,0.0,0.0,0.0,5.226028143620038,0.8509057695633717,0.9002575598343583,0.0,0.0,0.0,0.0,0.06,0.06,-2.321697907845493,-2.321697907845493
2016.0,316.0,5.0,0.0,0.0,0.0,0.0,0.0,0.0,0.0,0.0,0.0,0.0,0.0,0.0,0.0,0.0,5.226028143620038,0.8509057695633717,0.9002575598343583,0.0,0.0,0.0,0.0,0.06,0.06,-2.321697907845493,-2.321697907845493
2016,316,5.5,0.0,0.0,0.0,0.0,0.0,0.0,0.0,0.0,0.0,0.0,0.0,0.0,True,True,5.226028143620038,0.8509057695633717,0.9002575598343583,0.0,0.0,0.0,0.0,0.06,0.06,-2.321697907845493,-2.321697907845493
2016,316,6.0,1.5994369441011629,0.0,0.10061403586920921,0.0,34.51472828626509,0.0,0.02696677126356302,0.0,0.0,0.0,6067.184923160872,0.0,False,0.0,5.226028143620038,0.8509057695633717,0.9002575598343583,0.0,0.0,0.004675262795685799,0.004675262795685799,0.06,0.06,-2.321697907845493,-2.321697907845493
2016,316,6.5,2.327338936403623,5.958995672062032,0.13265008461896843,1.1978881233536567,34.93896398375126,41.285521089268684,0.0418507827455514,0.20433393177791226,0.0,-2.401106710601852,8112.197741778386,21.81612921,False,False,5.226028143620038,0.8547150556570071,0.8621870540400817,0.0,0.0,0.007048781238413022,0.007048781238413022,0.06,0.06,-2.321697907845493,-2.321697907845493
2016,316,7.0,3.631180600422292,8.614809537071599,0.2164629757254961,1.750522570213698,34.590003322850464,41.16442460794437,0.06289566278658425,0.279784184932129,0.0,-2.427576311520638,9639.774183058227,21.81738329,False,False,5.226028143620038,0.8509057695633717,0.8584756065311413,0.0,0.0,0.009403393794382209,0.009403393794382209,0.06,0.06,-2.321697907845493,-2.321697907845493
2016,316,7.5,3.9278148182992227,4.1580179710334875,0.22801448543804934,0.5689350009728847,34.721079886190836,40.60026365971363,0.06958596167063533,0.17857418546964646,0.0,-2.4275763115206384,22.45031285091437,22.42730220225818,False,False,5.226028143620038,0.8547150556570071,0.8584756065311413,0.0,0.0,0.0046712041478852865,0.0046712041478852865,0.06,0.06,-2.321697907845493,-2.321697907845493
2016,316,8.0,5.872453732280521,0.0,0.4425487611977775,0.0,32.987367183175536,0.0,0.08803286718873696,0.0,0.0,0.0,15197.616579128702,0.0,False,0.0,5.226028143620038,0.8547150556570071,0.8584756065311413,0.0,0.0,0.014176050529447683,0.014176050529447683,0.06,0.06,-2.321697907845493,-2.321697907845493
2016,316,8.5,6.7002304343011465,13.340855319915576,0.5215039768822821,2.86577809025271,32.71652961866441,39.99864928002013,0.09743517797928672,0.28799905685121646,0.0,-2.4805155133582106,16554.814045842886,22.97702677098045,False,False,5.226028143620038,0.8431425491492565,0.8509057695633717,0.0,0.0,0.014567305920438556,0.014567305920438556,0.06,0.06,-2.321697907845493,-2.321697907845493
2016,316,9.0,11.39921847993425,0.0,1.0371277817785691,0.0,30.47610817315661,0.0,0.1381219033818645,0.0,0.0,0.0,22788.031581069397,0.0,False,0.0,5.226028143620038,0.8431425491492565,0.8509057695633717,0.0,0.0,0.026599349806812826,0.026599349806812826,0.0595,0.0595,-2.4554056988372195,-2.4554056988372195
2016,316,9.5,13.18745718393344,21.710554102988908,1.2752325642973048,5.787343744057991,28.895185757108262,36.0888586206258,0.1354053415880499,0.501019010038875,0.0,-2.961714785061384,25967.639923656425,27.985451564868573,False,False,4.984915479919241,0.7487978228390235,0.7886004860892815,0.0,0.0,0.03135207951170087,0.03135207951170087,0.059,0.059,-2.5980411333999887,-2.5980411333999887
2016,316,10.0,5.186600847805424,0.0,0.24847196133117005,0.0,37.12585373648411,0.0,0.04051134065960072,0.0,0.0,0.0,29546.059175403938,0.0,False,0.0,4.984915479919241,0.7487978228390235,0.7886004860892815,0.0,0.0,0.018207874580459686,0.018207874580459686,0.059,0.059,-2.5980411333999887,-2.5980411333999887
2016,316,10.5,6.592446708792083,0.0,0.3588252429400796,0.0,35.80306703318253,0.0,0.05005604339239238,0.0,0.0,0.0,33926.952694009495,0.0,False,0.0,4.984915479919241,0.7487978228390235,0.7886004860892815,0.0,0.0,0.025671430115749877,0.025671430115749877,0.059,0.059,-2.5980411333999887,-2.5980411333999887
2016,316,11.0,0.0,6.365145051905314,0.0,0.7595450351954499,0.0,40.157835607175805,0.0,0.033434537100981335,0.0,-2.6983648993755462,0.0,25.433337825816857,False,False,4.984915479919241,0.8135185971998653,0.7886004860892815,0.0,0.0,0.00717490030577413,0.00717490030577413,0.059,0.059,-2.5980411333999887,-2.5980411333999887
2016,316,11.5,4.609579838004408,0.0,0.2742188974397882,0.0,40.09643637711091,0.0,0.03290993794547317,0.0,0.0,0.0,37900.93552787402,0.0,False,0.0,4.984915479919241,0.8135185971998653,0.7886004860892815,0.0,0.0,0.026695562578081825,0.026695562578081825,0.059,0.059,-2.5980411333999887,-2.5980411333999887
2016,316,12.0,4.354601660291945,0.0,0.3121972884399172,0.0,33.66296469463633,0.0,0.030576054073821878,0.0,0.0,0.0,40723.11804954764,0.0,False,0.0,4.984915479919241,0.8135185971998653,0.7886004860892815,0.0,0.0,0.03682817082449581,0.03682817082449581,0.059,0.059,-2.5980411333999887,-2.5980411333999887
2016,316,12.5,0.0,0.0,0.0,0.0,0.0,0.0,0.0,0.0,0.0,0.0,0.0,0.0,True,0.0,4.984915479919241,0.8135185971998653,0.7886004860892815,0.0,0.0,0.007028135042083339,0.007028135042083339,0.0585,0.0585,-2.750283687153001,-2.750283687153001
2016,316,13.0,0.0,0.0,0.0,0.0,0.0,0.0,0.0,0.0,0.0,0.0,0.0,0.0,True,0.0,4.984915479919241,0.8135185971998653,0.7886004860892815,0.0,0.0,0.019861145527725953,0.019861145527725953,0.058,0.058,-2.912871007557862,-2.912871007557862
2016,316,13.5,0.0,0.0,0.0,0.0,0.0,0.0,0.0,0.0,0.0,0.0,0.0,0.0,False,0.0,4.984915479919241,0.8135185971998653,0.7886004860892815,0.0,0.0,0.02274679817436419,0.02274679817436419,0.058,0.058,-2.912871007557862,-2.912871007557862
2016,316,14.0,0.0,0.0,0.0,0.0,0.0,0.0,0.0,0.0,0.0,0.0,0.0,0.0,True,0.0,4.984915479919241,0.8135185971998653,0.7886004860892815,0.0,0.0,0.011734236542152462,0.011734236542152462,0.058,0.058,-2.912871007557862,-2.912871007557862
2016,316,14.5,3.5844044842534246,0.0,0.2833443668182017,0.0,28.71136192701337,0.0,0.025578172972917312,0.0,0.0,0.0,29700.7902649885,0.0,False,0.0,4.984915479919241,0.8135185971998653,0.7886004860892815,0.0,0.0,0.01542760127121468,0.01542760127121468,0.058,0.058,-2.912871007557862,-2.912871007557862
2016,316,15.0,4.4771351736191605,0.0,0.5304133215003458,0.0,25.622664026612227,0.0,0.03709656135555227,0.0,0.0,0.0,25230.480644784267,0.0,False,0.0,4.984915479919241,0.8135185971998653,0.7886004860892815,0.0,0.0,0.013468305112960774,0.013468305112960774,0.058,0.058,-2.912871007557862,-2.912871007557862
2016,316,15.5,0.7022079730019284,1.4063584072668927,0.0932567799924117,1.1072621883664981,25.059041623874123,40.936784137250704,0.005913272795176748,0.07197653915113318,0.0,-3.124360943980651,29.4687047,29.471598265966712,False,False,4.673849528078996,0.7396633913523095,0.7886004860892815,0.0,0.0,0.001442061340203638,0.001442061340203638,0.058,0.058,-2.912871007557862,-2.912871007557862
2016,316,16.0,0.03403054150748219,0.4721254030458719,0.0037344995593691604,0.40062080065084293,25.199184570018645,41.74939431049695,0.00028897242695620804,0.03144279307604819,0.0,-3.1771078544983444,28.783421720554557,28.79521699956393,False,False,4.487566384452245,0.7298560620495644,0.7886004860892815,0.0,0.0,0.0005071740776657026,0.0005071740776657026,0.0575,0.0575,-3.0866044568329984,-3.0866044568329984
2016,316,16.5,0.0,0.0,0.0,0.0,0.0,0.0,0.0,0.0,0.0,0.0,0.0,0.0,True,True,4.278562860784596,0.7298560620495644,0.7886004860892815,0.0,0.0,0.0,0.0,0.057,0.057,-3.272355237598531,-3.272355237598531
2016,316,17.0,0.0,0.0,0.0,0.0,0.0,0.0,0.0,0.0,0.0,0.0,0.0,0.0,True,True,4.278562860784596,0.7298560620495644,0.7886004860892815,0.0,0.0,0.0,0.0,0.057,0.057,-3.272355237598531,-3.272355237598531
2016.0,316.0,17.5,0.0,0.0,0.0,0.0,0.0,0.0,0.0,0.0,0.0,0.0,0.0,0.0,0.0,0.0,4.278562860784596,0.7298560620495644,0.7886004860892815,0.0,0.0,0.0,0.0,0.057,0.057,-3.272355237598531,-3.272355237598531
2016.0,316.0,18.0,0.0,0.0,0.0,0.0,0.0,0.0,0.0,0.0,0.0,0.0,0.0,0.0,0.0,0.0,4.278562860784596,0.7298560620495644,0.7886004860892815,0.0,0.0,0.0,0.0,0.057,0.057,-3.272355237598531,-3.272355237598531
2016.0,316.0,18.5,0.0,0.0,0.0,0.0,0.0,0.0,0.0,0.0,0.0,0.0,0.0,0.0,0.0,0.0,4.278562860784596,0.7298560620495644,0.7886004860892815,0.0,0.0,0.0,0.0,0.057,0.057,-3.272355237598531,-3.272355237598531
2016.0,316.0,19.0,0.0,0.0,0.0,0.0,0.0,0.0,0.0,0.0,0.0,0.0,0.0,0.0,0.0,0.0,4.278562860784596,0.7298560620495644,0.7886004860892815,0.0,0.0,0.0,0.0,0.057,0.057,-3.272355237598531,-3.272355237598531
2016.0,316.0,19.5,0.0,0.0,0.0,0.0,0.0,0.0,0.0,0.0,0.0,0.0,0.0,0.0,0.0,0.0,4.278562860784596,0.7298560620495644,0.7886004860892815,0.0,0.0,0.0,0.0,0.057,0.057,-3.272355237598531,-3.272355237598531
2016.0,316.0,20.0,0.0,0.0,0.0,0.0,0.0,0.0,0.0,0.0,0.0,0.0,0.0,0.0,0.0,0.0,4.278562860784596,0.7298560620495644,0.7886004860892815,0.0,0.0,0.0,0.0,0.057,0.057,-3.272355237598531,-3.272355237598531
2016.0,316.0,20.5,0.0,0.0,0.0,0.0,0.0,0.0,0.0,0.0,0.0,0.0,0.0,0.0,0.0,0.0,4.278562860784596,0.7298560620495644,0.7886004860892815,0.0,0.0,0.0,0.0,0.057,0.057,-3.272355237598531,-3.272355237598531
2016.0,316.0,21.0,0.0,0.0,0.0,0.0,0.0,0.0,0.0,0.0,0.0,0.0,0.0,0.0,0.0,0.0,4.278562860784596,0.7298560620495644,0.7886004860892815,0.0,0.0,0.0,0.0,0.057,0.057,-3.272355237598531,-3.272355237598531
2016.0,316.0,21.5,0.0,0.0,0.0,0.0,0.0,0.0,0.0,0.0,0.0,0.0,0.0,0.0,0.0,0.0,4.278562860784596,0.7298560620495644,0.7886004860892815,0.0,0.0,0.0,0.0,0.057,0.057,-3.272355237598531,-3.272355237598531
2016.0,316.0,22.0,0.0,0.0,0.0,0.0,0.0,0.0,0.0,0.0,0.0,0.0,0.0,0.0,0.0,0.0,4.278562860784596,0.7298560620495644,0.7886004860892815,0.0,0.0,0.0,0.0,0.057,0.057,-3.272355237598531,-3.272355237598531
2016.0,316.0,22.5,0.0,0.0,0.0,0.0,0.0,0.0,0.0,0.0,0.0,0.0,0.0,0.0,0.0,0.0,4.278562860784596,0.7298560620495644,0.7886004860892815,0.0,0.0,0.0,0.0,0.057,0.057,-3.272355237598531,-3.272355237598531
2016.0,316.0,23.0,0.0,0.0,0.0,0.0,0.0,0.0,0.0,0.0,0.0,0.0,0.0,0.0,0.0,0.0,4.278562860784596,0.7298560620495644,0.7886004860892815,0.0,0.0,0.0,0.0,0.057,0.057,-3.272355237598531,-3.272355237598531
2016.0,316.0,23.5,0.0,0.0,0.0,0.0,0.0,0.0,0.0,0.0,0.0,0.0,0.0,0.0,0.0,0.0,4.278562860784596,0.7298560620495644,0.7886004860892815,0.0,0.0,0.0,0.0,0.057,0.057,-3.272355237598531,-3.272355237598531
2016.0,317.0,0.0,0.0,0.0,0.0,0.0,0.0,0.0,0.0,0.0,0.0,0.0,0.0,0.0,0.0,0.0,4.278562860784596,0.7298560620495644,0.7886004860892815,0.0,0.0,0.0,0.0,0.057,0.057,-3.272355237598531,-3.272355237598531
2016.0,317.0,0.5,0.0,0.0,0.0,0.0,0.0,0.0,0.0,0.0,0.0,0.0,0.0,0.0,0.0,0.0,4.278562860784596,0.7298560620495644,0.7886004860892815,0.0,0.0,0.0,0.0,0.057,0.057,-3.272355237598531,-3.272355237598531
2016.0,317.0,1.0,0.0,0.0,0.0,0.0,0.0,0.0,0.0,0.0,0.0,0.0,0.0,0.0,0.0,0.0,4.278562860784596,0.7298560620495644,0.7886004860892815,0.0,0.0,0.0,0.0,0.057,0.057,-3.272355237598531,-3.272355237598531
2016.0,317.0,1.5,0.0,0.0,0.0,0.0,0.0,0.0,0.0,0.0,0.0,0.0,0.0,0.0,0.0,0.0,4.278562860784596,0.7298560620495644,0.7886004860892815,0.0,0.0,0.0,0.0,0.057,0.057,-3.272355237598531,-3.272355237598531
2016.0,317.0,2.0,0.0,0.0,0.0,0.0,0.0,0.0,0.0,0.0,0.0,0.0,0.0,0.0,0.0,0.0,4.278562860784596,0.7298560620495644,0.7886004860892815,0.0,0.0,0.0,0.0,0.057,0.057,-3.272355237598531,-3.272355237598531
2016.0,317.0,2.5,0.0,0.0,0.0,0.0,0.0,0.0,0.0,0.0,0.0,0.0,0.0,0.0,0.0,0.0,4.278562860784596,0.7298560620495644,0.7886004860892815,0.0,0.0,0.0,0.0,0.057,0.057,-3.272355237598531,-3.272355237598531
2016.0,317.0,3.0,0.0,0.0,0.0,0.0,0.0,0.0,0.0,0.0,0.0,0.0,0.0,0.0,0.0,0.0,4.278562860784596,0.7298560620495644,0.7886004860892815,0.0,0.0,0.0,0.0,0.057,0.057,-3.272355237598531,-3.272355237598531
2016.0,317.0,3.5,0.0,0.0,0.0,0.0,0.0,0.0,0.0,0.0,0.0,0.0,0.0,0.0,0.0,0.0,4.278562860784596,0.7298560620495644,0.7886004860892815,0.0,0.0,0.0,0.0,0.057,0.057,-3.272355237598531,-3.272355237598531
2016.0,317.0,4.0,0.0,0.0,0.0,0.0,0.0,0.0,0.0,0.0,0.0,0.0,0.0,0.0,0.0,0.0,4.278562860784596,0.7298560620495644,0.7886004860892815,0.0,0.0,0.0,0.0,0.057,0.057,-3.272355237598531,-3.272355237598531
2016.0,317.0,4.5,0.0,0.0,0.0,0.0,0.0,0.0,0.0,0.0,0.0,0.0,0.0,0.0,0.0,0.0,4.278562860784596,0.7298560620495644,0.7886004860892815,0.0,0.0,0.0,0.0,0.057,0.057,-3.272355237598531,-3.272355237598531
2016.0,317.0,5.0,0.0,0.0,0.0,0.0,0.0,0.0,0.0,0.0,0.0,0.0,0.0,0.0,0.0,0.0,4.278562860784596,0.7298560620495644,0.7886004860892815,0.0,0.0,0.0,0.0,0.057,0.057,-3.272355237598531,-3.272355237598531
2016.0,317.0,5.5,0.0,0.0,0.0,0.0,0.0,0.0,0.0,0.0,0.0,0.0,0.0,0.0,0.0,0.0,4.278562860784596,0.7298560620495644,0.7886004860892815,0.0,0.0,0.0,0.0,0.057,0.057,-3.272355237598531,-3.272355237598531
2016.0,317.0,6.0,0.0,0.0,0.0,0.0,0.0,0.0,0.0,0.0,0.0,0.0,0.0,0.0,0.0,0.0,4.278562860784596,0.7298560620495644,0.7886004860892815,0.0,0.0,0.0,0.0,0.057,0.057,-3.272355237598531,-3.272355237598531
2016.0,317.0,6.5,0.0,0.0,0.0,0.0,0.0,0.0,0.0,0.0,0.0,0.0,0.0,0.0,0.0,0.0,4.278562860784596,0.7298560620495644,0.7886004860892815,0.0,0.0,0.0,0.0,0.057,0.057,-3.272355237598531,-3.272355237598531
2016,317,7.0,1.0327527690678338,1.2099754893530612,0.04727266553254723,0.24006602705062244,30.24378375876816,41.142628355144105,0.01198657195258175,0.061874863983213624,0.0,-3.337432522820925,21.87695169,21.880348650209108,False,False,4.278562860784596,0.6992960425331983,0.7886004860892815,0.0,0.0,0.0006024432778319157,0.0006024432778319157,0.057,0.057,-3.272355237598531,-3.272355237598531
2016,317,7.5,1.3203641668971802,1.5365886737966539,0.0571700386464133,0.2861921474168714,30.680980520858412,41.290121088198326,0.01582964297092821,0.08136074239758725,0.0,-3.337432522820925,22.15175343,22.14804553154237,False,False,4.278562860784596,0.6992960425331983,0.7886004860892815,0.0,0.0,0.0010513137921529417,0.0010513137921529417,0.057,0.057,-3.272355237598531,-3.272355237598531
2016,317,8.0,4.703111351483936,5.22312419515961,0.21627118228417253,0.6465356266924819,29.987998311174493,39.11668724505862,0.054470491352678986,0.17034706278546247,0.0,-3.4025098080433183,23.078062355351342,23.072708246701616,False,False,4.278562860784596,0.6865991168259372,0.7886004860892815,0.0,0.0,0.00465142795771478,0.00465142795771478,0.057,0.057,-3.272355237598531,-3.272355237598531
2016,317,8.5,6.51156986731678,0.0,0.27751215631704373,0.0,30.353044181356328,0.0,0.07496749905122449,0.0,0.0,0.0,17974.409065551627,0.0,False,0.0,4.278562860784596,0.6865991168259372,0.7886004860892815,0.0,0.0,0.00723629720257999,0.00723629720257999,0.057,0.057,-3.272355237598531,-3.272355237598531
2016,317,9.0,9.461766976009587,0.0,0.3858855609851776,0.0,30.380255990639718,0.0,0.09684462032905994,0.0,0.0,0.0,22664.229668391265,0.0,False,0.0,4.278562860784596,0.6865991168259372,0.7886004860892815,0.0,0.0,0.0179458458594369,0.0179458458594369,0.057,0.057,-3.272355237598531,-3.272355237598531
2016,317,9.5,16.41720896522753,0.0,0.9792762838897145,0.0,27.41596282992027,0.0,0.1496613758800805,0.0,0.0,0.0,27089.771058807357,0.0,False,0.0,4.278562860784596,0.6865991168259372,0.7886004860892815,0.0,0.0,0.03119351874429429,0.03119351874429429,0.057,0.057,-3.272355237598531,-3.272355237598531
2016,317,10.0,7.839604242522862,0.0,0.3165862000317093,0.0,38.12520422236274,0.0,0.05509070913022944,0.0,0.0,0.0,32260.363794024768,0.0,False,0.0,4.278562860784596,0.6865991168259372,0.7886004860892815,0.0,0.0,0.018895999197189088,0.018895999197189088,0.057,0.057,-3.272355237598531,-3.272355237598531
2016,317,10.5,8.334103462219755,0.0,0.42418008506423993,0.0,37.896319151874295,0.0,0.05561531183761992,0.0,0.0,0.0,37528.22684591637,0.0,False,0.0,4.278562860784596,0.6865991168259372,0.7886004860892815,0.0,0.0,0.023869077137171037,0.023869077137171037,0.057,0.057,-3.272355237598531,-3.272355237598531
2016,317,11.0,0.0,0.0,0.0,0.0,0.0,0.0,0.0,0.0,0.0,0.0,0.0,0.0,True,0.0,4.278562860784596,0.6865991168259372,0.7886004860892815,0.0,0.0,0.004349968728217889,0.004349968728217889,0.057,0.057,-3.272355237598531,-3.272355237598531
2016,317,11.5,0.0,7.902764667554688,0.0,4.758031364142857,0.0,37.92440624616506,0.0,0.48195598146140517,0.0,-3.89529521412289,0.0,36.46765643308574,True,False,4.045530868976135,0.567136115718271,0.6058300209503901,0.0,0.0,0.023364606652493288,0.023364606652493288,0.0565,0.0565,-3.471071168355371,-3.471071168355371
2016,317,12.0,0.0,0.0,0.0,0.0,0.0,0.0,0.0,0.0,0.0,0.0,0.0,0.0,True,0.0,4.045530868976135,0.567136115718271,0.6058300209503901,0.0,0.0,0.021252707417116823,0.021252707417116823,0.056,0.056,-3.6837841843144643,-3.6837841843144643
2016,317,12.5,0.0,3.8687562433708034,0.0,1.4890538624568217,0.0,34.11373562558909,0.0,0.027907015992188762,0.0,-3.9781583782619143,0.0,30.603932199089673,True,False,3.7876869319601627,0.5692762309933136,0.6058300209503901,0.0,0.0,0.002800047337495046,0.002800047337495046,0.056,0.056,-3.6837841843144643,-3.6837841843144643
2016,317,13.0,0.0,0.0,0.0,0.0,0.0,0.0,0.0,0.0,0.0,0.0,0.0,0.0,True,0.0,3.7876869319601627,0.5692762309933136,0.6058300209503901,0.0,0.0,0.010929302320238102,0.010929302320238102,0.056,0.056,-3.6837841843144643,-3.6837841843144643
2016,317,13.5,0.0,0.0,0.0,0.0,0.0,0.0,0.0,0.0,0.0,0.0,0.0,0.0,True,0.0,3.7876869319601627,0.5692762309933136,0.6058300209503901,0.0,0.0,0.003944086408904913,0.003944086408904913,0.056,0.056,-3.6837841843144643,-3.6837841843144643
2016,317,14.0,0.0,0.0,0.0,0.0,0.0,0.0,0.0,0.0,0.0,0.0,0.0,0.0,True,0.0,3.7876869319601627,0.5692762309933136,0.6058300209503901,0.0,0.0,0.006920212781703329,0.006920212781703329,0.056,0.056,-3.6837841843144643,-3.6837841843144643
2016,317,14.5,0.0,0.0,0.0,0.0,0.0,0.0,0.0,0.0,0.0,0.0,0.0,0.0,False,0.0,3.7876869319601627,0.5692762309933136,0.6058300209503901,0.0,0.0,0.01779305262105683,0.01779305262105683,0.056,0.056,-3.6837841843144643,-3.6837841843144643
2016,317,15.0,0.0,0.0,0.0,0.0,0.0,0.0,0.0,0.0,0.0,0.0,0.0,0.0,True,0.0,3.7876869319601627,0.5692762309933136,0.6058300209503901,0.0,0.0,0.003477984076736189,0.003477984076736189,0.0555,0.0555,-3.9116186486462903,-3.9116186486462903
2016,317,15.5,0.0,0.020286552373891098,0.0,0.08523162368891536,0.0,41.750040667850946,0.0,0.002349956862943827,0.0,-3.7034091305776276,0.0,36.15318007945612,False,False,3.7876869319601627,0.6261478372248485,0.6058300209503901,0.0,0.0,0.000149250138748242,0.000149250138748242,0.056,0.056,-3.6837841843144643,-3.6837841843144643
2016,317,16.0,0.0,0.0,0.0,0.0,0.0,0.0,0.0,0.0,0.0,0.0,0.0,0.0,False,0.0,3.505032567009848,0.5831369292627118,0.6058300209503901,0.0,0.0,0.0,0.0,0.0555,0.0555,-3.9116186486462903,-3.9116186486462903
2016,317,16.5,0.0,0.0,0.0,0.0,0.0,0.0,0.0,0.0,0.0,0.0,0.0,0.0,True,True,3.1986630838619625,0.5831369292627118,0.6058300209503901,0.0,0.0,0.0,0.0,0.055,0.055,-4.155800570083817,-4.155800570083817
2016.0,317.0,17.0,0.0,0.0,0.0,0.0,0.0,0.0,0.0,0.0,0.0,0.0,0.0,0.0,0.0,0.0,3.1986630838619625,0.5831369292627118,0.6058300209503901,0.0,0.0,0.0,0.0,0.055,0.055,-4.155800570083817,-4.155800570083817
2016.0,317.0,17.5,0.0,0.0,0.0,0.0,0.0,0.0,0.0,0.0,0.0,0.0,0.0,0.0,0.0,0.0,3.1986630838619625,0.5831369292627118,0.6058300209503901,0.0,0.0,0.0,0.0,0.055,0.055,-4.155800570083817,-4.155800570083817
2016.0,317.0,18.0,0.0,0.0,0.0,0.0,0.0,0.0,0.0,0.0,0.0,0.0,0.0,0.0,0.0,0.0,3.1986630838619625,0.5831369292627118,0.6058300209503901,0.0,0.0,0.0,0.0,0.055,0.055,-4.155800570083817,-4.155800570083817
2016.0,317.0,18.5,0.0,0.0,0.0,0.0,0.0,0.0,0.0,0.0,0.0,0.0,0.0,0.0,0.0,0.0,3.1986630838619625,0.5831369292627118,0.6058300209503901,0.0,0.0,0.0,0.0,0.055,0.055,-4.155800570083817,-4.155800570083817
2016.0,317.0,19.0,0.0,0.0,0.0,0.0,0.0,0.0,0.0,0.0,0.0,0.0,0.0,0.0,0.0,0.0,3.1986630838619625,0.5831369292627118,0.6058300209503901,0.0,0.0,0.0,0.0,0.055,0.055,-4.155800570083817,-4.155800570083817
2016.0,317.0,19.5,0.0,0.0,0.0,0.0,0.0,0.0,0.0,0.0,0.0,0.0,0.0,0.0,0.0,0.0,3.1986630838619625,0.5831369292627118,0.6058300209503901,0.0,0.0,0.0,0.0,0.055,0.055,-4.155800570083817,-4.155800570083817
2016.0,317.0,20.0,0.0,0.0,0.0,0.0,0.0,0.0,0.0,0.0,0.0,0.0,0.0,0.0,0.0,0.0,3.1986630838619625,0.5831369292627118,0.6058300209503901,0.0,0.0,0.0,0.0,0.055,0.055,-4.155800570083817,-4.155800570083817
2016.0,317.0,20.5,0.0,0.0,0.0,0.0,0.0,0.0,0.0,0.0,0.0,0.0,0.0,0.0,0.0,0.0,3.1986630838619625,0.5831369292627118,0.6058300209503901,0.0,0.0,0.0,0.0,0.055,0.055,-4.155800570083817,-4.155800570083817
2016.0,317.0,21.0,0.0,0.0,0.0,0.0,0.0,0.0,0.0,0.0,0.0,0.0,0.0,0.0,0.0,0.0,3.1986630838619625,0.5831369292627118,0.6058300209503901,0.0,0.0,0.0,0.0,0.055,0.055,-4.155800570083817,-4.155800570083817
2016.0,317.0,21.5,0.0,0.0,0.0,0.0,0.0,0.0,0.0,0.0,0.0,0.0,0.0,0.0,0.0,0.0,3.1986630838619625,0.5831369292627118,0.6058300209503901,0.0,0.0,0.0,0.0,0.055,0.055,-4.155800570083817,-4.155800570083817
2016.0,317.0,22.0,0.0,0.0,0.0,0.0,0.0,0.0,0.0,0.0,0.0,0.0,0.0,0.0,0.0,0.0,3.1986630838619625,0.5831369292627118,0.6058300209503901,0.0,0.0,0.0,0.0,0.055,0.055,-4.155800570083817,-4.155800570083817
2016.0,317.0,22.5,0.0,0.0,0.0,0.0,0.0,0.0,0.0,0.0,0.0,0.0,0.0,0.0,0.0,0.0,3.1986630838619625,0.5831369292627118,0.6058300209503901,0.0,0.0,0.0,0.0,0.055,0.055,-4.155800570083817,-4.155800570083817
2016.0,317.0,23.0,0.0,0.0,0.0,0.0,0.0,0.0,0.0,0.0,0.0,0.0,0.0,0.0,0.0,0.0,3.1986630838619625,0.5831369292627118,0.6058300209503901,0.0,0.0,0.0,0.0,0.055,0.055,-4.155800570083817,-4.155800570083817
2016.0,317.0,23.5,0.0,0.0,0.0,0.0,0.0,0.0,0.0,0.0,0.0,0.0,0.0,0.0,0.0,0.0,3.1986630838619625,0.5831369292627118,0.6058300209503901,0.0,0.0,0.0,0.0,0.055,0.055,-4.155800570083817,-4.155800570083817
2016.0,318.0,0.0,0.0,0.0,0.0,0.0,0.0,0.0,0.0,0.0,0.0,0.0,0.0,0.0,0.0,0.0,3.1986630838619625,0.5831369292627118,0.6058300209503901,0.0,0.0,0.0,0.0,0.055,0.055,-4.155800570083817,-4.155800570083817
2016.0,318.0,0.5,0.0,0.0,0.0,0.0,0.0,0.0,0.0,0.0,0.0,0.0,0.0,0.0,0.0,0.0,3.1986630838619625,0.5831369292627118,0.6058300209503901,0.0,0.0,0.0,0.0,0.055,0.055,-4.155800570083817,-4.155800570083817
2016.0,318.0,1.0,0.0,0.0,0.0,0.0,0.0,0.0,0.0,0.0,0.0,0.0,0.0,0.0,0.0,0.0,3.1986630838619625,0.5831369292627118,0.6058300209503901,0.0,0.0,0.0,0.0,0.055,0.055,-4.155800570083817,-4.155800570083817
2016.0,318.0,1.5,0.0,0.0,0.0,0.0,0.0,0.0,0.0,0.0,0.0,0.0,0.0,0.0,0.0,0.0,3.1986630838619625,0.5831369292627118,0.6058300209503901,0.0,0.0,0.0,0.0,0.055,0.055,-4.155800570083817,-4.155800570083817
2016.0,318.0,2.0,0.0,0.0,0.0,0.0,0.0,0.0,0.0,0.0,0.0,0.0,0.0,0.0,0.0,0.0,3.1986630838619625,0.5831369292627118,0.6058300209503901,0.0,0.0,0.0,0.0,0.055,0.055,-4.155800570083817,-4.155800570083817
2016.0,318.0,2.5,0.0,0.0,0.0,0.0,0.0,0.0,0.0,0.0,0.0,0.0,0.0,0.0,0.0,0.0,3.1986630838619625,0.5831369292627118,0.6058300209503901,0.0,0.0,0.0,0.0,0.055,0.055,-4.155800570083817,-4.155800570083817
2016.0,318.0,3.0,0.0,0.0,0.0,0.0,0.0,0.0,0.0,0.0,0.0,0.0,0.0,0.0,0.0,0.0,3.1986630838619625,0.5831369292627118,0.6058300209503901,0.0,0.0,0.0,0.0,0.055,0.055,-4.155800570083817,-4.155800570083817
2016.0,318.0,3.5,0.0,0.0,0.0,0.0,0.0,0.0,0.0,0.0,0.0,0.0,0.0,0.0,0.0,0.0,3.1986630838619625,0.5831369292627118,0.6058300209503901,0.0,0.0,0.0,0.0,0.055,0.055,-4.155800570083817,-4.155800570083817
2016.0,318.0,4.0,0.0,0.0,0.0,0.0,0.0,0.0,0.0,0.0,0.0,0.0,0.0,0.0,0.0,0.0,3.1986630838619625,0.5831369292627118,0.6058300209503901,0.0,0.0,0.0,0.0,0.055,0.055,-4.155800570083817,-4.155800570083817
2016.0,318.0,4.5,0.0,0.0,0.0,0.0,0.0,0.0,0.0,0.0,0.0,0.0,0.0,0.0,0.0,0.0,3.1986630838619625,0.5831369292627118,0.6058300209503901,0.0,0.0,0.0,0.0,0.055,0.055,-4.155800570083817,-4.155800570083817
2016.0,318.0,5.0,0.0,0.0,0.0,0.0,0.0,0.0,0.0,0.0,0.0,0.0,0.0,0.0,0.0,0.0,3.1986630838619625,0.5831369292627118,0.6058300209503901,0.0,0.0,0.0,0.0,0.055,0.055,-4.155800570083817,-4.155800570083817
2016,318,5.5,0.0,0.0,0.0,0.0,0.0,0.0,0.0,0.0,0.0,0.0,0.0,0.0,True,True,3.1986630838619625,0.5831369292627118,0.6058300209503901,0.0,0.0,0.0,0.0,0.055,0.055,-4.155800570083817,-4.155800570083817
2016,318,6.0,4.25509029889989,0.0,0.17392029425716926,0.0,34.112243061705755,0.0,0.0350616893879416,0.0,0.0,0.0,5819.997816033492,0.0,False,0.0,3.1986630838619625,0.5831369292627118,0.6058300209503901,0.0,0.0,0.00210146787011661,0.00210146787011661,0.055,0.055,-4.155800570083817,-4.155800570083817
2016,318,6.5,8.100558848173035,0.0,0.3970742590241064,0.0,22.861837095476034,0.0,0.06253615730932678,0.0,0.0,0.0,7850.8053730810125,0.0,False,0.0,3.1986630838619625,0.5831369292627118,0.6058300209503901,0.0,0.0,0.0041295433551088705,0.0041295433551088705,0.055,0.055,-4.155800570083817,-4.155800570083817
2016,318,7.0,10.446400966152405,0.0,0.6609250187376153,0.0,20.95157394916194,0.0,0.07409040926953861,0.0,0.0,0.0,10191.328888577633,0.0,False,0.0,3.1986630838619625,0.5831369292627118,0.6058300209503901,0.0,0.0,0.0057530730162578024,0.0057530730162578024,0.055,0.055,-4.155800570083817,-4.155800570083817
2016,318,7.5,7.143787593035324,0.0,0.578309018784759,0.0,19.343097796733456,0.0,0.0469765214598279,0.0,0.0,0.0,13955.334102646973,0.0,False,0.0,3.1986630838619625,0.5831369292627118,0.6058300209503901,0.0,0.0,0.004840555260928629,0.004840555260928629,0.055,0.055,-4.155800570083817,-4.155800570083817
2016,318,8.0,4.19075141684394,11.319619110849576,0.36928457797480524,2.6854884052309163,18.872271746594212,34.3913496392416,0.02671787309606096,0.09969920591348325,0.0,-4.414595639475788,17765.72114407293,26.0468359,False,False,3.1986630838619625,0.46762649301856557,0.48902359145341134,0.0,0.0,0.0036427680058221342,0.0036427680058221342,0.055,0.055,-4.155800570083817,-4.155800570083817
2016,318,8.5,6.489465625640889,0.0,0.6109442390098407,0.0,18.40724483299225,0.0,0.03860224055675449,0.0,0.0,0.0,22503.973740511672,0.0,False,0.0,3.1986630838619625,0.46762649301856557,0.48902359145341134,0.0,0.0,0.005934401970539288,0.005934401970539288,0.055,0.055,-4.155800570083817,-4.155800570083817
2016,318,9.0,4.959985071269434,0.0,0.3329597950388815,0.0,19.748764492312436,0.0,0.025508774427726793,0.0,0.0,0.0,28071.0518952382,0.0,True,0.0,3.1986630838619625,0.46762649301856557,0.48902359145341134,0.0,0.0,0.011276322542963112,0.011276322542963112,0.0545,0.0545,-4.417667835177966,-4.417667835177966
2016,318,9.5,0.0,0.0,0.0,0.0,0.0,0.0,0.0,0.0,0.0,0.0,0.0,0.0,False,0.0,3.1986630838619625,0.46762649301856557,0.48902359145341134,0.0,0.0,0.012393752665224553,0.012393752665224553,0.054,0.054,-4.698681577596776,-4.698681577596776
2016,318,10.0,0.0,0.0,0.0,0.0,0.0,0.0,0.0,0.0,0.0,0.0,0.0,0.0,True,0.0,3.1986630838619625,0.46762649301856557,0.48902359145341134,0.0,0.0,0.0069747553979200485,0.0069747553979200485,0.054,0.054,-4.698681577596776,-4.698681577596776
2016,318,10.5,0.0,0.0,0.0,0.0,0.0,0.0,0.0,0.0,0.0,0.0,0.0,0.0,True,0.0,3.1986630838619625,0.46762649301856557,0.48902359145341134,0.0,0.0,0.005982620376987054,0.005982620376987054,0.054,0.054,-4.698681577596776,-4.698681577596776
2016,318,11.0,0.0,0.0,0.0,0.0,0.0,0.0,0.0,0.0,0.0,0.0,0.0,0.0,True,0.0,3.1986630838619625,0.46762649301856557,0.48902359145341134,0.0,0.0,0.0005876956047306701,0.0005876956047306701,0.054,0.054,-4.698681577596776,-4.698681577596776
2016,318,11.5,0.0,0.0,0.0,0.0,0.0,0.0,0.0,0.0,0.0,0.0,0.0,0.0,True,0.0,3.1986630838619625,0.46762649301856557,0.48902359145341134,0.0,0.0,0.005534978416424893,0.005534978416424893,0.054,0.054,-4.698681577596776,-4.698681577596776
2016,318,12.0,0.0,0.0,0.0,0.0,0.0,0.0,0.0,0.0,0.0,0.0,0.0,0.0,True,0.0,3.1986630838619625,0.46762649301856557,0.48902359145341134,0.0,0.0,0.00041174811047194943,0.00041174811047194943,0.054,0.054,-4.698681577596776,-4.698681577596776
2016,318,12.5,0.0,0.0,0.0,0.0,0.0,0.0,0.0,0.0,0.0,0.0,0.0,0.0,True,0.0,3.1986630838619625,0.46762649301856557,0.48902359145341134,0.0,0.0,0.0005516150751630934,0.0005516150751630934,0.054,0.054,-4.698681577596776,-4.698681577596776
2016,318,13.0,0.0,0.0,0.0,0.0,0.0,0.0,0.0,0.0,0.0,0.0,0.0,0.0,True,0.0,3.1986630838619625,0.46762649301856557,0.48902359145341134,0.0,0.0,0.0015474353931512262,0.0015474353931512262,0.053,0.053,-5.3246865658933755,-5.3246865658933755
2016,318,13.5,0.0,0.0,0.0,0.0,0.0,0.0,0.0,0.0,0.0,0.0,0.0,0.0,True,0.0,3.1986630838619625,0.46762649301856557,0.48902359145341134,0.0,0.0,0.0,0.0,0.053,0.053,-5.3246865658933755,-5.3246865658933755
2016,318,14.0,0.0,0.0,0.0,0.0,0.0,0.0,0.0,0.0,0.0,0.0,0.0,0.0,False,0.0,3.1986630838619625,0.46762649301856557,0.48902359145341134,0.0,0.0,0.0,0.0,0.053,0.053,-5.3246865658933755,-5.3246865658933755
2016,318,14.5,0.0,0.0,0.0,0.0,0.0,0.0,0.0,0.0,0.0,0.0,0.0,0.0,True,0.0,3.1986630838619625,0.46762649301856557,0.48902359145341134,0.0,0.0,0.0,0.0,0.053,0.053,-5.3246865658933755,-5.3246865658933755
2016,318,15.0,0.0,0.0,0.0,0.0,0.0,0.0,0.0,0.0,0.0,0.0,0.0,0.0,True,0.0,3.1986630838619625,0.46762649301856557,0.48902359145341134,0.0,0.0,0.0,0.0,0.053,0.053,-5.3246865658933755,-5.3246865658933755
2016,318,15.5,0.0,0.3637070119702486,0.0,0.42483809196020256,0.0,40.44708896187563,0.0,0.015883863769838125,0.0,-5.540891473285442,0.0,29.21461984748537,False,False,1.814484606410297,0.2651039680643587,0.48902359145341134,0.0,0.0,0.0,0.0,0.053,0.053,-5.3246865658933755,-5.3246865658933755
2016,318,16.0,0.0,0.0,0.0,0.0,0.0,0.0,0.0,0.0,0.0,0.0,0.0,0.0,True,True,1.814484606410297,0.2651039680643587,0.48902359145341134,0.0,0.0,0.0,0.0,0.053,0.053,-5.3246865658933755,-5.3246865658933755
2016,318,16.5,0.0,0.0,0.0,0.0,0.0,0.0,0.0,0.0,0.0,0.0,0.0,0.0,True,True,1.814484606410297,0.2651039680643587,0.48902359145341134,0.0,0.0,0.0,0.0,0.053,0.053,-5.3246865658933755,-5.3246865658933755
2016.0,318.0,17.0,0.0,0.0,0.0,0.0,0.0,0.0,0.0,0.0,0.0,0.0,0.0,0.0,0.0,0.0,1.814484606410297,0.2651039680643587,0.48902359145341134,0.0,0.0,0.0,0.0,0.053,0.053,-5.3246865658933755,-5.3246865658933755
2016.0,318.0,17.5,0.0,0.0,0.0,0.0,0.0,0.0,0.0,0.0,0.0,0.0,0.0,0.0,0.0,0.0,1.814484606410297,0.2651039680643587,0.48902359145341134,0.0,0.0,0.0,0.0,0.0525,0.0525,-5.67333745760483,-5.67333745760483
2016.0,318.0,18.0,0.0,0.0,0.0,0.0,0.0,0.0,0.0,0.0,0.0,0.0,0.0,0.0,0.0,0.0,1.814484606410297,0.2651039680643587,0.48902359145341134,0.0,0.0,0.0,0.0,0.052,0.052,-6.048487305117891,-6.048487305117891
2016.0,318.0,18.5,0.0,0.0,0.0,0.0,0.0,0.0,0.0,0.0,0.0,0.0,0.0,0.0,0.0,0.0,1.814484606410297,0.2651039680643587,0.48902359145341134,0.0,0.0,0.0,0.0,0.052,0.052,-6.048487305117891,-6.048487305117891
2016.0,318.0,19.0,0.0,0.0,0.0,0.0,0.0,0.0,0.0,0.0,0.0,0.0,0.0,0.0,0.0,0.0,1.814484606410297,0.2651039680643587,0.48902359145341134,0.0,0.0,0.0,0.0,0.052,0.052,-6.048487305117891,-6.048487305117891
2016.0,318.0,19.5,0.0,0.0,0.0,0.0,0.0,0.0,0.0,0.0,0.0,0.0,0.0,0.0,0.0,0.0,1.814484606410297,0.2651039680643587,0.48902359145341134,0.0,0.0,0.0,0.0,0.052,0.052,-6.048487305117891,-6.048487305117891
2016.0,318.0,20.0,0.0,0.0,0.0,0.0,0.0,0.0,0.0,0.0,0.0,0.0,0.0,0.0,0.0,0.0,1.814484606410297,0.2651039680643587,0.48902359145341134,0.0,0.0,0.0,0.0,0.052,0.052,-6.048487305117891,-6.048487305117891
2016.0,318.0,20.5,0.0,0.0,0.0,0.0,0.0,0.0,0.0,0.0,0.0,0.0,0.0,0.0,0.0,0.0,1.814484606410297,0.2651039680643587,0.48902359145341134,0.0,0.0,0.0,0.0,0.052,0.052,-6.048487305117891,-6.048487305117891
2016.0,318.0,21.0,0.0,0.0,0.0,0.0,0.0,0.0,0.0,0.0,0.0,0.0,0.0,0.0,0.0,0.0,1.814484606410297,0.2651039680643587,0.48902359145341134,0.0,0.0,0.0,0.0,0.052,0.052,-6.048487305117891,-6.048487305117891
2016.0,318.0,21.5,0.0,0.0,0.0,0.0,0.0,0.0,0.0,0.0,0.0,0.0,0.0,0.0,0.0,0.0,1.814484606410297,0.2651039680643587,0.48902359145341134,0.0,0.0,0.0,0.0,0.052,0.052,-6.048487305117891,-6.048487305117891
2016.0,318.0,22.0,0.0,0.0,0.0,0.0,0.0,0.0,0.0,0.0,0.0,0.0,0.0,0.0,0.0,0.0,1.814484606410297,0.2651039680643587,0.48902359145341134,0.0,0.0,0.0,0.0,0.052,0.052,-6.048487305117891,-6.048487305117891
2016.0,318.0,22.5,0.0,0.0,0.0,0.0,0.0,0.0,0.0,0.0,0.0,0.0,0.0,0.0,0.0,0.0,1.814484606410297,0.2651039680643587,0.48902359145341134,0.0,0.0,0.0,0.0,0.052,0.052,-6.048487305117891,-6.048487305117891
2016.0,318.0,23.0,0.0,0.0,0.0,0.0,0.0,0.0,0.0,0.0,0.0,0.0,0.0,0.0,0.0,0.0,1.814484606410297,0.2651039680643587,0.48902359145341134,0.0,0.0,0.0,0.0,0.052,0.052,-6.048487305117891,-6.048487305117891
2016.0,318.0,23.5,0.0,0.0,0.0,0.0,0.0,0.0,0.0,0.0,0.0,0.0,0.0,0.0,0.0,0.0,1.814484606410297,0.2651039680643587,0.48902359145341134,0.0,0.0,0.0,0.0,0.052,0.052,-6.048487305117891,-6.048487305117891
2016.0,319.0,0.0,0.0,0.0,0.0,0.0,0.0,0.0,0.0,0.0,0.0,0.0,0.0,0.0,0.0,0.0,1.814484606410297,0.2651039680643587,0.48902359145341134,0.0,0.0,0.0,0.0,0.052,0.052,-6.048487305117891,-6.048487305117891
2016.0,319.0,0.5,0.0,0.0,0.0,0.0,0.0,0.0,0.0,0.0,0.0,0.0,0.0,0.0,0.0,0.0,1.814484606410297,0.2651039680643587,0.48902359145341134,0.0,0.0,0.0,0.0,0.052,0.052,-6.048487305117891,-6.048487305117891
2016.0,319.0,1.0,0.0,0.0,0.0,0.0,0.0,0.0,0.0,0.0,0.0,0.0,0.0,0.0,0.0,0.0,1.814484606410297,0.2651039680643587,0.48902359145341134,0.0,0.0,0.0,0.0,0.052,0.052,-6.048487305117891,-6.048487305117891
2016.0,319.0,1.5,0.0,0.0,0.0,0.0,0.0,0.0,0.0,0.0,0.0,0.0,0.0,0.0,0.0,0.0,1.814484606410297,0.2651039680643587,0.48902359145341134,0.0,0.0,0.0,0.0,0.052,0.052,-6.048487305117891,-6.048487305117891
2016.0,319.0,2.0,0.0,0.0,0.0,0.0,0.0,0.0,0.0,0.0,0.0,0.0,0.0,0.0,0.0,0.0,1.814484606410297,0.2651039680643587,0.48902359145341134,0.0,0.0,0.0,0.0,0.052,0.052,-6.048487305117891,-6.048487305117891
2016.0,319.0,2.5,0.0,0.0,0.0,0.0,0.0,0.0,0.0,0.0,0.0,0.0,0.0,0.0,0.0,0.0,1.814484606410297,0.2651039680643587,0.48902359145341134,0.0,0.0,0.0,0.0,0.052,0.052,-6.048487305117891,-6.048487305117891
2016.0,319.0,3.0,0.0,0.0,0.0,0.0,0.0,0.0,0.0,0.0,0.0,0.0,0.0,0.0,0.0,0.0,1.814484606410297,0.2651039680643587,0.48902359145341134,0.0,0.0,0.0,0.0,0.052,0.052,-6.048487305117891,-6.048487305117891
2016.0,319.0,3.5,0.0,0.0,0.0,0.0,0.0,0.0,0.0,0.0,0.0,0.0,0.0,0.0,0.0,0.0,1.814484606410297,0.2651039680643587,0.48902359145341134,0.0,0.0,0.0,0.0,0.052,0.052,-6.048487305117891,-6.048487305117891
2016.0,319.0,4.0,0.0,0.0,0.0,0.0,0.0,0.0,0.0,0.0,0.0,0.0,0.0,0.0,0.0,0.0,1.814484606410297,0.2651039680643587,0.48902359145341134,0.0,0.0,0.0,0.0,0.052,0.052,-6.048487305117891,-6.048487305117891
2016.0,319.0,4.5,0.0,0.0,0.0,0.0,0.0,0.0,0.0,0.0,0.0,0.0,0.0,0.0,0.0,0.0,1.814484606410297,0.2651039680643587,0.48902359145341134,0.0,0.0,0.0,0.0,0.052,0.052,-6.048487305117891,-6.048487305117891
2016.0,319.0,5.0,0.0,0.0,0.0,0.0,0.0,0.0,0.0,0.0,0.0,0.0,0.0,0.0,0.0,0.0,1.814484606410297,0.2651039680643587,0.48902359145341134,0.0,0.0,0.0,0.0,0.052,0.052,-6.048487305117891,-6.048487305117891
2016,319,5.5,0.0,0.0,0.0,0.0,0.0,0.0,0.0,0.0,0.0,0.0,0.0,0.0,True,True,1.1365260456957729,0.2651039680643587,0.48902359145341134,0.0,0.0,0.0,0.0,0.052,0.052,-6.048487305117891,-6.048487305117891
2016,319,6.0,0.0,0.0,0.0,0.0,0.0,0.0,0.0,0.0,0.0,0.0,0.0,0.0,True,True,1.1365260456957729,0.2651039680643587,0.48902359145341134,0.0,0.0,0.0,0.0,0.052,0.052,-6.048487305117891,-6.048487305117891
2016,319,6.5,0.8362929412196917,1.5969646507475108,0.03344532874377124,0.13062733182605257,12.314062240425475,28.77889952774429,0.0042052693840620905,0.016507520971740228,0.0,-6.226553673298895,20.36236191,20.3634429553504,False,False,1.1365260456957729,0.16606275365802942,0.48902359145341134,0.0,0.0,0.0,0.0,0.052,0.052,-6.048487305117891,-6.048487305117891
2016,319,7.0,5.4788956947604595,0.0,0.2824901610911657,0.0,10.980291882638605,0.0,0.02667581037617795,0.0,0.0,0.0,10373.655602866975,0.0,False,0.0,1.1365260456957729,0.16606275365802942,0.48902359145341134,0.0,0.0,0.0,0.0,0.052,0.052,-6.048487305117891,-6.048487305117891
2016,319,7.5,1.8720693936137165,0.0,0.10490229190821207,0.0,10.654521226843018,0.0,0.00897012547055889,0.0,0.0,0.0,12154.053292174722,0.0,False,0.0,1.1365260456957729,0.16606275365802942,0.48902359145341134,0.0,0.0,0.0,0.0,0.052,0.052,-6.048487305117891,-6.048487305117891
2016,319,8.0,2.4462614173142807,0.0,0.16553689749483663,0.0,9.831746309276612,0.0,0.01139840922416877,0.0,0.0,0.0,16473.146874714894,0.0,False,0.0,1.1365260456957729,0.16606275365802942,0.48902359145341134,0.0,0.0,0.0,0.0,0.052,0.052,-6.048487305117891,-6.048487305117891
2016,319,8.5,3.0842375710587757,0.0,0.18541717047205913,0.0,10.710628402248615,0.0,0.01381919119346676,0.0,0.0,0.0,19806.943663971975,0.0,False,0.0,1.1365260456957729,0.16606275365802942,0.48902359145341134,0.0,0.0,0.0,0.0,0.052,0.052,-6.048487305117891,-6.048487305117891
2016,319,9.0,0.0,0.0,0.0,0.0,0.0,0.0,0.0,0.0,0.0,0.0,0.0,0.0,True,0.0,1.1365260456957729,0.16606275365802942,0.48902359145341134,0.0,0.0,0.0,0.0,0.052,0.052,-6.048487305117891,-6.048487305117891
2016,319,9.5,0.0,0.0,0.0,0.0,0.0,0.0,0.0,0.0,0.0,0.0,0.0,0.0,False,0.0,1.1365260456957729,0.16606275365802942,0.48902359145341134,0.0,0.0,0.0,0.0,0.052,0.052,-6.048487305117891,-6.048487305117891
2016,319,10.0,0.0,0.0,0.0,0.0,0.0,0.0,0.0,0.0,0.0,0.0,0.0,0.0,False,0.0,1.1365260456957729,0.16606275365802942,0.48902359145341134,0.0,0.0,0.0,0.0,0.052,0.052,-6.048487305117891,-6.048487305117891
2016,319,10.5,0.0,0.0,0.0,0.0,0.0,0.0,0.0,0.0,0.0,0.0,0.0,0.0,True,0.0,1.1365260456957729,0.16606275365802942,0.48902359145341134,0.0,0.0,0.0,0.0,0.0515,0.0515,-6.452434612407716,-6.452434612407716
2016,319,11.0,0.0,0.0,0.0,0.0,0.0,0.0,0.0,0.0,0.0,0.0,0.0,0.0,True,0.0,1.1365260456957729,0.16606275365802942,0.48902359145341134,0.0,0.0,0.0,0.0,0.051,0.051,-6.8877024241280935,-6.8877024241280935
2016,319,11.5,0.0,0.0,0.0,0.0,0.0,0.0,0.0,0.0,0.0,0.0,0.0,0.0,True,0.0,1.1365260456957729,0.16606275365802942,0.48902359145341134,0.0,0.0,0.0,0.0,0.051,0.051,-6.8877024241280935,-6.8877024241280935
2016,319,12.0,0.0,0.0,0.0,0.0,0.0,0.0,0.0,0.0,0.0,0.0,0.0,0.0,True,0.0,1.1365260456957729,0.16606275365802942,0.48902359145341134,0.0,0.0,0.0,0.0,0.051,0.051,-6.8877024241280935,-6.8877024241280935
2016,319,12.5,0.0,0.0,0.0,0.0,0.0,0.0,0.0,0.0,0.0,0.0,0.0,0.0,True,0.0,1.1365260456957729,0.16606275365802942,0.48902359145341134,0.0,0.0,0.0,0.0,0.051,0.051,-6.8877024241280935,-6.8877024241280935
2016,319,13.0,0.0,0.0,0.0,0.0,0.0,0.0,0.0,0.0,0.0,0.0,0.0,0.0,True,0.0,1.1365260456957729,0.16606275365802942,0.48902359145341134,0.0,0.0,0.0,0.0,0.051,0.051,-6.8877024241280935,-6.8877024241280935
2016,319,13.5,0.0,0.0,0.0,0.0,0.0,0.0,0.0,0.0,0.0,0.0,0.0,0.0,False,0.0,0.584232973397601,0.09719961671333122,0.48902359145341134,0.0,0.0,0.0,0.0,0.051,0.051,-6.8877024241280935,-6.8877024241280935
2016,319,14.0,0.0,0.0,0.0,0.0,0.0,0.0,0.0,0.0,0.0,0.0,0.0,0.0,True,0.0,0.584232973397601,0.09719961671333122,0.48902359145341134,0.0,0.0,0.0,0.0,0.051,0.051,-6.8877024241280935,-6.8877024241280935
2016,319,14.5,0.0,0.0,0.0,0.0,0.0,0.0,0.0,0.0,0.0,0.0,0.0,0.0,False,0.0,0.584232973397601,0.09719961671333122,0.48902359145341134,0.0,0.0,0.0,0.0,0.051,0.051,-6.8877024241280935,-6.8877024241280935
2016,319,15.0,0.07854304364850662,1.9826926774239395,0.0035479686555429414,0.13585285604566877,8.20880443573114,17.386335736250068,0.0003435196492932882,0.012835669354364483,0.0,-7.085094282053365,24.31589683879352,23.82844501273891,False,False,0.584232973397601,0.08145027387336547,0.48902359145341134,0.0,0.0,0.0,0.0,0.051,0.051,-6.8877024241280935,-6.8877024241280935
2016.0,319.0,15.5,0.0,0.0,0.0,0.0,0.0,0.0,0.0,0.0,0.0,0.0,0.0,0.0,0.0,0.0,0.584232973397601,0.08145027387336547,0.48902359145341134,0.0,0.0,0.0,0.0,0.05,0.05,-7.863564046704504,-7.863564046704504
2016.0,319.0,16.0,0.0,0.0,0.0,0.0,0.0,0.0,0.0,0.0,0.0,0.0,0.0,0.0,0.0,0.0,0.584232973397601,0.08145027387336547,0.48902359145341134,0.0,0.0,0.0,0.0,0.05,0.05,-7.863564046704504,-7.863564046704504
2016.0,319.0,16.5,0.0,0.0,0.0,0.0,0.0,0.0,0.0,0.0,0.0,0.0,0.0,0.0,0.0,0.0,0.584232973397601,0.08145027387336547,0.48902359145341134,0.0,0.0,0.0,0.0,0.05,0.05,-7.863564046704504,-7.863564046704504
2016.0,319.0,17.0,0.0,0.0,0.0,0.0,0.0,0.0,0.0,0.0,0.0,0.0,0.0,0.0,0.0,0.0,0.584232973397601,0.08145027387336547,0.48902359145341134,0.0,0.0,0.0,0.0,0.05,0.05,-7.863564046704504,-7.863564046704504
2016.0,319.0,17.5,0.0,0.0,0.0,0.0,0.0,0.0,0.0,0.0,0.0,0.0,0.0,0.0,0.0,0.0,0.584232973397601,0.08145027387336547,0.48902359145341134,0.0,0.0,0.0,0.0,0.05,0.05,-7.863564046704504,-7.863564046704504
2016.0,319.0,18.0,0.0,0.0,0.0,0.0,0.0,0.0,0.0,0.0,0.0,0.0,0.0,0.0,0.0,0.0,0.584232973397601,0.08145027387336547,0.48902359145341134,0.0,0.0,0.0,0.0,0.05,0.05,-7.863564046704504,-7.863564046704504
2016.0,319.0,18.5,0.0,0.0,0.0,0.0,0.0,0.0,0.0,0.0,0.0,0.0,0.0,0.0,0.0,0.0,0.584232973397601,0.08145027387336547,0.48902359145341134,0.0,0.0,0.0,0.0,0.05,0.05,-7.863564046704504,-7.863564046704504
2016.0,319.0,19.0,0.0,0.0,0.0,0.0,0.0,0.0,0.0,0.0,0.0,0.0,0.0,0.0,0.0,0.0,0.584232973397601,0.08145027387336547,0.48902359145341134,0.0,0.0,0.0,0.0,0.05,0.05,-7.863564046704504,-7.863564046704504
2016.0,319.0,19.5,0.0,0.0,0.0,0.0,0.0,0.0,0.0,0.0,0.0,0.0,0.0,0.0,0.0,0.0,0.584232973397601,0.08145027387336547,0.48902359145341134,0.0,0.0,0.0,0.0,0.05,0.05,-7.863564046704504,-7.863564046704504
2016.0,319.0,20.0,0.0,0.0,0.0,0.0,0.0,0.0,0.0,0.0,0.0,0.0,0.0,0.0,0.0,0.0,0.584232973397601,0.08145027387336547,0.48902359145341134,0.0,0.0,0.0,0.0,0.05,0.05,-7.863564046704504,-7.863564046704504
2016.0,319.0,20.5,0.0,0.0,0.0,0.0,0.0,0.0,0.0,0.0,0.0,0.0,0.0,0.0,0.0,0.0,0.584232973397601,0.08145027387336547,0.48902359145341134,0.0,0.0,0.0,0.0,0.05,0.05,-7.863564046704504,-7.863564046704504
2016.0,319.0,21.0,0.0,0.0,0.0,0.0,0.0,0.0,0.0,0.0,0.0,0.0,0.0,0.0,0.0,0.0,0.584232973397601,0.08145027387336547,0.48902359145341134,0.0,0.0,0.0,0.0,0.05,0.05,-7.863564046704504,-7.863564046704504
2016.0,319.0,21.5,0.0,0.0,0.0,0.0,0.0,0.0,0.0,0.0,0.0,0.0,0.0,0.0,0.0,0.0,0.584232973397601,0.08145027387336547,0.48902359145341134,0.0,0.0,0.0,0.0,0.05,0.05,-7.863564046704504,-7.863564046704504
2016.0,319.0,22.0,0.0,0.0,0.0,0.0,0.0,0.0,0.0,0.0,0.0,0.0,0.0,0.0,0.0,0.0,0.584232973397601,0.08145027387336547,0.48902359145341134,0.0,0.0,0.0,0.0,0.05,0.05,-7.863564046704504,-7.863564046704504
2016.0,319.0,22.5,0.0,0.0,0.0,0.0,0.0,0.0,0.0,0.0,0.0,0.0,0.0,0.0,0.0,0.0,0.584232973397601,0.08145027387336547,0.48902359145341134,0.0,0.0,0.0,0.0,0.05,0.05,-7.863564046704504,-7.863564046704504
2016.0,319.0,23.0,0.0,0.0,0.0,0.0,0.0,0.0,0.0,0.0,0.0,0.0,0.0,0.0,0.0,0.0,0.584232973397601,0.08145027387336547,0.48902359145341134,0.0,0.0,0.0,0.0,0.05,0.05,-7.863564046704504,-7.863564046704504
2016.0,319.0,23.5,0.0,0.0,0.0,0.0,0.0,0.0,0.0,0.0,0.0,0.0,0.0,0.0,0.0,0.0,0.584232973397601,0.08145027387336547,0.48902359145341134,0.0,0.0,0.0,0.0,0.05,0.05,-7.863564046704504,-7.863564046704504
2016.0,320.0,0.0,0.0,0.0,0.0,0.0,0.0,0.0,0.0,0.0,0.0,0.0,0.0,0.0,0.0,0.0,0.584232973397601,0.08145027387336547,0.48902359145341134,0.0,0.0,0.0,0.0,0.05,0.05,-7.863564046704504,-7.863564046704504
2016.0,320.0,0.5,0.0,0.0,0.0,0.0,0.0,0.0,0.0,0.0,0.0,0.0,0.0,0.0,0.0,0.0,0.584232973397601,0.08145027387336547,0.48902359145341134,0.0,0.0,0.0,0.0,0.05,0.05,-7.863564046704504,-7.863564046704504
2016.0,320.0,1.0,0.0,0.0,0.0,0.0,0.0,0.0,0.0,0.0,0.0,0.0,0.0,0.0,0.0,0.0,0.584232973397601,0.08145027387336547,0.48902359145341134,0.0,0.0,0.0,0.0,0.05,0.05,-7.863564046704504,-7.863564046704504
2016.0,320.0,1.5,0.0,0.0,0.0,0.0,0.0,0.0,0.0,0.0,0.0,0.0,0.0,0.0,0.0,0.0,0.584232973397601,0.08145027387336547,0.48902359145341134,0.0,0.0,0.0,0.0,0.05,0.05,-7.863564046704504,-7.863564046704504
2016.0,320.0,2.0,0.0,0.0,0.0,0.0,0.0,0.0,0.0,0.0,0.0,0.0,0.0,0.0,0.0,0.0,0.584232973397601,0.08145027387336547,0.48902359145341134,0.0,0.0,0.0,0.0,0.05,0.05,-7.863564046704504,-7.863564046704504
2016.0,320.0,2.5,0.0,0.0,0.0,0.0,0.0,0.0,0.0,0.0,0.0,0.0,0.0,0.0,0.0,0.0,0.584232973397601,0.08145027387336547,0.48902359145341134,0.0,0.0,0.0,0.0,0.05,0.05,-7.863564046704504,-7.863564046704504
2016.0,320.0,3.0,0.0,0.0,0.0,0.0,0.0,0.0,0.0,0.0,0.0,0.0,0.0,0.0,0.0,0.0,0.584232973397601,0.08145027387336547,0.48902359145341134,0.0,0.0,0.0,0.0,0.05,0.05,-7.863564046704504,-7.863564046704504
2016.0,320.0,3.5,0.0,0.0,0.0,0.0,0.0,0.0,0.0,0.0,0.0,0.0,0.0,0.0,0.0,0.0,0.584232973397601,0.08145027387336547,0.48902359145341134,0.0,0.0,0.0,0.0,0.05,0.05,-7.863564046704504,-7.863564046704504
2016.0,320.0,4.0,0.0,0.0,0.0,0.0,0.0,0.0,0.0,0.0,0.0,0.0,0.0,0.0,0.0,0.0,0.584232973397601,0.08145027387336547,0.48902359145341134,0.0,0.0,0.0,0.0,0.05,0.05,-7.863564046704504,-7.863564046704504
2016.0,320.0,4.5,0.0,0.0,0.0,0.0,0.0,0.0,0.0,0.0,0.0,0.0,0.0,0.0,0.0,0.0,0.584232973397601,0.08145027387336547,0.48902359145341134,0.0,0.0,0.0,0.0,0.051,0.051,-6.8877024241280935,-6.8877024241280935
2016.0,320.0,5.0,0.0,0.0,0.0,0.0,0.0,0.0,0.0,0.0,0.0,0.0,0.0,0.0,0.0,0.0,0.584232973397601,0.08145027387336547,0.48902359145341134,0.0,0.0,0.0,0.0,0.0505,0.0505,-7.357062769630571,-7.357062769630571
2016.0,320.0,5.5,0.0,0.0,0.0,0.0,0.0,0.0,0.0,0.0,0.0,0.0,0.0,0.0,0.0,0.0,0.584232973397601,0.08145027387336547,0.48902359145341134,0.0,0.0,0.0,0.0,0.0505,0.0505,-7.357062769630571,-7.357062769630571
2016,320,6.0,1.0946288867929972,1.5444443315546228,0.018343368442044372,0.03707185164193595,12.4394835465671,22.352280602212083,0.005543838722553771,0.011240959836468157,0.0,-7.025171753754622,17.25770085215964,17.253236416296716,False,False,0.584232973397601,0.0860127062355504,0.48902359145341134,0.0,0.0,0.0,0.0,0.051,0.051,-6.8877024241280935,-6.8877024241280935
2016,320,6.5,2.006586157092893,0.0,0.03386340736671665,0.0,28.090854843816793,0.0,0.010161070023872478,0.0,0.0,0.0,-6435.835393110084,0.0,False,0.0,0.584232973397601,0.0860127062355504,0.48902359145341134,0.0,0.0,0.0,0.0,0.051,0.051,-6.8877024241280935,-6.8877024241280935
2016,320,7.0,1.8953950632487002,2.7164581882647303,0.029665420102377615,0.06145042950886832,12.79799755039848,22.66749951088498,0.00972101789023263,0.020250699849625714,0.0,-7.014597189937197,18.493811004532887,18.503742694446576,False,False,0.584232973397601,0.086837357466166,0.48902359145341134,0.0,0.0,0.0,0.0,0.051,0.051,-6.8877024241280935,-6.8877024241280935
2016,320,7.5,1.9516366028537244,0.16463383368584317,0.0396164754580649,0.0027520230236652947,9.369604745701599,4.755008025066148,0.00901125753125377,0.0006239343100892475,0.0,-7.364060329059316,19.226900907695008,19.231236935336824,False,False,0.3787387708429918,0.06258378688047023,0.48902359145341134,0.0,0.0,0.0,0.0,0.0505,0.0505,-7.357062769630571,-7.357062769630571
2016.0,320.0,8.0,0.0,0.0,0.0,0.0,0.0,0.0,0.0,0.0,0.0,0.0,0.0,0.0,0.0,0.0,0.3787387708429918,0.06258378688047023,0.48902359145341134,0.0,0.0,0.0,0.0,0.05,0.05,-7.863564046704504,-7.863564046704504
2016.0,320.0,8.5,0.0,0.0,0.0,0.0,0.0,0.0,0.0,0.0,0.0,0.0,0.0,0.0,0.0,0.0,0.3787387708429918,0.06258378688047023,0.48902359145341134,0.0,0.0,0.0,0.0,0.05,0.05,-7.863564046704504,-7.863564046704504
2016.0,320.0,9.0,0.0,0.0,0.0,0.0,0.0,0.0,0.0,0.0,0.0,0.0,0.0,0.0,0.0,0.0,0.3787387708429918,0.06258378688047023,0.48902359145341134,0.0,0.0,0.0,0.0,0.05,0.05,-7.863564046704504,-7.863564046704504
2016.0,320.0,9.5,0.0,0.0,0.0,0.0,0.0,0.0,0.0,0.0,0.0,0.0,0.0,0.0,0.0,0.0,0.3787387708429918,0.06258378688047023,0.48902359145341134,0.0,0.0,0.0,0.0,0.05,0.05,-7.863564046704504,-7.863564046704504
2016.0,320.0,10.0,0.0,0.0,0.0,0.0,0.0,0.0,0.0,0.0,0.0,0.0,0.0,0.0,0.0,0.0,0.3787387708429918,0.06258378688047023,0.48902359145341134,0.0,0.0,0.0,0.0,0.05,0.05,-7.863564046704504,-7.863564046704504
2016.0,320.0,10.5,0.0,0.0,0.0,0.0,0.0,0.0,0.0,0.0,0.0,0.0,0.0,0.0,0.0,0.0,0.3787387708429918,0.06258378688047023,0.48902359145341134,0.0,0.0,0.0,0.0,0.05,0.05,-7.863564046704504,-7.863564046704504
2016.0,320.0,11.0,0.0,0.0,0.0,0.0,0.0,0.0,0.0,0.0,0.0,0.0,0.0,0.0,0.0,0.0,0.3787387708429918,0.06258378688047023,0.48902359145341134,0.0,0.0,0.0,0.0,0.05,0.05,-7.863564046704504,-7.863564046704504
2016.0,320.0,11.5,0.0,0.0,0.0,0.0,0.0,0.0,0.0,0.0,0.0,0.0,0.0,0.0,0.0,0.0,0.3787387708429918,0.06258378688047023,0.48902359145341134,0.0,0.0,0.0,0.0,0.05,0.05,-7.863564046704504,-7.863564046704504
2016.0,320.0,12.0,0.0,0.0,0.0,0.0,0.0,0.0,0.0,0.0,0.0,0.0,0.0,0.0,0.0,0.0,0.3787387708429918,0.06258378688047023,0.48902359145341134,0.0,0.0,0.0,0.0,0.05,0.05,-7.863564046704504,-7.863564046704504
2016.0,320.0,12.5,0.0,0.0,0.0,0.0,0.0,0.0,0.0,0.0,0.0,0.0,0.0,0.0,0.0,0.0,0.3787387708429918,0.06258378688047023,0.48902359145341134,0.0,0.0,0.0,0.0,0.05,0.05,-7.863564046704504,-7.863564046704504
2016.0,320.0,13.0,0.0,0.0,0.0,0.0,0.0,0.0,0.0,0.0,0.0,0.0,0.0,0.0,0.0,0.0,0.3787387708429918,0.06258378688047023,0.48902359145341134,0.0,0.0,0.0,0.0,0.05,0.05,-7.863564046704504,-7.863564046704504
2016.0,320.0,13.5,0.0,0.0,0.0,0.0,0.0,0.0,0.0,0.0,0.0,0.0,0.0,0.0,0.0,0.0,0.3787387708429918,0.06258378688047023,0.48902359145341134,0.0,0.0,0.0,0.0,0.05,0.05,-7.863564046704504,-7.863564046704504
2016.0,320.0,14.0,0.0,0.0,0.0,0.0,0.0,0.0,0.0,0.0,0.0,0.0,0.0,0.0,0.0,0.0,0.3787387708429918,0.06258378688047023,0.48902359145341134,0.0,0.0,0.0,0.0,0.0495,0.0495,-8.213147767034087,-8.213147767034087
2016.0,320.0,14.5,0.0,0.0,0.0,0.0,0.0,0.0,0.0,0.0,0.0,0.0,0.0,0.0,0.0,0.0,0.3787387708429918,0.06258378688047023,0.48902359145341134,0.0,0.0,0.0,0.0,0.049,0.049,-8.578272630895233,-8.578272630895233
2016.0,320.0,15.0,0.0,0.0,0.0,0.0,0.0,0.0,0.0,0.0,0.0,0.0,0.0,0.0,0.0,0.0,0.3787387708429918,0.06258378688047023,0.48902359145341134,0.0,0.0,0.0,0.0,0.049,0.049,-8.578272630895233,-8.578272630895233
2016.0,320.0,15.5,0.0,0.0,0.0,0.0,0.0,0.0,0.0,0.0,0.0,0.0,0.0,0.0,0.0,0.0,0.3787387708429918,0.06258378688047023,0.48902359145341134,0.0,0.0,0.0,0.0,0.049,0.049,-8.578272630895233,-8.578272630895233
2016.0,320.0,16.0,0.0,0.0,0.0,0.0,0.0,0.0,0.0,0.0,0.0,0.0,0.0,0.0,0.0,0.0,0.3787387708429918,0.06258378688047023,0.48902359145341134,0.0,0.0,0.0,0.0,0.049,0.049,-8.578272630895233,-8.578272630895233
2016.0,320.0,16.5,0.0,0.0,0.0,0.0,0.0,0.0,0.0,0.0,0.0,0.0,0.0,0.0,0.0,0.0,0.3787387708429918,0.06258378688047023,0.48902359145341134,0.0,0.0,0.0,0.0,0.049,0.049,-8.578272630895233,-8.578272630895233
2016.0,320.0,17.0,0.0,0.0,0.0,0.0,0.0,0.0,0.0,0.0,0.0,0.0,0.0,0.0,0.0,0.0,0.3787387708429918,0.06258378688047023,0.48902359145341134,0.0,0.0,0.0,0.0,0.049,0.049,-8.578272630895233,-8.578272630895233
2016.0,320.0,17.5,0.0,0.0,0.0,0.0,0.0,0.0,0.0,0.0,0.0,0.0,0.0,0.0,0.0,0.0,0.3787387708429918,0.06258378688047023,0.48902359145341134,0.0,0.0,0.0,0.0,0.049,0.049,-8.578272630895233,-8.578272630895233
2016.0,320.0,18.0,0.0,0.0,0.0,0.0,0.0,0.0,0.0,0.0,0.0,0.0,0.0,0.0,0.0,0.0,0.3787387708429918,0.06258378688047023,0.48902359145341134,0.0,0.0,0.0,0.0,0.049,0.049,-8.578272630895233,-8.578272630895233
2016.0,320.0,18.5,0.0,0.0,0.0,0.0,0.0,0.0,0.0,0.0,0.0,0.0,0.0,0.0,0.0,0.0,0.3787387708429918,0.06258378688047023,0.48902359145341134,0.0,0.0,0.0,0.0,0.049,0.049,-8.578272630895233,-8.578272630895233
2016.0,320.0,19.0,0.0,0.0,0.0,0.0,0.0,0.0,0.0,0.0,0.0,0.0,0.0,0.0,0.0,0.0,0.3787387708429918,0.06258378688047023,0.48902359145341134,0.0,0.0,0.0,0.0,0.049,0.049,-8.578272630895233,-8.578272630895233
2016.0,320.0,19.5,0.0,0.0,0.0,0.0,0.0,0.0,0.0,0.0,0.0,0.0,0.0,0.0,0.0,0.0,0.3787387708429918,0.06258378688047023,0.48902359145341134,0.0,0.0,0.0,0.0,0.049,0.049,-8.578272630895233,-8.578272630895233
2016.0,320.0,20.0,0.0,0.0,0.0,0.0,0.0,0.0,0.0,0.0,0.0,0.0,0.0,0.0,0.0,0.0,0.3787387708429918,0.06258378688047023,0.48902359145341134,0.0,0.0,0.0,0.0,0.049,0.049,-8.578272630895233,-8.578272630895233
2016.0,320.0,20.5,0.0,0.0,0.0,0.0,0.0,0.0,0.0,0.0,0.0,0.0,0.0,0.0,0.0,0.0,0.3787387708429918,0.06258378688047023,0.48902359145341134,0.0,0.0,0.0,0.0,0.049,0.049,-8.578272630895233,-8.578272630895233
2016.0,320.0,21.0,0.0,0.0,0.0,0.0,0.0,0.0,0.0,0.0,0.0,0.0,0.0,0.0,0.0,0.0,0.3787387708429918,0.06258378688047023,0.48902359145341134,0.0,0.0,0.0,0.0,0.049,0.049,-8.578272630895233,-8.578272630895233
2016.0,320.0,21.5,0.0,0.0,0.0,0.0,0.0,0.0,0.0,0.0,0.0,0.0,0.0,0.0,0.0,0.0,0.3787387708429918,0.06258378688047023,0.48902359145341134,0.0,0.0,0.0,0.0,0.049,0.049,-8.578272630895233,-8.578272630895233
2016.0,320.0,22.0,0.0,0.0,0.0,0.0,0.0,0.0,0.0,0.0,0.0,0.0,0.0,0.0,0.0,0.0,0.3787387708429918,0.06258378688047023,0.48902359145341134,0.0,0.0,0.0,0.0,0.049,0.049,-8.578272630895233,-8.578272630895233
2016.0,320.0,22.5,0.0,0.0,0.0,0.0,0.0,0.0,0.0,0.0,0.0,0.0,0.0,0.0,0.0,0.0,0.3787387708429918,0.06258378688047023,0.48902359145341134,0.0,0.0,0.0,0.0,0.049,0.049,-8.578272630895233,-8.578272630895233
2016.0,320.0,23.0,0.0,0.0,0.0,0.0,0.0,0.0,0.0,0.0,0.0,0.0,0.0,0.0,0.0,0.0,0.3787387708429918,0.06258378688047023,0.48902359145341134,0.0,0.0,0.0,0.0,0.049,0.049,-8.578272630895233,-8.578272630895233
2016.0,320.0,23.5,0.0,0.0,0.0,0.0,0.0,0.0,0.0,0.0,0.0,0.0,0.0,0.0,0.0,0.0,0.3787387708429918,0.06258378688047023,0.48902359145341134,0.0,0.0,0.0,0.0,0.049,0.049,-8.578272630895233,-8.578272630895233
