year,doy,hod,A(pmax),E(pmax),Ci(pmax),gs(pmax),Pleaf(pmax),Tleaf(pmax),Rublim(pmax),ksc(pmax),VCsun(pmax),VCsha(pmax),Eci(pmax),Es(pmax),sw(pmax),Ps(pmax)
[-],[-],[h],[umol m-2 s-1],[mmol m-2 s-1],[Pa],[mol m-2 s-1],[MPa],[degC],[-],[mmol m-2 s-1 MPa-1],[-],[-],[mmol m-2 s-1],[mmol m-2 s-1],[m3 m-3],[MPa]
2016.0,303.0,0.0,0.0,0.0,0.0,0.0,0.0,0.0,0.0,6.010651,1.0,1.0,0.0,0.0,0.112,-0.03564977988411399
2016.0,303.0,0.5,0.0,0.0,0.0,0.0,0.0,0.0,0.0,6.010651,1.0,1.0,0.0,0.0,0.112,-0.03564977988411399
2016.0,303.0,1.0,0.0,0.0,0.0,0.0,0.0,0.0,0.0,6.010651,1.0,1.0,0.0,0.0,0.112,-0.03564977988411399
2016.0,303.0,1.5,0.0,0.0,0.0,0.0,0.0,0.0,0.0,6.010651,1.0,1.0,0.0,0.0,0.112,-0.03564977988411399
2016.0,303.0,2.0,0.0,0.0,0.0,0.0,0.0,0.0,0.0,6.010651,1.0,1.0,0.0,0.0,0.112,-0.03564977988411399
2016.0,303.0,2.5,0.0,0.0,0.0,0.0,0.0,0.0,0.0,6.010651,1.0,1.0,0.0,0.0,0.112,-0.03564977988411399
2016.0,303.0,3.0,0.0,0.0,0.0,0.0,0.0,0.0,0.0,6.010651,1.0,1.0,0.0,0.0,0.112,-0.03564977988411399
2016.0,303.0,3.5,0.0,0.0,0.0,0.0,0.0,0.0,0.0,6.010651,1.0,1.0,0.0,0.0,0.112,-0.03564977988411399
2016.0,303.0,4.0,0.0,0.0,0.0,0.0,0.0,0.0,0.0,6.010651,1.0,1.0,0.0,0.0,0.112,-0.03564977988411399
2016.0,303.0,4.5,0.0,0.0,0.0,0.0,0.0,0.0,0.0,6.010651,1.0,1.0,0.0,0.0,0.112,-0.03564977988411399
2016.0,303.0,5.0,0.0,0.0,0.0,0.0,0.0,0.0,0.0,6.010651,1.0,1.0,0.0,0.0,0.112,-0.03564977988411399
2016.0,303.0,5.5,0.0,0.0,0.0,0.0,0.0,0.0,0.0,6.010651,1.0,1.0,0.0,0.0,0.112,-0.03564977988411399
2016,303,6.0,-2.2769553360252717,0.40034290651200083,21.93832801110772,0.05911775853381469,-0.03564977988411399,19.231980400087018,False,6.01063392215407,0.999997158736062,0.999997158736062,0.0,0.0,0.112,-0.03564977988411399
2016,303,6.5,-1.7394921323268053,0.5060311913034732,22.42540172852452,0.07746540217138667,-0.0736070598378821,19.65178450733054,False,6.01063392215407,0.9999814616268387,0.9999814616268387,0.0,0.0,0.112,-0.03564977988411399
2016,303,7.0,-1.142265955108459,0.33138822825249925,21.33453618405366,0.05508277625641696,-0.03673320302919571,19.733364723726883,False,6.010632546886653,0.9999969299309929,0.9999969299309929,0.0,0.003650374619603474,0.1115,-0.03673320302919571
2016,303,7.5,0.7621058644454579,0.5677493064646207,23.142227262277594,0.09938804801837813,-0.07580084557015776,19.91137015010458,False,6.010631053928128,0.9999799982515537,0.9999799982515537,0.0,0.01866849096374706,0.111,-0.037854645342310235
2016,303,8.0,3.002538624449709,0.7713798328590395,24.877359598875692,0.13187399986798878,-0.07580084557015776,21.030268033039196,False,6.010631053928128,0.9999799982515537,0.9999799982515537,0.0,0.04177000339175591,0.111,-0.037854645342310235
2016,303,8.5,3.1394827471415594,0.835345583313391,25.690618620509547,0.17161630788030874,-0.07580084557015776,21.168577551161604,False,6.010631053928128,0.9999799982515537,0.9999799982515537,0.0,0.04456911876386062,0.111,-0.037854645342310235
2016,303,9.0,29.216726560314438,3.4449546633389905,37.629451564914476,0.443027798966001,-0.18963944625370036,24.233396687599082,False,6.010631053928128,0.9997855490459115,0.9997855490459115,0.0,0.34953314992489865,0.111,-0.037854645342310235
2016,303,9.5,29.401393788106077,6.579132835957035,38.95977880151027,0.6038392568338041,-0.3414242471650905,24.468586003400446,False,6.010631053928128,0.9990186958460769,0.9990186958460769,0.0,0.3371133478128862,0.111,-0.037854645342310235
2016,303,10.0,20.13658585763173,7.36998157121062,39.48613148965331,0.43876945012166346,-0.37937044739293807,25.680048557511867,False,6.010631053928128,0.9987113244197088,0.9987113244197088,0.0,0.2216814912758102,0.111,-0.037854645342310235
2016,303,10.5,25.597833480453126,7.673746112338712,38.01638118517717,0.4081907858913846,-0.37937044739293807,26.49811173058776,False,6.010631053928128,0.9987113244197088,0.9987113244197088,0.0,0.3070574843358294,0.111,-0.037854645342310235
2016,303,11.0,6.1918196489158905,4.129319382674919,28.679192879964475,0.21944982178866201,-0.2275856464815479,25.42109920551155,False,6.010631053928128,0.9996562555701132,0.9996562555701132,0.0,0.09219015438544031,0.111,-0.037854645342310235
2016,303,11.5,3.6472021613932264,1.9629702295504754,23.879334187679525,0.0946564860782219,-0.11374704579800529,26.055336252868678,False,6.010631053928128,0.9999428431892257,0.9999428431892257,0.0,0.07485982086878933,0.111,-0.037854645342310235
2016,303,12.0,-1.3603471909099674,2.7443444915094206,23.956287827337523,0.2118297289060237,-0.15169324602585282,24.810278330456033,False,6.010631053928128,0.9998796344145388,0.9998796344145388,0.0,0.01974290856366594,0.111,-0.037854645342310235
2016.0,303.0,12.5,0.0,0.0,0.0,0.0,0.0,0.0,0.0,6.010631053928128,0.9998796344145388,0.9998796344145388,0.0,0.01083015316745983,0.11,-0.040217713132218724
2016,303,13.0,-0.15977492123267822,1.4939824694179729,23.739890158671912,0.13293259136789715,-0.11608636416288959,24.826803114506575,False,6.01062767123044,0.9999397524226272,0.9999397524226272,0.0,0.033236354612020506,0.11,-0.040217713132218724
2016,303,13.5,-1.7943416522246771,0.044306552378088615,10.559023857750402,0.0027008097910133796,-0.040217713132218724,25.97236329296603,False,6.01062767123044,0.999996118761585,0.999996118761585,0.0,0.06515875818366826,0.11,-0.040217713132218724
2016,303,14.0,0.5615351596265836,2.546261610368504,24.525180199235052,0.24223643185434557,-0.15402068967822502,24.91114367558788,False,6.01062767123044,0.9998747986717622,0.9998747986717622,0.0,0.039691762269428686,0.11,-0.040217713132218724
2016.0,303.0,14.5,0.0,0.0,0.0,0.0,0.0,0.0,0.0,6.01062767123044,0.9998747986717622,0.9998747986717622,0.0,0.005566401644582514,0.11,-0.040217713132218724
2016.0,303.0,15.0,0.0,0.0,0.0,0.0,0.0,0.0,0.0,6.01062767123044,0.9998747986717622,0.9998747986717622,0.0,0.0006936754898177936,0.11,-0.040217713132218724
2016,303,15.5,0.741976528361822,1.1260580372319862,23.233529083444402,0.1302806884486719,-0.07815203864755416,23.9475708945796,False,6.01062767123044,0.9999783534840815,0.9999783534840815,0.0,0.03672190360069857,0.11,-0.040217713132218724
2016,303,16.0,-1.2012382591568447,0.9933264408936743,22.39694068145375,0.10721982089295005,-0.07815203864755416,24.203372682636818,False,6.01062767123044,0.9999783534840815,0.9999783534840815,0.0,0.02118336963740476,0.11,-0.040217713132218724
2016,303,16.5,-2.6323753202583644,1.0418921714842964,22.639118962222476,0.1260236340506157,-0.07815203864755416,24.242415559281177,False,6.01062767123044,0.9999783534840815,0.9999783534840815,0.0,0.010420701674549662,0.11,-0.040217713132218724
2016.0,303.0,17.0,0.0,0.0,0.0,0.0,0.0,0.0,0.0,6.01062767123044,0.9999783534840815,0.9999783534840815,0.0,0.004038136298296049,0.11,-0.040217713132218724
2016.0,303.0,17.5,0.0,0.0,0.0,0.0,0.0,0.0,0.0,6.01062767123044,0.9999783534840815,0.9999783534840815,0.0,0.0,0.11,-0.040217713132218724
2016.0,303.0,18.0,0.0,0.0,0.0,0.0,0.0,0.0,0.0,6.01062767123044,0.9999783534840815,0.9999783534840815,0.0,0.0,0.109,-0.04275193063584228
2016.0,303.0,18.5,0.0,0.0,0.0,0.0,0.0,0.0,0.0,6.01062767123044,0.9999783534840815,0.9999783534840815,0.0,0.0,0.109,-0.04275193063584228
2016.0,303.0,19.0,0.0,0.0,0.0,0.0,0.0,0.0,0.0,6.01062767123044,0.9999783534840815,0.9999783534840815,0.0,0.0,0.109,-0.04275193063584228
2016.0,303.0,19.5,0.0,0.0,0.0,0.0,0.0,0.0,0.0,6.01062767123044,0.9999783534840815,0.9999783534840815,0.0,0.0,0.109,-0.04275193063584228
2016.0,303.0,20.0,0.0,0.0,0.0,0.0,0.0,0.0,0.0,6.01062767123044,0.9999783534840815,0.9999783534840815,0.0,0.0,0.109,-0.04275193063584228
2016.0,303.0,20.5,0.0,0.0,0.0,0.0,0.0,0.0,0.0,6.01062767123044,0.9999783534840815,0.9999783534840815,0.0,0.0,0.109,-0.04275193063584228
2016.0,303.0,21.0,0.0,0.0,0.0,0.0,0.0,0.0,0.0,6.01062767123044,0.9999783534840815,0.9999783534840815,0.0,0.0,0.109,-0.04275193063584228
2016.0,303.0,21.5,0.0,0.0,0.0,0.0,0.0,0.0,0.0,6.01062767123044,0.9999783534840815,0.9999783534840815,0.0,0.0,0.109,-0.04275193063584228
2016.0,303.0,22.0,0.0,0.0,0.0,0.0,0.0,0.0,0.0,6.01062767123044,0.9999783534840815,0.9999783534840815,0.0,0.0,0.109,-0.04275193063584228
2016.0,303.0,22.5,0.0,0.0,0.0,0.0,0.0,0.0,0.0,6.01062767123044,0.9999783534840815,0.9999783534840815,0.0,0.0,0.109,-0.04275193063584228
2016.0,303.0,23.0,0.0,0.0,0.0,0.0,0.0,0.0,0.0,6.01062767123044,0.9999783534840815,0.9999783534840815,0.0,0.0,0.109,-0.04275193063584228
2016.0,303.0,23.5,0.0,0.0,0.0,0.0,0.0,0.0,0.0,6.01062767123044,0.9999783534840815,0.9999783534840815,0.0,0.0,0.109,-0.04275193063584228
2016.0,304.0,0.0,0.0,0.0,0.0,0.0,0.0,0.0,0.0,6.01062767123044,0.9999783534840815,0.9999783534840815,0.0,0.0,0.109,-0.04275193063584228
2016.0,304.0,0.5,0.0,0.0,0.0,0.0,0.0,0.0,0.0,6.01062767123044,0.9999783534840815,0.9999783534840815,0.0,0.0,0.109,-0.04275193063584228
2016.0,304.0,1.0,0.0,0.0,0.0,0.0,0.0,0.0,0.0,6.01062767123044,0.9999783534840815,0.9999783534840815,0.0,0.0,0.109,-0.04275193063584228
2016.0,304.0,1.5,0.0,0.0,0.0,0.0,0.0,0.0,0.0,6.01062767123044,0.9999783534840815,0.9999783534840815,0.0,0.0,0.109,-0.04275193063584228
2016.0,304.0,2.0,0.0,0.0,0.0,0.0,0.0,0.0,0.0,6.01062767123044,0.9999783534840815,0.9999783534840815,0.0,0.0,0.109,-0.04275193063584228
2016.0,304.0,2.5,0.0,0.0,0.0,0.0,0.0,0.0,0.0,6.01062767123044,0.9999783534840815,0.9999783534840815,0.0,0.0,0.109,-0.04275193063584228
2016.0,304.0,3.0,0.0,0.0,0.0,0.0,0.0,0.0,0.0,6.01062767123044,0.9999783534840815,0.9999783534840815,0.0,0.0,0.109,-0.04275193063584228
2016.0,304.0,3.5,0.0,0.0,0.0,0.0,0.0,0.0,0.0,6.01062767123044,0.9999783534840815,0.9999783534840815,0.0,0.0,0.109,-0.04275193063584228
2016.0,304.0,4.0,0.0,0.0,0.0,0.0,0.0,0.0,0.0,6.01062767123044,0.9999783534840815,0.9999783534840815,0.0,0.0,0.109,-0.04275193063584228
2016.0,304.0,4.5,0.0,0.0,0.0,0.0,0.0,0.0,0.0,6.01062767123044,0.9999783534840815,0.9999783534840815,0.0,0.0,0.1085,-0.04408758946698625
2016,304,5.0,-2.7811869226514045,0.3293040829879568,10.432100101848743,0.04879854043165756,-0.04547143795776919,18.95534692194645,False,6.010618949404005,0.9999946676997226,0.9999946676997226,0.0,0.0,0.108,-0.04547143795776919
2016,304,5.5,-1.0420493886473763,0.5247366661037597,29.763722954400993,0.07768612099702242,-0.08337936284584055,19.663619868730088,False,6.010618949404005,0.999974406462005,0.999974406462005,0.0,0.0033922236921889357,0.108,-0.04547143795776919
2016,304,6.0,0.4822699474460128,0.7067600773727312,24.41048782436109,0.11441055891561014,-0.08337936284584055,20.465225005662923,False,6.010618949404005,0.999974406462005,0.999974406462005,0.0,0.01933736178389494,0.108,-0.04547143795776919
2016,304,6.5,2.182575269981515,0.9576734520358072,26.31950310819319,0.14121793074410205,-0.08337936284584055,22.07102900946009,False,6.010618949404005,0.999974406462005,0.999974406462005,0.0,0.03975448215293642,0.108,-0.04547143795776919
2016,304,7.0,6.451436926424194,2.283383317110306,42.160066957043824,0.47113552010203125,-0.15919521262198327,23.141226559508677,False,6.010618949404005,0.9998636255468792,0.9998636255468792,0.0,0.0760740811424286,0.108,-0.04547143795776919
2016,304,7.5,9.476448537390722,4.906253476608294,42.49261955706257,0.8854261790821216,-0.27291898728619735,23.388294127268495,False,6.010618949404005,0.9994501048370308,0.9994501048370308,0.0,0.1019690608808685,0.108,-0.04547143795776919
2016,304,8.0,9.396712312478938,5.17296240998148,35.61817716904341,0.6337233643627649,-0.27291898728619735,24.235416725365933,False,6.010618949404005,0.9994501048370308,0.9994501048370308,0.0,0.10200028333608867,0.108,-0.04547143795776919
2016,304,8.5,12.87176415080392,5.1511948212743475,40.437202724000976,0.3791505750649648,-0.27291898728619735,25.711667092246202,False,6.010618949404005,0.9994501048370308,0.9994501048370308,0.0,0.14811243756859443,0.108,-0.04547143795776919
2016,304,9.0,12.171283174794073,5.173179329650684,40.112000620754,0.3136281725322222,-0.27291898728619735,26.506250727842186,False,6.010618949404005,0.9994501048370308,0.9994501048370308,0.0,0.1430985966407729,0.108,-0.04547143795776919
2016,304,9.5,7.821427818980649,4.499898003723315,28.976617637164658,0.23596066020180664,-0.23501106239812597,27.3001082805103,False,6.010618949404005,0.9996264906389238,0.9996264906389238,0.0,0.12604130199741886,0.108,-0.04547143795776919
2016,304,10.0,6.454657679954568,2.247800330384424,24.227032179003537,0.0907616076032823,-0.15919521262198327,28.95514677217502,False,6.010618949404005,0.9998636255468792,0.9998636255468792,0.0,0.14648868096969306,0.108,-0.04547143795776919
2016,304,10.5,5.719158914399575,3.532845145382567,25.573782586683038,0.14624813731376832,-0.1971031375100546,29.14221834165861,False,6.010618949404005,0.9997630293718759,0.9997630293718759,0.0,0.1289368157557561,0.108,-0.04547143795776919
2016,304,11.0,2.3348925743186424,3.0093082096764436,23.659279354634755,0.1208652144676868,-0.19850832524435774,29.32884329302898,False,6.0106162686778735,0.9997586345619869,0.9997586345619869,0.0,0.09066865338488805,0.1075,-0.046905450055852886
2016,304,11.5,1.836355851360457,3.4074085645366865,23.600682097436625,0.1241047088219516,-0.19996469130804542,30.058945686044517,False,6.010613349638567,0.9997540273105249,0.9997540273105249,0.0,0.09167233948103569,0.107,-0.048391690295205986
2016,304,12.0,1.3900216397332477,4.145348376650416,24.00936172127373,0.14933888447893384,-0.23785794156125528,30.231824794773157,False,6.010613349638567,0.9996146747368075,0.9996146747368075,0.0,0.08675535213232541,0.107,-0.048391690295205986
2016,304,12.5,0.34777269920563114,5.323382023174249,24.099626358051676,0.18593370272916532,-0.27575119181446517,30.560007318557812,False,6.010613349638567,0.9994352242264815,0.9994352242264815,0.0,0.07405752003707436,0.107,-0.048391690295205986
2016,304,13.0,-1.412554723742133,5.496406994810801,23.592782680530114,0.19210847325765226,-0.31364444206767494,30.058473130399037,False,6.010613349638567,0.9992120555803398,0.9992120555803398,0.0,0.04717207480420496,0.107,-0.048391690295205986
2016.0,304.0,13.5,0.0,0.0,0.0,0.0,0.0,0.0,0.0,6.010613349638567,0.9992120555803398,0.9992120555803398,0.0,0.037880093731498865,0.107,-0.048391690295205986
2016.0,304.0,14.0,0.0,0.0,0.0,0.0,0.0,0.0,0.0,6.010613349638567,0.9992120555803398,0.9992120555803398,0.0,0.03234795292551713,0.1065,-0.04993231840392216
2016.0,304.0,14.5,0.0,0.0,0.0,0.0,0.0,0.0,0.0,6.010613349638567,0.9992120555803398,0.9992120555803398,0.0,0.03864280953940689,0.106,-0.05152959416956806
2016.0,304.0,15.0,0.0,0.0,0.0,0.0,0.0,0.0,0.0,6.010613349638567,0.9992120555803398,0.9992120555803398,0.0,0.016024592554375116,0.106,-0.05152959416956806
2016.0,304.0,15.5,0.0,0.0,0.0,0.0,0.0,0.0,0.0,6.010613349638567,0.9992120555803398,0.9992120555803398,0.0,0.0,0.106,-0.05152959416956806
2016.0,304.0,16.0,0.0,0.0,0.0,0.0,0.0,0.0,0.0,6.010613349638567,0.9992120555803398,0.9992120555803398,0.0,0.0,0.106,-0.05152959416956806
2016.0,304.0,16.5,0.0,0.0,0.0,0.0,0.0,0.0,0.0,6.010613349638567,0.9992120555803398,0.9992120555803398,0.0,0.0,0.106,-0.05152959416956806
2016.0,304.0,17.0,0.0,0.0,0.0,0.0,0.0,0.0,0.0,6.010613349638567,0.9992120555803398,0.9992120555803398,0.0,0.0,0.106,-0.05152959416956806
2016.0,304.0,17.5,0.0,0.0,0.0,0.0,0.0,0.0,0.0,6.010613349638567,0.9992120555803398,0.9992120555803398,0.0,0.0,0.106,-0.05152959416956806
2016.0,304.0,18.0,0.0,0.0,0.0,0.0,0.0,0.0,0.0,6.010613349638567,0.9992120555803398,0.9992120555803398,0.0,0.0,0.1055,-0.053185882577760246
2016.0,304.0,18.5,0.0,0.0,0.0,0.0,0.0,0.0,0.0,6.010613349638567,0.9992120555803398,0.9992120555803398,0.0,0.0,0.106,-0.05152959416956806
2016.0,304.0,19.0,0.0,0.0,0.0,0.0,0.0,0.0,0.0,6.010613349638567,0.9992120555803398,0.9992120555803398,0.0,0.0,0.106,-0.05152959416956806
2016.0,304.0,19.5,0.0,0.0,0.0,0.0,0.0,0.0,0.0,6.010613349638567,0.9992120555803398,0.9992120555803398,0.0,0.0,0.105,-0.05490365924070806
2016.0,304.0,20.0,0.0,0.0,0.0,0.0,0.0,0.0,0.0,6.010613349638567,0.9992120555803398,0.9992120555803398,0.0,0.0,0.105,-0.05490365924070806
2016.0,304.0,20.5,0.0,0.0,0.0,0.0,0.0,0.0,0.0,6.010613349638567,0.9992120555803398,0.9992120555803398,0.0,0.0,0.105,-0.05490365924070806
2016.0,304.0,21.0,0.0,0.0,0.0,0.0,0.0,0.0,0.0,6.010613349638567,0.9992120555803398,0.9992120555803398,0.0,0.0,0.105,-0.05490365924070806
2016.0,304.0,21.5,0.0,0.0,0.0,0.0,0.0,0.0,0.0,6.010613349638567,0.9992120555803398,0.9992120555803398,0.0,0.0,0.105,-0.05490365924070806
2016.0,304.0,22.0,0.0,0.0,0.0,0.0,0.0,0.0,0.0,6.010613349638567,0.9992120555803398,0.9992120555803398,0.0,0.0,0.105,-0.05490365924070806
2016.0,304.0,22.5,0.0,0.0,0.0,0.0,0.0,0.0,0.0,6.010613349638567,0.9992120555803398,0.9992120555803398,0.0,0.0,0.105,-0.05490365924070806
2016.0,304.0,23.0,0.0,0.0,0.0,0.0,0.0,0.0,0.0,6.010613349638567,0.9992120555803398,0.9992120555803398,0.0,0.0,0.105,-0.05490365924070806
2016.0,304.0,23.5,0.0,0.0,0.0,0.0,0.0,0.0,0.0,6.010613349638567,0.9992120555803398,0.9992120555803398,0.0,0.0,0.105,-0.05490365924070806
2016.0,305.0,0.0,0.0,0.0,0.0,0.0,0.0,0.0,0.0,6.010613349638567,0.9992120555803398,0.9992120555803398,0.0,0.0,0.105,-0.05490365924070806
2016.0,305.0,0.5,0.0,0.0,0.0,0.0,0.0,0.0,0.0,6.010613349638567,0.9992120555803398,0.9992120555803398,0.0,0.0,0.105,-0.05490365924070806
2016.0,305.0,1.0,0.0,0.0,0.0,0.0,0.0,0.0,0.0,6.010613349638567,0.9992120555803398,0.9992120555803398,0.0,0.0,0.105,-0.05490365924070806
2016.0,305.0,1.5,0.0,0.0,0.0,0.0,0.0,0.0,0.0,6.010613349638567,0.9992120555803398,0.9992120555803398,0.0,0.0,0.105,-0.05490365924070806
2016.0,305.0,2.0,0.0,0.0,0.0,0.0,0.0,0.0,0.0,6.010613349638567,0.9992120555803398,0.9992120555803398,0.0,0.0,0.105,-0.05490365924070806
2016.0,305.0,2.5,0.0,0.0,0.0,0.0,0.0,0.0,0.0,6.010613349638567,0.9992120555803398,0.9992120555803398,0.0,0.0,0.105,-0.05490365924070806
2016.0,305.0,3.0,0.0,0.0,0.0,0.0,0.0,0.0,0.0,6.010613349638567,0.9992120555803398,0.9992120555803398,0.0,0.0,0.105,-0.05490365924070806
2016.0,305.0,3.5,0.0,0.0,0.0,0.0,0.0,0.0,0.0,6.010613349638567,0.9992120555803398,0.9992120555803398,0.0,0.0,0.105,-0.05490365924070806
2016.0,305.0,4.0,0.0,0.0,0.0,0.0,0.0,0.0,0.0,6.010613349638567,0.9992120555803398,0.9992120555803398,0.0,0.0,0.105,-0.05490365924070806
2016.0,305.0,4.5,0.0,0.0,0.0,0.0,0.0,0.0,0.0,6.010613349638567,0.9992120555803398,0.9992120555803398,0.0,0.0,0.105,-0.05490365924070806
2016,305,5.0,-3.1179422439478555,0.5664528491331019,6.54636136071122,0.03973447745070314,-0.09276418603188022,19.472451611029534,False,6.010598806365899,0.9999662739866642,0.9999662739866642,0.0,0.0,0.105,-0.05490365924070806
2016,305,5.5,-1.0506844772876915,0.8634306939959864,21.477506356747718,0.07394800475148723,-0.09276418603188022,18.178708309327938,False,6.010598806365899,0.9999662739866642,0.9999662739866642,0.0,0.0,0.105,-0.05490365924070806
2016,305,6.0,6.236114807048491,1.7485234868969244,35.53161013356543,0.1434428505741062,-0.134218733718229,19.443898807897696,False,6.010589403204062,0.999912299918301,0.999912299918301,0.0,0.04572374443957685,0.104,-0.05853416765766311
2016,305,6.5,12.366936618157396,2.644117068732067,34.241305535891364,0.20646280961657604,-0.17206101674851196,20.578262757762765,False,6.010589403204062,0.9998332577789228,0.9998332577789228,0.0,0.10683950826401487,0.104,-0.05853416765766311
2016,305,7.0,12.909990452830773,4.743739903374809,38.792142881545274,0.31709105112307917,-0.2855878658393608,20.15284275880316,False,6.010589403204062,0.9993816344118569,0.9993816344118569,0.0,0.09543638344366431,0.104,-0.05853416765766311
2016,305,7.5,15.394420880802334,6.212779722106668,38.91138898643935,0.35409440575924955,-0.3234301488696438,20.831556849817716,False,6.010589403204062,0.9991468996748174,0.9991468996748174,0.0,0.11607585353332159,0.104,-0.05853416765766311
2016,305,8.0,20.71594956421955,6.336422279598063,36.32193955596675,0.292043644013486,-0.3612724318999267,21.604304445208363,False,6.010589403204062,0.9988643164376025,0.9988643164376025,0.0,0.16998693867457576,0.104,-0.05853416765766311
2016,305,8.5,27.92643490781763,8.047564880549766,35.08130325600605,0.33798130446469826,-0.4369569979604926,22.69906260847316,False,6.010589403204062,0.998143049243504,0.998143049243504,0.0,0.28598541614426193,0.104,-0.05853416765766311
2016,305,9.0,29.86531845118421,7.849071925320621,34.01670827067727,0.3010906031129862,-0.3991147149302096,23.27706910905932,False,6.010589403204062,0.9985307087549957,0.9985307087549957,0.0,0.3306125080157569,0.104,-0.05853416765766311
2016,305,9.5,28.99892211989789,9.486914529377529,35.480313045104424,0.3378335876758859,-0.47661153428684255,26.069279030858933,False,6.0105840441986365,0.9976756733974097,0.9976756733974097,0.0,0.34344859715993664,0.1035,-0.06045245705084043
2016,305,10.0,23.310278943090914,7.591729796451227,34.63665821001307,0.22809994390694496,-0.4028471126524263,26.60524932337577,False,6.010578189546766,0.998494924537477,0.998494924537477,0.0,0.24642567238940044,0.103,-0.0624433631667216
2016,305,10.5,28.016226582717543,8.238052062731123,33.502535781578466,0.2424622230971458,-0.44066975148417126,26.715043463833908,False,6.010578189546766,0.9981019936602032,0.9981019936602032,0.0,0.3284137068334856,0.103,-0.0624433631667216
2016,305,11.0,19.304131579019497,7.772234979649885,36.3948686507024,0.22955342994285455,-0.4028471126524263,27.26965618095656,False,6.010578189546766,0.998494924537477,0.998494924537477,0.0,0.19991062513287855,0.103,-0.0624433631667216
2016,305,11.5,10.357306758063604,7.490122224412131,39.37068322447374,0.22438092663197637,-0.4028471126524263,27.400728226589376,False,6.010578189546766,0.998494924537477,0.998494924537477,0.0,0.1247894982253279,0.103,-0.0624433631667216
2016,305,12.0,15.301253252685367,7.812880480714321,38.07449317853709,0.2357672823436192,-0.40686890598957987,27.909590061297912,False,6.010564793914822,0.9984557738333506,0.9984557738333506,0.0,0.15786632691607863,0.102,-0.06665566250405618
2016,305,12.5,-1.0990851648833693,9.072022648299265,24.20844672188582,0.27757856849678897,-0.4824718489863629,27.56966491474796,False,6.010564793914822,0.9976011036504203,0.9976011036504203,0.0,0.017857268308357013,0.102,-0.06665566250405618
2016,305,13.0,6.736488810407598,7.235949659642853,27.35051605463121,0.19841559037556078,-0.40686890598957987,28.531780015630176,False,6.010564793914822,0.9984557738333506,0.9984557738333506,0.0,0.10093833530110574,0.102,-0.06665566250405618
2016,305,13.5,4.884879970566297,6.898106905627294,25.666963748173444,0.18398266566550225,-0.36906743449118834,27.956446823184237,False,6.010564793914822,0.9987998720024465,0.9987998720024465,0.0,0.07442648722965467,0.102,-0.06665566250405618
2016,305,14.0,6.850454862515021,9.433470740879637,28.062761482486746,0.27044987541725374,-0.4845767835785378,27.59329050964986,False,6.010557140102328,0.9975739669787113,0.9975739669787113,0.0,0.08559175350705545,0.1015,-0.06888375816279445
2016,305,14.5,22.570512135524623,9.65590198773512,36.85480405112462,0.32921566028120947,-0.5245416466498215,27.229316451904864,False,6.01054876381481,0.9970227452398882,0.9970227452398882,0.0,0.2311662414897653,0.101,-0.07119789195244307
2016,305,15.0,13.834449351495975,2.335289938403233,27.434143517363573,0.07610533106591535,-0.1845338306267877,25.941137455995417,False,6.01054876381481,0.9998001667511797,0.9998001667511797,0.0,0.1475614984270022,0.101,-0.07119789195244307
2016.0,305.0,15.5,0.0,0.0,0.0,0.0,0.0,0.0,0.0,6.01054876381481,0.9998001667511797,0.9998001667511797,0.0,0.0,0.101,-0.07119789195244307
2016,305,16.0,-1.6569281750035207,2.7590127295217504,22.95351757458488,0.11696650319559956,-0.1845338306267877,21.695441794572012,False,6.01054876381481,0.9998001667511797,0.9998001667511797,0.0,0.0,0.101,-0.07119789195244307
2016,305,16.5,-1.9570271930681113,3.5548445972492004,23.41519443285101,0.17901335216375266,-0.22231247685156919,21.031614294624397,False,6.01054876381481,0.9996764798857085,0.9996764798857085,0.0,0.0,0.101,-0.07119789195244307
2016,305,17.0,-2.4035799809445915,2.6955122834812597,23.077201287701595,0.13919998280163404,-0.18690153541099244,19.885484315290377,False,6.010539592761296,0.9997934665376974,0.9997934665376974,0.0,0.0,0.1005,-0.07360183711599791
2016,305,17.5,-2.4400872872259076,2.2700586347255087,23.023365359877282,0.12179311419750728,-0.18936159664363322,18.756595693651334,False,6.01052954700364,0.9997863608690861,0.9997863608690861,0.0,0.0,0.1,-0.07609955234709746
2016.0,305.0,18.0,0.0,0.0,0.0,0.0,0.0,0.0,0.0,6.01052954700364,0.9997863608690861,0.9997863608690861,0.0,0.0,0.1,-0.07609955234709746
2016.0,305.0,18.5,0.0,0.0,0.0,0.0,0.0,0.0,0.0,6.01052954700364,0.9997863608690861,0.9997863608690861,0.0,0.0,0.1,-0.07609955234709746
2016.0,305.0,19.0,0.0,0.0,0.0,0.0,0.0,0.0,0.0,6.01052954700364,0.9997863608690861,0.9997863608690861,0.0,0.0,0.1,-0.07609955234709746
2016.0,305.0,19.5,0.0,0.0,0.0,0.0,0.0,0.0,0.0,6.01052954700364,0.9997863608690861,0.9997863608690861,0.0,0.0,0.1,-0.07609955234709746
2016.0,305.0,20.0,0.0,0.0,0.0,0.0,0.0,0.0,0.0,6.01052954700364,0.9997863608690861,0.9997863608690861,0.0,0.0,0.1,-0.07609955234709746
2016.0,305.0,20.5,0.0,0.0,0.0,0.0,0.0,0.0,0.0,6.01052954700364,0.9997863608690861,0.9997863608690861,0.0,0.0,0.1,-0.07609955234709746
2016.0,305.0,21.0,0.0,0.0,0.0,0.0,0.0,0.0,0.0,6.01052954700364,0.9997863608690861,0.9997863608690861,0.0,0.0,0.1,-0.07609955234709746
2016.0,305.0,21.5,0.0,0.0,0.0,0.0,0.0,0.0,0.0,6.01052954700364,0.9997863608690861,0.9997863608690861,0.0,0.0,0.1,-0.07609955234709746
2016.0,305.0,22.0,0.0,0.0,0.0,0.0,0.0,0.0,0.0,6.01052954700364,0.9997863608690861,0.9997863608690861,0.0,0.0,0.1,-0.07609955234709746
2016.0,305.0,22.5,0.0,0.0,0.0,0.0,0.0,0.0,0.0,6.01052954700364,0.9997863608690861,0.9997863608690861,0.0,0.0,0.1,-0.07609955234709746
2016.0,305.0,23.0,0.0,0.0,0.0,0.0,0.0,0.0,0.0,6.01052954700364,0.9997863608690861,0.9997863608690861,0.0,0.0,0.1,-0.07609955234709746
2016.0,305.0,23.5,0.0,0.0,0.0,0.0,0.0,0.0,0.0,6.01052954700364,0.9997863608690861,0.9997863608690861,0.0,0.0,0.1,-0.07609955234709746
2016.0,306.0,0.0,0.0,0.0,0.0,0.0,0.0,0.0,0.0,6.01052954700364,0.9997863608690861,0.9997863608690861,0.0,0.0,0.1,-0.07609955234709746
2016.0,306.0,0.5,0.0,0.0,0.0,0.0,0.0,0.0,0.0,6.01052954700364,0.9997863608690861,0.9997863608690861,0.0,0.0,0.099,-0.08139311628306982
2016.0,306.0,1.0,0.0,0.0,0.0,0.0,0.0,0.0,0.0,6.01052954700364,0.9997863608690861,0.9997863608690861,0.0,0.0,0.099,-0.08139311628306982
2016.0,306.0,1.5,0.0,0.0,0.0,0.0,0.0,0.0,0.0,6.01052954700364,0.9997863608690861,0.9997863608690861,0.0,0.0,0.099,-0.08139311628306982
2016.0,306.0,2.0,0.0,0.0,0.0,0.0,0.0,0.0,0.0,6.01052954700364,0.9997863608690861,0.9997863608690861,0.0,0.0,0.099,-0.08139311628306982
2016.0,306.0,2.5,0.0,0.0,0.0,0.0,0.0,0.0,0.0,6.01052954700364,0.9997863608690861,0.9997863608690861,0.0,0.0,0.099,-0.08139311628306982
2016.0,306.0,3.0,0.0,0.0,0.0,0.0,0.0,0.0,0.0,6.01052954700364,0.9997863608690861,0.9997863608690861,0.0,0.0,0.099,-0.08139311628306982
2016.0,306.0,3.5,0.0,0.0,0.0,0.0,0.0,0.0,0.0,6.01052954700364,0.9997863608690861,0.9997863608690861,0.0,0.0,0.099,-0.08139311628306982
2016.0,306.0,4.0,0.0,0.0,0.0,0.0,0.0,0.0,0.0,6.01052954700364,0.9997863608690861,0.9997863608690861,0.0,0.0,0.099,-0.08139311628306982
2016.0,306.0,4.5,0.0,0.0,0.0,0.0,0.0,0.0,0.0,6.01052954700364,0.9997863608690861,0.9997863608690861,0.0,0.0,0.099,-0.08139311628306982
2016,306,5.0,-0.5044352029833538,0.12836344972739924,27.070124751064604,0.03178034204153573,-0.08139311628306982,6.606683131171174,False,6.010506468168368,0.999975954046969,0.999975954046969,0.0,0.0,0.099,-0.08139311628306982
2016,306,5.5,1.2749288328539774,0.23915903341284175,35.421975690004786,0.06293788960362522,-0.08139311628306982,6.747524081320843,False,6.010506468168368,0.999975954046969,0.999975954046969,0.0,0.0,0.099,-0.08139311628306982
2016,306,6.0,8.504903889565265,0.9679641127982338,38.08403925694651,0.23836463484261602,-0.11912053022478289,9.332048869413764,False,6.010506468168368,0.9999355938157335,0.9999355938157335,0.0,0.030290139942839862,0.099,-0.08139311628306982
2016,306,6.5,15.926799497877981,2.913410847622906,40.579713120669496,0.9202342265068205,-0.19457535810820903,11.080716512307657,False,6.010506468168368,0.9997708108681186,0.9997708108681186,0.0,0.08206053774293201,0.099,-0.08139311628306982
2016,306,7.0,14.939851443160984,3.2665331792262515,39.26049174283321,0.3918456368589603,-0.23230277204992206,13.02137557280393,False,6.010506468168368,0.9996375226023864,0.9996375226023864,0.0,0.06710352942712684,0.099,-0.08139311628306982
2016,306,7.5,11.550851119594215,2.974068789473603,33.468477252414424,0.33686027352798537,-0.23230277204992206,13.233107277326553,False,6.010506468168368,0.9996375226023864,0.9996375226023864,0.0,0.04719939496656815,0.099,-0.08139311628306982
2016,306,8.0,17.003708028245924,3.8993477470385067,38.71267209344333,0.3273919835436592,-0.27003018599163514,15.668389500922817,False,6.010506468168368,0.9994650326397176,0.9994650326397176,0.0,0.08641829605800266,0.099,-0.08139311628306982
2016,306,8.5,23.57637844646961,5.323599579671106,36.826412798449105,0.33019948630151585,-0.3077575999333482,18.392094901096154,False,6.010506468168368,0.9992497336326375,0.9992497336326375,0.0,0.1467737789963628,0.099,-0.08139311628306982
2016,306,9.0,29.510068137219918,6.6190844324412135,36.136887631076405,0.37379151510081987,-0.3859044599143781,19.73343988030458,False,6.010493228787108,0.9986531561388565,0.9986531561388565,0.0,0.21663359674335467,0.0985,-0.08419790365177743
2016,306,9.5,29.109698094057794,7.064270382695999,35.862516613093234,0.34402011899675294,-0.3887036735294541,21.106877966187724,False,6.010478699836343,0.9986277537113677,0.9986277537113677,0.0,0.21963331247162501,0.098,-0.08711436181617598
2016,306,10.0,28.101222082491468,7.224085312903435,35.39270564469245,0.30309235121229616,-0.4264023374936139,22.139395050947833,False,6.010478699836343,0.9982567768562718,0.9982567768562718,0.0,0.21584829310106568,0.098,-0.08711436181617598
2016,306,10.5,26.488291210898097,7.144848186762288,34.58846141388152,0.25483840407717967,-0.4264023374936139,24.15410962829244,False,6.010478699836343,0.9982567768562718,0.9982567768562718,0.0,0.22048276639545225,0.098,-0.08711436181617598
2016,306,11.0,17.184740092239746,6.959485736382387,37.39271587705974,0.2345161864469029,-0.3887036735294541,24.846740631651578,False,6.010478699836343,0.9986277537113677,0.9986277537113677,0.0,0.1319096406474747,0.098,-0.08711436181617598
2016,306,11.5,10.406532901092056,7.489577020087259,39.680643329739084,0.24321263552633018,-0.4292983377534065,25.860851586456086,False,6.010462748146665,0.9982260096837957,0.9982260096837957,0.0,0.09300426235320877,0.0975,-0.09014754103564299
2016,306,12.0,7.870134421758804,4.961303804602623,30.3033158027499,0.15463199720114007,-0.31930814686285514,26.40844798797881,False,6.010445226008024,0.9991747319662324,0.9991747319662324,0.0,0.08129208975583783,0.097,-0.09330274757307958
2016,306,12.5,0.1444599539642928,4.388536489867532,23.41258071616904,0.1207391731832696,-0.2816405803145592,28.172688695700604,False,6.010445226008024,0.9994034970134751,0.9994034970134751,0.0,0.029149669173910174,0.097,-0.09330274757307958
2016,306,13.0,6.222936317930445,5.0309680416243525,25.691137328590948,0.13276239252933775,-0.31930814686285514,28.45312542087933,False,6.010445226008024,0.9991747319662324,0.9991747319662324,0.0,0.0853525395356244,0.097,-0.09330274757307958
2016,306,13.5,1.3679328583303416,6.366029594032079,24.035920593115367,0.16981536449509405,-0.39464327995944704,28.05496428837391,False,6.010445226008024,0.998572886279171,0.998572886279171,0.0,0.035916326870012616,0.097,-0.09330274757307958
2016,306,14.0,6.245918702845561,6.548111559507701,26.452098760514588,0.18032499848416766,-0.4010730572508162,27.32106986634347,False,6.01040479658948,0.9985119989837404,0.9985119989837404,0.0,0.06859752978373634,0.096,-0.10000183490806634
2016,306,14.5,20.05506152343191,7.85082451894374,34.90118744777445,0.2168011714213205,-0.43870696004365994,27.71366837773504,False,6.01040479658948,0.9981237666546723,0.9981237666546723,0.0,0.18111970512626072,0.096,-0.10000183490806634
2016,306,15.0,15.313267867959196,5.65208342265166,34.20084020628815,0.15438135322720065,-0.3634391544579725,27.328220029486566,False,6.01040479658948,0.9988466217299605,0.9988466217299605,0.0,0.13220580825909348,0.096,-0.10000183490806634
2016.0,306.0,15.5,0.0,0.0,0.0,0.0,0.0,0.0,0.0,6.01040479658948,0.9988466217299605,0.9988466217299605,0.0,0.0,0.096,-0.10000183490806634
2016.0,306.0,16.0,0.0,0.0,0.0,0.0,0.0,0.0,0.0,6.01040479658948,0.9988466217299605,0.9988466217299605,0.0,0.0,0.096,-0.10000183490806634
2016.0,306.0,16.5,0.0,0.0,0.0,0.0,0.0,0.0,0.0,6.01040479658948,0.9988466217299605,0.9988466217299605,0.0,0.0,0.0955,-0.10355774227718577
2016.0,306.0,17.0,0.0,0.0,0.0,0.0,0.0,0.0,0.0,6.01040479658948,0.9988466217299605,0.9988466217299605,0.0,0.0,0.095,-0.10725976358096488
2016,306,17.5,-2.6507318604233383,2.956860767988201,22.972017229430524,0.13556951638074644,-0.2576494867388142,19.660197279949653,False,6.010355870165757,0.9995261850448914,0.9995261850448914,0.0,0.0,0.095,-0.10725976358096488
2016.0,306.0,18.0,0.0,0.0,0.0,0.0,0.0,0.0,0.0,6.010355870165757,0.9995261850448914,0.9995261850448914,0.0,0.0,0.095,-0.10725976358096488
2016.0,306.0,18.5,0.0,0.0,0.0,0.0,0.0,0.0,0.0,6.010355870165757,0.9995261850448914,0.9995261850448914,0.0,0.0,0.095,-0.10725976358096488
2016.0,306.0,19.0,0.0,0.0,0.0,0.0,0.0,0.0,0.0,6.010355870165757,0.9995261850448914,0.9995261850448914,0.0,0.0,0.095,-0.10725976358096488
2016.0,306.0,19.5,0.0,0.0,0.0,0.0,0.0,0.0,0.0,6.010355870165757,0.9995261850448914,0.9995261850448914,0.0,0.0,0.095,-0.10725976358096488
2016.0,306.0,20.0,0.0,0.0,0.0,0.0,0.0,0.0,0.0,6.010355870165757,0.9995261850448914,0.9995261850448914,0.0,0.0,0.095,-0.10725976358096488
2016.0,306.0,20.5,0.0,0.0,0.0,0.0,0.0,0.0,0.0,6.010355870165757,0.9995261850448914,0.9995261850448914,0.0,0.0,0.095,-0.10725976358096488
2016.0,306.0,21.0,0.0,0.0,0.0,0.0,0.0,0.0,0.0,6.010355870165757,0.9995261850448914,0.9995261850448914,0.0,0.0,0.095,-0.10725976358096488
2016.0,306.0,21.5,0.0,0.0,0.0,0.0,0.0,0.0,0.0,6.010355870165757,0.9995261850448914,0.9995261850448914,0.0,0.0,0.095,-0.10725976358096488
2016.0,306.0,22.0,0.0,0.0,0.0,0.0,0.0,0.0,0.0,6.010355870165757,0.9995261850448914,0.9995261850448914,0.0,0.0,0.095,-0.10725976358096488
2016.0,306.0,22.5,0.0,0.0,0.0,0.0,0.0,0.0,0.0,6.010355870165757,0.9995261850448914,0.9995261850448914,0.0,0.0,0.095,-0.10725976358096488
2016.0,306.0,23.0,0.0,0.0,0.0,0.0,0.0,0.0,0.0,6.010355870165757,0.9995261850448914,0.9995261850448914,0.0,0.0,0.095,-0.10725976358096488
2016.0,306.0,23.5,0.0,0.0,0.0,0.0,0.0,0.0,0.0,6.010355870165757,0.9995261850448914,0.9995261850448914,0.0,0.0,0.095,-0.10725976358096488
2016.0,307.0,0.0,0.0,0.0,0.0,0.0,0.0,0.0,0.0,6.010355870165757,0.9995261850448914,0.9995261850448914,0.0,0.0,0.095,-0.10725976358096488
2016.0,307.0,0.5,0.0,0.0,0.0,0.0,0.0,0.0,0.0,6.010355870165757,0.9995261850448914,0.9995261850448914,0.0,0.0,0.094,-0.11512978840235837
2016.0,307.0,1.0,0.0,0.0,0.0,0.0,0.0,0.0,0.0,6.010355870165757,0.9995261850448914,0.9995261850448914,0.0,0.0,0.094,-0.11512978840235837
2016.0,307.0,1.5,0.0,0.0,0.0,0.0,0.0,0.0,0.0,6.010355870165757,0.9995261850448914,0.9995261850448914,0.0,0.0,0.094,-0.11512978840235837
2016.0,307.0,2.0,0.0,0.0,0.0,0.0,0.0,0.0,0.0,6.010355870165757,0.9995261850448914,0.9995261850448914,0.0,0.0,0.094,-0.11512978840235837
2016.0,307.0,2.5,0.0,0.0,0.0,0.0,0.0,0.0,0.0,6.010355870165757,0.9995261850448914,0.9995261850448914,0.0,0.0,0.094,-0.11512978840235837
2016.0,307.0,3.0,0.0,0.0,0.0,0.0,0.0,0.0,0.0,6.010355870165757,0.9995261850448914,0.9995261850448914,0.0,0.0,0.094,-0.11512978840235837
2016.0,307.0,3.5,0.0,0.0,0.0,0.0,0.0,0.0,0.0,6.010355870165757,0.9995261850448914,0.9995261850448914,0.0,0.0,0.094,-0.11512978840235837
2016.0,307.0,4.0,0.0,0.0,0.0,0.0,0.0,0.0,0.0,6.010355870165757,0.9995261850448914,0.9995261850448914,0.0,0.0,0.094,-0.11512978840235837
2016.0,307.0,4.5,0.0,0.0,0.0,0.0,0.0,0.0,0.0,6.010355870165757,0.9995261850448914,0.9995261850448914,0.0,0.0,0.094,-0.11512978840235837
2016,307,5.0,-0.4453973999465602,0.6969659974469129,28.20829993876961,0.3092266331932722,-0.1526876713283966,6.449987336653768,False,6.010296541963572,0.9998775825830852,0.9998775825830852,0.0,0.0,0.094,-0.11512978840235837
2016,307,5.5,1.5477669027147225,0.9460571007576855,42.03378872354078,0.3950249171029289,-0.1526876713283966,7.239783083268309,False,6.010296541963572,0.9998775825830852,0.9998775825830852,0.0,0.0,0.094,-0.11512978840235837
2016,307,6.0,9.596537349685764,2.004286201334928,41.266151228729015,0.822215369455035,-0.19024555425443485,10.54402570662855,False,6.010296541963572,0.9997837715569168,0.9997837715569168,0.0,0.033853453861166186,0.094,-0.11512978840235837
2016,307,6.5,15.58876668096234,3.793864994878814,41.672499724652624,1.6584524508315739,-0.3029192030325496,11.914446554669414,False,6.010296541963572,0.9992798581724083,0.9992798581724083,0.0,0.06843688372181743,0.094,-0.11512978840235837
2016,307,7.0,20.58826911866428,4.228279449547484,38.811223218540334,0.6101490985096022,-0.3029192030325496,14.918476538502317,False,6.010296541963572,0.9992798581724083,0.9992798581724083,0.0,0.11194769591624061,0.094,-0.11512978840235837
2016,307,7.5,18.74871231408325,4.438805597684506,38.93536798451029,0.4323885122975332,-0.3029192030325496,16.22623367350228,False,6.010296541963572,0.9992798581724083,0.9992798581724083,0.0,0.09108790145214751,0.094,-0.11512978840235837
2016,307,8.0,24.3068798840322,5.320513666576554,36.18195561892385,0.3389112152835872,-0.34047708595858783,18.696095061462042,False,6.010296541963572,0.999025719591243,0.999025719591243,0.0,0.14381418551093778,0.094,-0.11512978840235837
2016,307,8.5,27.586934966268586,6.579085408267406,35.59036535171229,0.3415703936882667,-0.41559285181066435,20.46987022307529,False,6.010296541963572,0.9983687223542185,0.9983687223542185,0.0,0.18527453440564953,0.094,-0.11512978840235837
2016,307,9.0,30.53889499073619,6.573973220373673,33.31552841691196,0.2814597966591776,-0.41559285181066435,22.027582891364585,False,6.010296541963572,0.9983687223542185,0.9983687223542185,0.0,0.25037330668498337,0.094,-0.11512978840235837
2016,307,9.5,28.01267433885135,5.7976620377132395,30.566815748684384,0.19018775801932042,-0.3862756253057053,24.055362245151574,False,6.010224452953473,0.9986498045810217,0.9986498045810217,0.0,0.2423418348416827,0.093,-0.12367088542212278
2016,307,10.0,24.500842358579153,5.404987582230379,31.077566539143334,0.1672533950033992,-0.3862756253057053,24.262386454960236,False,6.010224452953473,0.9986498045810217,0.9986498045810217,0.0,0.1816445116462289,0.093,-0.12367088542212278
2016,307,10.5,25.04305405764911,5.0826506862394325,29.68875489246748,0.15093850169031797,-0.34876066246519355,24.74376273181231,False,6.010224452953473,0.9989632402991888,0.9989632402991888,0.0,0.19840964704820438,0.093,-0.12367088542212278
2016,307,11.0,14.2280738974768,4.9258029257231275,26.097360732835984,0.13982993299652005,-0.34876066246519355,26.01934396150741,False,6.010224452953473,0.9989632402991888,0.9989632402991888,0.0,0.09688189040006176,0.093,-0.12367088542212278
2016,307,11.5,6.506166022594434,5.052228217435784,27.07665277218985,0.12643715440818037,-0.35316606875035783,26.712747351336567,False,6.01018273404007,0.9989290384336348,0.9989290384336348,0.0,0.060746828136978084,0.0925,-0.1282132473430953
2016,307,12.0,6.8761134773453705,5.597888836309205,27.308467642550024,0.13341888375973593,-0.39522683138197207,27.52197188554842,False,6.010136674873935,0.9985674244902343,0.9985674244902343,0.0,0.06871949250709701,0.092,-0.13294843755325347
2016,307,12.5,1.2513638437102008,7.551528418793097,24.62734072590493,0.17925539155081702,-0.4701635153330345,27.373400979411095,False,6.010136674873935,0.9977560629759842,0.9977560629759842,0.0,0.02278275124429861,0.092,-0.13294843755325347
2016,307,13.0,8.609743212064373,7.660471445878822,30.20359491167305,0.174980066511415,-0.4701635153330345,27.736183814793286,False,6.010136674873935,0.9977560629759842,0.9977560629759842,0.0,0.07665580062819145,0.092,-0.13294843755325347
2016,307,13.5,0.4549239656153641,8.18417281986795,24.141904246926742,0.19067679722349012,-0.5076318573085657,27.2151520082846,False,6.010136674873935,0.9972644031112725,0.9972644031112725,0.0,0.014111721202788283,0.092,-0.13294843755325347
2016,307,14.0,5.361636737100561,9.232518539914247,26.273834198042437,0.21354748068055254,-0.5497646018972185,27.5189411738001,False,6.010085796588534,0.9966387577842866,0.9966387577842866,0.0,0.04944218391977674,0.0915,-0.137885757340547
2016,307,14.5,20.3863740339564,7.839430384583037,33.02202668886815,0.17993889961001666,-0.5172115678230937,27.40236339494396,False,6.010029564437902,0.9971290357770821,0.9971290357770821,0.0,0.16096554072078803,0.091,-0.14303501105796806
2016,307,15.0,13.337550815590973,5.96699219618885,34.18264798924532,0.13170856033224454,-0.40495860079355606,27.113794700739113,False,6.010029564437902,0.9984744467361492,0.9984744467361492,0.0,0.09335554455040491,0.091,-0.14303501105796806
2016.0,307.0,15.5,0.0,0.0,0.0,0.0,0.0,0.0,0.0,6.010029564437902,0.9984744467361492,0.9984744467361492,0.0,0.0,0.091,-0.14303501105796806
2016.0,307.0,16.0,0.0,0.0,0.0,0.0,0.0,0.0,0.0,6.010029564437902,0.9984744467361492,0.9984744467361492,0.0,0.0,0.091,-0.14303501105796806
2016.0,307.0,16.5,0.0,0.0,0.0,0.0,0.0,0.0,0.0,6.010029564437902,0.9984744467361492,0.9984744467361492,0.0,0.0,0.091,-0.14303501105796806
2016.0,307.0,17.0,0.0,0.0,0.0,0.0,0.0,0.0,0.0,6.010029564437902,0.9984744467361492,0.9984744467361492,0.0,0.0,0.09,-0.15401123611662587
2016.0,307.0,17.5,0.0,0.0,0.0,0.0,0.0,0.0,0.0,6.010029564437902,0.9984744467361492,0.9984744467361492,0.0,0.0,0.09,-0.15401123611662587
2016.0,307.0,18.0,0.0,0.0,0.0,0.0,0.0,0.0,0.0,6.010029564437902,0.9984744467361492,0.9984744467361492,0.0,0.0,0.09,-0.15401123611662587
2016.0,307.0,18.5,0.0,0.0,0.0,0.0,0.0,0.0,0.0,6.010029564437902,0.9984744467361492,0.9984744467361492,0.0,0.0,0.09,-0.15401123611662587
2016.0,307.0,19.0,0.0,0.0,0.0,0.0,0.0,0.0,0.0,6.010029564437902,0.9984744467361492,0.9984744467361492,0.0,0.0,0.09,-0.15401123611662587
2016.0,307.0,19.5,0.0,0.0,0.0,0.0,0.0,0.0,0.0,6.010029564437902,0.9984744467361492,0.9984744467361492,0.0,0.0,0.09,-0.15401123611662587
2016.0,307.0,20.0,0.0,0.0,0.0,0.0,0.0,0.0,0.0,6.010029564437902,0.9984744467361492,0.9984744467361492,0.0,0.0,0.09,-0.15401123611662587
2016.0,307.0,20.5,0.0,0.0,0.0,0.0,0.0,0.0,0.0,6.010029564437902,0.9984744467361492,0.9984744467361492,0.0,0.0,0.09,-0.15401123611662587
2016.0,307.0,21.0,0.0,0.0,0.0,0.0,0.0,0.0,0.0,6.010029564437902,0.9984744467361492,0.9984744467361492,0.0,0.0,0.09,-0.15401123611662587
2016.0,307.0,21.5,0.0,0.0,0.0,0.0,0.0,0.0,0.0,6.010029564437902,0.9984744467361492,0.9984744467361492,0.0,0.0,0.09,-0.15401123611662587
2016.0,307.0,22.0,0.0,0.0,0.0,0.0,0.0,0.0,0.0,6.010029564437902,0.9984744467361492,0.9984744467361492,0.0,0.0,0.09,-0.15401123611662587
2016.0,307.0,22.5,0.0,0.0,0.0,0.0,0.0,0.0,0.0,6.010029564437902,0.9984744467361492,0.9984744467361492,0.0,0.0,0.09,-0.15401123611662587
2016.0,307.0,23.0,0.0,0.0,0.0,0.0,0.0,0.0,0.0,6.010029564437902,0.9984744467361492,0.9984744467361492,0.0,0.0,0.09,-0.15401123611662587
2016.0,307.0,23.5,0.0,0.0,0.0,0.0,0.0,0.0,0.0,6.010029564437902,0.9984744467361492,0.9984744467361492,0.0,0.0,0.09,-0.15401123611662587
2016.0,308.0,0.0,0.0,0.0,0.0,0.0,0.0,0.0,0.0,6.010029564437902,0.9984744467361492,0.9984744467361492,0.0,0.0,0.09,-0.15401123611662587
2016.0,308.0,0.5,0.0,0.0,0.0,0.0,0.0,0.0,0.0,6.010029564437902,0.9984744467361492,0.9984744467361492,0.0,0.0,0.09,-0.15401123611662587
2016.0,308.0,1.0,0.0,0.0,0.0,0.0,0.0,0.0,0.0,6.010029564437902,0.9984744467361492,0.9984744467361492,0.0,0.0,0.09,-0.15401123611662587
2016.0,308.0,1.5,0.0,0.0,0.0,0.0,0.0,0.0,0.0,6.010029564437902,0.9984744467361492,0.9984744467361492,0.0,0.0,0.09,-0.15401123611662587
2016.0,308.0,2.0,0.0,0.0,0.0,0.0,0.0,0.0,0.0,6.010029564437902,0.9984744467361492,0.9984744467361492,0.0,0.0,0.09,-0.15401123611662587
2016.0,308.0,2.5,0.0,0.0,0.0,0.0,0.0,0.0,0.0,6.010029564437902,0.9984744467361492,0.9984744467361492,0.0,0.0,0.09,-0.15401123611662587
2016.0,308.0,3.0,0.0,0.0,0.0,0.0,0.0,0.0,0.0,6.010029564437902,0.9984744467361492,0.9984744467361492,0.0,0.0,0.09,-0.15401123611662587
2016.0,308.0,3.5,0.0,0.0,0.0,0.0,0.0,0.0,0.0,6.010029564437902,0.9984744467361492,0.9984744467361492,0.0,0.0,0.09,-0.15401123611662587
2016.0,308.0,4.0,0.0,0.0,0.0,0.0,0.0,0.0,0.0,6.010029564437902,0.9984744467361492,0.9984744467361492,0.0,0.0,0.0895,-0.15986061324751152
2016.0,308.0,4.5,0.0,0.0,0.0,0.0,0.0,0.0,0.0,6.010029564437902,0.9984744467361492,0.9984744467361492,0.0,0.0,0.089,-0.16596680679910064
2016,308,5.0,-0.5553046153898832,0.42625981567053,22.609235412432408,0.16983897133549383,-0.20326922732113517,7.341579895056284,False,6.0097380353013525,0.9997433743979696,0.9997433743979696,0.0,0.0,0.089,-0.16596680679910064
2016,308,5.5,1.181460373353628,1.0463511628576727,42.42359119511067,0.44394919556610246,-0.20326922732113517,8.359681774822374,False,6.0097380353013525,0.9997433743979696,0.9997433743979696,0.0,0.0,0.089,-0.16596680679910064
2016,308,6.0,9.347939650769296,1.8122028894935043,41.12545867529205,0.7562782404038572,-0.24057164784316967,10.963108282551808,False,6.0097380353013525,0.999603200783674,0.999603200783674,0.0,0.02928189865328138,0.089,-0.16596680679910064
2016,308,6.5,14.466353324255023,4.377663929333452,42.40091287932728,2.953647500074013,-0.35247890940927323,12.799618934158348,False,6.0097380353013525,0.9989344180815799,0.9989344180815799,0.0,0.05464474562730779,0.089,-0.16596680679910064
2016,308,7.0,20.164102262522526,3.451382723822392,38.60704780764071,0.5383841942073165,-0.3151764888872387,14.74588187549234,False,6.0097380353013525,0.9992020638155252,0.9992020638155252,0.0,0.09283486801973587,0.089,-0.16596680679910064
2016,308,7.5,9.463992995098723,4.820001119914263,40.99516735098754,0.5141132515190622,-0.38978132993130776,16.352135630199115,False,6.0097380353013525,0.9986178965447176,0.9986178965447176,0.0,0.03712599017212824,0.089,-0.16596680679910064
2016,308,8.0,25.213747304421247,4.9832033364136405,37.09300014672098,0.40489548995836333,-0.38978132993130776,18.499512469714595,False,6.0097380353013525,0.9986178965447176,0.9986178965447176,0.0,0.13351229000037343,0.089,-0.16596680679910064
2016,308,8.5,26.284676266179826,5.175600065280783,35.319967590306305,0.3067617862191572,-0.38978132993130776,20.37537436624945,False,6.0097380353013525,0.9986178965447176,0.9986178965447176,0.0,0.15118420599449203,0.089,-0.16596680679910064
2016,308,9.0,30.374835849399712,5.696707453578547,33.19726761605423,0.2736597645796478,-0.42708375045334224,22.05182562479969,False,6.0097380353013525,0.9982495671483748,0.9982495671483748,0.0,0.219212456230734,0.089,-0.16596680679910064
2016,308,9.5,30.26379281477233,5.717787295369682,32.74221232120909,0.24988300783317835,-0.42708375045334224,22.641651371206514,False,6.0097380353013525,0.9982495671483748,0.9982495671483748,0.0,0.2135335030394871,0.089,-0.16596680679910064
2016,308,10.0,24.506673954404043,6.103207921539832,34.40187043863414,0.23039813966151818,-0.43966005091892246,23.811139786570003,False,6.009540817674258,0.998113213345596,0.998113213345596,0.0,0.14807900129111407,0.088,-0.1790016182191552
2016,308,10.5,22.2446820154765,5.247593155081185,32.711248507762555,0.17179755000298394,-0.4024231319618129,24.840955504522903,False,6.009540817674258,0.9984990160031918,0.9984990160031918,0.0,0.14092706402137065,0.088,-0.1790016182191552
2016,308,11.0,15.268491163241885,5.272318764322276,27.300775433223478,0.1714095055694802,-0.4024231319618129,25.59965278040935,False,6.009540817674258,0.9984990160031918,0.9984990160031918,0.0,0.089908567403619,0.088,-0.1790016182191552
2016,308,11.5,8.22846789010774,4.984652715229617,30.22913208337703,0.1334705779440278,-0.4024231319618129,27.362504400640198,False,6.009540817674258,0.9984990160031918,0.9984990160031918,0.0,0.07081360257472995,0.088,-0.1790016182191552
2016,308,12.0,3.5119718386275283,4.671807160480847,24.25942848403932,0.11546632375998778,-0.4024231319618129,27.684292005992944,False,6.009540817674258,0.9984990160031918,0.9984990160031918,0.0,0.039901991352579734,0.088,-0.1790016182191552
2016,308,12.5,4.04072066077743,6.618382785114699,24.95669887960526,0.14804139701590305,-0.4905505360808148,28.739316107153662,False,6.0092979811929315,0.9974959339393408,0.9974959339393408,0.0,0.047261362399478056,0.087,-0.1932270615424628
2016,308,13.0,3.8833418406083418,7.349030534300573,25.137577480120108,0.16889303622743035,-0.5277159703981088,28.33211911095479,False,6.0092979811929315,0.9969759807468702,0.9969759807468702,0.0,0.04190151281096128,0.087,-0.1932270615424628
2016,308,13.5,0.9073722947150329,8.638400442167931,24.461086167545183,0.21575126550161366,-0.6020468390326968,27.32981454711191,False,6.0092979811929315,0.9957501441918948,0.9957501441918948,0.0,0.017220027946497907,0.087,-0.1932270615424628
2016,308,14.5,21.163004123579725,7.9180493407229635,32.977569537467524,0.18710538648202846,-0.5720971408454845,27.981000580267924,False,6.00915604229113,0.9962747254157913,0.9962747254157913,0.0,0.156102870783932,0.0865,-0.20082458265297198
2016,308,15.0,14.677398962865759,5.748917265722716,32.10106007863462,0.12091510627952956,-0.46837889251888964,28.46218021800766,False,6.008998259768314,0.9977780071768693,0.9977780071768693,0.0,0.1054917062246,0.086,-0.2087675009191212
2016.0,308.0,15.5,0.0,0.0,0.0,0.0,0.0,0.0,0.0,6.008998259768314,0.9977780071768693,0.9977780071768693,0.0,0.0,0.086,-0.2087675009191212
2016.0,308.0,16.0,0.0,0.0,0.0,0.0,0.0,0.0,0.0,6.008998259768314,0.9977780071768693,0.9977780071768693,0.0,0.0,0.086,-0.2087675009191212
2016.0,308.0,16.5,0.0,0.0,0.0,0.0,0.0,0.0,0.0,6.008998259768314,0.9977780071768693,0.9977780071768693,0.0,0.0,0.086,-0.2087675009191212
2016.0,308.0,17.0,0.0,0.0,0.0,0.0,0.0,0.0,0.0,6.008998259768314,0.9977780071768693,0.9977780071768693,0.0,0.0,0.086,-0.2087675009191212
2016.0,308.0,17.5,0.0,0.0,0.0,0.0,0.0,0.0,0.0,6.008998259768314,0.9977780071768693,0.9977780071768693,0.0,0.0,0.086,-0.2087675009191212
2016.0,308.0,18.0,0.0,0.0,0.0,0.0,0.0,0.0,0.0,6.008998259768314,0.9977780071768693,0.9977780071768693,0.0,0.0,0.086,-0.2087675009191212
2016.0,308.0,18.5,0.0,0.0,0.0,0.0,0.0,0.0,0.0,6.008998259768314,0.9977780071768693,0.9977780071768693,0.0,0.0,0.086,-0.2087675009191212
2016.0,308.0,19.0,0.0,0.0,0.0,0.0,0.0,0.0,0.0,6.008998259768314,0.9977780071768693,0.9977780071768693,0.0,0.0,0.085,-0.22576196041911914
2016.0,308.0,19.5,0.0,0.0,0.0,0.0,0.0,0.0,0.0,6.008998259768314,0.9977780071768693,0.9977780071768693,0.0,0.0,0.085,-0.22576196041911914
2016.0,308.0,20.0,0.0,0.0,0.0,0.0,0.0,0.0,0.0,6.008998259768314,0.9977780071768693,0.9977780071768693,0.0,0.0,0.085,-0.22576196041911914
2016.0,308.0,20.5,0.0,0.0,0.0,0.0,0.0,0.0,0.0,6.008998259768314,0.9977780071768693,0.9977780071768693,0.0,0.0,0.085,-0.22576196041911914
2016.0,308.0,21.0,0.0,0.0,0.0,0.0,0.0,0.0,0.0,6.008998259768314,0.9977780071768693,0.9977780071768693,0.0,0.0,0.085,-0.22576196041911914
2016.0,308.0,21.5,0.0,0.0,0.0,0.0,0.0,0.0,0.0,6.008998259768314,0.9977780071768693,0.9977780071768693,0.0,0.0,0.085,-0.22576196041911914
2016.0,308.0,22.0,0.0,0.0,0.0,0.0,0.0,0.0,0.0,6.008998259768314,0.9977780071768693,0.9977780071768693,0.0,0.0,0.085,-0.22576196041911914
2016.0,308.0,22.5,0.0,0.0,0.0,0.0,0.0,0.0,0.0,6.008998259768314,0.9977780071768693,0.9977780071768693,0.0,0.0,0.085,-0.22576196041911914
2016.0,308.0,23.0,0.0,0.0,0.0,0.0,0.0,0.0,0.0,6.008998259768314,0.9977780071768693,0.9977780071768693,0.0,0.0,0.085,-0.22576196041911914
2016.0,308.0,23.5,0.0,0.0,0.0,0.0,0.0,0.0,0.0,6.008998259768314,0.9977780071768693,0.9977780071768693,0.0,0.0,0.085,-0.22576196041911914
2016.0,309.0,0.0,0.0,0.0,0.0,0.0,0.0,0.0,0.0,6.008998259768314,0.9977780071768693,0.9977780071768693,0.0,0.0,0.085,-0.22576196041911914
2016.0,309.0,0.5,0.0,0.0,0.0,0.0,0.0,0.0,0.0,6.008998259768314,0.9977780071768693,0.9977780071768693,0.0,0.0,0.085,-0.22576196041911914
2016.0,309.0,1.0,0.0,0.0,0.0,0.0,0.0,0.0,0.0,6.008998259768314,0.9977780071768693,0.9977780071768693,0.0,0.0,0.085,-0.22576196041911914
2016.0,309.0,1.5,0.0,0.0,0.0,0.0,0.0,0.0,0.0,6.008998259768314,0.9977780071768693,0.9977780071768693,0.0,0.0,0.085,-0.22576196041911914
2016.0,309.0,2.0,0.0,0.0,0.0,0.0,0.0,0.0,0.0,6.008998259768314,0.9977780071768693,0.9977780071768693,0.0,0.0,0.085,-0.22576196041911914
2016.0,309.0,2.5,0.0,0.0,0.0,0.0,0.0,0.0,0.0,6.008998259768314,0.9977780071768693,0.9977780071768693,0.0,0.0,0.085,-0.22576196041911914
2016.0,309.0,3.0,0.0,0.0,0.0,0.0,0.0,0.0,0.0,6.008998259768314,0.9977780071768693,0.9977780071768693,0.0,0.0,0.085,-0.22576196041911914
2016.0,309.0,3.5,0.0,0.0,0.0,0.0,0.0,0.0,0.0,6.008998259768314,0.9977780071768693,0.9977780071768693,0.0,0.0,0.085,-0.22576196041911914
2016.0,309.0,4.0,0.0,0.0,0.0,0.0,0.0,0.0,0.0,6.008998259768314,0.9977780071768693,0.9977780071768693,0.0,0.0,0.085,-0.22576196041911914
2016.0,309.0,4.5,0.0,0.0,0.0,0.0,0.0,0.0,0.0,6.008998259768314,0.9977780071768693,0.9977780071768693,0.0,0.0,0.085,-0.22576196041911914
2016,309,5.0,-1.5744236193579217,0.936332841298284,21.8828086435623,0.20328188037958336,-0.2627639027822591,13.836165582531116,False,6.008627424897719,0.9995014743643458,0.9995014743643458,0.0,0.0,0.085,-0.22576196041911914
2016,309,5.5,-0.2857141539572057,0.8902767287128133,26.448862131064192,0.19403096309034684,-0.2627639027822591,14.311623986716132,False,6.008627424897719,0.9995014743643458,0.9995014743643458,0.0,0.0,0.085,-0.22576196041911914
2016,309,6.0,7.783860503464008,1.1099207326471765,36.3307415246777,0.18445295357056707,-0.2627639027822591,16.844840264976867,False,6.008627424897719,0.9995014743643458,0.9995014743643458,0.0,0.02899437444606318,0.085,-0.22576196041911914
2016,309,6.5,11.932484807662034,4.3120166055136835,41.95713177899063,1.3950596958191648,-0.4107716722348189,18.630086008432073,False,6.008627424897719,0.9984171915378194,0.9984171915378194,0.0,0.051044161103167014,0.085,-0.22576196041911914
2016,309,7.0,15.075741492674675,5.200581186146546,41.285267168987104,0.8941522650303051,-0.44777361459795884,20.272157671742434,False,6.008627424897719,0.9980219014367796,0.9980219014367796,0.0,0.06772466820065087,0.085,-0.22576196041911914
2016,309,7.5,12.628075150250467,5.832565838762603,41.38048085296482,0.6139419622891367,-0.48477555696109875,21.47584057872407,False,6.008627424897719,0.9975713947511398,0.9975713947511398,0.0,0.05869918646382647,0.085,-0.22576196041911914
2016,309,8.0,14.724657292746286,6.363087920404848,40.59331982452637,0.4877551037440852,-0.5396336894359447,22.44664774497481,False,6.008167458465718,0.9967964115081644,0.9967964115081644,0.0,0.07103039726707351,0.084,-0.24436605378157714
2016,309,8.5,21.600495150062773,6.2852178516265225,35.227673954597535,0.24919975560835048,-0.5396336894359447,26.11789257736301,False,6.008167458465718,0.9967964115081644,0.9967964115081644,0.0,0.13525769965273016,0.084,-0.24436605378157714
2016,309,9.0,22.802967302941177,4.981301962682139,29.200496589460435,0.14380354984042248,-0.46581678052235276,27.989434002726995,False,6.008167458465718,0.9978092811980305,0.9978092811980305,0.0,0.2070435881696097,0.084,-0.24436605378157714
2016,309,9.5,20.97061850108082,4.8222817015560215,27.278109398031965,0.11125189697856014,-0.46581678052235276,29.337944638139135,False,6.008167458465718,0.9978092811980305,0.9978092811980305,0.0,0.22253303424330234,0.084,-0.24436605378157714
2016,309,10.0,18.51346317596396,4.819059125047276,27.295941558807527,0.09560674454228639,-0.46581678052235276,30.53618498389921,False,6.008167458465718,0.9978092811980305,0.9978092811980305,0.0,0.19025023289145682,0.084,-0.24436605378157714
2016,309,10.5,18.35206252100056,5.808183007496205,29.3055179441818,0.10746318845132599,-0.5123342681901754,31.153572219456745,False,6.007897126443789,0.9971984546402618,0.9971984546402618,0.0,0.17820523185253032,0.0835,-0.2543254163284225
2016,309,11.0,14.10898741456339,5.8211269557803345,31.645531530253074,0.09781283409015444,-0.5223962057746987,32.264720590148585,False,6.007595480939315,0.9970541001011342,0.9970541001011342,0.0,0.1344523232523912,0.083,-0.2647541953873816
2016,309,11.5,-1.0928137063599768,4.570834332930743,21.610660140155943,0.07418877517420627,-0.4855902042907963,32.258234842714685,False,6.007595480939315,0.9975608353767677,0.9975608353767677,0.0,0.02745713274602735,0.083,-0.2647541953873816
2016,309,12.0,1.118855741105203,3.926553937738579,20.433639541083565,0.06147445766270844,-0.44878420280689385,32.90513059647469,False,6.007595480939315,0.9980103426473175,0.9980103426473175,0.0,0.05332250999053801,0.083,-0.2647541953873816
2016,309,12.5,1.8420857307697105,3.828268747475159,20.05552308221284,0.05699452642133686,-0.44878420280689385,33.1588371992452,False,6.007595480939315,0.9980103426473175,0.9980103426473175,0.0,0.06493521860534503,0.083,-0.2647541953873816
2016,309,13.0,-0.4797171631346675,6.113979295350126,21.835067581840413,0.09358364219958346,-0.5696864286384635,33.000763439916824,False,6.007258674240376,0.9963151255120148,0.9963151255120148,0.0,0.034419332889490166,0.0825,-0.2756775464585471
2016,309,13.5,0.167493122754375,5.4480705181829885,20.815258924086997,0.07977072848873318,-0.5439773358548081,33.39782172113341,False,6.006882358603227,0.9967293838781599,0.9967293838781599,0.0,0.04462316145127311,0.082,-0.28712213750166166
2016,309,14.0,-0.16099499696204056,6.210129455024589,21.174871815914912,0.09311908251205081,-0.5806709356195434,32.93408461071681,False,6.006882358603227,0.9961288533562453,0.9961288533562453,0.0,0.03600216163233855,0.082,-0.28712213750166166
2016,309,14.5,12.896054037865838,5.638710879374726,30.335474945314974,0.08778108931297401,-0.5439773358548081,33.078031180713424,False,6.006882358603227,0.9967293838781599,0.9967293838781599,0.0,0.14122362181224885,0.082,-0.28712213750166166
2016,309,15.0,8.495127597714685,3.5764298675890536,29.139042245543862,0.05390177531222372,-0.4338965365606025,32.44012321453294,False,6.006882358603227,0.9981764794350869,0.9981764794350869,0.0,0.08868814444046688,0.082,-0.28712213750166166
2016.0,309.0,15.5,0.0,0.0,0.0,0.0,0.0,0.0,0.0,6.006882358603227,0.9981764794350869,0.9981764794350869,0.0,0.0,0.0815,-0.29911624987965013
2016.0,309.0,16.0,0.0,0.0,0.0,0.0,0.0,0.0,0.0,6.006882358603227,0.9981764794350869,0.9981764794350869,0.0,0.0,0.081,-0.31168988671555264
2016.0,309.0,16.5,0.0,0.0,0.0,0.0,0.0,0.0,0.0,6.006882358603227,0.9981764794350869,0.9981764794350869,0.0,0.0,0.081,-0.31168988671555264
2016.0,309.0,17.0,0.0,0.0,0.0,0.0,0.0,0.0,0.0,6.006882358603227,0.9981764794350869,0.9981764794350869,0.0,0.0,0.081,-0.31168988671555264
2016.0,309.0,17.5,0.0,0.0,0.0,0.0,0.0,0.0,0.0,6.006882358603227,0.9981764794350869,0.9981764794350869,0.0,0.0,0.081,-0.31168988671555264
2016.0,309.0,18.0,0.0,0.0,0.0,0.0,0.0,0.0,0.0,6.006882358603227,0.9981764794350869,0.9981764794350869,0.0,0.0,0.081,-0.31168988671555264
2016.0,309.0,18.5,0.0,0.0,0.0,0.0,0.0,0.0,0.0,6.006882358603227,0.9981764794350869,0.9981764794350869,0.0,0.0,0.081,-0.31168988671555264
2016.0,309.0,19.0,0.0,0.0,0.0,0.0,0.0,0.0,0.0,6.006882358603227,0.9981764794350869,0.9981764794350869,0.0,0.0,0.081,-0.31168988671555264
2016.0,309.0,19.5,0.0,0.0,0.0,0.0,0.0,0.0,0.0,6.006882358603227,0.9981764794350869,0.9981764794350869,0.0,0.0,0.081,-0.31168988671555264
2016.0,309.0,20.0,0.0,0.0,0.0,0.0,0.0,0.0,0.0,6.006882358603227,0.9981764794350869,0.9981764794350869,0.0,0.0,0.081,-0.31168988671555264
2016.0,309.0,20.5,0.0,0.0,0.0,0.0,0.0,0.0,0.0,6.006882358603227,0.9981764794350869,0.9981764794350869,0.0,0.0,0.081,-0.31168988671555264
2016.0,309.0,21.0,0.0,0.0,0.0,0.0,0.0,0.0,0.0,6.006882358603227,0.9981764794350869,0.9981764794350869,0.0,0.0,0.081,-0.31168988671555264
2016.0,309.0,21.5,0.0,0.0,0.0,0.0,0.0,0.0,0.0,6.006882358603227,0.9981764794350869,0.9981764794350869,0.0,0.0,0.081,-0.31168988671555264
2016.0,309.0,22.0,0.0,0.0,0.0,0.0,0.0,0.0,0.0,6.006882358603227,0.9981764794350869,0.9981764794350869,0.0,0.0,0.081,-0.31168988671555264
2016.0,309.0,22.5,0.0,0.0,0.0,0.0,0.0,0.0,0.0,6.006882358603227,0.9981764794350869,0.9981764794350869,0.0,0.0,0.081,-0.31168988671555264
2016.0,309.0,23.0,0.0,0.0,0.0,0.0,0.0,0.0,0.0,6.006882358603227,0.9981764794350869,0.9981764794350869,0.0,0.0,0.081,-0.31168988671555264
2016.0,309.0,23.5,0.0,0.0,0.0,0.0,0.0,0.0,0.0,6.006882358603227,0.9981764794350869,0.9981764794350869,0.0,0.0,0.081,-0.31168988671555264
2016.0,310.0,0.0,0.0,0.0,0.0,0.0,0.0,0.0,0.0,6.006882358603227,0.9981764794350869,0.9981764794350869,0.0,0.0,0.08,-0.3387050618989844
2016.0,310.0,0.5,0.0,0.0,0.0,0.0,0.0,0.0,0.0,6.006882358603227,0.9981764794350869,0.9981764794350869,0.0,0.0,0.08,-0.3387050618989844
2016.0,310.0,1.0,0.0,0.0,0.0,0.0,0.0,0.0,0.0,6.006882358603227,0.9981764794350869,0.9981764794350869,0.0,0.0,0.08,-0.3387050618989844
2016.0,310.0,1.5,0.0,0.0,0.0,0.0,0.0,0.0,0.0,6.006882358603227,0.9981764794350869,0.9981764794350869,0.0,0.0,0.08,-0.3387050618989844
2016.0,310.0,2.0,0.0,0.0,0.0,0.0,0.0,0.0,0.0,6.006882358603227,0.9981764794350869,0.9981764794350869,0.0,0.0,0.08,-0.3387050618989844
2016.0,310.0,2.5,0.0,0.0,0.0,0.0,0.0,0.0,0.0,6.006882358603227,0.9981764794350869,0.9981764794350869,0.0,0.0,0.08,-0.3387050618989844
2016.0,310.0,3.0,0.0,0.0,0.0,0.0,0.0,0.0,0.0,6.006882358603227,0.9981764794350869,0.9981764794350869,0.0,0.0,0.08,-0.3387050618989844
2016.0,310.0,3.5,0.0,0.0,0.0,0.0,0.0,0.0,0.0,6.006882358603227,0.9981764794350869,0.9981764794350869,0.0,0.0,0.08,-0.3387050618989844
2016.0,310.0,4.0,0.0,0.0,0.0,0.0,0.0,0.0,0.0,6.006882358603227,0.9981764794350869,0.9981764794350869,0.0,0.0,0.08,-0.3387050618989844
2016.0,310.0,4.5,0.0,0.0,0.0,0.0,0.0,0.0,0.0,6.006882358603227,0.9981764794350869,0.9981764794350869,0.0,0.0,0.08,-0.3387050618989844
2016.0,310.0,5.0,0.0,0.0,0.0,0.0,0.0,0.0,0.0,6.006882358603227,0.9981764794350869,0.9981764794350869,0.0,0.0,0.08,-0.3387050618989844
2016,310,5.5,-3.1303069066163767,0.6965733373010874,16.202972092136665,0.02536132681099627,-0.3751394509883562,22.403681651243808,False,6.004873425494034,0.998748154481172,0.998748154481172,0.0,0.0,0.08,-0.3387050618989844
2016,310,6.0,5.705445014032992,2.102718568657808,30.027603706706916,0.08770686554336252,-0.44800822916709976,23.88422296258978,False,6.004873425494034,0.9980192216628773,0.9980192216628773,0.0,0.03252257008749105,0.08,-0.3387050618989844
2016,310,6.5,1.7951053220698112,0.16604166431569622,14.677178487332661,0.005580511718158858,-0.3387050618989844,25.37655059935225,False,6.004873425494034,0.9990387772462639,0.9990387772462639,0.0,0.031165976027757315,0.08,-0.3387050618989844
2016,310,7.0,7.494220230883791,1.4959794241928448,22.49614435392962,0.03890592264417291,-0.41157384007772796,28.193459569856817,False,6.004873425494034,0.99840918907055,0.99840918907055,0.0,0.09092762100276594,0.08,-0.3387050618989844
2016,310,7.5,10.191052768591916,3.3006659566649827,30.518861402777375,0.07987904261591841,-0.4844426182564715,28.50238074588274,False,6.004873425494034,0.9975757022029372,0.9975757022029372,0.0,0.06886258798354092,0.08,-0.3387050618989844
2016,310,8.0,9.83939744131444,6.233850795040527,37.15327339794952,0.14545857639850168,-0.6587262334384592,27.855235139579122,False,6.003468772688998,0.9946393194681795,0.9946393194681795,0.0,0.05324851009891515,0.079,-0.36844676716639596
2016,310,8.5,18.992634220175283,7.6818434817653,33.39329056791014,0.17893445108835826,-0.731296100006475,28.026546018651317,False,6.003468772688998,0.9929809316998576,0.9929809316998576,0.0,0.10848191044816248,0.079,-0.36844676716639596
2016,310,9.0,24.19447360318185,8.534443782600631,31.601018396745175,0.1911525011872362,-0.7675810332904829,28.28562568113616,False,6.003468772688998,0.9920478667641133,0.9920478667641133,0.0,0.17216740254903612,0.079,-0.36844676716639596
2016,310,9.5,24.132496302857227,8.422206442067809,31.012800196751485,0.17364953851625922,-0.7675810332904829,29.10975013890419,False,6.003468772688998,0.9920478667641133,0.9920478667641133,0.0,0.183100891329611,0.079,-0.36844676716639596
2016,310,10.0,19.32445996041467,7.633316228341461,33.29801377559052,0.16223420518948925,-0.731296100006475,28.566551661957398,False,6.003468772688998,0.9929809316998576,0.9929809316998576,0.0,0.11087250836004664,0.079,-0.36844676716639596
2016,310,10.5,21.636290062874796,7.46588797262346,32.29224232408653,0.1633692012639747,-0.7263118044988913,28.352982577835704,False,6.00169809116957,0.9931036016324198,0.9931036016324198,0.0,0.1283048644939398,0.078,-0.4012300667322298
2016,310,11.0,6.5923404447671725,7.095970618238969,26.91732965865681,0.15661419105562396,-0.7263118044988913,28.715226863114523,False,6.00169809116957,0.9931036016324198,0.9931036016324198,0.0,0.04934389389082004,0.078,-0.4012300667322298
2016,310,11.5,4.584721298805133,6.29377536696334,25.54123121059114,0.1470458276522476,-0.6901916114137068,28.09879163732611,False,6.00169809116957,0.9939536117481474,0.9939536117481474,0.0,0.036147886204251745,0.078,-0.4012300667322298
2016,310,12.0,2.124920510268084,6.209776337084901,24.561146969680514,0.14995919834633414,-0.6901916114137068,27.869760242773417,False,6.00169809116957,0.9939536117481474,0.9939536117481474,0.0,0.022782716170929716,0.078,-0.4012300667322298
2016,310,12.5,15.568749042429264,7.150809815906402,35.53891249529329,0.16289025959755044,-0.7263118044988913,28.409699085424386,False,6.00169809116957,0.9931036016324198,0.9931036016324198,0.0,0.07880363691857357,0.078,-0.4012300667322298
2016,310,13.0,4.498836872820672,7.496835007744808,25.57443168851102,0.17352763204283977,-0.7608565712639426,28.111155525763778,False,5.999459507799009,0.9922261459062455,0.9922261459062455,0.0,0.03256746673430352,0.077,-0.4374111645545728
2016,310,13.5,6.866316510963218,8.23665853809232,27.372402194099596,0.19525177920587033,-0.7967949497872058,27.97833508079245,False,5.999459507799009,0.991244601861257,0.991244601861257,0.0,0.04324994642018057,0.077,-0.4374111645545728
2016,310,14.0,16.919299506228022,8.032484740813729,35.370926526651374,0.18310722019296366,-0.7967949497872058,28.496139829364203,False,5.999459507799009,0.991244601861257,0.991244601861257,0.0,0.08703270263956715,0.077,-0.4374111645545728
2016,310,14.5,18.429647573901384,7.137860224011684,33.862396595895476,0.17347200886065972,-0.7608565712639426,28.106883576039493,False,5.999459507799009,0.9922261459062455,0.9922261459062455,0.0,0.09417473068161614,0.077,-0.4374111645545728
2016,310,15.0,10.709516082877471,4.912418231814479,34.46736103540464,0.10690350151357447,-0.671942580440896,28.038294664773304,False,5.998124908755635,0.9943574243978672,0.9943574243978672,0.0,0.049499805179072,0.0765,-0.4568999096561373
2016.0,310.0,15.5,0.0,0.0,0.0,0.0,0.0,0.0,0.0,5.998124908755635,0.9943574243978672,0.9943574243978672,0.0,0.0,0.076,-0.47739341090022597
2016.0,310.0,16.0,0.0,0.0,0.0,0.0,0.0,0.0,0.0,5.998124908755635,0.9943574243978672,0.9943574243978672,0.0,0.0,0.076,-0.47739341090022597
2016.0,310.0,16.5,0.0,0.0,0.0,0.0,0.0,0.0,0.0,5.998124908755635,0.9943574243978672,0.9943574243978672,0.0,0.0,0.076,-0.47739341090022597
2016.0,310.0,17.0,0.0,0.0,0.0,0.0,0.0,0.0,0.0,5.998124908755635,0.9943574243978672,0.9943574243978672,0.0,0.0,0.076,-0.47739341090022597
2016.0,310.0,17.5,0.0,0.0,0.0,0.0,0.0,0.0,0.0,5.998124908755635,0.9943574243978672,0.9943574243978672,0.0,0.0,0.076,-0.47739341090022597
2016.0,310.0,18.0,0.0,0.0,0.0,0.0,0.0,0.0,0.0,5.998124908755635,0.9943574243978672,0.9943574243978672,0.0,0.0,0.076,-0.47739341090022597
2016.0,310.0,18.5,0.0,0.0,0.0,0.0,0.0,0.0,0.0,5.998124908755635,0.9943574243978672,0.9943574243978672,0.0,0.0,0.076,-0.47739341090022597
2016.0,310.0,19.0,0.0,0.0,0.0,0.0,0.0,0.0,0.0,5.998124908755635,0.9943574243978672,0.9943574243978672,0.0,0.0,0.076,-0.47739341090022597
2016.0,310.0,19.5,0.0,0.0,0.0,0.0,0.0,0.0,0.0,5.998124908755635,0.9943574243978672,0.9943574243978672,0.0,0.0,0.076,-0.47739341090022597
2016.0,310.0,20.0,0.0,0.0,0.0,0.0,0.0,0.0,0.0,5.998124908755635,0.9943574243978672,0.9943574243978672,0.0,0.0,0.076,-0.47739341090022597
2016.0,310.0,20.5,0.0,0.0,0.0,0.0,0.0,0.0,0.0,5.998124908755635,0.9943574243978672,0.9943574243978672,0.0,0.0,0.076,-0.47739341090022597
2016.0,310.0,21.0,0.0,0.0,0.0,0.0,0.0,0.0,0.0,5.998124908755635,0.9943574243978672,0.9943574243978672,0.0,0.0,0.076,-0.47739341090022597
2016.0,310.0,21.5,0.0,0.0,0.0,0.0,0.0,0.0,0.0,5.998124908755635,0.9943574243978672,0.9943574243978672,0.0,0.0,0.076,-0.47739341090022597
2016.0,310.0,22.0,0.0,0.0,0.0,0.0,0.0,0.0,0.0,5.998124908755635,0.9943574243978672,0.9943574243978672,0.0,0.0,0.076,-0.47739341090022597
2016.0,310.0,22.5,0.0,0.0,0.0,0.0,0.0,0.0,0.0,5.998124908755635,0.9943574243978672,0.9943574243978672,0.0,0.0,0.076,-0.47739341090022597
2016.0,310.0,23.0,0.0,0.0,0.0,0.0,0.0,0.0,0.0,5.998124908755635,0.9943574243978672,0.9943574243978672,0.0,0.0,0.075,-0.521634281110708
2016.0,310.0,23.5,0.0,0.0,0.0,0.0,0.0,0.0,0.0,5.998124908755635,0.9943574243978672,0.9943574243978672,0.0,0.0,0.075,-0.521634281110708
2016.0,311.0,0.0,0.0,0.0,0.0,0.0,0.0,0.0,0.0,5.998124908755635,0.9943574243978672,0.9943574243978672,0.0,0.0,0.075,-0.521634281110708
2016.0,311.0,0.5,0.0,0.0,0.0,0.0,0.0,0.0,0.0,5.998124908755635,0.9943574243978672,0.9943574243978672,0.0,0.0,0.075,-0.521634281110708
2016.0,311.0,1.0,0.0,0.0,0.0,0.0,0.0,0.0,0.0,5.998124908755635,0.9943574243978672,0.9943574243978672,0.0,0.0,0.075,-0.521634281110708
2016.0,311.0,1.5,0.0,0.0,0.0,0.0,0.0,0.0,0.0,5.998124908755635,0.9943574243978672,0.9943574243978672,0.0,0.0,0.075,-0.521634281110708
2016.0,311.0,2.0,0.0,0.0,0.0,0.0,0.0,0.0,0.0,5.998124908755635,0.9943574243978672,0.9943574243978672,0.0,0.0,0.075,-0.521634281110708
2016.0,311.0,2.5,0.0,0.0,0.0,0.0,0.0,0.0,0.0,5.998124908755635,0.9943574243978672,0.9943574243978672,0.0,0.0,0.075,-0.521634281110708
2016.0,311.0,3.0,0.0,0.0,0.0,0.0,0.0,0.0,0.0,5.998124908755635,0.9943574243978672,0.9943574243978672,0.0,0.0,0.075,-0.521634281110708
2016.0,311.0,3.5,0.0,0.0,0.0,0.0,0.0,0.0,0.0,5.998124908755635,0.9943574243978672,0.9943574243978672,0.0,0.0,0.075,-0.521634281110708
2016.0,311.0,4.0,0.0,0.0,0.0,0.0,0.0,0.0,0.0,5.998124908755635,0.9943574243978672,0.9943574243978672,0.0,0.0,0.075,-0.521634281110708
2016.0,311.0,4.5,0.0,0.0,0.0,0.0,0.0,0.0,0.0,5.998124908755635,0.9943574243978672,0.9943574243978672,0.0,0.0,0.075,-0.521634281110708
2016,311,5.0,-2.173049595173312,0.3540654424159714,11.060787849118917,0.01987551166703681,-0.521634281110708,16.087982851548688,False,5.9930108606319585,0.9970651865549935,0.9970651865549935,0.0,0.0,0.075,-0.521634281110708
2016,311,5.5,-1.0895886715212202,0.7155589074694508,18.97916570169491,0.04130488935699611,-0.5571494278924831,16.874272774119763,False,5.9930108606319585,0.9965209085252117,0.9965209085252117,0.0,0.0,0.075,-0.521634281110708
2016,311,6.0,8.00290340744115,1.7254785067595582,29.412341352737634,0.10585314445522406,-0.5926645746742584,19.29001603415859,False,5.9930108606319585,0.9959190247424068,0.9959190247424068,0.0,0.02684862194148999,0.075,-0.521634281110708
2016,311,6.5,3.2019331741948642,0.18363880845914024,13.078459625571737,0.00917340012875928,-0.521634281110708,20.570938804274377,False,5.9930108606319585,0.9970651865549935,0.9970651865549935,0.0,0.019814653412748205,0.075,-0.521634281110708
2016,311,7.0,14.117580192487225,1.862252744935587,24.661847298024657,0.08551895488271671,-0.5926645746742584,21.94569357820166,False,5.9930108606319585,0.9959190247424068,0.9959190247424068,0.0,0.07210858314068665,0.075,-0.521634281110708
2016,311,7.5,18.78078349797114,5.1869903078060275,33.637877370909294,0.2064572090109895,-0.7702403085831342,22.528769569187432,False,5.9930108606319585,0.9919766849231989,0.9919766849231989,0.0,0.07030801383975466,0.075,-0.521634281110708
2016,311,8.0,19.397289059146534,5.639941615693079,33.7620590114141,0.19600615161470414,-0.7932775612682605,23.707742229626582,False,5.990848958087585,0.991343808692096,0.991343808692096,0.0,0.0754644395825763,0.0745,-0.5455114336333129
2016,311,8.5,21.42715947699986,6.630812421204153,33.66649725886222,0.20504795025154104,-0.8880728712160049,24.681284402081992,False,5.988405286736491,0.9884252007751785,0.9884252007751785,0.0,0.08885009407125721,0.074,-0.5706534997675224
2016,311,9.0,26.6765509144441,7.292262804897231,31.316066421411854,0.20334537759395682,-0.8880728712160049,25.923449021343473,False,5.988405286736491,0.9884252007751785,0.9884252007751785,0.0,0.13657732407071635,0.074,-0.5706534997675224
2016,311,9.5,27.860369664968477,7.650081888177309,31.1697272925688,0.20253380109473157,-0.9233416902658363,26.285756461122958,False,5.988405286736491,0.987206102192436,0.987206102192436,0.0,0.14659304522658317,0.074,-0.5706534997675224
2016,311,10.0,18.42394539010035,7.161256747986529,34.816236594703035,0.18018538905831705,-0.8880728712160049,26.517915800752835,False,5.988405286736491,0.9884252007751785,0.9884252007751785,0.0,0.07273122873648238,0.074,-0.5706534997675224
2016,311,10.5,22.550233754285262,7.188061370938917,32.03860247685939,0.16593065044457905,-0.9133583631193467,27.66806395784121,False,5.985640967113905,0.9875586871506807,0.9875586871506807,0.0,0.10535359005463421,0.0735,-0.5971367254978646
2016,311,11.0,6.9282257238645855,6.249781765469098,27.60776815522395,0.14542444830220957,-0.9050065764473778,27.425635161382708,False,5.982511471525288,0.9878490851593043,0.9878490851593043,0.0,0.03331118860364513,0.073,-0.6250425172123373
2016,311,11.5,3.1169258696575297,5.994166384802062,24.435514237477328,0.1316788721471141,-0.9050065764473778,28.503959460960154,False,5.982511471525288,0.9878490851593043,0.9878490851593043,0.0,0.022267807753847065,0.073,-0.6250425172123373
2016,311,12.0,1.5718132020658886,5.398300273002025,23.572514422282588,0.11638362306327751,-0.8700110690429976,28.92097829830696,False,5.982511471525288,0.9890211267842591,0.9890211267842591,0.0,0.0177125940576178,0.073,-0.6250425172123373
2016,311,12.5,16.155720194867843,5.704268887616932,31.88306016103594,0.11521897837807306,-0.8700110690429976,29.672068163598134,False,5.982511471525288,0.9890211267842591,0.9890211267842591,0.0,0.07667132374230767,0.073,-0.6250425172123373
2016,311,13.0,2.587358397335888,6.832801075147122,24.05991773945243,0.14246941906769273,-0.968087055576969,29.23277384033915,False,5.978965766839114,0.9855519775761522,0.9855519775761522,0.0,0.02109347629901674,0.0725,-0.6544578297034795
2016,311,13.5,10.963653024908101,7.167553546112846,28.91095026788218,0.15912389058835866,-0.9977019990576557,29.327623568736684,False,5.974945323052049,0.9843898163919501,0.9843898163919501,0.0,0.04012891171488826,0.072,-0.6854755862964091
2016,311,14.0,16.38740224172554,7.153449544389151,33.86309361041994,0.14896862134417296,-0.9977019990576557,29.50836139302561,False,5.974945323052049,0.9843898163919501,0.9843898163919501,0.0,0.06818235889044168,0.072,-0.6854755862964091
2016,311,14.5,16.82631085823414,6.175333651161524,32.63273501623139,0.1394937737368785,-0.9630101754175171,28.972443625167703,False,5.974945323052049,0.9857457822138092,0.9857457822138092,0.0,0.07054145395360853,0.072,-0.6854755862964091
2016,311,15.0,9.53930746277487,3.9088023848485993,32.5680810413954,0.07830138863231403,-0.8589347044971016,28.936094341619537,False,5.974945323052049,0.98937717929139,0.98937717929139,0.0,0.03698755384118683,0.072,-0.6854755862964091
2016.0,311.0,15.5,0.0,0.0,0.0,0.0,0.0,0.0,0.0,5.974945323052049,0.98937717929139,0.98937717929139,0.0,0.0,0.072,-0.6854755862964091
2016.0,311.0,16.0,0.0,0.0,0.0,0.0,0.0,0.0,0.0,5.974945323052049,0.98937717929139,0.98937717929139,0.0,0.0,0.0715,-0.7181951340120418
2016.0,311.0,16.5,0.0,0.0,0.0,0.0,0.0,0.0,0.0,5.974945323052049,0.98937717929139,0.98937717929139,0.0,0.0,0.071,-0.752722736959751
2016.0,311.0,17.0,0.0,0.0,0.0,0.0,0.0,0.0,0.0,5.974945323052049,0.98937717929139,0.98937717929139,0.0,0.0,0.071,-0.752722736959751
2016.0,311.0,17.5,0.0,0.0,0.0,0.0,0.0,0.0,0.0,5.974945323052049,0.98937717929139,0.98937717929139,0.0,0.0,0.071,-0.752722736959751
2016.0,311.0,18.0,0.0,0.0,0.0,0.0,0.0,0.0,0.0,5.974945323052049,0.98937717929139,0.98937717929139,0.0,0.0,0.071,-0.752722736959751
2016.0,311.0,18.5,0.0,0.0,0.0,0.0,0.0,0.0,0.0,5.974945323052049,0.98937717929139,0.98937717929139,0.0,0.0,0.071,-0.752722736959751
2016.0,311.0,19.0,0.0,0.0,0.0,0.0,0.0,0.0,0.0,5.974945323052049,0.98937717929139,0.98937717929139,0.0,0.0,0.071,-0.752722736959751
2016.0,311.0,19.5,0.0,0.0,0.0,0.0,0.0,0.0,0.0,5.974945323052049,0.98937717929139,0.98937717929139,0.0,0.0,0.071,-0.752722736959751
2016.0,311.0,20.0,0.0,0.0,0.0,0.0,0.0,0.0,0.0,5.974945323052049,0.98937717929139,0.98937717929139,0.0,0.0,0.071,-0.752722736959751
2016.0,311.0,20.5,0.0,0.0,0.0,0.0,0.0,0.0,0.0,5.974945323052049,0.98937717929139,0.98937717929139,0.0,0.0,0.071,-0.752722736959751
2016.0,311.0,21.0,0.0,0.0,0.0,0.0,0.0,0.0,0.0,5.974945323052049,0.98937717929139,0.98937717929139,0.0,0.0,0.071,-0.752722736959751
2016.0,311.0,21.5,0.0,0.0,0.0,0.0,0.0,0.0,0.0,5.974945323052049,0.98937717929139,0.98937717929139,0.0,0.0,0.071,-0.752722736959751
2016.0,311.0,22.0,0.0,0.0,0.0,0.0,0.0,0.0,0.0,5.974945323052049,0.98937717929139,0.98937717929139,0.0,0.0,0.071,-0.752722736959751
2016.0,311.0,22.5,0.0,0.0,0.0,0.0,0.0,0.0,0.0,5.974945323052049,0.98937717929139,0.98937717929139,0.0,0.0,0.071,-0.752722736959751
2016.0,311.0,23.0,0.0,0.0,0.0,0.0,0.0,0.0,0.0,5.974945323052049,0.98937717929139,0.98937717929139,0.0,0.0,0.071,-0.752722736959751
2016.0,311.0,23.5,0.0,0.0,0.0,0.0,0.0,0.0,0.0,5.974945323052049,0.98937717929139,0.98937717929139,0.0,0.0,0.071,-0.752722736959751
2016.0,312.0,0.0,0.0,0.0,0.0,0.0,0.0,0.0,0.0,5.974945323052049,0.98937717929139,0.98937717929139,0.0,0.0,0.071,-0.752722736959751
2016.0,312.0,0.5,0.0,0.0,0.0,0.0,0.0,0.0,0.0,5.974945323052049,0.98937717929139,0.98937717929139,0.0,0.0,0.071,-0.752722736959751
2016.0,312.0,1.0,0.0,0.0,0.0,0.0,0.0,0.0,0.0,5.974945323052049,0.98937717929139,0.98937717929139,0.0,0.0,0.071,-0.752722736959751
2016.0,312.0,1.5,0.0,0.0,0.0,0.0,0.0,0.0,0.0,5.974945323052049,0.98937717929139,0.98937717929139,0.0,0.0,0.071,-0.752722736959751
2016.0,312.0,2.0,0.0,0.0,0.0,0.0,0.0,0.0,0.0,5.974945323052049,0.98937717929139,0.98937717929139,0.0,0.0,0.071,-0.752722736959751
2016.0,312.0,2.5,0.0,0.0,0.0,0.0,0.0,0.0,0.0,5.974945323052049,0.98937717929139,0.98937717929139,0.0,0.0,0.071,-0.752722736959751
2016.0,312.0,3.0,0.0,0.0,0.0,0.0,0.0,0.0,0.0,5.974945323052049,0.98937717929139,0.98937717929139,0.0,0.0,0.071,-0.752722736959751
2016.0,312.0,3.5,0.0,0.0,0.0,0.0,0.0,0.0,0.0,5.974945323052049,0.98937717929139,0.98937717929139,0.0,0.0,0.071,-0.752722736959751
2016.0,312.0,4.0,0.0,0.0,0.0,0.0,0.0,0.0,0.0,5.974945323052049,0.98937717929139,0.98937717929139,0.0,0.0,0.071,-0.752722736959751
2016.0,312.0,4.5,0.0,0.0,0.0,0.0,0.0,0.0,0.0,5.974945323052049,0.98937717929139,0.98937717929139,0.0,0.0,0.071,-0.752722736959751
2016,312,5.0,-1.0552215139936483,0.5940109380183269,24.772678068758566,0.11820181616127697,-0.7870766352196716,11.894059066897285,False,5.965201552757978,0.9915170345296784,0.9915170345296784,0.0,0.0,0.071,-0.752722736959751
2016,312,5.5,0.300611477099227,0.6924079584119192,27.907066524783097,0.13310301041332412,-0.8233428470440894,12.626990637606635,False,5.9593124327819185,0.99047354024923,0.99047354024923,0.0,0.0,0.0705,-0.7891721114701507
2016,312,6.0,9.413898723140264,1.3410894874882109,35.037059384206344,0.19617152249762884,-0.8956196147069634,15.509150612253308,False,5.952613677518991,0.9881705380795397,0.9881705380795397,0.0,0.019336203311300277,0.07,-0.8276650068290242
2016,312,6.5,6.880017217251529,2.4362401096616577,41.568017171109716,0.37531846363019217,-0.929596918645933,17.474398919878936,False,5.952613677518991,0.9869821421438798,0.9869821421438798,0.0,0.014526513060758023,0.07,-0.8276650068290242
2016,312,7.0,19.05665228532675,4.347723146786078,36.29177088523956,0.34522297865572715,-1.0315288304628416,19.59113002080123,False,5.952613677518991,0.982995540335057,0.982995540335057,0.0,0.0521828102873632,0.07,-0.8276650068290242
2016,312,7.5,21.832298403142687,5.228350308536907,35.5407233723056,0.31121957837639047,-1.065506134401811,21.20840452604893,False,5.952613677518991,0.9815222251585515,0.9815222251585515,0.0,0.06442540166595094,0.07,-0.8276650068290242
2016,312,8.0,23.14434488239533,5.373239388973511,33.308006338423745,0.2318773696841556,-1.065506134401811,23.351004227003063,False,5.952613677518991,0.9815222251585515,0.9815222251585515,0.0,0.0775940391178683,0.07,-0.8276650068290242
2016,312,8.5,21.914175745625368,4.56471461281875,33.282262100177434,0.19640524274624593,-1.0315288304628416,22.006057978740618,False,5.952613677518991,0.982995540335057,0.982995540335057,0.0,0.06088204597165377,0.07,-0.8276650068290242
2016,312,9.0,29.784281670077803,5.844160657679985,32.12340410458038,0.24106192149018318,-1.0994834383407808,22.57626353145251,False,5.952613677518991,0.9799748093382539,0.9799748093382539,0.0,0.10080560073495752,0.07,-0.8276650068290242
2016,312,9.5,31.768002197788526,6.308066085956309,32.60982537743797,0.26010696458077054,-1.1334607422797505,22.547257047919388,False,5.952613677518991,0.9783522335570559,0.9783522335570559,0.0,0.10802443324754005,0.07,-0.8276650068290242
2016,312,10.0,26.8048288392768,6.41792482329677,35.446885503692194,0.2877203784505897,-1.2133250493714063,22.088416717083454,False,5.936300521549757,0.9742366684442856,0.9742366684442856,0.0,0.07211142484226923,0.069,-0.9113123600460743
2016,312,10.5,28.341706098842295,6.41792482329677,35.464360620755556,0.30178458199586466,-1.2133250493714063,22.076227403632057,False,5.936300521549757,0.9742366684442856,0.9742366684442856,0.0,0.07776383427637404,0.069,-0.9113123600460743
2016,312,11.0,11.61768301489593,5.9893203868750735,40.00610938471722,0.29191968274988556,-1.1797680838908138,21.49242791917237,False,5.936300521549757,0.9760179949056559,0.9760179949056559,0.0,0.026577980046545144,0.069,-0.9113123600460743
2016,312,11.5,10.928841080231939,6.034690642066097,40.26005193190531,0.2897477208633378,-1.1797680838908138,21.62232624548963,False,5.936300521549757,0.9760179949056559,0.9760179949056559,0.0,0.02500368430412947,0.069,-0.9113123600460743
2016,312,12.0,4.767525866696621,6.746713684764043,26.943769476945786,0.1937183996698823,-1.2133250493714063,26.17543090207439,False,5.936300521549757,0.9742366684442856,0.9742366684442856,0.0,0.016986870235693206,0.069,-0.9113123600460743
2016,312,13.0,1.173826960274885,6.746713684764042,23.692947855728423,0.13996061544536376,-1.3026082999457214,29.27661056915963,False,5.9150947863990035,0.9691226183529907,0.9691226183529907,0.0,0.01222762236652719,0.068,-1.0048248172265413
2016,312,13.5,5.289905339800867,6.333208180483153,24.25318519529423,0.12489582086815451,-1.3026082999457214,29.62615300761358,False,5.9150947863990035,0.9691226183529907,0.9691226183529907,0.0,0.025209700721623044,0.068,-1.0048248172265413
2016,312,14.0,24.867598412671136,7.544154472605413,35.047839967310935,0.2622189589817901,-1.3687824072166503,24.19061956001473,False,5.9150947863990035,0.9649741396691697,0.9649741396691697,0.0,0.058126705871486745,0.068,-1.0048248172265413
2016,312,14.5,16.451728599888327,6.769880846974529,36.64204321951582,0.21185215543579666,-1.3026082999457214,24.481333110795553,False,5.9150947863990035,0.9691226183529907,0.9691226183529907,0.0,0.034882014947914014,0.068,-1.0048248172265413
2016,312,15.0,12.294789566226042,4.686519285700534,35.16700159564367,0.13169814359153353,-1.2364341926747926,24.605802174265527,False,5.9150947863990035,0.9729655453237807,0.9729655453237807,0.0,0.025539639370071206,0.068,-1.0048248172265413
2016,312,15.5,-1.736061066480091,3.3682657651253862,22.165212418896278,0.08915420601291801,-1.1702600854038636,24.54865372445261,False,5.9150947863990035,0.9765089336764861,0.9765089336764861,0.0,0.0,0.068,-1.0048248172265413
2016,312,16.0,-1.011130630046317,2.5359739650548914,20.638260072655342,0.06555797791596536,-1.187015850537448,24.467408572315172,False,5.902191394671284,0.9756396869543772,0.9756396869543772,0.0,0.0,0.0675,-1.0556900527908526
2016.0,312.0,16.5,0.0,0.0,0.0,0.0,0.0,0.0,0.0,5.902191394671284,0.9756396869543772,0.9756396869543772,0.0,0.0,0.0675,-1.0556900527908526
2016.0,312.0,17.0,0.0,0.0,0.0,0.0,0.0,0.0,0.0,5.902191394671284,0.9756396869543772,0.9756396869543772,0.0,0.0,0.067,-1.1095374308689805
2016.0,312.0,17.5,0.0,0.0,0.0,0.0,0.0,0.0,0.0,5.902191394671284,0.9756396869543772,0.9756396869543772,0.0,0.0,0.067,-1.1095374308689805
2016.0,312.0,18.0,0.0,0.0,0.0,0.0,0.0,0.0,0.0,5.902191394671284,0.9756396869543772,0.9756396869543772,0.0,0.0,0.067,-1.1095374308689805
2016.0,312.0,18.5,0.0,0.0,0.0,0.0,0.0,0.0,0.0,5.902191394671284,0.9756396869543772,0.9756396869543772,0.0,0.0,0.067,-1.1095374308689805
2016.0,312.0,19.0,0.0,0.0,0.0,0.0,0.0,0.0,0.0,5.902191394671284,0.9756396869543772,0.9756396869543772,0.0,0.0,0.067,-1.1095374308689805
2016.0,312.0,19.5,0.0,0.0,0.0,0.0,0.0,0.0,0.0,5.902191394671284,0.9756396869543772,0.9756396869543772,0.0,0.0,0.067,-1.1095374308689805
2016.0,312.0,20.0,0.0,0.0,0.0,0.0,0.0,0.0,0.0,5.902191394671284,0.9756396869543772,0.9756396869543772,0.0,0.0,0.067,-1.1095374308689805
2016.0,312.0,20.5,0.0,0.0,0.0,0.0,0.0,0.0,0.0,5.902191394671284,0.9756396869543772,0.9756396869543772,0.0,0.0,0.067,-1.1095374308689805
2016.0,312.0,21.0,0.0,0.0,0.0,0.0,0.0,0.0,0.0,5.902191394671284,0.9756396869543772,0.9756396869543772,0.0,0.0,0.067,-1.1095374308689805
2016.0,312.0,21.5,0.0,0.0,0.0,0.0,0.0,0.0,0.0,5.902191394671284,0.9756396869543772,0.9756396869543772,0.0,0.0,0.067,-1.1095374308689805
2016.0,312.0,22.0,0.0,0.0,0.0,0.0,0.0,0.0,0.0,5.902191394671284,0.9756396869543772,0.9756396869543772,0.0,0.0,0.067,-1.1095374308689805
2016.0,312.0,22.5,0.0,0.0,0.0,0.0,0.0,0.0,0.0,5.902191394671284,0.9756396869543772,0.9756396869543772,0.0,0.0,0.067,-1.1095374308689805
2016.0,312.0,23.0,0.0,0.0,0.0,0.0,0.0,0.0,0.0,5.902191394671284,0.9756396869543772,0.9756396869543772,0.0,0.0,0.067,-1.1095374308689805
2016.0,312.0,23.5,0.0,0.0,0.0,0.0,0.0,0.0,0.0,5.902191394671284,0.9756396869543772,0.9756396869543772,0.0,0.0,0.067,-1.1095374308689805
2016.0,313.0,0.0,0.0,0.0,0.0,0.0,0.0,0.0,0.0,5.902191394671284,0.9756396869543772,0.9756396869543772,0.0,0.0,0.067,-1.1095374308689805
2016.0,313.0,0.5,0.0,0.0,0.0,0.0,0.0,0.0,0.0,5.902191394671284,0.9756396869543772,0.9756396869543772,0.0,0.0,0.067,-1.1095374308689805
2016.0,313.0,1.0,0.0,0.0,0.0,0.0,0.0,0.0,0.0,5.902191394671284,0.9756396869543772,0.9756396869543772,0.0,0.0,0.067,-1.1095374308689805
2016.0,313.0,1.5,0.0,0.0,0.0,0.0,0.0,0.0,0.0,5.902191394671284,0.9756396869543772,0.9756396869543772,0.0,0.0,0.067,-1.1095374308689805
2016.0,313.0,2.0,0.0,0.0,0.0,0.0,0.0,0.0,0.0,5.902191394671284,0.9756396869543772,0.9756396869543772,0.0,0.0,0.067,-1.1095374308689805
2016.0,313.0,2.5,0.0,0.0,0.0,0.0,0.0,0.0,0.0,5.902191394671284,0.9756396869543772,0.9756396869543772,0.0,0.0,0.067,-1.1095374308689805
2016.0,313.0,3.0,0.0,0.0,0.0,0.0,0.0,0.0,0.0,5.902191394671284,0.9756396869543772,0.9756396869543772,0.0,0.0,0.067,-1.1095374308689805
2016.0,313.0,3.5,0.0,0.0,0.0,0.0,0.0,0.0,0.0,5.902191394671284,0.9756396869543772,0.9756396869543772,0.0,0.0,0.067,-1.1095374308689805
2016.0,313.0,4.0,0.0,0.0,0.0,0.0,0.0,0.0,0.0,5.902191394671284,0.9756396869543772,0.9756396869543772,0.0,0.0,0.067,-1.1095374308689805
2016.0,313.0,4.5,0.0,0.0,0.0,0.0,0.0,0.0,0.0,5.902191394671284,0.9756396869543772,0.9756396869543772,0.0,0.0,0.067,-1.1095374308689805
2016,313,5.0,-2.1022944257149847,0.6860990116502124,22.074048466752043,0.07337351581532534,-1.1420982904660408,16.993502390887826,False,5.8874480423459294,0.9779276454877466,0.9779276454877466,0.0,0.0,0.067,-1.1095374308689805
2016,313,5.5,-0.7167680048290402,0.8694574123164234,22.84309202869624,0.08957495644889871,-1.1420982904660408,17.8245880874382,False,5.8874480423459294,0.9779276454877466,0.9779276454877466,0.0,0.0,0.067,-1.1095374308689805
2016,313,6.0,5.09751357308096,1.700913748405566,39.13000924657085,0.1693852018031804,-1.174659150063101,19.80721777024614,False,5.8874480423459294,0.9762825440560096,0.9762825440560096,0.0,0.010400911570387694,0.067,-1.1095374308689805
2016,313,6.5,0.6377999572281969,0.9032401411650524,22.576936076385806,0.08658581453587932,-1.1420982904660408,20.41525178958443,False,5.8874480423459294,0.9779276454877466,0.9779276454877466,0.0,0.003976507983611113,0.067,-1.1095374308689805
2016,313,7.0,-1.1118380768229956,1.2452001965763828,22.954527295263095,0.11223812564803541,-1.2909311704230524,21.284661011890652,False,5.851305221906068,0.9698227827487214,0.9698227827487214,0.0,0.0010812559441200497,0.066,-1.226989877831571
2016,313,7.5,-1.3781396448599645,0.5131764065654809,20.59380267273716,0.041015234214028834,-1.1988403175187534,21.043421936189795,False,5.8705910572768865,0.9750148992760357,0.9750148992760357,0.0,7.349010700382304e-05,0.0665,-1.1665660338158987
2016,313,8.0,-0.4357508991217889,0.6724512280674398,20.360867928561387,0.04690403367229279,-1.2589605241273119,21.611969435685367,False,5.851305221906068,0.9716913172664727,0.9716913172664727,0.0,0.0022665200257089716,0.066,-1.226989877831571
2016,313,8.5,0.9159131309228794,0.9395894671251094,21.306759546051843,0.06551071819418568,-1.2589605241273119,22.279832724431458,False,5.851305221906068,0.9716913172664727,0.9716913172664727,0.0,0.006117553553578011,0.066,-1.226989877831571
2016,313,9.0,-0.32658780955537714,0.8167830902957155,21.863212878798677,0.06236440702614053,-1.2589605241273119,22.50347676179275,False,5.851305221906068,0.9716913172664727,0.9716913172664727,0.0,0.0035284009285860975,0.066,-1.226989877831571
2016,313,9.5,-0.8381184518062581,0.6453835274188771,22.03000045379444,0.05289923786430088,-1.2589605241273119,22.074563685859683,False,5.851305221906068,0.9716913172664727,0.9716913172664727,0.0,0.002284865877942859,0.066,-1.226989877831571
2016,313,10.0,1.5659686490786466,1.2081395500973409,23.185184254090874,0.08669913591629926,-1.2909311704230524,23.325023277599435,False,5.851305221906068,0.9698227827487214,0.9698227827487214,0.0,0.008933734589574678,0.066,-1.226989877831571
2016,313,10.5,5.837808940690456,1.1030199484082936,25.254551704656343,0.07200984513846291,-1.2909311704230524,24.325467117607595,False,5.851305221906068,0.9698227827487214,0.9698227827487214,0.0,0.020509812156925288,0.066,-1.226989877831571
2016,313,11.0,5.004280390712694,1.0301562423389319,24.35486989448917,0.03506483587992422,-1.2909311704230524,27.543441192617234,False,5.851305221906068,0.9698227827487214,0.9698227827487214,0.0,0.030963066544458965,0.066,-1.226989877831571
2016,313,11.5,4.642202536973478,2.4364147232128532,22.39464302012356,0.06960358177866774,-1.354872463014534,29.862326008351957,False,5.851305221906068,0.9658717979507727,0.9658717979507727,0.0,0.029908863442553252,0.066,-1.226989877831571
2016,313,12.0,11.713597658466764,2.9914127357329727,31.210504235994822,0.07650022825740703,-1.354872463014534,30.51662209935982,False,5.851305221906068,0.9658717979507727,0.9658717979507727,0.0,0.044509354659060155,0.066,-1.226989877831571
2016,313,12.5,13.561335700970677,6.30660761188393,34.44042470133845,0.12393492429082115,-1.5147256944932372,32.84328125155395,False,5.851305221906068,0.954719260418571,0.954719260418571,0.0,0.04936297053219014,0.066,-1.226989877831571
2016,313,13.0,-0.970931324363141,5.96844743821116,22.953087068845193,0.1295366211977226,-1.640728856038174,31.48796280048127,False,5.80394070801875,0.9446139401669841,0.9446139401669841,0.0,0.010813664626486896,0.065,-1.3589616101865312
2016,313,13.5,0.6069557422660301,4.556775514029285,21.952235711990927,0.09812444772247209,-1.5781139125155867,31.261707659288636,False,5.80394070801875,0.9497822187559118,0.9497822187559118,0.0,0.01477614466850538,0.065,-1.3589616101865312
2016,313,14.0,-1.3420840765032556,6.176039393948641,22.476990791259976,0.13773580955272163,-1.640728856038174,32.60872521062396,False,5.80394070801875,0.9446139401669841,0.9446139401669841,0.0,0.013516775043724777,0.065,-1.3589616101865312
2016,313,14.5,-1.7214570696756444,4.556897466525038,22.657525060708725,0.1512457832959453,-1.5781139125155867,30.285353537473156,False,5.80394070801875,0.9497822187559118,0.9497822187559118,0.0,0.00914619744816932,0.065,-1.3589616101865312
2016.0,313.0,15.0,0.0,0.0,0.0,0.0,0.0,0.0,0.0,5.80394070801875,0.9497822187559118,0.9497822187559118,0.0,0.0020414215148420083,0.065,-1.3589616101865312
2016.0,313.0,15.5,0.0,0.0,0.0,0.0,0.0,0.0,0.0,5.80394070801875,0.9497822187559118,0.9497822187559118,0.0,0.0,0.065,-1.3589616101865312
2016.0,313.0,16.0,0.0,0.0,0.0,0.0,0.0,0.0,0.0,5.80394070801875,0.9497822187559118,0.9497822187559118,0.0,0.0,0.065,-1.3589616101865312
2016.0,313.0,16.5,0.0,0.0,0.0,0.0,0.0,0.0,0.0,5.80394070801875,0.9497822187559118,0.9497822187559118,0.0,0.0,0.065,-1.3589616101865312
2016.0,313.0,17.0,0.0,0.0,0.0,0.0,0.0,0.0,0.0,5.80394070801875,0.9497822187559118,0.9497822187559118,0.0,0.0,0.065,-1.3589616101865312
2016.0,313.0,17.5,0.0,0.0,0.0,0.0,0.0,0.0,0.0,5.80394070801875,0.9497822187559118,0.9497822187559118,0.0,0.0,0.065,-1.3589616101865312
2016.0,313.0,18.0,0.0,0.0,0.0,0.0,0.0,0.0,0.0,5.80394070801875,0.9497822187559118,0.9497822187559118,0.0,0.0,0.065,-1.3589616101865312
2016.0,313.0,18.5,0.0,0.0,0.0,0.0,0.0,0.0,0.0,5.80394070801875,0.9497822187559118,0.9497822187559118,0.0,0.0,0.065,-1.3589616101865312
2016.0,313.0,19.0,0.0,0.0,0.0,0.0,0.0,0.0,0.0,5.80394070801875,0.9497822187559118,0.9497822187559118,0.0,0.0,0.065,-1.3589616101865312
2016.0,313.0,19.5,0.0,0.0,0.0,0.0,0.0,0.0,0.0,5.80394070801875,0.9497822187559118,0.9497822187559118,0.0,0.0,0.065,-1.3589616101865312
2016.0,313.0,20.0,0.0,0.0,0.0,0.0,0.0,0.0,0.0,5.80394070801875,0.9497822187559118,0.9497822187559118,0.0,0.0,0.065,-1.3589616101865312
2016.0,313.0,20.5,0.0,0.0,0.0,0.0,0.0,0.0,0.0,5.80394070801875,0.9497822187559118,0.9497822187559118,0.0,0.0,0.065,-1.3589616101865312
2016.0,313.0,21.0,0.0,0.0,0.0,0.0,0.0,0.0,0.0,5.80394070801875,0.9497822187559118,0.9497822187559118,0.0,0.0,0.065,-1.3589616101865312
2016.0,313.0,21.5,0.0,0.0,0.0,0.0,0.0,0.0,0.0,5.80394070801875,0.9497822187559118,0.9497822187559118,0.0,0.0,0.065,-1.3589616101865312
2016.0,313.0,22.0,0.0,0.0,0.0,0.0,0.0,0.0,0.0,5.80394070801875,0.9497822187559118,0.9497822187559118,0.0,0.0,0.065,-1.3589616101865312
2016.0,313.0,22.5,0.0,0.0,0.0,0.0,0.0,0.0,0.0,5.80394070801875,0.9497822187559118,0.9497822187559118,0.0,0.0,0.065,-1.3589616101865312
2016.0,313.0,23.0,0.0,0.0,0.0,0.0,0.0,0.0,0.0,5.80394070801875,0.9497822187559118,0.9497822187559118,0.0,0.0,0.0645,-1.4310239929470283
2016.0,313.0,23.5,0.0,0.0,0.0,0.0,0.0,0.0,0.0,5.80394070801875,0.9497822187559118,0.9497822187559118,0.0,0.0,0.065,-1.3589616101865312
2016.0,314.0,0.0,0.0,0.0,0.0,0.0,0.0,0.0,0.0,5.80394070801875,0.9497822187559118,0.9497822187559118,0.0,0.0,0.065,-1.3589616101865312
2016.0,314.0,0.5,0.0,0.0,0.0,0.0,0.0,0.0,0.0,5.80394070801875,0.9497822187559118,0.9497822187559118,0.0,0.0,0.0645,-1.4310239929470283
2016.0,314.0,1.0,0.0,0.0,0.0,0.0,0.0,0.0,0.0,5.80394070801875,0.9497822187559118,0.9497822187559118,0.0,0.0,0.065,-1.3589616101865312
2016.0,314.0,1.5,0.0,0.0,0.0,0.0,0.0,0.0,0.0,5.80394070801875,0.9497822187559118,0.9497822187559118,0.0,0.0,0.065,-1.3589616101865312
2016.0,314.0,2.0,0.0,0.0,0.0,0.0,0.0,0.0,0.0,5.80394070801875,0.9497822187559118,0.9497822187559118,0.0,0.0,0.065,-1.3589616101865312
2016.0,314.0,2.5,0.0,0.0,0.0,0.0,0.0,0.0,0.0,5.80394070801875,0.9497822187559118,0.9497822187559118,0.0,0.0,0.064,-1.5075137161482992
2016.0,314.0,3.0,0.0,0.0,0.0,0.0,0.0,0.0,0.0,5.80394070801875,0.9497822187559118,0.9497822187559118,0.0,0.0,0.0645,-1.4310239929470283
2016.0,314.0,3.5,0.0,0.0,0.0,0.0,0.0,0.0,0.0,5.80394070801875,0.9497822187559118,0.9497822187559118,0.0,0.0,0.0645,-1.4310239929470283
2016.0,314.0,4.0,0.0,0.0,0.0,0.0,0.0,0.0,0.0,5.80394070801875,0.9497822187559118,0.9497822187559118,0.0,0.0,0.064,-1.5075137161482992
2016.0,314.0,4.5,0.0,0.0,0.0,0.0,0.0,0.0,0.0,5.80394070801875,0.9497822187559118,0.9497822187559118,0.0,0.0,0.064,-1.5075137161482992
2016.0,314.0,5.0,0.0,0.0,0.0,0.0,0.0,0.0,0.0,5.80394070801875,0.9497822187559118,0.9497822187559118,0.0,0.0,0.064,-1.5075137161482992
2016.0,314.0,5.5,0.0,0.0,0.0,0.0,0.0,0.0,0.0,5.80394070801875,0.9497822187559118,0.9497822187559118,0.0,0.0,0.064,-1.5075137161482992
2016.0,314.0,6.0,0.0,0.0,0.0,0.0,0.0,0.0,0.0,5.80394070801875,0.9497822187559118,0.9497822187559118,0.0,0.0,0.064,-1.5075137161482992
2016.0,314.0,6.5,0.0,0.0,0.0,0.0,0.0,0.0,0.0,5.80394070801875,0.9497822187559118,0.9497822187559118,0.0,0.0,0.064,-1.5075137161482992
2016,314,7.0,-2.037335501593588,0.7510576512794276,22.903413878003292,0.11984831622277065,-1.53807469491481,21.02168272141585,False,5.741748196006188,0.9529350736660653,0.9529350736660653,0.0,0.00021440963807565483,0.064,-1.5075137161482992
2016,314,7.5,0.43641387935325593,1.0270185695296448,24.16423742302959,0.1670181320431235,-1.568635673681321,21.3930198298552,False,5.741748196006188,0.9505392526400802,0.9505392526400802,0.0,0.0048962625506422395,0.064,-1.5075137161482992
2016,314,8.0,4.513467984361925,1.077931155757196,26.301355595798427,0.15216666191850367,-1.568635673681321,22.323745501393397,False,5.741748196006188,0.9505392526400802,0.9505392526400802,0.0,0.013598293630070897,0.064,-1.5075137161482992
2016,314,8.5,11.755265098474515,2.1006672619402726,31.91183257691577,0.28976213848379423,-1.5991966524478318,23.799160115895518,False,5.741748196006188,0.9480745056038853,0.9480745056038853,0.0,0.027950219171032877,0.064,-1.5075137161482992
2016,314,9.0,4.685919893035304,1.4895483492587918,27.064775072559264,0.19698608860862332,-1.568635673681321,22.470157578403168,False,5.741748196006188,0.9505392526400802,0.9505392526400802,0.0,0.014163980826954756,0.064,-1.5075137161482992
2016,314,9.5,26.155033802043395,4.042100168883168,37.07830570897386,0.34651717282746997,-1.6908795887473647,25.409365583349086,False,5.741748196006188,0.940264026207143,0.940264026207143,0.0,0.06017443587659104,0.064,-1.5075137161482992
2016,314,10.0,6.949814128521233,3.392028828332453,30.34085947458943,0.25307392844744403,-1.6603186099808538,24.24322262308945,False,5.741748196006188,0.942937129817367,0.942937129817367,0.0,0.018033348628874173,0.064,-1.5075137161482992
2016,314,10.5,2.1792836709607633,2.3911487829867872,24.921689256894894,0.150692863093924,-1.629757631214343,24.61309199455434,False,5.741748196006188,0.9455405489506958,0.9455405489506958,0.0,0.00971569220484782,0.064,-1.5075137161482992
2016,314,11.0,3.0552442464009033,2.562594273315065,25.69504015280798,0.1766909562263895,-1.629757631214343,25.748229764224448,False,5.741748196006188,0.9455405489506958,0.9455405489506958,0.0,0.013592013130030523,0.064,-1.5075137161482992
2016,314,11.5,1.9819252518991108,0.6075773004904894,18.975594761640657,0.03591927247585856,-1.53807469491481,25.41761432015108,False,5.741748196006188,0.9529350736660653,0.9529350736660653,0.0,0.012756157033810856,0.064,-1.5075137161482992
2016,314,12.0,4.169088917046373,0.8626205953192496,20.5993095553638,0.03742485622969863,-1.53807469491481,27.38625772969474,False,5.741748196006188,0.9529350736660653,0.9529350736660653,0.0,0.024028308640967846,0.064,-1.5075137161482992
2016,314,12.5,6.506922120823943,2.899939069029809,26.580997108031774,0.11909386246823611,-1.7395046334860922,27.240300589780745,False,5.70366037507109,0.9358667957577155,0.9358667957577155,0.0,0.0210869690958608,0.0635,-1.5887406165480027
2016,314,13.0,2.832331821334507,4.432462836172898,25.363961260563663,0.19759768791558782,-1.8830729099907975,27.13659192048665,False,5.659979332962941,0.9218466873216367,0.9218466873216367,0.0,0.011936947527747687,0.063,-1.6750389044446923
2016,314,13.5,0.6303082547175061,3.1756548216093257,24.27624027831692,0.18170694606417825,-1.8236346226919102,25.9166274556937,False,5.659979332962941,0.9278393584265412,0.9278393584265412,0.0,0.007113814809970787,0.063,-1.6750389044446923
2016,314,14.0,-0.7736771888404697,2.453509279577962,23.76347646791878,0.19073404896442245,-1.7939154790424667,25.01828239686171,False,5.659979332962941,0.9307359010684796,0.9307359010684796,0.0,0.004464521064416461,0.063,-1.6750389044446923
2016,314,14.5,-1.179273723889729,0.7280065913344735,21.914021587130122,0.06606700978009811,-1.7047580480941358,24.024429665705355,False,5.659979332962941,0.9390270461097232,0.9390270461097232,0.0,0.003220170783599991,0.063,-1.6750389044446923
2016.0,314.0,15.0,0.0,0.0,0.0,0.0,0.0,0.0,0.0,5.659979332962941,0.9390270461097232,0.9390270461097232,0.0,0.0,0.063,-1.6750389044446923
2016.0,314.0,15.5,0.0,0.0,0.0,0.0,0.0,0.0,0.0,5.659979332962941,0.9390270461097232,0.9390270461097232,0.0,0.0,0.063,-1.6750389044446923
2016.0,314.0,16.0,0.0,0.0,0.0,0.0,0.0,0.0,0.0,5.659979332962941,0.9390270461097232,0.9390270461097232,0.0,0.0,0.063,-1.6750389044446923
2016.0,314.0,16.5,0.0,0.0,0.0,0.0,0.0,0.0,0.0,5.659979332962941,0.9390270461097232,0.9390270461097232,0.0,0.0,0.063,-1.6750389044446923
2016.0,314.0,17.0,0.0,0.0,0.0,0.0,0.0,0.0,0.0,5.659979332962941,0.9390270461097232,0.9390270461097232,0.0,0.0,0.063,-1.6750389044446923
2016.0,314.0,17.5,0.0,0.0,0.0,0.0,0.0,0.0,0.0,5.659979332962941,0.9390270461097232,0.9390270461097232,0.0,0.0,0.063,-1.6750389044446923
2016.0,314.0,18.0,0.0,0.0,0.0,0.0,0.0,0.0,0.0,5.659979332962941,0.9390270461097232,0.9390270461097232,0.0,0.0,0.063,-1.6750389044446923
2016.0,314.0,18.5,0.0,0.0,0.0,0.0,0.0,0.0,0.0,5.659979332962941,0.9390270461097232,0.9390270461097232,0.0,0.0,0.063,-1.6750389044446923
2016.0,314.0,19.0,0.0,0.0,0.0,0.0,0.0,0.0,0.0,5.659979332962941,0.9390270461097232,0.9390270461097232,0.0,0.0,0.063,-1.6750389044446923
2016.0,314.0,19.5,0.0,0.0,0.0,0.0,0.0,0.0,0.0,5.659979332962941,0.9390270461097232,0.9390270461097232,0.0,0.0,0.063,-1.6750389044446923
2016.0,314.0,20.0,0.0,0.0,0.0,0.0,0.0,0.0,0.0,5.659979332962941,0.9390270461097232,0.9390270461097232,0.0,0.0,0.063,-1.6750389044446923
2016.0,314.0,20.5,0.0,0.0,0.0,0.0,0.0,0.0,0.0,5.659979332962941,0.9390270461097232,0.9390270461097232,0.0,0.0,0.063,-1.6750389044446923
2016.0,314.0,21.0,0.0,0.0,0.0,0.0,0.0,0.0,0.0,5.659979332962941,0.9390270461097232,0.9390270461097232,0.0,0.0,0.063,-1.6750389044446923
2016.0,314.0,21.5,0.0,0.0,0.0,0.0,0.0,0.0,0.0,5.659979332962941,0.9390270461097232,0.9390270461097232,0.0,0.0,0.063,-1.6750389044446923
2016.0,314.0,22.0,0.0,0.0,0.0,0.0,0.0,0.0,0.0,5.659979332962941,0.9390270461097232,0.9390270461097232,0.0,0.0,0.063,-1.6750389044446923
2016.0,314.0,22.5,0.0,0.0,0.0,0.0,0.0,0.0,0.0,5.659979332962941,0.9390270461097232,0.9390270461097232,0.0,0.0,0.063,-1.6750389044446923
2016.0,314.0,23.0,0.0,0.0,0.0,0.0,0.0,0.0,0.0,5.659979332962941,0.9390270461097232,0.9390270461097232,0.0,0.0,0.063,-1.6750389044446923
2016.0,314.0,23.5,0.0,0.0,0.0,0.0,0.0,0.0,0.0,5.659979332962941,0.9390270461097232,0.9390270461097232,0.0,0.0,0.063,-1.6750389044446923
2016.0,315.0,0.0,0.0,0.0,0.0,0.0,0.0,0.0,0.0,5.659979332962941,0.9390270461097232,0.9390270461097232,0.0,0.0,0.063,-1.6750389044446923
2016.0,315.0,0.5,0.0,0.0,0.0,0.0,0.0,0.0,0.0,5.659979332962941,0.9390270461097232,0.9390270461097232,0.0,0.0,0.063,-1.6750389044446923
2016.0,315.0,1.0,0.0,0.0,0.0,0.0,0.0,0.0,0.0,5.659979332962941,0.9390270461097232,0.9390270461097232,0.0,0.0,0.063,-1.6750389044446923
2016.0,315.0,1.5,0.0,0.0,0.0,0.0,0.0,0.0,0.0,5.659979332962941,0.9390270461097232,0.9390270461097232,0.0,0.0,0.063,-1.6750389044446923
2016.0,315.0,2.0,0.0,0.0,0.0,0.0,0.0,0.0,0.0,5.659979332962941,0.9390270461097232,0.9390270461097232,0.0,0.0,0.063,-1.6750389044446923
2016.0,315.0,2.5,0.0,0.0,0.0,0.0,0.0,0.0,0.0,5.659979332962941,0.9390270461097232,0.9390270461097232,0.0,0.0,0.063,-1.6750389044446923
2016.0,315.0,3.0,0.0,0.0,0.0,0.0,0.0,0.0,0.0,5.659979332962941,0.9390270461097232,0.9390270461097232,0.0,0.0,0.063,-1.6750389044446923
2016.0,315.0,3.5,0.0,0.0,0.0,0.0,0.0,0.0,0.0,5.659979332962941,0.9390270461097232,0.9390270461097232,0.0,0.0,0.063,-1.6750389044446923
2016.0,315.0,4.0,0.0,0.0,0.0,0.0,0.0,0.0,0.0,5.659979332962941,0.9390270461097232,0.9390270461097232,0.0,0.0,0.063,-1.6750389044446923
2016.0,315.0,4.5,0.0,0.0,0.0,0.0,0.0,0.0,0.0,5.659979332962941,0.9390270461097232,0.9390270461097232,0.0,0.0,0.063,-1.6750389044446923
2016,315,5.0,-2.3974023631009493,0.4760506559376799,20.548496692445095,0.08741642732887386,-1.7047580480941358,17.43710116749402,False,5.659979332962941,0.9390270461097232,0.9390270461097232,0.0,0.0,0.063,-1.6750389044446923
2016,315,5.5,-1.658333203412668,0.5483285564256546,22.96006017580847,0.10223907122470627,-1.7047580480941358,17.75735958622828,False,5.659979332962941,0.9390270461097232,0.9390270461097232,0.0,0.0,0.063,-1.6750389044446923
2016,315,6.0,-1.6251038293881126,0.6846226245541979,23.50730101134626,0.13408148723479843,-1.7047580480941358,18.451994574986745,False,5.659979332962941,0.9390270461097232,0.9390270461097232,0.0,0.0,0.063,-1.6750389044446923
2016,315,6.5,0.027613010089434287,0.7272536843726188,24.339753579974865,0.14217166575596024,-1.893089327608766,19.126608072780876,False,5.552434987014947,0.9208106080089093,0.9208106080089093,0.0,0.00205581357244739,0.062,-1.8643213520376791
2016,315,7.0,2.638120053037606,0.7599327599537266,26.375107424999022,0.14801081678345296,-1.893089327608766,19.78587156642747,False,5.552434987014947,0.9208106080089093,0.9208106080089093,0.0,0.006255242155966732,0.062,-1.8643213520376791
2016,315,7.5,9.49496138530788,1.7991176113856475,33.713637990968294,0.38534299710003306,-1.9506252787509397,20.439433218837415,False,5.552434987014947,0.9147128617889623,0.9147128617889623,0.0,0.016280970814118043,0.062,-1.8643213520376791
2016,315,8.0,18.357859301801533,3.6287877042326184,41.14901212248512,0.7528855417787637,-1.853353766341354,21.031721178117174,False,5.659979332962941,0.924876294588467,0.924876294588467,0.0,0.03199280251662505,0.063,-1.6750389044446923
2016,315,8.5,25.43696825116468,6.401974333801153,40.92731486357178,1.049302133111516,-2.180769083319635,22.789233801482027,False,5.552434987014947,0.887842819361946,0.887842819361946,0.0,0.050076875919962405,0.062,-1.8643213520376791
2016,315,9.0,31.313870756890697,6.7645718493908165,39.70677700428952,0.8357222931456245,-2.2095370588907217,23.966398674160693,False,5.552434987014947,0.8842079726939557,0.8842079726939557,0.0,0.06666036108664515,0.062,-1.8643213520376791
2016,315,9.5,30.691042518496324,7.687241396659751,39.39610602640514,0.7154962217113098,-2.2383050344618085,25.639958840895154,False,5.552434987014947,0.880512586747292,0.880512586747292,0.0,0.06351222661865702,0.062,-1.8643213520376791
2016,315,10.0,17.802540608686986,6.612930766820039,39.970210116538894,0.4302499233273205,-2.180769083319635,26.346247849588366,False,5.552434987014947,0.887842819361946,0.887842819361946,0.0,0.03420162584656712,0.062,-1.8643213520376791
2016,315,10.5,21.2490845286976,6.645258763707378,38.14873989366369,0.3360466153342997,-2.2095370588907217,27.350956704687924,False,5.552434987014947,0.8842079726939557,0.8842079726939557,0.0,0.04345593936614609,0.062,-1.8643213520376791
2016,315,11.0,2.4410701619541113,5.936995895845051,25.796790828424776,0.2603751959865747,-2.152001107748548,27.86248081000086,False,5.552434987014947,0.8914168391273866,0.8914168391273866,0.0,0.011339170251051342,0.062,-1.8643213520376791
2016,315,11.5,15.699244546145968,4.6820168982157355,35.162585749285384,0.15287843525493658,-2.094465156606374,29.36011555200015,False,5.552434987014947,0.8983813709745655,0.8983813709745655,0.0,0.03110299022056484,0.062,-1.8643213520376791
2016,315,12.0,17.764161127162726,4.659639553018815,32.20720276523986,0.12835889725694077,-2.1940871960099084,30.65986906424729,False,5.486581126664495,0.8861676145769677,0.8861676145769677,0.0,0.040793123389424035,0.0615,-1.9681160423062827
2016,315,12.5,-0.06809727162757584,3.852221916713074,22.703818906727697,0.10077795956283081,-2.272446651841946,30.340240145360816,False,5.411134002275945,0.8760488045913365,0.8760488045913365,0.0,0.008616563392459992,0.061,-2.0786085639674976
2016,315,13.0,1.2053857576373121,4.924504092764937,23.19829697120492,0.12318788489755941,-2.3278289626632174,30.44149699403676,False,5.411134002275945,0.8686290178853886,0.8686290178853886,0.0,0.010642426243604073,0.061,-2.0786085639674976
2016,315,13.5,5.0240709109033945,3.516271628827163,22.73091820056481,0.08961325816331875,-2.244755496431311,30.673002780112043,False,5.411134002275945,0.8796757159051151,0.8796757159051151,0.0,0.020277026466319435,0.061,-2.0786085639674976
2016,315,14.0,7.732031112598441,3.280335740875673,33.476186790617334,0.06561828919006432,-2.244755496431311,32.17951447102665,False,5.411134002275945,0.8796757159051151,0.8796757159051151,0.0,0.021814934687285528,0.061,-2.0786085639674976
2016,315,14.5,14.164443124881975,4.510788449332482,30.60136245098855,0.09694827624961594,-2.300137807252582,31.89322013320225,False,5.411134002275945,0.872366463309876,0.872366463309876,0.0,0.038589729534504826,0.061,-2.0786085639674976
2016,315,15.0,-1.4448967212464061,1.9273734382376728,16.45662799564915,0.03897193721704324,-2.1893731856100396,31.794827646739186,False,5.411134002275945,0.8867620502658491,0.8867620502658491,0.0,0.009897677300795247,0.061,-2.0786085639674976
2016.0,315.0,15.5,0.0,0.0,0.0,0.0,0.0,0.0,0.0,5.411134002275945,0.8867620502658491,0.8867620502658491,0.0,0.0,0.06,-2.321697907845493
2016.0,315.0,16.0,0.0,0.0,0.0,0.0,0.0,0.0,0.0,5.411134002275945,0.8867620502658491,0.8867620502658491,0.0,0.00022076642786388002,0.06,-2.321697907845493
2016.0,315.0,16.5,0.0,0.0,0.0,0.0,0.0,0.0,0.0,5.411134002275945,0.8867620502658491,0.8867620502658491,0.0,0.0003897162703075074,0.06,-2.321697907845493
2016.0,315.0,17.0,0.0,0.0,0.0,0.0,0.0,0.0,0.0,5.411134002275945,0.8867620502658491,0.8867620502658491,0.0,0.0,0.06,-2.321697907845493
2016.0,315.0,17.5,0.0,0.0,0.0,0.0,0.0,0.0,0.0,5.411134002275945,0.8867620502658491,0.8867620502658491,0.0,0.0,0.06,-2.321697907845493
2016.0,315.0,18.0,0.0,0.0,0.0,0.0,0.0,0.0,0.0,5.411134002275945,0.8867620502658491,0.8867620502658491,0.0,0.0,0.06,-2.321697907845493
2016.0,315.0,18.5,0.0,0.0,0.0,0.0,0.0,0.0,0.0,5.411134002275945,0.8867620502658491,0.8867620502658491,0.0,0.0,0.06,-2.321697907845493
2016.0,315.0,19.0,0.0,0.0,0.0,0.0,0.0,0.0,0.0,5.411134002275945,0.8867620502658491,0.8867620502658491,0.0,0.0,0.06,-2.321697907845493
2016.0,315.0,19.5,0.0,0.0,0.0,0.0,0.0,0.0,0.0,5.411134002275945,0.8867620502658491,0.8867620502658491,0.0,0.0,0.06,-2.321697907845493
2016.0,315.0,20.0,0.0,0.0,0.0,0.0,0.0,0.0,0.0,5.411134002275945,0.8867620502658491,0.8867620502658491,0.0,0.0,0.06,-2.321697907845493
2016.0,315.0,20.5,0.0,0.0,0.0,0.0,0.0,0.0,0.0,5.411134002275945,0.8867620502658491,0.8867620502658491,0.0,0.0,0.06,-2.321697907845493
2016.0,315.0,21.0,0.0,0.0,0.0,0.0,0.0,0.0,0.0,5.411134002275945,0.8867620502658491,0.8867620502658491,0.0,0.0,0.06,-2.321697907845493
2016.0,315.0,21.5,0.0,0.0,0.0,0.0,0.0,0.0,0.0,5.411134002275945,0.8867620502658491,0.8867620502658491,0.0,0.0,0.06,-2.321697907845493
2016.0,315.0,22.0,0.0,0.0,0.0,0.0,0.0,0.0,0.0,5.411134002275945,0.8867620502658491,0.8867620502658491,0.0,0.0,0.06,-2.321697907845493
2016.0,315.0,22.5,0.0,0.0,0.0,0.0,0.0,0.0,0.0,5.411134002275945,0.8867620502658491,0.8867620502658491,0.0,0.0,0.06,-2.321697907845493
2016.0,315.0,23.0,0.0,0.0,0.0,0.0,0.0,0.0,0.0,5.411134002275945,0.8867620502658491,0.8867620502658491,0.0,0.0,0.06,-2.321697907845493
2016.0,315.0,23.5,0.0,0.0,0.0,0.0,0.0,0.0,0.0,5.411134002275945,0.8867620502658491,0.8867620502658491,0.0,0.0,0.06,-2.321697907845493
2016.0,316.0,0.0,0.0,0.0,0.0,0.0,0.0,0.0,0.0,5.411134002275945,0.8867620502658491,0.8867620502658491,0.0,0.0,0.06,-2.321697907845493
2016.0,316.0,0.5,0.0,0.0,0.0,0.0,0.0,0.0,0.0,5.411134002275945,0.8867620502658491,0.8867620502658491,0.0,0.0,0.06,-2.321697907845493
2016.0,316.0,1.0,0.0,0.0,0.0,0.0,0.0,0.0,0.0,5.411134002275945,0.8867620502658491,0.8867620502658491,0.0,0.0,0.06,-2.321697907845493
2016.0,316.0,1.5,0.0,0.0,0.0,0.0,0.0,0.0,0.0,5.411134002275945,0.8867620502658491,0.8867620502658491,0.0,0.0,0.06,-2.321697907845493
2016.0,316.0,2.0,0.0,0.0,0.0,0.0,0.0,0.0,0.0,5.411134002275945,0.8867620502658491,0.8867620502658491,0.0,0.0,0.06,-2.321697907845493
2016.0,316.0,2.5,0.0,0.0,0.0,0.0,0.0,0.0,0.0,5.411134002275945,0.8867620502658491,0.8867620502658491,0.0,0.0,0.06,-2.321697907845493
2016.0,316.0,3.0,0.0,0.0,0.0,0.0,0.0,0.0,0.0,5.411134002275945,0.8867620502658491,0.8867620502658491,0.0,0.0,0.06,-2.321697907845493
2016.0,316.0,3.5,0.0,0.0,0.0,0.0,0.0,0.0,0.0,5.411134002275945,0.8867620502658491,0.8867620502658491,0.0,0.0,0.06,-2.321697907845493
2016.0,316.0,4.0,0.0,0.0,0.0,0.0,0.0,0.0,0.0,5.411134002275945,0.8867620502658491,0.8867620502658491,0.0,0.0,0.06,-2.321697907845493
2016.0,316.0,4.5,0.0,0.0,0.0,0.0,0.0,0.0,0.0,5.411134002275945,0.8867620502658491,0.8867620502658491,0.0,0.0,0.06,-2.321697907845493
2016.0,316.0,5.0,0.0,0.0,0.0,0.0,0.0,0.0,0.0,5.411134002275945,0.8867620502658491,0.8867620502658491,0.0,0.0,0.06,-2.321697907845493
2016,316,5.5,-1.6191191300863634,0.6648094918585717,22.551696149103744,0.09716981242397853,-2.3481675087642793,19.249036072775258,False,5.226028143620038,0.8658490471366778,0.8658490471366778,0.0,0.0,0.06,-2.321697907845493
2016,316,6.0,4.507040504642884,0.8845232823218278,38.65052868993274,0.12610681949926975,-2.3746371096830656,20.058117674596943,False,5.226028143620038,0.8621870540400817,0.8621870540400817,0.0,0.004675262795685799,0.06,-2.321697907845493
2016,316,6.5,6.130350648931815,3.061892445538164,42.50446476874677,0.6539220615580864,-2.4805155133582106,21.647442853497857,False,5.226028143620038,0.8470481333884223,0.8470481333884223,0.0,0.007048781238413022,0.06,-2.321697907845493
2016,316,7.0,8.78439682146573,3.56077507573904,42.17359588444431,0.6743847218680781,-2.506985114276997,21.654891625227613,False,5.226028143620038,0.8431425491492565,0.8431425491492565,0.0,0.009403393794382209,0.06,-2.321697907845493
2016,316,7.5,2.4910999461258188,4.074077519281089,27.81614716394908,0.898206665373379,-2.5334547151957834,22.161442713562913,False,5.226028143620038,0.8391894356207134,0.8391894356207134,0.0,0.0046712041478852865,0.06,-2.321697907845493
2016,316,8.0,12.356771156373785,4.413836704308966,41.32519305985778,0.518056667957822,-2.5599243161145697,23.61138210306821,False,5.226028143620038,0.8351892282065867,0.8351892282065867,0.0,0.014176050529447683,0.06,-2.321697907845493
2016,316,8.5,13.486363633126134,4.016286557562045,40.703461457487045,0.41822324258185467,-2.5334547151957834,22.86835691399223,False,5.226028143620038,0.8391894356207134,0.8391894356207134,0.0,0.014567305920438556,0.06,-2.321697907845493
2016,316,9.0,20.68399760134835,4.965950071218089,38.155236628156906,0.34235877069300297,-2.739180426024728,25.96518433371463,False,5.113313526777013,0.8068964228943882,0.8068964228943882,0.0,0.026599349806812826,0.0595,-2.4554056988372195
2016,316,9.5,23.49195400722764,5.95737893638845,36.84252051032719,0.3089129267089711,-2.92409337282055,26.43133722059178,False,4.984915479919241,0.7756414579817368,0.7756414579817368,0.0,0.03135207951170087,0.059,-2.5980411333999887
2016,316,10.0,13.8935495073792,5.710519173368604,38.72425318663585,0.24341270508487786,-2.92409337282055,26.876084601154584,False,4.984915479919241,0.7756414579817368,0.7756414579817368,0.0,0.018207874580459686,0.059,-2.5980411333999887
2016,316,10.5,18.268307601556046,6.8122275163317765,37.45076932293121,0.2543315489125103,-2.9742552558083286,28.133334300575846,False,4.984915479919241,0.7668268265318353,0.7668268265318353,0.0,0.025671430115749877,0.059,-2.5980411333999887
2016,316,11.0,1.881321060538892,6.798347610067262,25.365549113855913,0.23884568532694905,-2.9742552558083286,28.12374627055035,False,4.984915479919241,0.7668268265318353,0.7668268265318353,0.0,0.00717490030577413,0.059,-2.5980411333999887
2016,316,11.5,17.83444612236365,6.336045253670961,35.80703644858046,0.19253618340393147,-2.9491743143144395,29.019702624757713,False,4.984915479919241,0.7712512915401957,0.7712512915401957,0.0,0.026695562578081825,0.059,-2.5980411333999887
2016,316,12.0,20.07674422566778,5.544069249624046,31.983897379973925,0.14278571951692165,-2.899012431326661,30.50933903624029,False,4.984915479919241,0.7799967523776593,0.7799967523776593,0.0,0.03682817082449581,0.059,-2.5980411333999887
2016,316,12.5,0.0560956269191748,5.68834423655494,23.54865746990117,0.1400527328548735,-3.090706336647642,30.663351785397488,False,4.839037572972991,0.7458518912076655,0.7458518912076655,0.0,0.007028135042083339,0.0585,-2.750283687153001
2016,316,13.0,11.448442003483287,6.0597418898341555,36.991241154033084,0.1465570620260174,-3.2888531167539305,30.854342046678337,False,4.673849528078996,0.7086687245642125,0.7086687245642125,0.0,0.019861145527725953,0.058,-2.912871007557862
2016,316,13.5,13.245845459908736,7.664152223877312,37.768321851641204,0.19633485456600974,-3.382848644052948,31.01197008234797,False,4.673849528078996,0.6904515224030522,0.6904515224030522,0.0,0.02274679817436419,0.058,-2.912871007557862
2016,316,14.0,9.204449177951037,7.729219532456165,36.4918880520262,0.23327469966807945,-3.382848644052948,30.73984917809414,False,4.673849528078996,0.6904515224030522,0.6904515224030522,0.0,0.011734236542152462,0.058,-2.912871007557862
2016,316,14.5,12.527717116654795,7.898416419273645,39.11836364643007,0.2558109426278696,-3.4063475258777025,30.108510164150253,False,4.673849528078996,0.6858455458831787,0.6858455458831787,0.0,0.01542760127121468,0.058,-2.912871007557862
2016,316,15.0,8.92931228700926,2.0662021992107062,31.970016968235853,0.06787852096702174,-3.0303654166816334,30.04877260892428,False,4.673849528078996,0.7568073844510842,0.7568073844510842,0.0,0.013468305112960774,0.058,-2.912871007557862
2016.0,316.0,15.5,0.0,0.0,0.0,0.0,0.0,0.0,0.0,4.673849528078996,0.7568073844510842,0.7568073844510842,0.0,0.001442061340203638,0.058,-2.912871007557862
2016.0,316.0,16.0,0.0,0.0,0.0,0.0,0.0,0.0,0.0,4.673849528078996,0.7568073844510842,0.7568073844510842,0.0,0.0005071740776657026,0.0575,-3.0866044568329984
2016.0,316.0,16.5,0.0,0.0,0.0,0.0,0.0,0.0,0.0,4.673849528078996,0.7568073844510842,0.7568073844510842,0.0,0.0,0.057,-3.272355237598531
2016.0,316.0,17.0,0.0,0.0,0.0,0.0,0.0,0.0,0.0,4.673849528078996,0.7568073844510842,0.7568073844510842,0.0,0.0,0.057,-3.272355237598531
2016.0,316.0,17.5,0.0,0.0,0.0,0.0,0.0,0.0,0.0,4.673849528078996,0.7568073844510842,0.7568073844510842,0.0,0.0,0.057,-3.272355237598531
2016.0,316.0,18.0,0.0,0.0,0.0,0.0,0.0,0.0,0.0,4.673849528078996,0.7568073844510842,0.7568073844510842,0.0,0.0,0.057,-3.272355237598531
2016.0,316.0,18.5,0.0,0.0,0.0,0.0,0.0,0.0,0.0,4.673849528078996,0.7568073844510842,0.7568073844510842,0.0,0.0,0.057,-3.272355237598531
2016.0,316.0,19.0,0.0,0.0,0.0,0.0,0.0,0.0,0.0,4.673849528078996,0.7568073844510842,0.7568073844510842,0.0,0.0,0.057,-3.272355237598531
2016.0,316.0,19.5,0.0,0.0,0.0,0.0,0.0,0.0,0.0,4.673849528078996,0.7568073844510842,0.7568073844510842,0.0,0.0,0.057,-3.272355237598531
2016.0,316.0,20.0,0.0,0.0,0.0,0.0,0.0,0.0,0.0,4.673849528078996,0.7568073844510842,0.7568073844510842,0.0,0.0,0.057,-3.272355237598531
2016.0,316.0,20.5,0.0,0.0,0.0,0.0,0.0,0.0,0.0,4.673849528078996,0.7568073844510842,0.7568073844510842,0.0,0.0,0.057,-3.272355237598531
2016.0,316.0,21.0,0.0,0.0,0.0,0.0,0.0,0.0,0.0,4.673849528078996,0.7568073844510842,0.7568073844510842,0.0,0.0,0.057,-3.272355237598531
2016.0,316.0,21.5,0.0,0.0,0.0,0.0,0.0,0.0,0.0,4.673849528078996,0.7568073844510842,0.7568073844510842,0.0,0.0,0.057,-3.272355237598531
2016.0,316.0,22.0,0.0,0.0,0.0,0.0,0.0,0.0,0.0,4.673849528078996,0.7568073844510842,0.7568073844510842,0.0,0.0,0.057,-3.272355237598531
2016.0,316.0,22.5,0.0,0.0,0.0,0.0,0.0,0.0,0.0,4.673849528078996,0.7568073844510842,0.7568073844510842,0.0,0.0,0.057,-3.272355237598531
2016.0,316.0,23.0,0.0,0.0,0.0,0.0,0.0,0.0,0.0,4.673849528078996,0.7568073844510842,0.7568073844510842,0.0,0.0,0.057,-3.272355237598531
2016.0,316.0,23.5,0.0,0.0,0.0,0.0,0.0,0.0,0.0,4.673849528078996,0.7568073844510842,0.7568073844510842,0.0,0.0,0.057,-3.272355237598531
2016.0,317.0,0.0,0.0,0.0,0.0,0.0,0.0,0.0,0.0,4.673849528078996,0.7568073844510842,0.7568073844510842,0.0,0.0,0.057,-3.272355237598531
2016.0,317.0,0.5,0.0,0.0,0.0,0.0,0.0,0.0,0.0,4.673849528078996,0.7568073844510842,0.7568073844510842,0.0,0.0,0.057,-3.272355237598531
2016.0,317.0,1.0,0.0,0.0,0.0,0.0,0.0,0.0,0.0,4.673849528078996,0.7568073844510842,0.7568073844510842,0.0,0.0,0.057,-3.272355237598531
2016.0,317.0,1.5,0.0,0.0,0.0,0.0,0.0,0.0,0.0,4.673849528078996,0.7568073844510842,0.7568073844510842,0.0,0.0,0.057,-3.272355237598531
2016.0,317.0,2.0,0.0,0.0,0.0,0.0,0.0,0.0,0.0,4.673849528078996,0.7568073844510842,0.7568073844510842,0.0,0.0,0.057,-3.272355237598531
2016.0,317.0,2.5,0.0,0.0,0.0,0.0,0.0,0.0,0.0,4.673849528078996,0.7568073844510842,0.7568073844510842,0.0,0.0,0.057,-3.272355237598531
2016.0,317.0,3.0,0.0,0.0,0.0,0.0,0.0,0.0,0.0,4.673849528078996,0.7568073844510842,0.7568073844510842,0.0,0.0,0.057,-3.272355237598531
2016.0,317.0,3.5,0.0,0.0,0.0,0.0,0.0,0.0,0.0,4.673849528078996,0.7568073844510842,0.7568073844510842,0.0,0.0,0.057,-3.272355237598531
2016.0,317.0,4.0,0.0,0.0,0.0,0.0,0.0,0.0,0.0,4.673849528078996,0.7568073844510842,0.7568073844510842,0.0,0.0,0.057,-3.272355237598531
2016.0,317.0,4.5,0.0,0.0,0.0,0.0,0.0,0.0,0.0,4.673849528078996,0.7568073844510842,0.7568073844510842,0.0,0.0,0.057,-3.272355237598531
2016.0,317.0,5.0,0.0,0.0,0.0,0.0,0.0,0.0,0.0,4.673849528078996,0.7568073844510842,0.7568073844510842,0.0,0.0,0.057,-3.272355237598531
2016.0,317.0,5.5,0.0,0.0,0.0,0.0,0.0,0.0,0.0,4.673849528078996,0.7568073844510842,0.7568073844510842,0.0,0.0,0.057,-3.272355237598531
2016.0,317.0,6.0,0.0,0.0,0.0,0.0,0.0,0.0,0.0,4.673849528078996,0.7568073844510842,0.7568073844510842,0.0,0.0,0.057,-3.272355237598531
2016.0,317.0,6.5,0.0,0.0,0.0,0.0,0.0,0.0,0.0,4.673849528078996,0.7568073844510842,0.7568073844510842,0.0,0.0,0.057,-3.272355237598531
2016,317,7.0,-1.5321187383322328,0.8636319514979184,22.963514127204796,0.118258010687757,-3.337432522820925,21.75348542862225,False,4.278562860784596,0.6992960425331983,0.6992960425331983,0.0,0.0006024432778319157,0.057,-3.272355237598531
2016,317,7.5,-1.0977593650314248,0.8261315336009248,23.055023666617178,0.12381631152337406,-3.31574009441346,22.047912278947752,False,4.278562860784596,0.7034927975582367,0.7034927975582367,0.0,0.0010513137921529417,0.057,-3.272355237598531
2016,317,8.0,3.3430522808073717,1.1397923255668148,24.884341009932033,0.1502259138422051,-3.337432522820925,23.057678183837062,False,4.278562860784596,0.6992960425331983,0.6992960425331983,0.0,0.00465142795771478,0.057,-3.272355237598531
2016,317,8.5,5.666076538095996,1.397863156956396,27.202917221726825,0.19051257679411604,-3.3591249512283894,24.255590438358873,False,4.278562860784596,0.6950811986925017,0.6950811986925017,0.0,0.00723629720257999,0.057,-3.272355237598531
2016,317,9.0,18.50449911565921,3.789007560006277,39.93488508619958,0.44622717769836956,-3.5326643784881053,25.90267471871414,False,4.278562860784596,0.660768082004787,0.660768082004787,0.0,0.0179458458594369,0.057,-3.272355237598531
2016,317,9.5,28.332069092561326,6.967901126359991,38.61839970852249,0.5297024529488517,-3.7495886625627506,27.132588310765332,False,4.278562860784596,0.6166699910156048,0.6166699910156048,0.0,0.03119351874429429,0.057,-3.272355237598531
2016,317,10.0,17.82452832846442,8.75560339742332,40.39520196156677,0.4950762348265365,-3.879743233007537,28.077001408808332,False,4.278562860784596,0.5897617378861082,0.5897617378861082,0.0,0.018895999197189088,0.057,-3.272355237598531
2016,317,10.5,20.294265131315893,8.68146156627431,38.79564037833328,0.3727047501281552,-3.879743233007537,29.641570724414045,False,4.278562860784596,0.5897617378861082,0.5897617378861082,0.0,0.023869077137171037,0.057,-3.272355237598531
2016.0,317.0,11.0,0.0,0.0,0.0,0.0,0.0,0.0,0.0,4.278562860784596,0.5897617378861082,0.5897617378861082,0.0,0.004349968728217889,0.057,-3.272355237598531
2016,317,11.5,14.48055570338569,6.634528207754855,36.68721855478411,0.17415671842823627,-3.947029853850636,33.14793649066898,False,4.045530868976135,0.5757651851901222,0.5757651851901222,0.0,0.023364606652493288,0.0565,-3.471071168355371
2016,317,12.0,13.348829753494016,6.443710094789126,35.93908116163295,0.14425288364677372,-4.194032787156711,34.51292095303122,False,3.7876869319601627,0.524178490846648,0.524178490846648,0.0,0.021252707417116823,0.056,-3.6837841843144643
2016.0,317.0,12.5,0.0,0.0,0.0,0.0,0.0,0.0,0.0,3.7876869319601627,0.524178490846648,0.524178490846648,0.0,0.002800047337495046,0.056,-3.6837841843144643
2016,317,13.0,4.780597014083073,4.68453193524492,37.73285350169762,0.06843165894822774,-4.0370332170514045,36.97112734677053,False,3.7876869319601627,0.556986627899134,0.556986627899134,0.0,0.010929302320238102,0.056,-3.6837841843144643
2016.0,317.0,13.5,0.0,0.0,0.0,0.0,0.0,0.0,0.0,3.7876869319601627,0.556986627899134,0.556986627899134,0.0,0.003944086408904913,0.056,-3.6837841843144643
2016.0,317.0,14.0,0.0,0.0,0.0,0.0,0.0,0.0,0.0,3.7876869319601627,0.556986627899134,0.556986627899134,0.0,0.006920212781703329,0.056,-3.6837841843144643
2016,317,14.5,6.951486385101457,4.268866577072677,32.78041467657222,0.05774459676904207,-4.017408270788241,37.19883342410198,False,3.7876869319601627,0.5610851334061289,0.5610851334061289,0.0,0.01779305262105683,0.056,-3.6837841843144643
2016.0,317.0,15.0,0.0,0.0,0.0,0.0,0.0,0.0,0.0,3.7876869319601627,0.5610851334061289,0.5610851334061289,0.0,0.003477984076736189,0.0555,-3.9116186486462903
2016.0,317.0,15.5,0.0,0.0,0.0,0.0,0.0,0.0,0.0,3.7876869319601627,0.5610851334061289,0.5610851334061289,0.0,0.000149250138748242,0.056,-3.6837841843144643
2016.0,317.0,16.0,0.0,0.0,0.0,0.0,0.0,0.0,0.0,3.7876869319601627,0.5610851334061289,0.5610851334061289,0.0,0.0,0.0555,-3.9116186486462903
2016.0,317.0,16.5,0.0,0.0,0.0,0.0,0.0,0.0,0.0,3.7876869319601627,0.5610851334061289,0.5610851334061289,0.0,0.0,0.055,-4.155800570083817
2016.0,317.0,17.0,0.0,0.0,0.0,0.0,0.0,0.0,0.0,3.7876869319601627,0.5610851334061289,0.5610851334061289,0.0,0.0,0.055,-4.155800570083817
2016.0,317.0,17.5,0.0,0.0,0.0,0.0,0.0,0.0,0.0,3.7876869319601627,0.5610851334061289,0.5610851334061289,0.0,0.0,0.055,-4.155800570083817
2016.0,317.0,18.0,0.0,0.0,0.0,0.0,0.0,0.0,0.0,3.7876869319601627,0.5610851334061289,0.5610851334061289,0.0,0.0,0.055,-4.155800570083817
2016.0,317.0,18.5,0.0,0.0,0.0,0.0,0.0,0.0,0.0,3.7876869319601627,0.5610851334061289,0.5610851334061289,0.0,0.0,0.055,-4.155800570083817
2016.0,317.0,19.0,0.0,0.0,0.0,0.0,0.0,0.0,0.0,3.7876869319601627,0.5610851334061289,0.5610851334061289,0.0,0.0,0.055,-4.155800570083817
2016.0,317.0,19.5,0.0,0.0,0.0,0.0,0.0,0.0,0.0,3.7876869319601627,0.5610851334061289,0.5610851334061289,0.0,0.0,0.055,-4.155800570083817
2016.0,317.0,20.0,0.0,0.0,0.0,0.0,0.0,0.0,0.0,3.7876869319601627,0.5610851334061289,0.5610851334061289,0.0,0.0,0.055,-4.155800570083817
2016.0,317.0,20.5,0.0,0.0,0.0,0.0,0.0,0.0,0.0,3.7876869319601627,0.5610851334061289,0.5610851334061289,0.0,0.0,0.055,-4.155800570083817
2016.0,317.0,21.0,0.0,0.0,0.0,0.0,0.0,0.0,0.0,3.7876869319601627,0.5610851334061289,0.5610851334061289,0.0,0.0,0.055,-4.155800570083817
2016.0,317.0,21.5,0.0,0.0,0.0,0.0,0.0,0.0,0.0,3.7876869319601627,0.5610851334061289,0.5610851334061289,0.0,0.0,0.055,-4.155800570083817
2016.0,317.0,22.0,0.0,0.0,0.0,0.0,0.0,0.0,0.0,3.7876869319601627,0.5610851334061289,0.5610851334061289,0.0,0.0,0.055,-4.155800570083817
2016.0,317.0,22.5,0.0,0.0,0.0,0.0,0.0,0.0,0.0,3.7876869319601627,0.5610851334061289,0.5610851334061289,0.0,0.0,0.055,-4.155800570083817
2016.0,317.0,23.0,0.0,0.0,0.0,0.0,0.0,0.0,0.0,3.7876869319601627,0.5610851334061289,0.5610851334061289,0.0,0.0,0.055,-4.155800570083817
2016.0,317.0,23.5,0.0,0.0,0.0,0.0,0.0,0.0,0.0,3.7876869319601627,0.5610851334061289,0.5610851334061289,0.0,0.0,0.055,-4.155800570083817
2016.0,318.0,0.0,0.0,0.0,0.0,0.0,0.0,0.0,0.0,3.7876869319601627,0.5610851334061289,0.5610851334061289,0.0,0.0,0.055,-4.155800570083817
2016.0,318.0,0.5,0.0,0.0,0.0,0.0,0.0,0.0,0.0,3.7876869319601627,0.5610851334061289,0.5610851334061289,0.0,0.0,0.055,-4.155800570083817
2016.0,318.0,1.0,0.0,0.0,0.0,0.0,0.0,0.0,0.0,3.7876869319601627,0.5610851334061289,0.5610851334061289,0.0,0.0,0.055,-4.155800570083817
2016.0,318.0,1.5,0.0,0.0,0.0,0.0,0.0,0.0,0.0,3.7876869319601627,0.5610851334061289,0.5610851334061289,0.0,0.0,0.055,-4.155800570083817
2016.0,318.0,2.0,0.0,0.0,0.0,0.0,0.0,0.0,0.0,3.7876869319601627,0.5610851334061289,0.5610851334061289,0.0,0.0,0.055,-4.155800570083817
2016.0,318.0,2.5,0.0,0.0,0.0,0.0,0.0,0.0,0.0,3.7876869319601627,0.5610851334061289,0.5610851334061289,0.0,0.0,0.055,-4.155800570083817
2016.0,318.0,3.0,0.0,0.0,0.0,0.0,0.0,0.0,0.0,3.7876869319601627,0.5610851334061289,0.5610851334061289,0.0,0.0,0.055,-4.155800570083817
2016.0,318.0,3.5,0.0,0.0,0.0,0.0,0.0,0.0,0.0,3.7876869319601627,0.5610851334061289,0.5610851334061289,0.0,0.0,0.055,-4.155800570083817
2016.0,318.0,4.0,0.0,0.0,0.0,0.0,0.0,0.0,0.0,3.7876869319601627,0.5610851334061289,0.5610851334061289,0.0,0.0,0.055,-4.155800570083817
2016.0,318.0,4.5,0.0,0.0,0.0,0.0,0.0,0.0,0.0,3.7876869319601627,0.5610851334061289,0.5610851334061289,0.0,0.0,0.055,-4.155800570083817
2016,318,5.0,-1.9725713574339092,0.6534111322761443,9.603295905603858,0.08902989830963651,-4.207559583962211,16.31103843579524,False,3.1986630838619625,0.5213538390982783,0.5213538390982783,0.0,0.0,0.055,-4.155800570083817
2016,318,5.5,-1.1273989133929359,0.8652912199248444,23.85842524268314,0.12216385080513685,-4.2248125885883425,16.584057595746806,False,3.1986630838619625,0.5177523917433926,0.5177523917433926,0.0,0.0,0.055,-4.155800570083817
2016,318,6.0,8.85756978687752,1.6829930608781738,34.84787612980918,0.1877583442892821,-4.311077611719,19.38662147888089,False,3.1986630838619625,0.49977583226447614,0.49977583226447614,0.0,0.00210146787011661,0.055,-4.155800570083817
2016,318,6.5,13.984043146210421,2.3108379215017463,32.53271981130132,0.19377956491001208,-4.362836625597394,21.396599476761256,False,3.1986630838619625,0.48902359145341134,0.48902359145341134,0.0,0.0041295433551088705,0.055,-4.155800570083817
2016,318,7.0,19.019847207843046,5.026139369801471,35.32385618072966,0.3153964304874612,-4.6216316949893645,22.56915346187375,False,3.1986630838619625,0.4358980011807995,0.4358980011807995,0.0,0.0057530730162578024,0.055,-4.155800570083817
2016,318,7.5,17.040117570288043,6.6265705112023,37.34801011157465,0.3040701160493076,-4.794161741250679,24.46886019673905,False,3.1986630838619625,0.4013456877845314,0.4013456877845314,0.0,0.004840555260928629,0.055,-4.155800570083817
2016,318,8.0,12.494635082180277,7.640969168924023,39.77577931104623,0.3161412448143138,-4.914932773633599,25.558911899421545,False,3.1986630838619625,0.3777117384146088,0.3777117384146088,0.0,0.0036427680058221342,0.055,-4.155800570083817
2016,318,8.5,17.938016744701134,7.289627749811154,36.18105070762364,0.23018707898741408,-4.880426764381336,27.277106791104075,False,3.1986630838619625,0.3844126518797928,0.3844126518797928,0.0,0.005934401970539288,0.055,-4.155800570083817
2016,318,9.0,23.323307506456405,7.326163859917369,31.920564683455694,0.18570054863000496,-5.262333537398158,29.30895438042618,False,2.8711070742275546,0.3129277267760527,0.3129277267760527,0.0,0.011276322542963112,0.0545,-4.417667835177966
2016,318,9.5,19.876722723917155,6.029394881114862,29.216036908005897,0.12054570385811128,-5.497554342520372,31.227968983488083,False,2.5266587700291314,0.2722767741835832,0.2722767741835832,0.0,0.012393752665224553,0.054,-4.698681577596776
2016,318,10.0,13.033347045418404,4.7546946875421225,30.046285208135494,0.08051070126248915,-5.294204911448912,32.296300476291094,False,2.5266587700291314,0.30725601439306793,0.30725601439306793,0.0,0.0069747553979200485,0.054,-4.698681577596776
2016,318,10.5,11.460503727988758,4.726060139327632,31.20883105193266,0.07626806970286605,-5.294204911448912,32.47293666529385,False,2.5266587700291314,0.30725601439306793,0.30725601439306793,0.0,0.005982620376987054,0.054,-4.698681577596776
2016.0,318.0,11.0,0.0,0.0,0.0,0.0,0.0,0.0,0.0,2.5266587700291314,0.30725601439306793,0.30725601439306793,0.0,0.0005876956047306701,0.054,-4.698681577596776
2016,318,11.5,9.794646142623272,3.5024318367158793,30.124491167546832,0.0591813778043436,-5.119905399101945,32.497738943669795,False,2.5266587700291314,0.3388583941832412,0.3388583941832412,0.0,0.005534978416424893,0.054,-4.698681577596776
2016.0,318.0,12.0,0.0,0.0,0.0,0.0,0.0,0.0,0.0,2.5266587700291314,0.3388583941832412,0.3388583941832412,0.0,0.00041174811047194943,0.054,-4.698681577596776
2016.0,318.0,12.5,0.0,0.0,0.0,0.0,0.0,0.0,0.0,2.5266587700291314,0.3388583941832412,0.3388583941832412,0.0,0.0005516150751630934,0.054,-4.698681577596776
2016,318,13.0,-0.5671065375651874,7.281843218476055,23.264483189832884,0.14294204758160708,-7.350185171987474,31.57272113612587,False,1.814484606410297,0.06343364102929154,0.06343364102929154,0.0,0.0015474353931512262,0.053,-5.3246865658933755
2016,318,13.5,0.0,0.0,0.0,0.0,0.0,0.0,False,1.814484606410297,0.05000000000000003,0.05000000000000003,0.0,0.0,0.053,-5.3246865658933755
2016,318,14.0,0.0,0.0,0.0,0.0,0.0,0.0,False,1.814484606410297,0.05000000000000003,0.05000000000000003,0.0,0.0,0.053,-5.3246865658933755
2016,318,14.5,0.0,0.0,0.0,0.0,0.0,0.0,False,1.814484606410297,0.05000000000000003,0.05000000000000003,0.0,0.0,0.053,-5.3246865658933755
2016,318,15.0,7.924881558481719,5.67429993692473,28.301319764099247,0.12557843075855504,-6.5650199819847055,29.373265025459776,False,1.814484606410297,0.12759713794516783,0.12759713794516783,0.0,0.0,0.053,-5.3246865658933755
2016.0,318.0,15.5,0.0,0.0,0.0,0.0,0.0,0.0,0.0,1.814484606410297,0.12759713794516783,0.12759713794516783,0.0,0.0,0.053,-5.3246865658933755
2016.0,318.0,16.0,0.0,0.0,0.0,0.0,0.0,0.0,0.0,1.814484606410297,0.12759713794516783,0.12759713794516783,0.0,0.0,0.053,-5.3246865658933755
2016.0,318.0,16.5,0.0,0.0,0.0,0.0,0.0,0.0,0.0,1.814484606410297,0.12759713794516783,0.12759713794516783,0.0,0.0,0.053,-5.3246865658933755
2016.0,318.0,17.0,0.0,0.0,0.0,0.0,0.0,0.0,0.0,1.814484606410297,0.12759713794516783,0.12759713794516783,0.0,0.0,0.053,-5.3246865658933755
2016.0,318.0,17.5,0.0,0.0,0.0,0.0,0.0,0.0,0.0,1.814484606410297,0.12759713794516783,0.12759713794516783,0.0,0.0,0.0525,-5.67333745760483
2016.0,318.0,18.0,0.0,0.0,0.0,0.0,0.0,0.0,0.0,1.814484606410297,0.12759713794516783,0.12759713794516783,0.0,0.0,0.052,-6.048487305117891
2016.0,318.0,18.5,0.0,0.0,0.0,0.0,0.0,0.0,0.0,1.814484606410297,0.12759713794516783,0.12759713794516783,0.0,0.0,0.052,-6.048487305117891
2016.0,318.0,19.0,0.0,0.0,0.0,0.0,0.0,0.0,0.0,1.814484606410297,0.12759713794516783,0.12759713794516783,0.0,0.0,0.052,-6.048487305117891
2016.0,318.0,19.5,0.0,0.0,0.0,0.0,0.0,0.0,0.0,1.814484606410297,0.12759713794516783,0.12759713794516783,0.0,0.0,0.052,-6.048487305117891
2016.0,318.0,20.0,0.0,0.0,0.0,0.0,0.0,0.0,0.0,1.814484606410297,0.12759713794516783,0.12759713794516783,0.0,0.0,0.052,-6.048487305117891
2016.0,318.0,20.5,0.0,0.0,0.0,0.0,0.0,0.0,0.0,1.814484606410297,0.12759713794516783,0.12759713794516783,0.0,0.0,0.052,-6.048487305117891
2016.0,318.0,21.0,0.0,0.0,0.0,0.0,0.0,0.0,0.0,1.814484606410297,0.12759713794516783,0.12759713794516783,0.0,0.0,0.052,-6.048487305117891
2016.0,318.0,21.5,0.0,0.0,0.0,0.0,0.0,0.0,0.0,1.814484606410297,0.12759713794516783,0.12759713794516783,0.0,0.0,0.052,-6.048487305117891
2016.0,318.0,22.0,0.0,0.0,0.0,0.0,0.0,0.0,0.0,1.814484606410297,0.12759713794516783,0.12759713794516783,0.0,0.0,0.052,-6.048487305117891
2016.0,318.0,22.5,0.0,0.0,0.0,0.0,0.0,0.0,0.0,1.814484606410297,0.12759713794516783,0.12759713794516783,0.0,0.0,0.052,-6.048487305117891
2016.0,318.0,23.0,0.0,0.0,0.0,0.0,0.0,0.0,0.0,1.814484606410297,0.12759713794516783,0.12759713794516783,0.0,0.0,0.052,-6.048487305117891
2016.0,318.0,23.5,0.0,0.0,0.0,0.0,0.0,0.0,0.0,1.814484606410297,0.12759713794516783,0.12759713794516783,0.0,0.0,0.052,-6.048487305117891
2016.0,319.0,0.0,0.0,0.0,0.0,0.0,0.0,0.0,0.0,1.814484606410297,0.12759713794516783,0.12759713794516783,0.0,0.0,0.052,-6.048487305117891
2016.0,319.0,0.5,0.0,0.0,0.0,0.0,0.0,0.0,0.0,1.814484606410297,0.12759713794516783,0.12759713794516783,0.0,0.0,0.052,-6.048487305117891
2016.0,319.0,1.0,0.0,0.0,0.0,0.0,0.0,0.0,0.0,1.814484606410297,0.12759713794516783,0.12759713794516783,0.0,0.0,0.052,-6.048487305117891
2016.0,319.0,1.5,0.0,0.0,0.0,0.0,0.0,0.0,0.0,1.814484606410297,0.12759713794516783,0.12759713794516783,0.0,0.0,0.052,-6.048487305117891
2016.0,319.0,2.0,0.0,0.0,0.0,0.0,0.0,0.0,0.0,1.814484606410297,0.12759713794516783,0.12759713794516783,0.0,0.0,0.052,-6.048487305117891
2016.0,319.0,2.5,0.0,0.0,0.0,0.0,0.0,0.0,0.0,1.814484606410297,0.12759713794516783,0.12759713794516783,0.0,0.0,0.052,-6.048487305117891
2016.0,319.0,3.0,0.0,0.0,0.0,0.0,0.0,0.0,0.0,1.814484606410297,0.12759713794516783,0.12759713794516783,0.0,0.0,0.052,-6.048487305117891
2016.0,319.0,3.5,0.0,0.0,0.0,0.0,0.0,0.0,0.0,1.814484606410297,0.12759713794516783,0.12759713794516783,0.0,0.0,0.052,-6.048487305117891
2016.0,319.0,4.0,0.0,0.0,0.0,0.0,0.0,0.0,0.0,1.814484606410297,0.12759713794516783,0.12759713794516783,0.0,0.0,0.052,-6.048487305117891
2016.0,319.0,4.5,0.0,0.0,0.0,0.0,0.0,0.0,0.0,1.814484606410297,0.12759713794516783,0.12759713794516783,0.0,0.0,0.052,-6.048487305117891
2016,319,5.0,-2.872206790416752,0.8366079603837929,19.370171562724007,0.05421944361903839,-6.265263753338243,19.336984611672076,False,1.1365260456957729,0.16131306887333258,0.16131306887333258,0.0,0.0,0.052,-6.048487305117891
2016,319,5.5,-1.7835621558204746,0.8396165019128637,20.42536348022798,0.05752615354766328,-6.265263753338243,19.64431909619403,False,1.1365260456957729,0.16131306887333258,0.16131306887333258,0.0,0.0,0.052,-6.048487305117891
2016,319,6.0,-1.2071708485226267,0.4190375103248573,15.704871482757646,0.02692871856570781,-6.149133513220197,20.008183948031444,False,1.1365260456957729,0.17583561691807512,0.17583561691807512,0.0,0.0,0.052,-6.048487305117891
2016,319,6.5,-0.48485281376933,0.6827393335339506,19.1056268536411,0.044617637857780806,-6.218811657291025,20.239589899498984,False,1.1365260456957729,0.16702362646241595,0.16702362646241595,0.0,0.0,0.052,-6.048487305117891
2016,319,7.0,8.773307281985721,0.6575004122569772,16.738534133438435,0.030149895775993488,-6.218811657291025,23.156157898975913,False,1.1365260456957729,0.16702362646241595,0.16702362646241595,0.0,0.0,0.052,-6.048487305117891
2016,319,7.5,6.218406406684809,0.5020788212829633,18.462994439899507,0.02125219480144662,-6.172359561243806,22.77403437750695,False,1.1365260456957729,0.1728654567744553,0.1728654567744553,0.0,0.0,0.052,-6.048487305117891
2016,319,8.0,5.739209652827212,2.4342258906687535,24.68471445253119,0.08636482526073351,-6.814946889896995,24.903907723730605,False,1.1365260456957729,0.10353744966146902,0.10353744966146902,0.0,0.0,0.052,-6.048487305117891
2016,319,8.5,0.0,0.0,0.0,0.0,0.0,0.0,False,1.1365260456957729,0.05000000000000003,0.05000000000000003,0.0,0.0,0.052,-6.048487305117891
2016,319,9.0,0.0,0.0,0.0,0.0,0.0,0.0,False,1.1365260456957729,0.05000000000000003,0.05000000000000003,0.0,0.0,0.052,-6.048487305117891
2016,319,9.5,0.0,0.0,0.0,0.0,0.0,0.0,False,1.1365260456957729,0.05000000000000003,0.05000000000000003,0.0,0.0,0.052,-6.048487305117891
2016,319,10.0,0.0,0.0,0.0,0.0,0.0,0.0,False,1.1365260456957729,0.05000000000000003,0.05000000000000003,0.0,0.0,0.052,-6.048487305117891
2016,319,10.5,0.0,0.0,0.0,0.0,0.0,0.0,False,0.8392563293780803,0.05000000000000003,0.05000000000000003,0.0,0.0,0.0515,-6.452434612407716
2016,319,11.0,0.0,0.0,0.0,0.0,0.0,0.0,False,0.584232973397601,0.05000000000000003,0.05000000000000003,0.0,0.0,0.051,-6.8877024241280935
2016,319,11.5,0.0,0.0,0.0,0.0,0.0,0.0,False,0.584232973397601,0.05000000000000003,0.05000000000000003,0.0,0.0,0.051,-6.8877024241280935
2016,319,12.0,0.0,0.0,0.0,0.0,0.0,0.0,False,0.584232973397601,0.05000000000000003,0.05000000000000003,0.0,0.0,0.051,-6.8877024241280935
2016,319,12.5,0.0,0.0,0.0,0.0,0.0,0.0,False,0.584232973397601,0.05000000000000003,0.05000000000000003,0.0,0.0,0.051,-6.8877024241280935
2016,319,13.0,0.0,0.0,0.0,0.0,0.0,0.0,False,0.584232973397601,0.05000000000000003,0.05000000000000003,0.0,0.0,0.051,-6.8877024241280935
2016,319,13.5,0.0,0.0,0.0,0.0,0.0,0.0,False,0.584232973397601,0.05000000000000003,0.05000000000000003,0.0,0.0,0.051,-6.8877024241280935
2016,319,14.0,0.0,0.0,0.0,0.0,0.0,0.0,False,0.584232973397601,0.05000000000000003,0.05000000000000003,0.0,0.0,0.051,-6.8877024241280935
2016,319,14.5,0.0,0.0,0.0,0.0,0.0,0.0,False,0.584232973397601,0.05000000000000003,0.05000000000000003,0.0,0.0,0.051,-6.8877024241280935
2016,319,15.0,0.0,0.0,0.0,0.0,0.0,0.0,False,0.584232973397601,0.05000000000000003,0.05000000000000003,0.0,0.0,0.051,-6.8877024241280935
2016.0,319.0,15.5,0.0,0.0,0.0,0.0,0.0,0.0,0.0,0.584232973397601,0.05000000000000003,0.05000000000000003,0.0,0.0,0.05,-7.863564046704504
2016.0,319.0,16.0,0.0,0.0,0.0,0.0,0.0,0.0,0.0,0.584232973397601,0.05000000000000003,0.05000000000000003,0.0,0.0,0.05,-7.863564046704504
2016.0,319.0,16.5,0.0,0.0,0.0,0.0,0.0,0.0,0.0,0.584232973397601,0.05000000000000003,0.05000000000000003,0.0,0.0,0.05,-7.863564046704504
2016.0,319.0,17.0,0.0,0.0,0.0,0.0,0.0,0.0,0.0,0.584232973397601,0.05000000000000003,0.05000000000000003,0.0,0.0,0.05,-7.863564046704504
2016.0,319.0,17.5,0.0,0.0,0.0,0.0,0.0,0.0,0.0,0.584232973397601,0.05000000000000003,0.05000000000000003,0.0,0.0,0.05,-7.863564046704504
2016.0,319.0,18.0,0.0,0.0,0.0,0.0,0.0,0.0,0.0,0.584232973397601,0.05000000000000003,0.05000000000000003,0.0,0.0,0.05,-7.863564046704504
2016.0,319.0,18.5,0.0,0.0,0.0,0.0,0.0,0.0,0.0,0.584232973397601,0.05000000000000003,0.05000000000000003,0.0,0.0,0.05,-7.863564046704504
2016.0,319.0,19.0,0.0,0.0,0.0,0.0,0.0,0.0,0.0,0.584232973397601,0.05000000000000003,0.05000000000000003,0.0,0.0,0.05,-7.863564046704504
2016.0,319.0,19.5,0.0,0.0,0.0,0.0,0.0,0.0,0.0,0.584232973397601,0.05000000000000003,0.05000000000000003,0.0,0.0,0.05,-7.863564046704504
2016.0,319.0,20.0,0.0,0.0,0.0,0.0,0.0,0.0,0.0,0.584232973397601,0.05000000000000003,0.05000000000000003,0.0,0.0,0.05,-7.863564046704504
2016.0,319.0,20.5,0.0,0.0,0.0,0.0,0.0,0.0,0.0,0.584232973397601,0.05000000000000003,0.05000000000000003,0.0,0.0,0.05,-7.863564046704504
2016.0,319.0,21.0,0.0,0.0,0.0,0.0,0.0,0.0,0.0,0.584232973397601,0.05000000000000003,0.05000000000000003,0.0,0.0,0.05,-7.863564046704504
2016.0,319.0,21.5,0.0,0.0,0.0,0.0,0.0,0.0,0.0,0.584232973397601,0.05000000000000003,0.05000000000000003,0.0,0.0,0.05,-7.863564046704504
2016.0,319.0,22.0,0.0,0.0,0.0,0.0,0.0,0.0,0.0,0.584232973397601,0.05000000000000003,0.05000000000000003,0.0,0.0,0.05,-7.863564046704504
2016.0,319.0,22.5,0.0,0.0,0.0,0.0,0.0,0.0,0.0,0.584232973397601,0.05000000000000003,0.05000000000000003,0.0,0.0,0.05,-7.863564046704504
2016.0,319.0,23.0,0.0,0.0,0.0,0.0,0.0,0.0,0.0,0.584232973397601,0.05000000000000003,0.05000000000000003,0.0,0.0,0.05,-7.863564046704504
2016.0,319.0,23.5,0.0,0.0,0.0,0.0,0.0,0.0,0.0,0.584232973397601,0.05000000000000003,0.05000000000000003,0.0,0.0,0.05,-7.863564046704504
2016.0,320.0,0.0,0.0,0.0,0.0,0.0,0.0,0.0,0.0,0.584232973397601,0.05000000000000003,0.05000000000000003,0.0,0.0,0.05,-7.863564046704504
2016.0,320.0,0.5,0.0,0.0,0.0,0.0,0.0,0.0,0.0,0.584232973397601,0.05000000000000003,0.05000000000000003,0.0,0.0,0.05,-7.863564046704504
2016.0,320.0,1.0,0.0,0.0,0.0,0.0,0.0,0.0,0.0,0.584232973397601,0.05000000000000003,0.05000000000000003,0.0,0.0,0.05,-7.863564046704504
2016.0,320.0,1.5,0.0,0.0,0.0,0.0,0.0,0.0,0.0,0.584232973397601,0.05000000000000003,0.05000000000000003,0.0,0.0,0.05,-7.863564046704504
2016.0,320.0,2.0,0.0,0.0,0.0,0.0,0.0,0.0,0.0,0.584232973397601,0.05000000000000003,0.05000000000000003,0.0,0.0,0.05,-7.863564046704504
2016.0,320.0,2.5,0.0,0.0,0.0,0.0,0.0,0.0,0.0,0.584232973397601,0.05000000000000003,0.05000000000000003,0.0,0.0,0.05,-7.863564046704504
2016.0,320.0,3.0,0.0,0.0,0.0,0.0,0.0,0.0,0.0,0.584232973397601,0.05000000000000003,0.05000000000000003,0.0,0.0,0.05,-7.863564046704504
2016.0,320.0,3.5,0.0,0.0,0.0,0.0,0.0,0.0,0.0,0.584232973397601,0.05000000000000003,0.05000000000000003,0.0,0.0,0.05,-7.863564046704504
2016.0,320.0,4.0,0.0,0.0,0.0,0.0,0.0,0.0,0.0,0.584232973397601,0.05000000000000003,0.05000000000000003,0.0,0.0,0.05,-7.863564046704504
2016.0,320.0,4.5,0.0,0.0,0.0,0.0,0.0,0.0,0.0,0.584232973397601,0.05000000000000003,0.05000000000000003,0.0,0.0,0.051,-6.8877024241280935
2016,320,5.0,0.0,0.0,0.0,0.0,0.0,0.0,False,0.3787387708429918,0.05000000000000003,0.05000000000000003,0.0,0.0,0.0505,-7.357062769630571
2016,320,5.5,0.0,0.0,0.0,0.0,0.0,0.0,False,0.3787387708429918,0.05000000000000003,0.05000000000000003,0.0,0.0,0.0505,-7.357062769630571
2016,320,6.0,0.9573960170661568,0.8025165817333885,26.61919886463057,0.13532613289222106,-7.345933522883188,17.144159219220874,False,0.584232973397601,0.06369584295260572,0.06369584295260572,0.0,0.0,0.051,-6.8877024241280935
2016,320,6.5,0.0,0.0,0.0,0.0,0.0,0.0,False,0.584232973397601,0.05000000000000003,0.05000000000000003,0.0,0.0,0.051,-6.8877024241280935
2016,320,7.0,2.192607071961889,0.7847111270720192,25.92556463173434,0.13921678259841902,-7.331834104459954,18.437794673271426,False,0.584232973397601,0.06457139475082996,0.06457139475082996,0.0,0.0,0.051,-6.8877024241280935
2016,320,7.5,0.0,0.0,0.0,0.0,0.0,0.0,False,0.3787387708429918,0.05000000000000003,0.05000000000000003,0.0,0.0,0.0505,-7.357062769630571
2016.0,320.0,8.0,0.0,0.0,0.0,0.0,0.0,0.0,0.0,0.3787387708429918,0.05000000000000003,0.05000000000000003,0.0,0.0,0.05,-7.863564046704504
2016.0,320.0,8.5,0.0,0.0,0.0,0.0,0.0,0.0,0.0,0.3787387708429918,0.05000000000000003,0.05000000000000003,0.0,0.0,0.05,-7.863564046704504
2016.0,320.0,9.0,0.0,0.0,0.0,0.0,0.0,0.0,0.0,0.3787387708429918,0.05000000000000003,0.05000000000000003,0.0,0.0,0.05,-7.863564046704504
2016.0,320.0,9.5,0.0,0.0,0.0,0.0,0.0,0.0,0.0,0.3787387708429918,0.05000000000000003,0.05000000000000003,0.0,0.0,0.05,-7.863564046704504
2016.0,320.0,10.0,0.0,0.0,0.0,0.0,0.0,0.0,0.0,0.3787387708429918,0.05000000000000003,0.05000000000000003,0.0,0.0,0.05,-7.863564046704504
2016.0,320.0,10.5,0.0,0.0,0.0,0.0,0.0,0.0,0.0,0.3787387708429918,0.05000000000000003,0.05000000000000003,0.0,0.0,0.05,-7.863564046704504
2016.0,320.0,11.0,0.0,0.0,0.0,0.0,0.0,0.0,0.0,0.3787387708429918,0.05000000000000003,0.05000000000000003,0.0,0.0,0.05,-7.863564046704504
2016.0,320.0,11.5,0.0,0.0,0.0,0.0,0.0,0.0,0.0,0.3787387708429918,0.05000000000000003,0.05000000000000003,0.0,0.0,0.05,-7.863564046704504
2016.0,320.0,12.0,0.0,0.0,0.0,0.0,0.0,0.0,0.0,0.3787387708429918,0.05000000000000003,0.05000000000000003,0.0,0.0,0.05,-7.863564046704504
2016.0,320.0,12.5,0.0,0.0,0.0,0.0,0.0,0.0,0.0,0.3787387708429918,0.05000000000000003,0.05000000000000003,0.0,0.0,0.05,-7.863564046704504
2016.0,320.0,13.0,0.0,0.0,0.0,0.0,0.0,0.0,0.0,0.3787387708429918,0.05000000000000003,0.05000000000000003,0.0,0.0,0.05,-7.863564046704504
2016.0,320.0,13.5,0.0,0.0,0.0,0.0,0.0,0.0,0.0,0.3787387708429918,0.05000000000000003,0.05000000000000003,0.0,0.0,0.05,-7.863564046704504
2016.0,320.0,14.0,0.0,0.0,0.0,0.0,0.0,0.0,0.0,0.3787387708429918,0.05000000000000003,0.05000000000000003,0.0,0.0,0.0495,-8.213147767034087
2016.0,320.0,14.5,0.0,0.0,0.0,0.0,0.0,0.0,0.0,0.3787387708429918,0.05000000000000003,0.05000000000000003,0.0,0.0,0.049,-8.578272630895233
2016.0,320.0,15.0,0.0,0.0,0.0,0.0,0.0,0.0,0.0,0.3787387708429918,0.05000000000000003,0.05000000000000003,0.0,0.0,0.049,-8.578272630895233
2016.0,320.0,15.5,0.0,0.0,0.0,0.0,0.0,0.0,0.0,0.3787387708429918,0.05000000000000003,0.05000000000000003,0.0,0.0,0.049,-8.578272630895233
2016.0,320.0,16.0,0.0,0.0,0.0,0.0,0.0,0.0,0.0,0.3787387708429918,0.05000000000000003,0.05000000000000003,0.0,0.0,0.049,-8.578272630895233
2016.0,320.0,16.5,0.0,0.0,0.0,0.0,0.0,0.0,0.0,0.3787387708429918,0.05000000000000003,0.05000000000000003,0.0,0.0,0.049,-8.578272630895233
2016.0,320.0,17.0,0.0,0.0,0.0,0.0,0.0,0.0,0.0,0.3787387708429918,0.05000000000000003,0.05000000000000003,0.0,0.0,0.049,-8.578272630895233
2016.0,320.0,17.5,0.0,0.0,0.0,0.0,0.0,0.0,0.0,0.3787387708429918,0.05000000000000003,0.05000000000000003,0.0,0.0,0.049,-8.578272630895233
2016.0,320.0,18.0,0.0,0.0,0.0,0.0,0.0,0.0,0.0,0.3787387708429918,0.05000000000000003,0.05000000000000003,0.0,0.0,0.049,-8.578272630895233
2016.0,320.0,18.5,0.0,0.0,0.0,0.0,0.0,0.0,0.0,0.3787387708429918,0.05000000000000003,0.05000000000000003,0.0,0.0,0.049,-8.578272630895233
2016.0,320.0,19.0,0.0,0.0,0.0,0.0,0.0,0.0,0.0,0.3787387708429918,0.05000000000000003,0.05000000000000003,0.0,0.0,0.049,-8.578272630895233
2016.0,320.0,19.5,0.0,0.0,0.0,0.0,0.0,0.0,0.0,0.3787387708429918,0.05000000000000003,0.05000000000000003,0.0,0.0,0.049,-8.578272630895233
2016.0,320.0,20.0,0.0,0.0,0.0,0.0,0.0,0.0,0.0,0.3787387708429918,0.05000000000000003,0.05000000000000003,0.0,0.0,0.049,-8.578272630895233
2016.0,320.0,20.5,0.0,0.0,0.0,0.0,0.0,0.0,0.0,0.3787387708429918,0.05000000000000003,0.05000000000000003,0.0,0.0,0.049,-8.578272630895233
2016.0,320.0,21.0,0.0,0.0,0.0,0.0,0.0,0.0,0.0,0.3787387708429918,0.05000000000000003,0.05000000000000003,0.0,0.0,0.049,-8.578272630895233
2016.0,320.0,21.5,0.0,0.0,0.0,0.0,0.0,0.0,0.0,0.3787387708429918,0.05000000000000003,0.05000000000000003,0.0,0.0,0.049,-8.578272630895233
2016.0,320.0,22.0,0.0,0.0,0.0,0.0,0.0,0.0,0.0,0.3787387708429918,0.05000000000000003,0.05000000000000003,0.0,0.0,0.049,-8.578272630895233
2016.0,320.0,22.5,0.0,0.0,0.0,0.0,0.0,0.0,0.0,0.3787387708429918,0.05000000000000003,0.05000000000000003,0.0,0.0,0.049,-8.578272630895233
2016.0,320.0,23.0,0.0,0.0,0.0,0.0,0.0,0.0,0.0,0.3787387708429918,0.05000000000000003,0.05000000000000003,0.0,0.0,0.049,-8.578272630895233
2016.0,320.0,23.5,0.0,0.0,0.0,0.0,0.0,0.0,0.0,0.3787387708429918,0.05000000000000003,0.05000000000000003,0.0,0.0,0.049,-8.578272630895233
