year,doy,hod,A(uso),A(pmax),E(uso),E(pmax),Ci(uso),Ci(pmax),gs(uso),gs(pmax),Pleaf(uso),Pleaf(pmax),Tleaf(uso),Tleaf(pmax),Rublim(uso),Rublim(pmax),ksc(pmax),VCsun(pmax),VCsha(pmax),Eci(uso),Eci(pmax),Es(uso),Es(pmax),sw(uso),sw(pmax),Ps(uso),Ps(pmax)
[-],[-],[h],[umol m-2 s-1],[umol m-2 s-1],[mmol m-2 s-1],[mmol m-2 s-1],[Pa],[Pa],[mol m-2 s-1],[mol m-2 s-1],[MPa],[MPa],[degC],[degC],[-],[-],[mmol m-2 s-1 MPa-1],[-],[-],[mmol m-2 s-1],[mmol m-2 s-1],[mmol m-2 s-1],[mmol m-2 s-1],[m3 m-3],[m3 m-3],[MPa],[MPa]
2016.0,303.0,0.0,0.0,0.0,0.0,0.0,0.0,0.0,0.0,0.0,0.0,0.0,0.0,0.0,0.0,0.0,6.010651,1.0,1.0,0.0,0.0,0.0,0.0,0.112,0.112,-0.03564977988411399,-0.03564977988411399
2016.0,303.0,0.5,0.0,0.0,0.0,0.0,0.0,0.0,0.0,0.0,0.0,0.0,0.0,0.0,0.0,0.0,6.010651,1.0,1.0,0.0,0.0,0.0,0.0,0.112,0.112,-0.03564977988411399,-0.03564977988411399
2016.0,303.0,1.0,0.0,0.0,0.0,0.0,0.0,0.0,0.0,0.0,0.0,0.0,0.0,0.0,0.0,0.0,6.010651,1.0,1.0,0.0,0.0,0.0,0.0,0.112,0.112,-0.03564977988411399,-0.03564977988411399
2016.0,303.0,1.5,0.0,0.0,0.0,0.0,0.0,0.0,0.0,0.0,0.0,0.0,0.0,0.0,0.0,0.0,6.010651,1.0,1.0,0.0,0.0,0.0,0.0,0.112,0.112,-0.03564977988411399,-0.03564977988411399
2016.0,303.0,2.0,0.0,0.0,0.0,0.0,0.0,0.0,0.0,0.0,0.0,0.0,0.0,0.0,0.0,0.0,6.010651,1.0,1.0,0.0,0.0,0.0,0.0,0.112,0.112,-0.03564977988411399,-0.03564977988411399
2016.0,303.0,2.5,0.0,0.0,0.0,0.0,0.0,0.0,0.0,0.0,0.0,0.0,0.0,0.0,0.0,0.0,6.010651,1.0,1.0,0.0,0.0,0.0,0.0,0.112,0.112,-0.03564977988411399,-0.03564977988411399
2016.0,303.0,3.0,0.0,0.0,0.0,0.0,0.0,0.0,0.0,0.0,0.0,0.0,0.0,0.0,0.0,0.0,6.010651,1.0,1.0,0.0,0.0,0.0,0.0,0.112,0.112,-0.03564977988411399,-0.03564977988411399
2016.0,303.0,3.5,0.0,0.0,0.0,0.0,0.0,0.0,0.0,0.0,0.0,0.0,0.0,0.0,0.0,0.0,6.010651,1.0,1.0,0.0,0.0,0.0,0.0,0.112,0.112,-0.03564977988411399,-0.03564977988411399
2016.0,303.0,4.0,0.0,0.0,0.0,0.0,0.0,0.0,0.0,0.0,0.0,0.0,0.0,0.0,0.0,0.0,6.010651,1.0,1.0,0.0,0.0,0.0,0.0,0.112,0.112,-0.03564977988411399,-0.03564977988411399
2016.0,303.0,4.5,0.0,0.0,0.0,0.0,0.0,0.0,0.0,0.0,0.0,0.0,0.0,0.0,0.0,0.0,6.010651,1.0,1.0,0.0,0.0,0.0,0.0,0.112,0.112,-0.03564977988411399,-0.03564977988411399
2016.0,303.0,5.0,0.0,0.0,0.0,0.0,0.0,0.0,0.0,0.0,0.0,0.0,0.0,0.0,0.0,0.0,6.010651,1.0,1.0,0.0,0.0,0.0,0.0,0.112,0.112,-0.03564977988411399,-0.03564977988411399
2016.0,303.0,5.5,0.0,0.0,0.0,0.0,0.0,0.0,0.0,0.0,0.0,0.0,0.0,0.0,0.0,0.0,6.010651,1.0,1.0,0.0,0.0,0.0,0.0,0.112,0.112,-0.03564977988411399,-0.03564977988411399
2016.0,303.0,6.0,0.0,0.0,0.0,0.0,0.0,0.0,0.0,0.0,0.0,0.0,0.0,0.0,0.0,0.0,6.010651,1.0,1.0,0.0,0.0,0.0,0.0,0.112,0.112,-0.03564977988411399,-0.03564977988411399
2016,303,6.5,0.0,0.0,0.0,0.0,0.0,0.0,0.0,0.0,0.0,0.0,0.0,0.0,True,True,6.01063392215407,1.0,1.0,0.0,0.0,0.0,0.0,0.112,0.112,-0.03564977988411399,-0.03564977988411399
2016,303,7.0,0.0,0.0,0.0,0.0,0.0,0.0,0.0,0.0,0.0,0.0,0.0,0.0,True,True,6.010632546886653,1.0,1.0,0.0,0.0,0.003650374619603474,0.003650374619603474,0.1115,0.1115,-0.03673320302919571,-0.03673320302919571
2016,303,7.5,2.5369948775901796,2.6571889234049184,0.15976739249143837,0.4530659491216443,36.33806341737558,41.735229539261425,0.053020116897259516,0.15241797103835866,0.0,-0.11374704579800529,19.96598196,19.933409273730028,False,False,6.010631053928128,0.9999428431892257,1.0,0.0,0.0,0.01866849096374706,0.01866849096374706,0.111,0.111,-0.037854645342310235,-0.037854645342310235
2016,303,8.0,4.423403996326924,4.628141757957705,0.2784606000974173,1.041951048314975,36.12300775539835,41.751778891749034,0.09167409214687075,0.37311426158130917,0.0,-0.18963944625370036,21.050601653941,21.038038438588412,False,False,6.010631053928128,0.9997855490459115,1.0,0.0,0.0,0.04177000339175591,0.04177000339175591,0.111,0.111,-0.037854645342310235,-0.037854645342310235
2016,303,8.5,4.518100496596312,4.707813954690179,0.2578683059241846,0.8685492660461787,36.617174630709165,41.74984132235032,0.1010013120628595,0.3680666922941903,0.0,-0.15169324602585282,21.171882258931547,21.17900258870151,False,False,6.010631053928128,0.9998796344145388,1.0,0.0,0.0,0.04456911876386062,0.04456911876386062,0.111,0.111,-0.037854645342310235,-0.037854645342310235
2016,303,9.0,19.53547605505489,0.0,1.3717777451455473,0.0,34.680141516798884,0.0,0.36695334286367015,0.0,0.0,0.0,6185.783177320532,0.0,False,0.0,6.010631053928128,0.9998796344145388,1.0,0.0,0.0,0.34953314992489865,0.34953314992489865,0.111,0.111,-0.037854645342310235,-0.037854645342310235
2016,303,9.5,18.45590928635877,0.0,1.7325326243017845,0.0,33.09098750583904,0.0,0.29047655958815793,0.0,0.0,0.0,6911.6881568032295,0.0,False,0.0,6.010631053928128,0.9998796344145388,1.0,0.0,0.0,0.3371133478128862,0.3371133478128862,0.111,0.111,-0.037854645342310235,-0.037854645342310235
2016,303,10.0,10.964293353022878,0.0,1.3783306007277851,0.0,31.61672228211135,0.0,0.14645978910308904,0.0,0.0,0.0,8629.089860502856,0.0,False,0.0,6.010631053928128,0.9998796344145388,1.0,0.0,0.0,0.2216814912758102,0.2216814912758102,0.111,0.111,-0.037854645342310235,-0.037854645342310235
2016,303,10.5,15.227364967369342,27.549348861564553,2.007594474541357,11.732120994814952,31.094482503652582,41.0741649321551,0.19806155084198496,0.6206040970875156,0.0,-0.6070476487600232,9620.606006098245,25.138794833987788,False,False,6.010631053928128,0.988934560262051,0.9990186958460769,0.0,0.0,0.3070574843358294,0.3070574843358294,0.111,0.111,-0.037854645342310235,-0.037854645342310235
2016,303,11.0,6.7636543145267645,0.0,0.8914713920905423,0.0,31.501148136543385,0.0,0.08825342910565848,0.0,0.0,0.0,8980.310512727803,0.0,False,0.0,6.010631053928128,0.988934560262051,0.9990186958460769,0.0,0.0,0.09219015438544031,0.09219015438544031,0.111,0.111,-0.037854645342310235,-0.037854645342310235
2016,303,11.5,5.339183780246826,6.184027435773157,0.725289499371382,4.428869788037216,31.363114170591558,41.74803888163837,0.06857566261834727,0.45293759847503107,0.0,-0.49320904807648064,26.14161730837841,26.040354357157973,False,False,6.010631053928128,0.9974607197347081,0.9990186958460769,0.0,0.0,0.07485982086878933,0.07485982086878933,0.111,0.111,-0.037854645342310235,-0.037854645342310235
2016,303,12.0,0.9848236485490851,1.2201150824146167,0.10490412166111014,0.7331208712877236,33.203114609658044,41.680405913696745,0.014609792136551777,0.10478154506690639,0.0,-0.11374704579800529,25.111665622126754,25.108007610146046,False,False,6.010631053928128,0.9999428431892257,0.9990186958460769,0.0,0.0,0.01974290856366594,0.01974290856366594,0.111,0.111,-0.037854645342310235,-0.037854645342310235
2016,303,12.5,0.29316056061105966,0.0,0.026859295142882718,0.0,34.196265658345716,0.0,0.004778117750406758,0.0,0.0,0.0,24.2663555162707,0.0,False,0.0,6.01062767123044,0.999996118761585,0.9990186958460769,0.0,0.0,0.01083015316745983,0.01083015316745983,0.11,0.11,-0.040217713132218724,-0.040217713132218724
2016,303,13.0,2.1357172552195967,2.419235649191541,0.20206494768397526,1.064060291671762,33.89686511612812,41.712815327755365,0.03401983697552367,0.18668741794111995,0.0,-0.15402068967822502,24.962626609524413,24.951412651786626,False,False,6.01062767123044,0.9998747986717622,0.9990186958460769,0.0,0.0,0.033236354612020506,0.033236354612020506,0.11,0.11,-0.040217713132218724,-0.040217713132218724
2016,303,13.5,4.760520410029536,5.390325223156293,0.5388438863670648,2.756149477557385,32.61379246132471,41.694563969873705,0.06785630640882953,0.36609101904029984,0.0,-0.3436923172549022,25.860138218247076,25.769617086579125,False,False,6.01062767123044,0.9990017509491385,0.9990186958460769,0.0,0.0,0.06515875818366826,0.06515875818366826,0.11,0.11,-0.040217713132218724,-0.040217713132218724
2016,303,14.0,2.8448521459868705,3.1633246354162314,0.26614096634557244,1.3087391095118024,33.929919493932815,41.68637588529713,0.045590576674672444,0.23656396944316274,0.0,-0.19195501519356045,25.129529507370414,25.12510754158246,False,False,6.01062767123044,0.9997787097651161,0.9990186958460769,0.0,0.0,0.039691762269428686,0.039691762269428686,0.11,0.11,-0.040217713132218724,-0.040217713132218724
2016,303,14.5,0.0,0.0,0.0,0.0,0.0,0.0,0.0,0.0,0.0,0.0,0.0,0.0,True,True,6.01062767123044,0.9997787097651161,0.9990186958460769,0.0,0.0,0.005566401644582514,0.005566401644582514,0.11,0.11,-0.040217713132218724,-0.040217713132218724
2016.0,303.0,15.0,0.0,0.0,0.0,0.0,0.0,0.0,0.0,0.0,0.0,0.0,0.0,0.0,0.0,0.0,6.01062767123044,0.9997787097651161,0.9990186958460769,0.0,0.0,0.0006936754898177936,0.0006936754898177936,0.11,0.11,-0.040217713132218724,-0.040217713132218724
2016,303,15.5,3.217310427064503,3.4816182993092846,0.260546101064239,1.0066973049382313,34.7724323829967,41.74283692859181,0.05678009719068786,0.22597102429091678,0.0,-0.19195501519356045,24.008588780409287,23.97165212812903,False,False,6.01062767123044,0.9997787097651161,0.9990186958460769,0.0,0.0,0.03672190360069857,0.03672190360069857,0.11,0.11,-0.040217713132218724,-0.040217713132218724
2016,303,16.0,1.851386983795761,2.0275256598036124,0.15720502296195427,0.6458401677206074,34.567976029699885,41.71986471496824,0.03171973486930184,0.13524429986745043,0.0,-0.15402068967822502,24.30078712934233,24.29859260861619,False,False,6.01062767123044,0.9998747986717622,0.9990186958460769,0.0,0.0,0.02118336963740476,0.02118336963740476,0.11,0.11,-0.040217713132218724,-0.040217713132218724
2016,303,16.5,0.0,0.0,0.0,0.0,0.0,0.0,0.0,0.0,0.0,0.0,0.0,0.0,True,True,6.01062767123044,0.9998747986717622,0.9990186958460769,0.0,0.0,0.010420701674549662,0.010420701674549662,0.11,0.11,-0.040217713132218724,-0.040217713132218724
2016,303,17.0,0.0,0.0,0.0,0.0,0.0,0.0,0.0,0.0,0.0,0.0,0.0,0.0,True,True,6.01062767123044,0.9998747986717622,0.9990186958460769,0.0,0.0,0.004038136298296049,0.004038136298296049,0.11,0.11,-0.040217713132218724,-0.040217713132218724
2016.0,303.0,17.5,0.0,0.0,0.0,0.0,0.0,0.0,0.0,0.0,0.0,0.0,0.0,0.0,0.0,0.0,6.01062767123044,0.9998747986717622,0.9990186958460769,0.0,0.0,0.0,0.0,0.11,0.11,-0.040217713132218724,-0.040217713132218724
2016.0,303.0,18.0,0.0,0.0,0.0,0.0,0.0,0.0,0.0,0.0,0.0,0.0,0.0,0.0,0.0,0.0,6.01062767123044,0.9998747986717622,0.9990186958460769,0.0,0.0,0.0,0.0,0.109,0.109,-0.04275193063584228,-0.04275193063584228
2016.0,303.0,18.5,0.0,0.0,0.0,0.0,0.0,0.0,0.0,0.0,0.0,0.0,0.0,0.0,0.0,0.0,6.01062767123044,0.9998747986717622,0.9990186958460769,0.0,0.0,0.0,0.0,0.109,0.109,-0.04275193063584228,-0.04275193063584228
2016.0,303.0,19.0,0.0,0.0,0.0,0.0,0.0,0.0,0.0,0.0,0.0,0.0,0.0,0.0,0.0,0.0,6.01062767123044,0.9998747986717622,0.9990186958460769,0.0,0.0,0.0,0.0,0.109,0.109,-0.04275193063584228,-0.04275193063584228
2016.0,303.0,19.5,0.0,0.0,0.0,0.0,0.0,0.0,0.0,0.0,0.0,0.0,0.0,0.0,0.0,0.0,6.01062767123044,0.9998747986717622,0.9990186958460769,0.0,0.0,0.0,0.0,0.109,0.109,-0.04275193063584228,-0.04275193063584228
2016.0,303.0,20.0,0.0,0.0,0.0,0.0,0.0,0.0,0.0,0.0,0.0,0.0,0.0,0.0,0.0,0.0,6.01062767123044,0.9998747986717622,0.9990186958460769,0.0,0.0,0.0,0.0,0.109,0.109,-0.04275193063584228,-0.04275193063584228
2016.0,303.0,20.5,0.0,0.0,0.0,0.0,0.0,0.0,0.0,0.0,0.0,0.0,0.0,0.0,0.0,0.0,6.01062767123044,0.9998747986717622,0.9990186958460769,0.0,0.0,0.0,0.0,0.109,0.109,-0.04275193063584228,-0.04275193063584228
2016.0,303.0,21.0,0.0,0.0,0.0,0.0,0.0,0.0,0.0,0.0,0.0,0.0,0.0,0.0,0.0,0.0,6.01062767123044,0.9998747986717622,0.9990186958460769,0.0,0.0,0.0,0.0,0.109,0.109,-0.04275193063584228,-0.04275193063584228
2016.0,303.0,21.5,0.0,0.0,0.0,0.0,0.0,0.0,0.0,0.0,0.0,0.0,0.0,0.0,0.0,0.0,6.01062767123044,0.9998747986717622,0.9990186958460769,0.0,0.0,0.0,0.0,0.109,0.109,-0.04275193063584228,-0.04275193063584228
2016.0,303.0,22.0,0.0,0.0,0.0,0.0,0.0,0.0,0.0,0.0,0.0,0.0,0.0,0.0,0.0,0.0,6.01062767123044,0.9998747986717622,0.9990186958460769,0.0,0.0,0.0,0.0,0.109,0.109,-0.04275193063584228,-0.04275193063584228
2016.0,303.0,22.5,0.0,0.0,0.0,0.0,0.0,0.0,0.0,0.0,0.0,0.0,0.0,0.0,0.0,0.0,6.01062767123044,0.9998747986717622,0.9990186958460769,0.0,0.0,0.0,0.0,0.109,0.109,-0.04275193063584228,-0.04275193063584228
2016.0,303.0,23.0,0.0,0.0,0.0,0.0,0.0,0.0,0.0,0.0,0.0,0.0,0.0,0.0,0.0,0.0,6.01062767123044,0.9998747986717622,0.9990186958460769,0.0,0.0,0.0,0.0,0.109,0.109,-0.04275193063584228,-0.04275193063584228
2016.0,303.0,23.5,0.0,0.0,0.0,0.0,0.0,0.0,0.0,0.0,0.0,0.0,0.0,0.0,0.0,0.0,6.01062767123044,0.9998747986717622,0.9990186958460769,0.0,0.0,0.0,0.0,0.109,0.109,-0.04275193063584228,-0.04275193063584228
2016.0,304.0,0.0,0.0,0.0,0.0,0.0,0.0,0.0,0.0,0.0,0.0,0.0,0.0,0.0,0.0,0.0,6.01062767123044,0.9998747986717622,0.9990186958460769,0.0,0.0,0.0,0.0,0.109,0.109,-0.04275193063584228,-0.04275193063584228
2016.0,304.0,0.5,0.0,0.0,0.0,0.0,0.0,0.0,0.0,0.0,0.0,0.0,0.0,0.0,0.0,0.0,6.01062767123044,0.9998747986717622,0.9990186958460769,0.0,0.0,0.0,0.0,0.109,0.109,-0.04275193063584228,-0.04275193063584228
2016.0,304.0,1.0,0.0,0.0,0.0,0.0,0.0,0.0,0.0,0.0,0.0,0.0,0.0,0.0,0.0,0.0,6.01062767123044,0.9998747986717622,0.9990186958460769,0.0,0.0,0.0,0.0,0.109,0.109,-0.04275193063584228,-0.04275193063584228
2016.0,304.0,1.5,0.0,0.0,0.0,0.0,0.0,0.0,0.0,0.0,0.0,0.0,0.0,0.0,0.0,0.0,6.01062767123044,0.9998747986717622,0.9990186958460769,0.0,0.0,0.0,0.0,0.109,0.109,-0.04275193063584228,-0.04275193063584228
2016.0,304.0,2.0,0.0,0.0,0.0,0.0,0.0,0.0,0.0,0.0,0.0,0.0,0.0,0.0,0.0,0.0,6.01062767123044,0.9998747986717622,0.9990186958460769,0.0,0.0,0.0,0.0,0.109,0.109,-0.04275193063584228,-0.04275193063584228
2016.0,304.0,2.5,0.0,0.0,0.0,0.0,0.0,0.0,0.0,0.0,0.0,0.0,0.0,0.0,0.0,0.0,6.01062767123044,0.9998747986717622,0.9990186958460769,0.0,0.0,0.0,0.0,0.109,0.109,-0.04275193063584228,-0.04275193063584228
2016.0,304.0,3.0,0.0,0.0,0.0,0.0,0.0,0.0,0.0,0.0,0.0,0.0,0.0,0.0,0.0,0.0,6.01062767123044,0.9998747986717622,0.9990186958460769,0.0,0.0,0.0,0.0,0.109,0.109,-0.04275193063584228,-0.04275193063584228
2016.0,304.0,3.5,0.0,0.0,0.0,0.0,0.0,0.0,0.0,0.0,0.0,0.0,0.0,0.0,0.0,0.0,6.01062767123044,0.9998747986717622,0.9990186958460769,0.0,0.0,0.0,0.0,0.109,0.109,-0.04275193063584228,-0.04275193063584228
2016.0,304.0,4.0,0.0,0.0,0.0,0.0,0.0,0.0,0.0,0.0,0.0,0.0,0.0,0.0,0.0,0.0,6.01062767123044,0.9998747986717622,0.9990186958460769,0.0,0.0,0.0,0.0,0.109,0.109,-0.04275193063584228,-0.04275193063584228
2016.0,304.0,4.5,0.0,0.0,0.0,0.0,0.0,0.0,0.0,0.0,0.0,0.0,0.0,0.0,0.0,0.0,6.01062767123044,0.9998747986717622,0.9990186958460769,0.0,0.0,0.0,0.0,0.1085,0.1085,-0.04408758946698625,-0.04408758946698625
2016.0,304.0,5.0,0.0,0.0,0.0,0.0,0.0,0.0,0.0,0.0,0.0,0.0,0.0,0.0,0.0,0.0,6.01062767123044,0.9998747986717622,0.9990186958460769,0.0,0.0,0.0,0.0,0.108,0.108,-0.04547143795776919,-0.04547143795776919
2016,304,5.5,0.0,0.0,0.0,0.0,0.0,0.0,0.0,0.0,0.0,0.0,0.0,0.0,True,0.0,6.01062767123044,0.9998747986717622,0.9990186958460769,0.0,0.0,0.0033922236921889357,0.0033922236921889357,0.108,0.108,-0.04547143795776919,-0.04547143795776919
2016,304,6.0,1.9180872289604236,0.0,0.12934824896618052,0.0,39.08898091099131,0.0,0.03819000077260094,0.0,0.0,0.0,-2102.9461748635786,0.0,False,0.0,6.01062767123044,0.9998747986717622,0.9990186958460769,0.0,0.0,0.01933736178389494,0.01933736178389494,0.108,0.108,-0.04547143795776919,-0.04547143795776919
2016,304,6.5,3.4399433731558995,3.029245918350509,0.24508400854129755,1.0048046400474289,35.466092997983644,41.70463101116195,0.06609806931560994,0.29477311670596773,0.0,-0.31082691217426867,2687.6457596917385,22.10044069171758,False,False,6.010618949404005,0.9992302300479639,0.9999946676997226,0.0,0.0,0.03975448215293642,0.03975448215293642,0.108,0.108,-0.04547143795776919,-0.04547143795776919
2016,304,7.0,2.770677340806669,0.0,0.1739309882671087,0.0,36.189546720612974,0.0,0.058344341377462305,0.0,0.0,0.0,3648.583497217486,0.0,False,0.0,6.010618949404005,0.9992302300479639,0.9999946676997226,0.0,0.0,0.0760740811424286,0.0760740811424286,0.108,0.108,-0.04547143795776919,-0.04547143795776919
2016,304,7.5,4.246723381015062,0.0,0.3116113054186092,0.0,35.271936783613036,0.0,0.07990123360625864,0.0,0.0,0.0,4344.818267401004,0.0,False,0.0,6.010618949404005,0.9992302300479639,0.9999946676997226,0.0,0.0,0.1019690608808685,0.1019690608808685,0.108,0.108,-0.04547143795776919,-0.04547143795776919
2016,304,8.0,0.0,0.0,0.0,0.0,0.0,0.0,0.0,0.0,0.0,0.0,0.0,0.0,True,0.0,6.010618949404005,0.9992302300479639,0.9999946676997226,0.0,0.0,0.10200028333608867,0.10200028333608867,0.108,0.108,-0.04547143795776919,-0.04547143795776919
2016,304,8.5,6.431804545415945,0.0,0.7128983621291798,0.0,32.66649645357635,0.0,0.09267239827552194,0.0,0.0,0.0,6731.934881242875,0.0,False,0.0,6.010618949404005,0.9992302300479639,0.9999946676997226,0.0,0.0,0.14811243756859443,0.14811243756859443,0.108,0.108,-0.04547143795776919,-0.04547143795776919
2016,304,9.0,6.27749912467841,0.0,0.7750090769787723,0.0,31.96398797765668,0.0,0.08499224619735705,0.0,0.0,0.0,7995.0895487038715,0.0,False,0.0,6.010618949404005,0.9992302300479639,0.9999946676997226,0.0,0.0,0.1430985966407729,0.1430985966407729,0.108,0.108,-0.04547143795776919,-0.04547143795776919
2016,304,9.5,8.518463302016286,0.0,1.135205836415221,0.0,31.338712875283605,0.0,0.11059894042045317,0.0,0.0,0.0,9238.784132705538,0.0,False,0.0,6.010618949404005,0.9992302300479639,0.9999946676997226,0.0,0.0,0.12604130199741886,0.12604130199741886,0.108,0.108,-0.04547143795776919,-0.04547143795776919
2016,304,10.0,8.826872098314997,0.0,1.3257937556603268,0.0,30.503452771102502,0.0,0.10739492035559964,0.0,0.0,0.0,11177.392496673521,0.0,False,0.0,6.010618949404005,0.9992302300479639,0.9999946676997226,0.0,0.0,0.14648868096969306,0.14648868096969306,0.108,0.108,-0.04547143795776919,-0.04547143795776919
2016,304,10.5,7.3791989922779875,0.0,1.1199388783634652,0.0,30.498673037409528,0.0,0.08934613447646202,0.0,0.0,0.0,12048.786416768557,0.0,False,0.0,6.010618949404005,0.9992302300479639,0.9999946676997226,0.0,0.0,0.1289368157557561,0.1289368157557561,0.108,0.108,-0.04547143795776919,-0.04547143795776919
2016,304,11.0,4.752256435004757,0.0,0.738282655824363,0.0,30.458013061131098,0.0,0.05690019712014207,0.0,0.0,0.0,12460.8609353986,0.0,False,0.0,6.010618949404005,0.9992302300479639,0.9999946676997226,0.0,0.0,0.09066865338488805,0.09066865338488805,0.1075,0.1075,-0.046905450055852886,-0.046905450055852886
2016,304,11.5,4.382750498802049,0.0,0.7267587493108912,0.0,30.009848238151257,0.0,0.05059059542657488,0.0,0.0,0.0,13489.477296973899,0.0,False,0.0,6.010618949404005,0.9992302300479639,0.9999946676997226,0.0,0.0,0.09167233948103569,0.09167233948103569,0.107,0.107,-0.048391690295205986,-0.048391690295205986
2016,304,12.0,3.9434456106686535,0.0,0.6660473545179252,0.0,29.898000351950667,0.0,0.04508098223730522,0.0,0.0,0.0,13696.094478462275,0.0,False,0.0,6.010618949404005,0.9992302300479639,0.9999946676997226,0.0,0.0,0.08675535213232541,0.08675535213232541,0.107,0.107,-0.048391690295205986,-0.048391690295205986
2016,304,12.5,3.115803732325497,4.164057360351563,0.5466259701422547,4.711072402351162,29.66222155754063,41.72324627865978,0.03493842786373901,0.32697531771793026,0.0,-0.5410039435869342,31.00838662101247,30.995195416817957,False,False,6.010613349638567,0.9967753584252043,0.9999946676997226,0.0,0.0,0.07405752003707436,0.07405752003707436,0.107,0.107,-0.048391690295205986,-0.048391690295205986
2016,304,13.0,1.7397067910212831,2.51702436888541,0.30807111814917504,2.837321971226168,29.65787832901648,41.704337908351924,0.01944296543748003,0.1880416381645578,0.0,-0.35153769232088483,30.582897238474484,30.577998841592525,False,False,6.010613349638567,0.99894175978199,0.9999946676997226,0.0,0.0,0.04717207480420496,0.04717207480420496,0.107,0.107,-0.048391690295205986,-0.048391690295205986
2016,304,13.5,1.2474829546363,1.960454501757924,0.22845183723909687,2.4011996117049743,29.4384637237096,41.728412706105374,0.01373376312128066,0.15024146077465841,0.0,-0.31364444206767494,30.732870002944857,30.736662583860838,False,False,6.010613349638567,0.9992120555803398,0.9999946676997226,0.0,0.0,0.037880093731498865,0.037880093731498865,0.107,0.107,-0.048391690295205986,-0.048391690295205986
2016,304,14.0,1.0573833679679265,1.6971818190372603,0.19046282620829597,1.9631660449440511,29.566792524961212,41.7365634818005,0.011739596864182486,0.12510908314323396,0.0,-0.2772453688244261,30.602883950411965,30.606802207738333,False,False,6.010610169835143,0.9994272753555135,0.9999946676997226,0.0,0.0,0.03234795292551713,0.03234795292551713,0.1065,0.1065,-0.04993231840392216,-0.04993231840392216
2016,304,14.5,1.6481418619539272,2.343089377552851,0.29279196326027374,2.7619867922306827,29.6397587309663,41.71162845084388,0.018423949818730273,0.18248520240672955,0.0,-0.3924269311978575,30.616912561293724,30.628110610804356,False,False,6.010606704581266,0.9985935140599408,0.9999946676997226,0.0,0.0,0.03864280953940689,0.03864280953940689,0.106,0.106,-0.05152959416956806,-0.05152959416956806
2016,304,15.0,0.3820021120457522,0.8248270006873217,0.06778526791128126,0.8454311815557869,29.710739462209794,41.68958412274765,0.004267705402966128,0.05402510989937601,0.0,-0.16516203984566455,30.36515617,30.368932449103134,False,False,6.010606704581266,0.9998500067778232,0.9999946676997226,0.0,0.0,0.016024592554375116,0.016024592554375116,0.106,0.106,-0.05152959416956806,-0.05152959416956806
2016.0,304.0,15.5,0.0,0.0,0.0,0.0,0.0,0.0,0.0,0.0,0.0,0.0,0.0,0.0,0.0,0.0,6.010606704581266,0.9998500067778232,0.9999946676997226,0.0,0.0,0.0,0.0,0.106,0.106,-0.05152959416956806,-0.05152959416956806
2016.0,304.0,16.0,0.0,0.0,0.0,0.0,0.0,0.0,0.0,0.0,0.0,0.0,0.0,0.0,0.0,0.0,6.010606704581266,0.9998500067778232,0.9999946676997226,0.0,0.0,0.0,0.0,0.106,0.106,-0.05152959416956806,-0.05152959416956806
2016.0,304.0,16.5,0.0,0.0,0.0,0.0,0.0,0.0,0.0,0.0,0.0,0.0,0.0,0.0,0.0,0.0,6.010606704581266,0.9998500067778232,0.9999946676997226,0.0,0.0,0.0,0.0,0.106,0.106,-0.05152959416956806,-0.05152959416956806
2016.0,304.0,17.0,0.0,0.0,0.0,0.0,0.0,0.0,0.0,0.0,0.0,0.0,0.0,0.0,0.0,0.0,6.010606704581266,0.9998500067778232,0.9999946676997226,0.0,0.0,0.0,0.0,0.106,0.106,-0.05152959416956806,-0.05152959416956806
2016.0,304.0,17.5,0.0,0.0,0.0,0.0,0.0,0.0,0.0,0.0,0.0,0.0,0.0,0.0,0.0,0.0,6.010606704581266,0.9998500067778232,0.9999946676997226,0.0,0.0,0.0,0.0,0.106,0.106,-0.05152959416956806,-0.05152959416956806
2016.0,304.0,18.0,0.0,0.0,0.0,0.0,0.0,0.0,0.0,0.0,0.0,0.0,0.0,0.0,0.0,0.0,6.010606704581266,0.9998500067778232,0.9999946676997226,0.0,0.0,0.0,0.0,0.1055,0.1055,-0.053185882577760246,-0.053185882577760246
2016.0,304.0,18.5,0.0,0.0,0.0,0.0,0.0,0.0,0.0,0.0,0.0,0.0,0.0,0.0,0.0,0.0,6.010606704581266,0.9998500067778232,0.9999946676997226,0.0,0.0,0.0,0.0,0.106,0.106,-0.05152959416956806,-0.05152959416956806
2016.0,304.0,19.0,0.0,0.0,0.0,0.0,0.0,0.0,0.0,0.0,0.0,0.0,0.0,0.0,0.0,0.0,6.010606704581266,0.9998500067778232,0.9999946676997226,0.0,0.0,0.0,0.0,0.106,0.106,-0.05152959416956806,-0.05152959416956806
2016.0,304.0,19.5,0.0,0.0,0.0,0.0,0.0,0.0,0.0,0.0,0.0,0.0,0.0,0.0,0.0,0.0,6.010606704581266,0.9998500067778232,0.9999946676997226,0.0,0.0,0.0,0.0,0.105,0.105,-0.05490365924070806,-0.05490365924070806
2016.0,304.0,20.0,0.0,0.0,0.0,0.0,0.0,0.0,0.0,0.0,0.0,0.0,0.0,0.0,0.0,0.0,6.010606704581266,0.9998500067778232,0.9999946676997226,0.0,0.0,0.0,0.0,0.105,0.105,-0.05490365924070806,-0.05490365924070806
2016.0,304.0,20.5,0.0,0.0,0.0,0.0,0.0,0.0,0.0,0.0,0.0,0.0,0.0,0.0,0.0,0.0,6.010606704581266,0.9998500067778232,0.9999946676997226,0.0,0.0,0.0,0.0,0.105,0.105,-0.05490365924070806,-0.05490365924070806
2016.0,304.0,21.0,0.0,0.0,0.0,0.0,0.0,0.0,0.0,0.0,0.0,0.0,0.0,0.0,0.0,0.0,6.010606704581266,0.9998500067778232,0.9999946676997226,0.0,0.0,0.0,0.0,0.105,0.105,-0.05490365924070806,-0.05490365924070806
2016.0,304.0,21.5,0.0,0.0,0.0,0.0,0.0,0.0,0.0,0.0,0.0,0.0,0.0,0.0,0.0,0.0,6.010606704581266,0.9998500067778232,0.9999946676997226,0.0,0.0,0.0,0.0,0.105,0.105,-0.05490365924070806,-0.05490365924070806
2016.0,304.0,22.0,0.0,0.0,0.0,0.0,0.0,0.0,0.0,0.0,0.0,0.0,0.0,0.0,0.0,0.0,6.010606704581266,0.9998500067778232,0.9999946676997226,0.0,0.0,0.0,0.0,0.105,0.105,-0.05490365924070806,-0.05490365924070806
2016.0,304.0,22.5,0.0,0.0,0.0,0.0,0.0,0.0,0.0,0.0,0.0,0.0,0.0,0.0,0.0,0.0,6.010606704581266,0.9998500067778232,0.9999946676997226,0.0,0.0,0.0,0.0,0.105,0.105,-0.05490365924070806,-0.05490365924070806
2016.0,304.0,23.0,0.0,0.0,0.0,0.0,0.0,0.0,0.0,0.0,0.0,0.0,0.0,0.0,0.0,0.0,6.010606704581266,0.9998500067778232,0.9999946676997226,0.0,0.0,0.0,0.0,0.105,0.105,-0.05490365924070806,-0.05490365924070806
2016.0,304.0,23.5,0.0,0.0,0.0,0.0,0.0,0.0,0.0,0.0,0.0,0.0,0.0,0.0,0.0,0.0,6.010606704581266,0.9998500067778232,0.9999946676997226,0.0,0.0,0.0,0.0,0.105,0.105,-0.05490365924070806,-0.05490365924070806
2016.0,305.0,0.0,0.0,0.0,0.0,0.0,0.0,0.0,0.0,0.0,0.0,0.0,0.0,0.0,0.0,0.0,6.010606704581266,0.9998500067778232,0.9999946676997226,0.0,0.0,0.0,0.0,0.105,0.105,-0.05490365924070806,-0.05490365924070806
2016.0,305.0,0.5,0.0,0.0,0.0,0.0,0.0,0.0,0.0,0.0,0.0,0.0,0.0,0.0,0.0,0.0,6.010606704581266,0.9998500067778232,0.9999946676997226,0.0,0.0,0.0,0.0,0.105,0.105,-0.05490365924070806,-0.05490365924070806
2016.0,305.0,1.0,0.0,0.0,0.0,0.0,0.0,0.0,0.0,0.0,0.0,0.0,0.0,0.0,0.0,0.0,6.010606704581266,0.9998500067778232,0.9999946676997226,0.0,0.0,0.0,0.0,0.105,0.105,-0.05490365924070806,-0.05490365924070806
2016.0,305.0,1.5,0.0,0.0,0.0,0.0,0.0,0.0,0.0,0.0,0.0,0.0,0.0,0.0,0.0,0.0,6.010606704581266,0.9998500067778232,0.9999946676997226,0.0,0.0,0.0,0.0,0.105,0.105,-0.05490365924070806,-0.05490365924070806
2016.0,305.0,2.0,0.0,0.0,0.0,0.0,0.0,0.0,0.0,0.0,0.0,0.0,0.0,0.0,0.0,0.0,6.010606704581266,0.9998500067778232,0.9999946676997226,0.0,0.0,0.0,0.0,0.105,0.105,-0.05490365924070806,-0.05490365924070806
2016.0,305.0,2.5,0.0,0.0,0.0,0.0,0.0,0.0,0.0,0.0,0.0,0.0,0.0,0.0,0.0,0.0,6.010606704581266,0.9998500067778232,0.9999946676997226,0.0,0.0,0.0,0.0,0.105,0.105,-0.05490365924070806,-0.05490365924070806
2016.0,305.0,3.0,0.0,0.0,0.0,0.0,0.0,0.0,0.0,0.0,0.0,0.0,0.0,0.0,0.0,0.0,6.010606704581266,0.9998500067778232,0.9999946676997226,0.0,0.0,0.0,0.0,0.105,0.105,-0.05490365924070806,-0.05490365924070806
2016.0,305.0,3.5,0.0,0.0,0.0,0.0,0.0,0.0,0.0,0.0,0.0,0.0,0.0,0.0,0.0,0.0,6.010606704581266,0.9998500067778232,0.9999946676997226,0.0,0.0,0.0,0.0,0.105,0.105,-0.05490365924070806,-0.05490365924070806
2016.0,305.0,4.0,0.0,0.0,0.0,0.0,0.0,0.0,0.0,0.0,0.0,0.0,0.0,0.0,0.0,0.0,6.010606704581266,0.9998500067778232,0.9999946676997226,0.0,0.0,0.0,0.0,0.105,0.105,-0.05490365924070806,-0.05490365924070806
2016.0,305.0,4.5,0.0,0.0,0.0,0.0,0.0,0.0,0.0,0.0,0.0,0.0,0.0,0.0,0.0,0.0,6.010606704581266,0.9998500067778232,0.9999946676997226,0.0,0.0,0.0,0.0,0.105,0.105,-0.05490365924070806,-0.05490365924070806
2016.0,305.0,5.0,0.0,0.0,0.0,0.0,0.0,0.0,0.0,0.0,0.0,0.0,0.0,0.0,0.0,0.0,6.010606704581266,0.9998500067778232,0.9999946676997226,0.0,0.0,0.0,0.0,0.105,0.105,-0.05490365924070806,-0.05490365924070806
2016,305,5.5,0.0,0.0,0.0,0.0,0.0,0.0,0.0,0.0,0.0,0.0,0.0,0.0,True,True,6.010598806365899,0.9998500067778232,0.9999946676997226,0.0,0.0,0.0,0.0,0.105,0.105,-0.05490365924070806,-0.05490365924070806
2016,305,6.0,2.8844260339380883,0.0,0.29195705564257834,0.0,33.41889118271825,0.0,0.044082811819717356,0.0,0.0,0.0,1904.6682934140415,0.0,False,0.0,6.010598806365899,0.9998500067778232,0.9999946676997226,0.0,0.0,0.04572374443957685,0.04572374443957685,0.104,0.104,-0.05853416765766311,-0.05853416765766311
2016,305,6.5,7.171467689076056,0.0,0.7522346862832738,0.0,32.93426511946256,0.0,0.10719734581702477,0.0,0.0,0.0,2461.8712059222676,0.0,False,0.0,6.010598806365899,0.9998500067778232,0.9999946676997226,0.0,0.0,0.10683950826401487,0.10683950826401487,0.104,0.104,-0.05853416765766311,-0.05853416765766311
2016,305,7.0,5.8512753928247045,0.0,0.696043271860683,0.0,32.22191585323462,0.0,0.08117790946995708,0.0,0.0,0.0,2777.4224820470567,0.0,False,0.0,6.010598806365899,0.9998500067778232,0.9999946676997226,0.0,0.0,0.09543638344366431,0.09543638344366431,0.104,0.104,-0.05853416765766311,-0.05853416765766311
2016,305,7.5,7.258709976179325,0.0,0.9540219667480664,0.0,31.49568881326173,0.0,0.0949995805008016,0.0,0.0,0.0,3410.4558453645054,0.0,False,0.0,6.010598806365899,0.9998500067778232,0.9999946676997226,0.0,0.0,0.11607585353332159,0.11607585353332159,0.104,0.104,-0.05853416765766311,-0.05853416765766311
2016,305,8.0,11.3121693145674,0.0,1.6442631485783907,0.0,30.623243469759846,0.0,0.1398528174437866,0.0,0.0,0.0,4103.65462185795,0.0,False,0.0,6.010598806365899,0.9998500067778232,0.9999946676997226,0.0,0.0,0.16998693867457576,0.16998693867457576,0.104,0.104,-0.05853416765766311,-0.05853416765766311
2016,305,8.5,18.201819016254102,0.0,2.773929652850468,0.0,29.992185488603997,0.0,0.21888097649638066,0.0,0.0,0.0,5037.307548557189,0.0,False,0.0,6.010598806365899,0.9998500067778232,0.9999946676997226,0.0,0.0,0.28598541614426193,0.28598541614426193,0.104,0.104,-0.05853416765766311,-0.05853416765766311
2016,305,9.0,20.286018889803284,0.0,3.2143795764930174,0.0,29.639072682493516,0.0,0.23875700373850872,0.0,0.0,0.0,5798.727933427372,0.0,False,0.0,6.010598806365899,0.9998500067778232,0.9999946676997226,0.0,0.0,0.3306125080157569,0.3306125080157569,0.104,0.104,-0.05853416765766311,-0.05853416765766311
2016,305,9.5,18.933522428589466,0.0,3.2040943588688244,0.0,29.233783227159062,0.0,0.2156726809945769,0.0,0.0,0.0,8159.711160843569,0.0,False,0.0,6.010598806365899,0.9998500067778232,0.9999946676997226,0.0,0.0,0.34344859715993664,0.34344859715993664,0.1035,0.1035,-0.06045245705084043,-0.06045245705084043
2016,305,10.0,13.798424804893015,0.0,2.5896997878698302,0.0,28.722378912646583,0.0,0.14968873576849462,0.0,0.0,0.0,9219.247604085258,0.0,False,0.0,6.010598806365899,0.9998500067778232,0.9999946676997226,0.0,0.0,0.24642567238940044,0.24642567238940044,0.103,0.103,-0.0624433631667216,-0.0624433631667216
2016,305,10.5,18.268157531981704,32.77322836210318,3.4336415112757837,15.864307373003466,28.52516085697302,39.786997427174214,0.197924431430818,0.44857999307164076,0.0,-0.8188961398016209,9668.356670108355,23.80723867054489,False,False,6.010578189546766,0.980704983597274,0.9965692708214406,0.0,0.0,0.3284137068334856,0.3284137068334856,0.103,0.103,-0.0624433631667216,-0.0624433631667216
2016,305,11.0,10.578180864740599,22.108419105263298,2.0332676934497056,13.892114786786737,28.6868008452525,40.79360744349552,0.11348580132957171,0.3940897426544609,0.0,-0.7243395427222584,10756.329433328037,24.817629277007654,False,False,6.010578189546766,0.985471364065063,0.9976518973148405,0.0,0.0,0.19991062513287855,0.19991062513287855,0.103,0.103,-0.0624433631667216,-0.0624433631667216
2016,305,11.5,9.14191322276352,0.0,1.7641754379626424,0.0,28.718631298110626,0.0,0.097908765870038,0.0,0.0,0.0,11337.46218285242,0.0,False,0.0,6.010578189546766,0.985471364065063,0.9976518973148405,0.0,0.0,0.1247894982253279,0.1247894982253279,0.103,0.103,-0.0624433631667216,-0.0624433631667216
2016,305,12.0,8.09103898132252,0.0,1.5493577350755356,0.0,28.817880706537668,0.0,0.08688499629406468,0.0,0.0,0.0,11618.551974447168,0.0,False,0.0,6.010578189546766,0.985471364065063,0.9976518973148405,0.0,0.0,0.15786632691607863,0.15786632691607863,0.102,0.102,-0.06665566250405618,-0.06665566250405618
2016,305,12.5,1.2630914915842397,1.9005782152549062,0.2518815462704842,2.5339617412079343,28.816419095775693,41.698615423830276,0.013340424926950862,0.13924070363048663,0.0,-0.3312659629927968,28.489433711917393,28.50159959040191,False,False,6.010564793914822,0.9990924219323235,0.9976518973148405,0.0,0.0,0.017857268308357013,0.017857268308357013,0.102,0.102,-0.06665566250405618,-0.06665566250405618
2016,305,13.0,7.2713395920974895,0.0,1.4914970704309698,0.0,28.35322218999266,0.0,0.07563808169801262,0.0,0.0,0.0,11634.849267525833,0.0,False,0.0,6.010564793914822,0.9990924219323235,0.9976518973148405,0.0,0.0,0.10093833530110574,0.10093833530110574,0.102,0.102,-0.06665566250405618,-0.06665566250405618
2016,305,13.5,6.0201206649017465,0.0,1.2503582548428585,0.0,28.42566847549795,0.0,0.06168911521371325,0.0,0.0,0.0,10281.321780799293,0.0,False,0.0,6.010564793914822,0.9990924219323235,0.9976518973148405,0.0,0.0,0.07442648722965467,0.07442648722965467,0.102,0.102,-0.06665566250405618,-0.06665566250405618
2016,305,14.0,7.18589802788661,0.0,1.4666746652432998,0.0,28.39341196664378,0.0,0.07484261346463439,0.0,0.0,0.0,9558.405486036694,0.0,False,0.0,6.010564793914822,0.9990924219323235,0.9976518973148405,0.0,0.0,0.08559175350705545,0.08559175350705545,0.1015,0.1015,-0.06888375816279445,-0.06888375816279445
2016,305,14.5,13.176969448747407,25.25998874349654,2.3577694321237677,12.930695552932896,29.083113512066742,40.31337326225972,0.14635594387721337,0.3947378108253252,0.0,-0.7323242008861199,8406.476018392641,25.16919386493942,False,False,6.01054876381481,0.9836583969154343,0.9980080484868216,0.0,0.0,0.2311662414897653,0.2311662414897653,0.101,0.101,-0.07119789195244307,-0.07119789195244307
2016,305,15.0,8.74479418405195,0.0,1.5022584233977003,0.0,29.566579624361555,0.0,0.09922287554904376,0.0,0.0,0.0,6380.1180529332105,0.0,False,0.0,6.01054876381481,0.9836583969154343,0.9980080484868216,0.0,0.0,0.1475614984270022,0.1475614984270022,0.101,0.101,-0.07119789195244307,-0.07119789195244307
2016,305,15.5,0.0,0.0,0.0,0.0,0.0,0.0,0.0,0.0,0.0,0.0,0.0,0.0,True,True,6.01054876381481,0.9836583969154343,0.9980080484868216,0.0,0.0,0.0,0.0,0.101,0.101,-0.07119789195244307,-0.07119789195244307
2016,305,16.0,0.0,0.0,0.0,0.0,0.0,0.0,0.0,0.0,0.0,0.0,0.0,0.0,True,True,6.01054876381481,0.9836583969154343,0.9980080484868216,0.0,0.0,0.0,0.0,0.101,0.101,-0.07119789195244307,-0.07119789195244307
2016,305,16.5,0.0,0.0,0.0,0.0,0.0,0.0,0.0,0.0,0.0,0.0,0.0,0.0,True,True,6.01054876381481,0.9836583969154343,0.9980080484868216,0.0,0.0,0.0,0.0,0.101,0.101,-0.07119789195244307,-0.07119789195244307
2016.0,305.0,17.0,0.0,0.0,0.0,0.0,0.0,0.0,0.0,0.0,0.0,0.0,0.0,0.0,0.0,0.0,6.01054876381481,0.9836583969154343,0.9980080484868216,0.0,0.0,0.0,0.0,0.1005,0.1005,-0.07360183711599791,-0.07360183711599791
2016.0,305.0,17.5,0.0,0.0,0.0,0.0,0.0,0.0,0.0,0.0,0.0,0.0,0.0,0.0,0.0,0.0,6.01054876381481,0.9836583969154343,0.9980080484868216,0.0,0.0,0.0,0.0,0.1,0.1,-0.07609955234709746,-0.07609955234709746
2016.0,305.0,18.0,0.0,0.0,0.0,0.0,0.0,0.0,0.0,0.0,0.0,0.0,0.0,0.0,0.0,0.0,6.01054876381481,0.9836583969154343,0.9980080484868216,0.0,0.0,0.0,0.0,0.1,0.1,-0.07609955234709746,-0.07609955234709746
2016.0,305.0,18.5,0.0,0.0,0.0,0.0,0.0,0.0,0.0,0.0,0.0,0.0,0.0,0.0,0.0,0.0,6.01054876381481,0.9836583969154343,0.9980080484868216,0.0,0.0,0.0,0.0,0.1,0.1,-0.07609955234709746,-0.07609955234709746
2016.0,305.0,19.0,0.0,0.0,0.0,0.0,0.0,0.0,0.0,0.0,0.0,0.0,0.0,0.0,0.0,0.0,6.01054876381481,0.9836583969154343,0.9980080484868216,0.0,0.0,0.0,0.0,0.1,0.1,-0.07609955234709746,-0.07609955234709746
2016.0,305.0,19.5,0.0,0.0,0.0,0.0,0.0,0.0,0.0,0.0,0.0,0.0,0.0,0.0,0.0,0.0,6.01054876381481,0.9836583969154343,0.9980080484868216,0.0,0.0,0.0,0.0,0.1,0.1,-0.07609955234709746,-0.07609955234709746
2016.0,305.0,20.0,0.0,0.0,0.0,0.0,0.0,0.0,0.0,0.0,0.0,0.0,0.0,0.0,0.0,0.0,6.01054876381481,0.9836583969154343,0.9980080484868216,0.0,0.0,0.0,0.0,0.1,0.1,-0.07609955234709746,-0.07609955234709746
2016.0,305.0,20.5,0.0,0.0,0.0,0.0,0.0,0.0,0.0,0.0,0.0,0.0,0.0,0.0,0.0,0.0,6.01054876381481,0.9836583969154343,0.9980080484868216,0.0,0.0,0.0,0.0,0.1,0.1,-0.07609955234709746,-0.07609955234709746
2016.0,305.0,21.0,0.0,0.0,0.0,0.0,0.0,0.0,0.0,0.0,0.0,0.0,0.0,0.0,0.0,0.0,6.01054876381481,0.9836583969154343,0.9980080484868216,0.0,0.0,0.0,0.0,0.1,0.1,-0.07609955234709746,-0.07609955234709746
2016.0,305.0,21.5,0.0,0.0,0.0,0.0,0.0,0.0,0.0,0.0,0.0,0.0,0.0,0.0,0.0,0.0,6.01054876381481,0.9836583969154343,0.9980080484868216,0.0,0.0,0.0,0.0,0.1,0.1,-0.07609955234709746,-0.07609955234709746
2016.0,305.0,22.0,0.0,0.0,0.0,0.0,0.0,0.0,0.0,0.0,0.0,0.0,0.0,0.0,0.0,0.0,6.01054876381481,0.9836583969154343,0.9980080484868216,0.0,0.0,0.0,0.0,0.1,0.1,-0.07609955234709746,-0.07609955234709746
2016.0,305.0,22.5,0.0,0.0,0.0,0.0,0.0,0.0,0.0,0.0,0.0,0.0,0.0,0.0,0.0,0.0,6.01054876381481,0.9836583969154343,0.9980080484868216,0.0,0.0,0.0,0.0,0.1,0.1,-0.07609955234709746,-0.07609955234709746
2016.0,305.0,23.0,0.0,0.0,0.0,0.0,0.0,0.0,0.0,0.0,0.0,0.0,0.0,0.0,0.0,0.0,6.01054876381481,0.9836583969154343,0.9980080484868216,0.0,0.0,0.0,0.0,0.1,0.1,-0.07609955234709746,-0.07609955234709746
2016.0,305.0,23.5,0.0,0.0,0.0,0.0,0.0,0.0,0.0,0.0,0.0,0.0,0.0,0.0,0.0,0.0,6.01054876381481,0.9836583969154343,0.9980080484868216,0.0,0.0,0.0,0.0,0.1,0.1,-0.07609955234709746,-0.07609955234709746
2016.0,306.0,0.0,0.0,0.0,0.0,0.0,0.0,0.0,0.0,0.0,0.0,0.0,0.0,0.0,0.0,0.0,6.01054876381481,0.9836583969154343,0.9980080484868216,0.0,0.0,0.0,0.0,0.1,0.1,-0.07609955234709746,-0.07609955234709746
2016.0,306.0,0.5,0.0,0.0,0.0,0.0,0.0,0.0,0.0,0.0,0.0,0.0,0.0,0.0,0.0,0.0,6.01054876381481,0.9836583969154343,0.9980080484868216,0.0,0.0,0.0,0.0,0.099,0.099,-0.08139311628306982,-0.08139311628306982
2016.0,306.0,1.0,0.0,0.0,0.0,0.0,0.0,0.0,0.0,0.0,0.0,0.0,0.0,0.0,0.0,0.0,6.01054876381481,0.9836583969154343,0.9980080484868216,0.0,0.0,0.0,0.0,0.099,0.099,-0.08139311628306982,-0.08139311628306982
2016.0,306.0,1.5,0.0,0.0,0.0,0.0,0.0,0.0,0.0,0.0,0.0,0.0,0.0,0.0,0.0,0.0,6.01054876381481,0.9836583969154343,0.9980080484868216,0.0,0.0,0.0,0.0,0.099,0.099,-0.08139311628306982,-0.08139311628306982
2016.0,306.0,2.0,0.0,0.0,0.0,0.0,0.0,0.0,0.0,0.0,0.0,0.0,0.0,0.0,0.0,0.0,6.01054876381481,0.9836583969154343,0.9980080484868216,0.0,0.0,0.0,0.0,0.099,0.099,-0.08139311628306982,-0.08139311628306982
2016.0,306.0,2.5,0.0,0.0,0.0,0.0,0.0,0.0,0.0,0.0,0.0,0.0,0.0,0.0,0.0,0.0,6.01054876381481,0.9836583969154343,0.9980080484868216,0.0,0.0,0.0,0.0,0.099,0.099,-0.08139311628306982,-0.08139311628306982
2016.0,306.0,3.0,0.0,0.0,0.0,0.0,0.0,0.0,0.0,0.0,0.0,0.0,0.0,0.0,0.0,0.0,6.01054876381481,0.9836583969154343,0.9980080484868216,0.0,0.0,0.0,0.0,0.099,0.099,-0.08139311628306982,-0.08139311628306982
2016.0,306.0,3.5,0.0,0.0,0.0,0.0,0.0,0.0,0.0,0.0,0.0,0.0,0.0,0.0,0.0,0.0,6.01054876381481,0.9836583969154343,0.9980080484868216,0.0,0.0,0.0,0.0,0.099,0.099,-0.08139311628306982,-0.08139311628306982
2016.0,306.0,4.0,0.0,0.0,0.0,0.0,0.0,0.0,0.0,0.0,0.0,0.0,0.0,0.0,0.0,0.0,6.01054876381481,0.9836583969154343,0.9980080484868216,0.0,0.0,0.0,0.0,0.099,0.099,-0.08139311628306982,-0.08139311628306982
2016.0,306.0,4.5,0.0,0.0,0.0,0.0,0.0,0.0,0.0,0.0,0.0,0.0,0.0,0.0,0.0,0.0,6.01054876381481,0.9836583969154343,0.9980080484868216,0.0,0.0,0.0,0.0,0.099,0.099,-0.08139311628306982,-0.08139311628306982
2016.0,306.0,5.0,0.0,0.0,0.0,0.0,0.0,0.0,0.0,0.0,0.0,0.0,0.0,0.0,0.0,0.0,6.01054876381481,0.9836583969154343,0.9980080484868216,0.0,0.0,0.0,0.0,0.099,0.099,-0.08139311628306982,-0.08139311628306982
2016,306,5.5,0.0,0.0,0.0,0.0,0.0,0.0,0.0,0.0,0.0,0.0,0.0,0.0,True,True,6.010506468168368,0.9836583969154343,0.9980080484868216,0.0,0.0,0.0,0.0,0.099,0.099,-0.08139311628306982,-0.08139311628306982
2016,306,6.0,2.9925935813260933,0.0,0.15869492910068128,0.0,37.07489579212759,0.0,0.07059692766390432,0.0,0.0,0.0,666.5352711191471,0.0,False,0.0,6.010506468168368,0.9836583969154343,0.9980080484868216,0.0,0.0,0.030290139942839862,0.030290139942839862,0.099,0.099,-0.08139311628306982,-0.08139311628306982
2016,306,6.5,7.922376160278714,0.0,0.42303930269470286,0.0,40.301156377503744,0.0,0.18509779054669934,0.0,0.0,0.0,968.0585495527657,0.0,False,0.0,6.010506468168368,0.9836583969154343,0.9980080484868216,0.0,0.0,0.08206053774293201,0.08206053774293201,0.099,0.099,-0.08139311628306982,-0.08139311628306982
2016,306,7.0,6.378347317271473,0.0,0.5274741881281392,0.0,34.47522542238301,0.0,0.11047610415752578,0.0,0.0,0.0,1358.5746139429573,0.0,False,0.0,6.010506468168368,0.9836583969154343,0.9980080484868216,0.0,0.0,0.06710352942712684,0.06710352942712684,0.099,0.099,-0.08139311628306982,-0.08139311628306982
2016,306,7.5,0.0,0.0,0.0,0.0,0.0,0.0,0.0,0.0,0.0,0.0,0.0,0.0,True,0.0,6.010506468168368,0.9836583969154343,0.9980080484868216,0.0,0.0,0.04719939496656815,0.04719939496656815,0.099,0.099,-0.08139311628306982,-0.08139311628306982
2016,306,8.0,7.950654874357384,0.0,0.7930483672390565,0.0,38.598027194747246,0.0,0.12213121365020829,0.0,0.0,0.0,2300.8093498463318,0.0,False,0.0,6.010506468168368,0.9836583969154343,0.9980080484868216,0.0,0.0,0.08641829605800266,0.08641829605800266,0.099,0.099,-0.08139311628306982,-0.08139311628306982
2016,306,8.5,12.819566442726611,0.0,1.5205992426234087,0.0,31.923250651339973,0.0,0.177057925722616,0.0,0.0,0.0,3352.4709036297686,0.0,False,0.0,6.010506468168368,0.9836583969154343,0.9980080484868216,0.0,0.0,0.1467737789963628,0.1467737789963628,0.099,0.099,-0.08139311628306982,-0.08139311628306982
2016,306,9.0,17.897042507620966,0.0,2.233056371017006,0.0,31.353640487200064,0.0,0.2395382717691634,0.0,0.0,0.0,4181.181043204383,0.0,False,0.0,6.010506468168368,0.9836583969154343,0.9980080484868216,0.0,0.0,0.21663359674335467,0.21663359674335467,0.0985,0.0985,-0.08419790365177743,-0.08419790365177743
2016,306,9.5,17.555813630989782,0.0,2.4036558429396426,0.0,37.31624049497697,0.0,0.22343837850635345,0.0,0.0,0.0,5192.78475929777,0.0,False,0.0,6.010506468168368,0.9836583969154343,0.9980080484868216,0.0,0.0,0.21963331247162501,0.21963331247162501,0.098,0.098,-0.08711436181617598,-0.08711436181617598
2016,306,10.0,16.80300740996295,0.0,2.5230454963292734,0.0,37.02155210763091,0.0,0.20350400717349867,0.0,0.0,0.0,6124.377764978931,0.0,False,0.0,6.010506468168368,0.9836583969154343,0.9980080484868216,0.0,0.0,0.21584829310106568,0.21584829310106568,0.098,0.098,-0.08711436181617598,-0.08711436181617598
2016,306,10.5,15.940584712064453,0.0,2.6485245924517926,0.0,29.4968197905392,0.0,0.1833798817160082,0.0,0.0,0.0,7740.325488007697,0.0,False,0.0,6.010506468168368,0.9836583969154343,0.9980080484868216,0.0,0.0,0.22048276639545225,0.22048276639545225,0.098,0.098,-0.08711436181617598,-0.08711436181617598
2016,306,11.0,9.303800878046797,0.0,1.6438425779816723,0.0,29.34782398725295,0.0,0.10406360793935675,0.0,0.0,0.0,8716.456084583622,0.0,False,0.0,6.010506468168368,0.9836583969154343,0.9980080484868216,0.0,0.0,0.1319096406474747,0.1319096406474747,0.098,0.098,-0.08711436181617598,-0.08711436181617598
2016,306,11.5,9.084043627418588,0.0,1.665261003004682,0.0,29.092058996600418,0.0,0.099647340333604,0.0,0.0,0.0,9924.099363443407,0.0,False,0.0,6.010506468168368,0.9836583969154343,0.9980080484868216,0.0,0.0,0.09300426235320877,0.09300426235320877,0.0975,0.0975,-0.09014754103564299,-0.09014754103564299
2016,306,12.0,7.895077986837421,0.0,1.4547666830388402,0.0,29.10604612402489,0.0,0.08650897156940411,0.0,0.0,0.0,10112.434558750825,0.0,False,0.0,6.010506468168368,0.9836583969154343,0.9980080484868216,0.0,0.0,0.08129208975583783,0.08129208975583783,0.097,0.097,-0.09330274757307958,-0.09330274757307958
2016,306,12.5,2.5060452700524323,3.3644931754144958,0.5073363522972999,4.6920891772202715,28.651133255347265,41.72134468124413,0.026248716849213687,0.2596764592595588,0.0,-0.5829811127009267,28.61032346996363,28.622361323490466,False,False,6.010445226008024,0.9960889621302405,0.9980080484868216,0.0,0.0,0.029149669173910174,0.029149669173910174,0.097,0.097,-0.09330274757307958,-0.09330274757307958
2016,306,13.0,7.278378130597873,0.0,1.4952991770499116,0.0,28.3416826870508,0.0,0.0755673594144691,0.0,0.0,0.0,11362.61723999671,0.0,False,0.0,6.010445226008024,0.9960889621302405,0.9980080484868216,0.0,0.0,0.0853525395356244,0.0853525395356244,0.097,0.097,-0.09330274757307958,-0.09330274757307958
2016,306,13.5,3.4427361479834273,4.529015795541963,0.7220233305690272,5.821900989671243,28.35065427415787,41.52796234946415,0.035406932874466605,0.30306135544715757,0.0,-0.7336513788941104,28.681601116783618,28.576196814964078,False,False,6.010445226008024,0.9929225067497774,0.9980080484868216,0.0,0.0,0.035916326870012616,0.035916326870012616,0.097,0.097,-0.09330274757307958,-0.09330274757307958
2016,306,14.0,7.0779454899883465,0.0,1.432806727056772,0.0,28.600377974662372,0.0,0.07335433485447543,0.0,0.0,0.0,9106.8751573293,0.0,False,0.0,6.010445226008024,0.9929225067497774,0.9980080484868216,0.0,0.0,0.06859752978373634,0.06859752978373634,0.096,0.096,-0.10000183490806634,-0.10000183490806634
2016,306,14.5,11.63397827207431,0.0,2.3369161210974263,0.0,28.32237998387073,0.0,0.12217473949781697,0.0,0.0,0.0,8579.942211203905,0.0,False,0.0,6.010445226008024,0.9929225067497774,0.9980080484868216,0.0,0.0,0.18111970512626072,0.18111970512626072,0.096,0.096,-0.10000183490806634,-0.10000183490806634
2016,306,15.0,8.346230164594472,0.0,1.674568171855354,0.0,28.467758712526077,0.0,0.08771675471987175,0.0,0.0,0.0,7439.2907638874,0.0,False,0.0,6.010445226008024,0.9929225067497774,0.9980080484868216,0.0,0.0,0.13220580825909348,0.13220580825909348,0.096,0.096,-0.10000183490806634,-0.10000183490806634
2016,306,15.5,0.0,0.0,0.0,0.0,0.0,0.0,0.0,0.0,0.0,0.0,0.0,0.0,True,True,6.01040479658948,0.9929225067497774,0.9980080484868216,0.0,0.0,0.0,0.0,0.096,0.096,-0.10000183490806634,-0.10000183490806634
2016,306,16.0,0.0,0.0,0.0,0.0,0.0,0.0,0.0,0.0,0.0,0.0,0.0,0.0,True,True,6.01040479658948,0.9929225067497774,0.9980080484868216,0.0,0.0,0.0,0.0,0.096,0.096,-0.10000183490806634,-0.10000183490806634
2016,306,16.5,0.0,0.0,0.0,0.0,0.0,0.0,0.0,0.0,0.0,0.0,0.0,0.0,True,True,6.0103815050735925,0.9929225067497774,0.9980080484868216,0.0,0.0,0.0,0.0,0.0955,0.0955,-0.10355774227718577,-0.10355774227718577
2016.0,306.0,17.0,0.0,0.0,0.0,0.0,0.0,0.0,0.0,0.0,0.0,0.0,0.0,0.0,0.0,0.0,6.0103815050735925,0.9929225067497774,0.9980080484868216,0.0,0.0,0.0,0.0,0.095,0.095,-0.10725976358096488,-0.10725976358096488
2016.0,306.0,17.5,0.0,0.0,0.0,0.0,0.0,0.0,0.0,0.0,0.0,0.0,0.0,0.0,0.0,0.0,6.0103815050735925,0.9929225067497774,0.9980080484868216,0.0,0.0,0.0,0.0,0.095,0.095,-0.10725976358096488,-0.10725976358096488
2016.0,306.0,18.0,0.0,0.0,0.0,0.0,0.0,0.0,0.0,0.0,0.0,0.0,0.0,0.0,0.0,0.0,6.0103815050735925,0.9929225067497774,0.9980080484868216,0.0,0.0,0.0,0.0,0.095,0.095,-0.10725976358096488,-0.10725976358096488
2016.0,306.0,18.5,0.0,0.0,0.0,0.0,0.0,0.0,0.0,0.0,0.0,0.0,0.0,0.0,0.0,0.0,6.0103815050735925,0.9929225067497774,0.9980080484868216,0.0,0.0,0.0,0.0,0.095,0.095,-0.10725976358096488,-0.10725976358096488
2016.0,306.0,19.0,0.0,0.0,0.0,0.0,0.0,0.0,0.0,0.0,0.0,0.0,0.0,0.0,0.0,0.0,6.0103815050735925,0.9929225067497774,0.9980080484868216,0.0,0.0,0.0,0.0,0.095,0.095,-0.10725976358096488,-0.10725976358096488
2016.0,306.0,19.5,0.0,0.0,0.0,0.0,0.0,0.0,0.0,0.0,0.0,0.0,0.0,0.0,0.0,0.0,6.0103815050735925,0.9929225067497774,0.9980080484868216,0.0,0.0,0.0,0.0,0.095,0.095,-0.10725976358096488,-0.10725976358096488
2016.0,306.0,20.0,0.0,0.0,0.0,0.0,0.0,0.0,0.0,0.0,0.0,0.0,0.0,0.0,0.0,0.0,6.0103815050735925,0.9929225067497774,0.9980080484868216,0.0,0.0,0.0,0.0,0.095,0.095,-0.10725976358096488,-0.10725976358096488
2016.0,306.0,20.5,0.0,0.0,0.0,0.0,0.0,0.0,0.0,0.0,0.0,0.0,0.0,0.0,0.0,0.0,6.0103815050735925,0.9929225067497774,0.9980080484868216,0.0,0.0,0.0,0.0,0.095,0.095,-0.10725976358096488,-0.10725976358096488
2016.0,306.0,21.0,0.0,0.0,0.0,0.0,0.0,0.0,0.0,0.0,0.0,0.0,0.0,0.0,0.0,0.0,6.0103815050735925,0.9929225067497774,0.9980080484868216,0.0,0.0,0.0,0.0,0.095,0.095,-0.10725976358096488,-0.10725976358096488
2016.0,306.0,21.5,0.0,0.0,0.0,0.0,0.0,0.0,0.0,0.0,0.0,0.0,0.0,0.0,0.0,0.0,6.0103815050735925,0.9929225067497774,0.9980080484868216,0.0,0.0,0.0,0.0,0.095,0.095,-0.10725976358096488,-0.10725976358096488
2016.0,306.0,22.0,0.0,0.0,0.0,0.0,0.0,0.0,0.0,0.0,0.0,0.0,0.0,0.0,0.0,0.0,6.0103815050735925,0.9929225067497774,0.9980080484868216,0.0,0.0,0.0,0.0,0.095,0.095,-0.10725976358096488,-0.10725976358096488
2016.0,306.0,22.5,0.0,0.0,0.0,0.0,0.0,0.0,0.0,0.0,0.0,0.0,0.0,0.0,0.0,0.0,6.0103815050735925,0.9929225067497774,0.9980080484868216,0.0,0.0,0.0,0.0,0.095,0.095,-0.10725976358096488,-0.10725976358096488
2016.0,306.0,23.0,0.0,0.0,0.0,0.0,0.0,0.0,0.0,0.0,0.0,0.0,0.0,0.0,0.0,0.0,6.0103815050735925,0.9929225067497774,0.9980080484868216,0.0,0.0,0.0,0.0,0.095,0.095,-0.10725976358096488,-0.10725976358096488
2016.0,306.0,23.5,0.0,0.0,0.0,0.0,0.0,0.0,0.0,0.0,0.0,0.0,0.0,0.0,0.0,0.0,6.0103815050735925,0.9929225067497774,0.9980080484868216,0.0,0.0,0.0,0.0,0.095,0.095,-0.10725976358096488,-0.10725976358096488
2016.0,307.0,0.0,0.0,0.0,0.0,0.0,0.0,0.0,0.0,0.0,0.0,0.0,0.0,0.0,0.0,0.0,6.0103815050735925,0.9929225067497774,0.9980080484868216,0.0,0.0,0.0,0.0,0.095,0.095,-0.10725976358096488,-0.10725976358096488
2016.0,307.0,0.5,0.0,0.0,0.0,0.0,0.0,0.0,0.0,0.0,0.0,0.0,0.0,0.0,0.0,0.0,6.0103815050735925,0.9929225067497774,0.9980080484868216,0.0,0.0,0.0,0.0,0.094,0.094,-0.11512978840235837,-0.11512978840235837
2016.0,307.0,1.0,0.0,0.0,0.0,0.0,0.0,0.0,0.0,0.0,0.0,0.0,0.0,0.0,0.0,0.0,6.0103815050735925,0.9929225067497774,0.9980080484868216,0.0,0.0,0.0,0.0,0.094,0.094,-0.11512978840235837,-0.11512978840235837
2016.0,307.0,1.5,0.0,0.0,0.0,0.0,0.0,0.0,0.0,0.0,0.0,0.0,0.0,0.0,0.0,0.0,6.0103815050735925,0.9929225067497774,0.9980080484868216,0.0,0.0,0.0,0.0,0.094,0.094,-0.11512978840235837,-0.11512978840235837
2016.0,307.0,2.0,0.0,0.0,0.0,0.0,0.0,0.0,0.0,0.0,0.0,0.0,0.0,0.0,0.0,0.0,6.0103815050735925,0.9929225067497774,0.9980080484868216,0.0,0.0,0.0,0.0,0.094,0.094,-0.11512978840235837,-0.11512978840235837
2016.0,307.0,2.5,0.0,0.0,0.0,0.0,0.0,0.0,0.0,0.0,0.0,0.0,0.0,0.0,0.0,0.0,6.0103815050735925,0.9929225067497774,0.9980080484868216,0.0,0.0,0.0,0.0,0.094,0.094,-0.11512978840235837,-0.11512978840235837
2016.0,307.0,3.0,0.0,0.0,0.0,0.0,0.0,0.0,0.0,0.0,0.0,0.0,0.0,0.0,0.0,0.0,6.0103815050735925,0.9929225067497774,0.9980080484868216,0.0,0.0,0.0,0.0,0.094,0.094,-0.11512978840235837,-0.11512978840235837
2016.0,307.0,3.5,0.0,0.0,0.0,0.0,0.0,0.0,0.0,0.0,0.0,0.0,0.0,0.0,0.0,0.0,6.0103815050735925,0.9929225067497774,0.9980080484868216,0.0,0.0,0.0,0.0,0.094,0.094,-0.11512978840235837,-0.11512978840235837
2016.0,307.0,4.0,0.0,0.0,0.0,0.0,0.0,0.0,0.0,0.0,0.0,0.0,0.0,0.0,0.0,0.0,6.0103815050735925,0.9929225067497774,0.9980080484868216,0.0,0.0,0.0,0.0,0.094,0.094,-0.11512978840235837,-0.11512978840235837
2016.0,307.0,4.5,0.0,0.0,0.0,0.0,0.0,0.0,0.0,0.0,0.0,0.0,0.0,0.0,0.0,0.0,6.0103815050735925,0.9929225067497774,0.9980080484868216,0.0,0.0,0.0,0.0,0.094,0.094,-0.11512978840235837,-0.11512978840235837
2016.0,307.0,5.0,0.0,0.0,0.0,0.0,0.0,0.0,0.0,0.0,0.0,0.0,0.0,0.0,0.0,0.0,6.0103815050735925,0.9929225067497774,0.9980080484868216,0.0,0.0,0.0,0.0,0.094,0.094,-0.11512978840235837,-0.11512978840235837
2016,307,5.5,0.0,0.0,0.0,0.0,0.0,0.0,0.0,0.0,0.0,0.0,0.0,0.0,True,True,6.010296541963572,0.9929225067497774,0.9980080484868216,0.0,0.0,0.0,0.0,0.094,0.094,-0.11512978840235837,-0.11512978840235837
2016,307,6.0,3.8520806053598737,0.0,0.17740087148398567,0.0,40.80644570093127,0.0,0.100624812964629,0.0,0.0,0.0,788.8061279870544,0.0,False,0.0,6.010296541963572,0.9929225067497774,0.9980080484868216,0.0,0.0,0.033853453861166186,0.033853453861166186,0.094,0.094,-0.11512978840235837,-0.11512978840235837
2016,307,6.5,7.558543306357719,0.0,0.38373809562657474,0.0,36.91858960976121,0.0,0.18325483429797795,0.0,0.0,0.0,1071.6798418110864,0.0,False,0.0,6.010296541963572,0.9929225067497774,0.9980080484868216,0.0,0.0,0.06843688372181743,0.06843688372181743,0.094,0.094,-0.11512978840235837,-0.11512978840235837
2016,307,7.0,11.555322224257509,0.0,0.8847104103008886,0.0,34.62744159970497,0.0,0.20865976249858506,0.0,0.0,0.0,1598.1725091457695,0.0,False,0.0,6.010296541963572,0.9929225067497774,0.9980080484868216,0.0,0.0,0.11194769591624061,0.11194769591624061,0.094,0.094,-0.11512978840235837,-0.11512978840235837
2016,307,7.5,9.146916284070857,0.0,0.8540538159918397,0.0,33.60717959749648,0.0,0.14614487561776018,0.0,0.0,0.0,2158.6522692689273,0.0,False,0.0,6.010296541963572,0.9929225067497774,0.9980080484868216,0.0,0.0,0.09108790145214751,0.09108790145214751,0.094,0.094,-0.11512978840235837,-0.11512978840235837
2016,307,8.0,13.896556454419327,0.0,1.6231469196349875,0.0,37.94825090836866,0.0,0.19338794984578964,0.0,0.0,0.0,3089.2351852403713,0.0,False,0.0,6.010296541963572,0.9929225067497774,0.9980080484868216,0.0,0.0,0.14381418551093778,0.14381418551093778,0.094,0.094,-0.11512978840235837,-0.11512978840235837
2016,307,8.5,16.859487033628646,0.0,2.225819696098568,0.0,31.029068427886727,0.0,0.21860900270402198,0.0,0.0,0.0,4090.9706008466087,0.0,False,0.0,6.010296541963572,0.9929225067497774,0.9980080484868216,0.0,0.0,0.18527453440564953,0.18527453440564953,0.094,0.094,-0.11512978840235837,-0.11512978840235837
2016,307,9.0,20.956575974218474,0.0,3.043985600133311,0.0,30.205025057291305,0.0,0.25783607067139924,0.0,0.0,0.0,5127.057059204339,0.0,False,0.0,6.010296541963572,0.9929225067497774,0.9980080484868216,0.0,0.0,0.25037330668498337,0.25037330668498337,0.094,0.094,-0.11512978840235837,-0.11512978840235837
2016,307,9.5,19.48612701525874,0.0,3.3290319251609475,0.0,29.150732434956698,0.0,0.22116446133278325,0.0,0.0,0.0,6670.332040610888,0.0,False,0.0,6.010296541963572,0.9929225067497774,0.9980080484868216,0.0,0.0,0.2423418348416827,0.2423418348416827,0.093,0.093,-0.12367088542212278,-0.12367088542212278
2016,307,10.0,15.423608297114427,0.0,2.760046162862228,0.0,28.999368584791473,0.0,0.17103872111249305,0.0,0.0,0.0,7332.216551523141,0.0,False,0.0,6.010296541963572,0.9929225067497774,0.9980080484868216,0.0,0.0,0.1816445116462289,0.1816445116462289,0.093,0.093,-0.12367088542212278,-0.12367088542212278
2016,307,10.5,16.53479526748388,0.0,3.0133503438329603,0.0,28.823205974651863,0.0,0.1817075581250892,0.0,0.0,0.0,7982.740312762498,0.0,False,0.0,6.010296541963572,0.9929225067497774,0.9980080484868216,0.0,0.0,0.19840964704820438,0.19840964704820438,0.093,0.093,-0.12367088542212278,-0.12367088542212278
2016,307,11.0,0.0,18.119372131825703,0.0,11.794380147161846,0.0,41.67339857556787,0.0,0.5408186846443122,0.0,-0.6488803651892878,0.0,23.60520557297744,True,False,6.010224452953473,0.9929225067497774,0.9948436264284416,0.0,0.0,0.09688189040006176,0.09688189040006176,0.093,0.093,-0.12367088542212278,-0.12367088542212278
2016,307,11.5,6.969004194072737,0.0,1.4840811932159368,0.0,28.095024033143577,0.0,0.07121575391359027,0.0,0.0,0.0,10341.93147910336,0.0,False,0.0,6.010224452953473,0.9929225067497774,0.9948436264284416,0.0,0.0,0.060746828136978084,0.060746828136978084,0.0925,0.0925,-0.1282132473430953,-0.1282132473430953
2016,307,12.0,7.27721700496695,0.0,1.6058082690792075,0.0,27.820991281761234,0.0,0.07314060159558158,0.0,0.0,0.0,11177.99507947266,0.0,False,0.0,6.010224452953473,0.9929225067497774,0.9948436264284416,0.0,0.0,0.06871949250709701,0.06871949250709701,0.092,0.092,-0.13294843755325347,-0.13294843755325347
2016,307,12.5,2.9391688615479623,4.011502511099396,0.6708915046145321,5.761268139060297,27.747155813233906,41.541760889311035,0.029089143677132636,0.26211608931319247,0.0,-0.7324419091617531,28.145675179295754,28.01406864558946,False,False,6.010136674873935,0.9929525456176899,0.9948436264284416,0.0,0.0,0.02278275124429861,0.02278275124429861,0.092,0.092,-0.13294843755325347,-0.13294843755325347
2016,307,13.0,8.284230591049596,0.0,1.9069666101797145,0.0,27.469427829435762,0.0,0.08166257072247976,0.0,0.0,0.0,10972.661308580351,0.0,False,0.0,6.010136674873935,0.9929525456176899,0.9948436264284416,0.0,0.0,0.07665580062819145,0.07665580062819145,0.092,0.092,-0.13294843755325347,-0.13294843755325347
2016,307,13.5,2.4624492619173757,3.4178962281329364,0.5730410838615994,5.453404425421216,27.6219244571229,41.63926281322538,0.024149195293438473,0.24098993170836513,0.0,-0.7324419091617531,28.08062164082651,27.972746585970413,False,False,6.010136674873935,0.9929525456176899,0.9948436264284416,0.0,0.0,0.014111721202788283,0.014111721202788283,0.092,0.092,-0.13294843755325347,-0.13294843755325347
2016,307,14.0,6.093441901313175,0.0,1.4228701918202604,0.0,27.450487287563373,0.0,0.059669479935632326,0.0,0.0,0.0,9229.052102479496,0.0,False,0.0,6.010136674873935,0.9929525456176899,0.9948436264284416,0.0,0.0,0.04944218391977674,0.04944218391977674,0.0915,0.0915,-0.137885757340547,-0.137885757340547
2016,307,14.5,12.171103812131275,0.0,2.7466546471367126,0.0,27.458832938190724,0.0,0.12107373701587472,0.0,0.0,0.0,8347.308304577069,0.0,False,0.0,6.010136674873935,0.9929525456176899,0.9948436264284416,0.0,0.0,0.16096554072078803,0.16096554072078803,0.091,0.091,-0.14303501105796806,-0.14303501105796806
2016,307,15.0,6.744562933816528,0.0,1.5658818054792554,0.0,27.469753491869092,0.0,0.06616786430296019,0.0,0.0,0.0,7346.853238454755,0.0,False,0.0,6.010136674873935,0.9929525456176899,0.9948436264284416,0.0,0.0,0.09335554455040491,0.09335554455040491,0.091,0.091,-0.14303501105796806,-0.14303501105796806
2016,307,15.5,0.0,0.2366832429791108,0.0,0.5017980385365358,0.0,41.74212182387072,0.0,0.021316320160126717,0.0,-0.2178703224109932,0.0,27.060827903793168,False,False,6.010029564437902,0.9996929370260214,0.9948436264284416,0.0,0.0,0.0,0.0,0.091,0.091,-0.14303501105796806,-0.14303501105796806
2016,307,16.0,0.0,0.0,0.0,0.0,0.0,0.0,0.0,0.0,0.0,0.0,0.0,0.0,True,True,6.010029564437902,0.9996929370260214,0.9948436264284416,0.0,0.0,0.0,0.0,0.091,0.091,-0.14303501105796806,-0.14303501105796806
2016,307,16.5,0.0,0.0,0.0,0.0,0.0,0.0,0.0,0.0,0.0,0.0,0.0,0.0,True,True,6.010029564437902,0.9996929370260214,0.9948436264284416,0.0,0.0,0.0,0.0,0.091,0.091,-0.14303501105796806,-0.14303501105796806
2016.0,307.0,17.0,0.0,0.0,0.0,0.0,0.0,0.0,0.0,0.0,0.0,0.0,0.0,0.0,0.0,0.0,6.010029564437902,0.9996929370260214,0.9948436264284416,0.0,0.0,0.0,0.0,0.09,0.09,-0.15401123611662587,-0.15401123611662587
2016.0,307.0,17.5,0.0,0.0,0.0,0.0,0.0,0.0,0.0,0.0,0.0,0.0,0.0,0.0,0.0,0.0,6.010029564437902,0.9996929370260214,0.9948436264284416,0.0,0.0,0.0,0.0,0.09,0.09,-0.15401123611662587,-0.15401123611662587
2016.0,307.0,18.0,0.0,0.0,0.0,0.0,0.0,0.0,0.0,0.0,0.0,0.0,0.0,0.0,0.0,0.0,6.010029564437902,0.9996929370260214,0.9948436264284416,0.0,0.0,0.0,0.0,0.09,0.09,-0.15401123611662587,-0.15401123611662587
2016.0,307.0,18.5,0.0,0.0,0.0,0.0,0.0,0.0,0.0,0.0,0.0,0.0,0.0,0.0,0.0,0.0,6.010029564437902,0.9996929370260214,0.9948436264284416,0.0,0.0,0.0,0.0,0.09,0.09,-0.15401123611662587,-0.15401123611662587
2016.0,307.0,19.0,0.0,0.0,0.0,0.0,0.0,0.0,0.0,0.0,0.0,0.0,0.0,0.0,0.0,0.0,6.010029564437902,0.9996929370260214,0.9948436264284416,0.0,0.0,0.0,0.0,0.09,0.09,-0.15401123611662587,-0.15401123611662587
2016.0,307.0,19.5,0.0,0.0,0.0,0.0,0.0,0.0,0.0,0.0,0.0,0.0,0.0,0.0,0.0,0.0,6.010029564437902,0.9996929370260214,0.9948436264284416,0.0,0.0,0.0,0.0,0.09,0.09,-0.15401123611662587,-0.15401123611662587
2016.0,307.0,20.0,0.0,0.0,0.0,0.0,0.0,0.0,0.0,0.0,0.0,0.0,0.0,0.0,0.0,0.0,6.010029564437902,0.9996929370260214,0.9948436264284416,0.0,0.0,0.0,0.0,0.09,0.09,-0.15401123611662587,-0.15401123611662587
2016.0,307.0,20.5,0.0,0.0,0.0,0.0,0.0,0.0,0.0,0.0,0.0,0.0,0.0,0.0,0.0,0.0,6.010029564437902,0.9996929370260214,0.9948436264284416,0.0,0.0,0.0,0.0,0.09,0.09,-0.15401123611662587,-0.15401123611662587
2016.0,307.0,21.0,0.0,0.0,0.0,0.0,0.0,0.0,0.0,0.0,0.0,0.0,0.0,0.0,0.0,0.0,6.010029564437902,0.9996929370260214,0.9948436264284416,0.0,0.0,0.0,0.0,0.09,0.09,-0.15401123611662587,-0.15401123611662587
2016.0,307.0,21.5,0.0,0.0,0.0,0.0,0.0,0.0,0.0,0.0,0.0,0.0,0.0,0.0,0.0,0.0,6.010029564437902,0.9996929370260214,0.9948436264284416,0.0,0.0,0.0,0.0,0.09,0.09,-0.15401123611662587,-0.15401123611662587
2016.0,307.0,22.0,0.0,0.0,0.0,0.0,0.0,0.0,0.0,0.0,0.0,0.0,0.0,0.0,0.0,0.0,6.010029564437902,0.9996929370260214,0.9948436264284416,0.0,0.0,0.0,0.0,0.09,0.09,-0.15401123611662587,-0.15401123611662587
2016.0,307.0,22.5,0.0,0.0,0.0,0.0,0.0,0.0,0.0,0.0,0.0,0.0,0.0,0.0,0.0,0.0,6.010029564437902,0.9996929370260214,0.9948436264284416,0.0,0.0,0.0,0.0,0.09,0.09,-0.15401123611662587,-0.15401123611662587
2016.0,307.0,23.0,0.0,0.0,0.0,0.0,0.0,0.0,0.0,0.0,0.0,0.0,0.0,0.0,0.0,0.0,6.010029564437902,0.9996929370260214,0.9948436264284416,0.0,0.0,0.0,0.0,0.09,0.09,-0.15401123611662587,-0.15401123611662587
2016.0,307.0,23.5,0.0,0.0,0.0,0.0,0.0,0.0,0.0,0.0,0.0,0.0,0.0,0.0,0.0,0.0,6.010029564437902,0.9996929370260214,0.9948436264284416,0.0,0.0,0.0,0.0,0.09,0.09,-0.15401123611662587,-0.15401123611662587
2016.0,308.0,0.0,0.0,0.0,0.0,0.0,0.0,0.0,0.0,0.0,0.0,0.0,0.0,0.0,0.0,0.0,6.010029564437902,0.9996929370260214,0.9948436264284416,0.0,0.0,0.0,0.0,0.09,0.09,-0.15401123611662587,-0.15401123611662587
2016.0,308.0,0.5,0.0,0.0,0.0,0.0,0.0,0.0,0.0,0.0,0.0,0.0,0.0,0.0,0.0,0.0,6.010029564437902,0.9996929370260214,0.9948436264284416,0.0,0.0,0.0,0.0,0.09,0.09,-0.15401123611662587,-0.15401123611662587
2016.0,308.0,1.0,0.0,0.0,0.0,0.0,0.0,0.0,0.0,0.0,0.0,0.0,0.0,0.0,0.0,0.0,6.010029564437902,0.9996929370260214,0.9948436264284416,0.0,0.0,0.0,0.0,0.09,0.09,-0.15401123611662587,-0.15401123611662587
2016.0,308.0,1.5,0.0,0.0,0.0,0.0,0.0,0.0,0.0,0.0,0.0,0.0,0.0,0.0,0.0,0.0,6.010029564437902,0.9996929370260214,0.9948436264284416,0.0,0.0,0.0,0.0,0.09,0.09,-0.15401123611662587,-0.15401123611662587
2016.0,308.0,2.0,0.0,0.0,0.0,0.0,0.0,0.0,0.0,0.0,0.0,0.0,0.0,0.0,0.0,0.0,6.010029564437902,0.9996929370260214,0.9948436264284416,0.0,0.0,0.0,0.0,0.09,0.09,-0.15401123611662587,-0.15401123611662587
2016.0,308.0,2.5,0.0,0.0,0.0,0.0,0.0,0.0,0.0,0.0,0.0,0.0,0.0,0.0,0.0,0.0,6.010029564437902,0.9996929370260214,0.9948436264284416,0.0,0.0,0.0,0.0,0.09,0.09,-0.15401123611662587,-0.15401123611662587
2016.0,308.0,3.0,0.0,0.0,0.0,0.0,0.0,0.0,0.0,0.0,0.0,0.0,0.0,0.0,0.0,0.0,6.010029564437902,0.9996929370260214,0.9948436264284416,0.0,0.0,0.0,0.0,0.09,0.09,-0.15401123611662587,-0.15401123611662587
2016.0,308.0,3.5,0.0,0.0,0.0,0.0,0.0,0.0,0.0,0.0,0.0,0.0,0.0,0.0,0.0,0.0,6.010029564437902,0.9996929370260214,0.9948436264284416,0.0,0.0,0.0,0.0,0.09,0.09,-0.15401123611662587,-0.15401123611662587
2016.0,308.0,4.0,0.0,0.0,0.0,0.0,0.0,0.0,0.0,0.0,0.0,0.0,0.0,0.0,0.0,0.0,6.010029564437902,0.9996929370260214,0.9948436264284416,0.0,0.0,0.0,0.0,0.0895,0.0895,-0.15986061324751152,-0.15986061324751152
2016.0,308.0,4.5,0.0,0.0,0.0,0.0,0.0,0.0,0.0,0.0,0.0,0.0,0.0,0.0,0.0,0.0,6.010029564437902,0.9996929370260214,0.9948436264284416,0.0,0.0,0.0,0.0,0.089,0.089,-0.16596680679910064,-0.16596680679910064
2016.0,308.0,5.0,0.0,0.0,0.0,0.0,0.0,0.0,0.0,0.0,0.0,0.0,0.0,0.0,0.0,0.0,6.010029564437902,0.9996929370260214,0.9948436264284416,0.0,0.0,0.0,0.0,0.089,0.089,-0.16596680679910064,-0.16596680679910064
2016,308,5.5,0.0,0.0,0.0,0.0,0.0,0.0,0.0,0.0,0.0,0.0,0.0,0.0,True,True,6.0097380353013525,0.9996929370260214,0.9948436264284416,0.0,0.0,0.0,0.0,0.089,0.089,-0.16596680679910064,-0.16596680679910064
2016,308,6.0,3.670941736355294,0.0,0.16463369869130143,0.0,40.87203789001474,0.0,0.09786293420325438,0.0,0.0,0.0,824.915620073979,0.0,False,0.0,6.0097380353013525,0.9996929370260214,0.9948436264284416,0.0,0.0,0.02928189865328138,0.02928189865328138,0.089,0.089,-0.16596680679910064,-0.16596680679910064
2016,308,6.5,6.607621755424381,0.0,0.3132776210172782,0.0,37.305770447896315,0.0,0.16862499951775084,0.0,0.0,0.0,1178.9954713339953,0.0,False,0.0,6.0097380353013525,0.9996929370260214,0.9948436264284416,0.0,0.0,0.05464474562730779,0.05464474562730779,0.089,0.089,-0.16596680679910064,-0.16596680679910064
2016,308,7.0,11.006729307120988,0.0,0.7870533949316151,0.0,35.03970741758907,0.0,0.20791400862871054,0.0,0.0,0.0,1632.0616345035432,0.0,False,0.0,6.0097380353013525,0.9996929370260214,0.9948436264284416,0.0,0.0,0.09283486801973587,0.09283486801973587,0.089,0.089,-0.16596680679910064,-0.16596680679910064
2016,308,7.5,8.955223761065472,0.0,0.8277033495607209,0.0,33.89592719374846,0.0,0.07215850053161206,0.0,0.0,0.0,16.683468419602868,0.0,False,0.0,6.0097380353013525,0.9996929370260214,0.9948436264284416,0.0,0.0,0.03712599017212824,0.03712599017212824,0.089,0.089,-0.16596680679910064,-0.16596680679910064
2016,308,8.0,14.604425393399586,0.0,1.4695647326758836,0.0,38.40248597330046,0.0,0.22142885507621926,0.0,0.0,0.0,3005.3109480849166,0.0,False,0.0,6.0097380353013525,0.9996929370260214,0.9948436264284416,0.0,0.0,0.13351229000037343,0.13351229000037343,0.089,0.089,-0.16596680679910064,-0.16596680679910064
2016,308,8.5,15.757910027056733,0.0,1.886874338361104,0.0,31.72113534562597,0.0,0.21571638762365927,0.0,0.0,0.0,4024.9813839225303,0.0,False,0.0,6.0097380353013525,0.9996929370260214,0.9948436264284416,0.0,0.0,0.15118420599449203,0.15118420599449203,0.089,0.089,-0.16596680679910064,-0.16596680679910064
2016,308,9.0,20.909027809135786,0.0,2.7916278164691533,0.0,30.768101744991696,0.0,0.26890060542462796,0.0,0.0,0.0,5103.498027098902,0.0,False,0.0,6.0097380353013525,0.9996929370260214,0.9948436264284416,0.0,0.0,0.219212456230734,0.219212456230734,0.089,0.089,-0.16596680679910064,-0.16596680679910064
2016,308,9.5,20.306620096270738,0.0,2.8788913402194263,0.0,30.39153097582471,0.0,0.25344541148775246,0.0,0.0,0.0,5867.874529849602,0.0,False,0.0,6.0097380353013525,0.9996929370260214,0.9948436264284416,0.0,0.0,0.2135335030394871,0.2135335030394871,0.089,0.089,-0.16596680679910064,-0.16596680679910064
2016,308,10.0,14.472049773842064,0.0,2.3078683474912083,0.0,29.846700048266328,0.0,0.17004030841531853,0.0,0.0,0.0,7147.909178086601,0.0,False,0.0,6.0097380353013525,0.9996929370260214,0.9948436264284416,0.0,0.0,0.14807900129111407,0.14807900129111407,0.088,0.088,-0.1790016182191552,-0.1790016182191552
2016,308,10.5,13.266802368294748,0.0,2.3014697666297086,0.0,29.307966033606505,0.0,0.1494545978799728,0.0,0.0,0.0,8197.544721485734,0.0,False,0.0,6.0097380353013525,0.9996929370260214,0.9948436264284416,0.0,0.0,0.14092706402137065,0.14092706402137065,0.088,0.088,-0.1790016182191552,-0.1790016182191552
2016,308,11.0,0.0,0.0,0.0,0.0,0.0,0.0,0.0,0.0,0.0,0.0,0.0,0.0,True,0.0,6.0097380353013525,0.9996929370260214,0.9948436264284416,0.0,0.0,0.089908567403619,0.089908567403619,0.088,0.088,-0.1790016182191552,-0.1790016182191552
2016,308,11.5,8.297120638782175,0.0,1.6802605177557246,0.0,28.405314590565112,0.0,0.08673180242621897,0.0,0.0,0.0,11091.404084749138,0.0,False,0.0,6.0097380353013525,0.9996929370260214,0.9948436264284416,0.0,0.0,0.07081360257472995,0.07081360257472995,0.088,0.088,-0.1790016182191552,-0.1790016182191552
2016,308,12.0,4.931552698405005,0.0,1.0614476202676393,0.0,28.098505602631278,0.0,0.050097790229624455,0.0,0.0,0.0,10924.670885000525,0.0,False,0.0,6.0097380353013525,0.9996929370260214,0.9948436264284416,0.0,0.0,0.039901991352579734,0.039901991352579734,0.088,0.088,-0.1790016182191552,-0.1790016182191552
2016,308,12.5,5.270210019373607,0.0,1.2312088354158974,0.0,27.480222852631854,0.0,0.05159887278808605,0.0,0.0,0.0,12075.43693968266,0.0,False,0.0,6.0097380353013525,0.9996929370260214,0.9948436264284416,0.0,0.0,0.047261362399478056,0.047261362399478056,0.087,0.087,-0.1932270615424628,-0.1932270615424628
2016,308,13.0,5.0949082354966055,0.0,1.1766716050134336,0.0,27.571676487915504,0.0,0.05009569548403529,0.0,0.0,0.0,11152.963869657433,0.0,False,0.0,6.0097380353013525,0.9996929370260214,0.9948436264284416,0.0,0.0,0.04190151281096128,0.04190151281096128,0.087,0.087,-0.1932270615424628,-0.1932270615424628
2016,308,13.5,2.8122348470100156,3.7419911106669357,0.6284517942567166,5.401708277864392,27.9085061729816,41.54651148020944,0.028100496741374832,0.2578392157085482,0.0,-0.7878740106191668,28.21088314530438,28.21413748679347,False,False,6.0092979811929315,0.9914948785829082,0.9948436264284416,0.0,0.0,0.017220027946497907,0.017220027946497907,0.087,0.087,-0.1932270615424628,-0.1932270615424628
2016,308,14.5,13.156672556373653,0.0,2.905428041431688,0.0,27.575490675220607,0.0,0.13217981636316706,0.0,0.0,0.0,8783.81740975488,0.0,False,0.0,6.0092979811929315,0.9914948785829082,0.9948436264284416,0.0,0.0,0.156102870783932,0.156102870783932,0.0865,0.0865,-0.20082458265297198,-0.20082458265297198
2016,308,15.0,8.433845068640196,0.0,1.9924952915511602,0.0,27.43464566798007,0.0,0.08123701914482705,0.0,0.0,0.0,8225.347036424539,0.0,False,0.0,6.0092979811929315,0.9914948785829082,0.9948436264284416,0.0,0.0,0.1054917062246,0.1054917062246,0.086,0.086,-0.2087675009191212,-0.2087675009191212
2016,308,15.5,0.0,0.11401264257464905,0.0,0.24943684437196018,0.0,41.68553089249605,0.0,0.010078488539960212,0.0,-0.24585484257623097,0.0,28.28601513491698,False,False,6.008998259768314,0.9995802672705951,0.9948436264284416,0.0,0.0,0.0,0.0,0.086,0.086,-0.2087675009191212,-0.2087675009191212
2016,308,16.0,0.0,0.0,0.0,0.0,0.0,0.0,0.0,0.0,0.0,0.0,0.0,0.0,True,True,6.008998259768314,0.9995802672705951,0.9948436264284416,0.0,0.0,0.0,0.0,0.086,0.086,-0.2087675009191212,-0.2087675009191212
2016,308,16.5,0.0,0.0,0.0,0.0,0.0,0.0,0.0,0.0,0.0,0.0,0.0,0.0,True,True,6.008998259768314,0.9995802672705951,0.9948436264284416,0.0,0.0,0.0,0.0,0.086,0.086,-0.2087675009191212,-0.2087675009191212
2016.0,308.0,17.0,0.0,0.0,0.0,0.0,0.0,0.0,0.0,0.0,0.0,0.0,0.0,0.0,0.0,0.0,6.008998259768314,0.9995802672705951,0.9948436264284416,0.0,0.0,0.0,0.0,0.086,0.086,-0.2087675009191212,-0.2087675009191212
2016.0,308.0,17.5,0.0,0.0,0.0,0.0,0.0,0.0,0.0,0.0,0.0,0.0,0.0,0.0,0.0,0.0,6.008998259768314,0.9995802672705951,0.9948436264284416,0.0,0.0,0.0,0.0,0.086,0.086,-0.2087675009191212,-0.2087675009191212
2016.0,308.0,18.0,0.0,0.0,0.0,0.0,0.0,0.0,0.0,0.0,0.0,0.0,0.0,0.0,0.0,0.0,6.008998259768314,0.9995802672705951,0.9948436264284416,0.0,0.0,0.0,0.0,0.086,0.086,-0.2087675009191212,-0.2087675009191212
2016.0,308.0,18.5,0.0,0.0,0.0,0.0,0.0,0.0,0.0,0.0,0.0,0.0,0.0,0.0,0.0,0.0,6.008998259768314,0.9995802672705951,0.9948436264284416,0.0,0.0,0.0,0.0,0.086,0.086,-0.2087675009191212,-0.2087675009191212
2016.0,308.0,19.0,0.0,0.0,0.0,0.0,0.0,0.0,0.0,0.0,0.0,0.0,0.0,0.0,0.0,0.0,6.008998259768314,0.9995802672705951,0.9948436264284416,0.0,0.0,0.0,0.0,0.085,0.085,-0.22576196041911914,-0.22576196041911914
2016.0,308.0,19.5,0.0,0.0,0.0,0.0,0.0,0.0,0.0,0.0,0.0,0.0,0.0,0.0,0.0,0.0,6.008998259768314,0.9995802672705951,0.9948436264284416,0.0,0.0,0.0,0.0,0.085,0.085,-0.22576196041911914,-0.22576196041911914
2016.0,308.0,20.0,0.0,0.0,0.0,0.0,0.0,0.0,0.0,0.0,0.0,0.0,0.0,0.0,0.0,0.0,6.008998259768314,0.9995802672705951,0.9948436264284416,0.0,0.0,0.0,0.0,0.085,0.085,-0.22576196041911914,-0.22576196041911914
2016.0,308.0,20.5,0.0,0.0,0.0,0.0,0.0,0.0,0.0,0.0,0.0,0.0,0.0,0.0,0.0,0.0,6.008998259768314,0.9995802672705951,0.9948436264284416,0.0,0.0,0.0,0.0,0.085,0.085,-0.22576196041911914,-0.22576196041911914
2016.0,308.0,21.0,0.0,0.0,0.0,0.0,0.0,0.0,0.0,0.0,0.0,0.0,0.0,0.0,0.0,0.0,6.008998259768314,0.9995802672705951,0.9948436264284416,0.0,0.0,0.0,0.0,0.085,0.085,-0.22576196041911914,-0.22576196041911914
2016.0,308.0,21.5,0.0,0.0,0.0,0.0,0.0,0.0,0.0,0.0,0.0,0.0,0.0,0.0,0.0,0.0,6.008998259768314,0.9995802672705951,0.9948436264284416,0.0,0.0,0.0,0.0,0.085,0.085,-0.22576196041911914,-0.22576196041911914
2016.0,308.0,22.0,0.0,0.0,0.0,0.0,0.0,0.0,0.0,0.0,0.0,0.0,0.0,0.0,0.0,0.0,6.008998259768314,0.9995802672705951,0.9948436264284416,0.0,0.0,0.0,0.0,0.085,0.085,-0.22576196041911914,-0.22576196041911914
2016.0,308.0,22.5,0.0,0.0,0.0,0.0,0.0,0.0,0.0,0.0,0.0,0.0,0.0,0.0,0.0,0.0,6.008998259768314,0.9995802672705951,0.9948436264284416,0.0,0.0,0.0,0.0,0.085,0.085,-0.22576196041911914,-0.22576196041911914
2016.0,308.0,23.0,0.0,0.0,0.0,0.0,0.0,0.0,0.0,0.0,0.0,0.0,0.0,0.0,0.0,0.0,6.008998259768314,0.9995802672705951,0.9948436264284416,0.0,0.0,0.0,0.0,0.085,0.085,-0.22576196041911914,-0.22576196041911914
2016.0,308.0,23.5,0.0,0.0,0.0,0.0,0.0,0.0,0.0,0.0,0.0,0.0,0.0,0.0,0.0,0.0,6.008998259768314,0.9995802672705951,0.9948436264284416,0.0,0.0,0.0,0.0,0.085,0.085,-0.22576196041911914,-0.22576196041911914
2016.0,309.0,0.0,0.0,0.0,0.0,0.0,0.0,0.0,0.0,0.0,0.0,0.0,0.0,0.0,0.0,0.0,6.008998259768314,0.9995802672705951,0.9948436264284416,0.0,0.0,0.0,0.0,0.085,0.085,-0.22576196041911914,-0.22576196041911914
2016.0,309.0,0.5,0.0,0.0,0.0,0.0,0.0,0.0,0.0,0.0,0.0,0.0,0.0,0.0,0.0,0.0,6.008998259768314,0.9995802672705951,0.9948436264284416,0.0,0.0,0.0,0.0,0.085,0.085,-0.22576196041911914,-0.22576196041911914
2016.0,309.0,1.0,0.0,0.0,0.0,0.0,0.0,0.0,0.0,0.0,0.0,0.0,0.0,0.0,0.0,0.0,6.008998259768314,0.9995802672705951,0.9948436264284416,0.0,0.0,0.0,0.0,0.085,0.085,-0.22576196041911914,-0.22576196041911914
2016.0,309.0,1.5,0.0,0.0,0.0,0.0,0.0,0.0,0.0,0.0,0.0,0.0,0.0,0.0,0.0,0.0,6.008998259768314,0.9995802672705951,0.9948436264284416,0.0,0.0,0.0,0.0,0.085,0.085,-0.22576196041911914,-0.22576196041911914
2016.0,309.0,2.0,0.0,0.0,0.0,0.0,0.0,0.0,0.0,0.0,0.0,0.0,0.0,0.0,0.0,0.0,6.008998259768314,0.9995802672705951,0.9948436264284416,0.0,0.0,0.0,0.0,0.085,0.085,-0.22576196041911914,-0.22576196041911914
2016.0,309.0,2.5,0.0,0.0,0.0,0.0,0.0,0.0,0.0,0.0,0.0,0.0,0.0,0.0,0.0,0.0,6.008998259768314,0.9995802672705951,0.9948436264284416,0.0,0.0,0.0,0.0,0.085,0.085,-0.22576196041911914,-0.22576196041911914
2016.0,309.0,3.0,0.0,0.0,0.0,0.0,0.0,0.0,0.0,0.0,0.0,0.0,0.0,0.0,0.0,0.0,6.008998259768314,0.9995802672705951,0.9948436264284416,0.0,0.0,0.0,0.0,0.085,0.085,-0.22576196041911914,-0.22576196041911914
2016.0,309.0,3.5,0.0,0.0,0.0,0.0,0.0,0.0,0.0,0.0,0.0,0.0,0.0,0.0,0.0,0.0,6.008998259768314,0.9995802672705951,0.9948436264284416,0.0,0.0,0.0,0.0,0.085,0.085,-0.22576196041911914,-0.22576196041911914
2016.0,309.0,4.0,0.0,0.0,0.0,0.0,0.0,0.0,0.0,0.0,0.0,0.0,0.0,0.0,0.0,0.0,6.008998259768314,0.9995802672705951,0.9948436264284416,0.0,0.0,0.0,0.0,0.085,0.085,-0.22576196041911914,-0.22576196041911914
2016.0,309.0,4.5,0.0,0.0,0.0,0.0,0.0,0.0,0.0,0.0,0.0,0.0,0.0,0.0,0.0,0.0,6.008998259768314,0.9995802672705951,0.9948436264284416,0.0,0.0,0.0,0.0,0.085,0.085,-0.22576196041911914,-0.22576196041911914
2016.0,309.0,5.0,0.0,0.0,0.0,0.0,0.0,0.0,0.0,0.0,0.0,0.0,0.0,0.0,0.0,0.0,6.008998259768314,0.9995802672705951,0.9948436264284416,0.0,0.0,0.0,0.0,0.085,0.085,-0.22576196041911914,-0.22576196041911914
2016,309,5.5,0.0,0.0,0.0,0.0,0.0,0.0,0.0,0.0,0.0,0.0,0.0,0.0,True,True,6.008627424897719,0.9995802672705951,0.9948436264284416,0.0,0.0,0.0,0.0,0.085,0.085,-0.22576196041911914,-0.22576196041911914
2016,309,6.0,3.4549629537578888,0.0,0.22882399759490402,0.0,35.88498138915979,0.0,0.06963111857838292,0.0,0.0,0.0,1520.861851092625,0.0,False,0.0,6.008627424897719,0.9995802672705951,0.9948436264284416,0.0,0.0,0.02899437444606318,0.02899437444606318,0.085,0.085,-0.22576196041911914,-0.22576196041911914
2016,309,6.5,5.516851061858409,0.0,0.3256600876627402,0.0,36.31582939857496,0.0,0.12054383113603621,0.0,0.0,0.0,2110.5608748327236,0.0,False,0.0,6.008627424897719,0.9995802672705951,0.9948436264284416,0.0,0.0,0.051044161103167014,0.051044161103167014,0.085,0.085,-0.22576196041911914,-0.22576196041911914
2016,309,7.0,7.39000558565588,0.0,0.5551237333200972,0.0,34.960104860377704,0.0,0.1359241188335666,0.0,0.0,0.0,2855.1010740876104,0.0,False,0.0,6.008627424897719,0.9995802672705951,0.9948436264284416,0.0,0.0,0.06772466820065087,0.06772466820065087,0.085,0.085,-0.22576196041911914,-0.22576196041911914
2016,309,7.5,5.6198229210699475,0.0,0.53631416799541,0.0,33.64885104727166,0.0,0.08896810347241066,0.0,0.0,0.0,3694.1539931497646,0.0,False,0.0,6.008627424897719,0.9995802672705951,0.9948436264284416,0.0,0.0,0.05869918646382647,0.05869918646382647,0.085,0.085,-0.22576196041911914,-0.22576196041911914
2016,309,8.0,6.975420766634579,0.0,0.7783018816702203,0.0,32.593672909616544,0.0,0.1003088104825639,0.0,0.0,0.0,4601.764624683732,0.0,False,0.0,6.008627424897719,0.9995802672705951,0.9948436264284416,0.0,0.0,0.07103039726707351,0.07103039726707351,0.084,0.084,-0.24436605378157714,-0.24436605378157714
2016,309,8.5,13.011986825221415,24.67282415298481,2.0412154845935464,10.73579885669633,30.018003993587048,40.4761899906307,0.15423676513227072,0.3972847162443266,0.0,-0.8164470978619143,7000.426824608122,24.04631172233706,False,False,6.008167458465718,0.9802638095670488,0.9967964115081644,0.0,0.0,0.13525769965273016,0.13525769965273016,0.084,0.084,-0.24436605378157714,-0.24436605378157714
2016,309,9.0,18.47193982596595,0.0,3.401984029192851,0.0,28.654451032571213,0.0,0.202090988139531,0.0,0.0,0.0,8749.164278630207,0.0,False,0.0,6.008167458465718,0.9802638095670488,0.9967964115081644,0.0,0.0,0.2070435881696097,0.2070435881696097,0.084,0.084,-0.24436605378157714,-0.24436605378157714
2016,309,9.5,18.278653930373313,31.91733624640437,3.890244778302665,15.973731839443582,27.637578350343745,39.096361481218096,0.18664066187103423,0.3668443370100286,0.0,-1.0378978246026898,10435.207542280492,25.515967685818147,False,False,6.008167458465718,0.9660797340074581,0.9931557650615079,0.0,0.0,0.22253303424330234,0.22253303424330234,0.084,0.084,-0.24436605378157714,-0.24436605378157714
2016,309,10.0,14.500576949559704,0.0,3.4566332177463317,0.0,26.966170971382848,0.0,0.14065545465002674,0.0,0.0,0.0,12550.006750761206,0.0,False,0.0,6.008167458465718,0.9660797340074581,0.9931557650615079,0.0,0.0,0.19025023289145682,0.19025023289145682,0.084,0.084,-0.24436605378157714,-0.24436605378157714
2016,309,10.5,12.78355675070809,0.0,3.2411836784840604,0.0,26.580157269642196,0.0,0.12076111780342791,0.0,0.0,0.0,14167.192628420813,0.0,False,0.0,6.008167458465718,0.9660797340074581,0.9931557650615079,0.0,0.0,0.17820523185253032,0.17820523185253032,0.0835,0.0835,-0.2543254163284225,-0.2543254163284225
2016,309,11.0,8.32774529399067,0.0,2.288136184729555,0.0,26.156653726708015,0.0,0.0759443380439166,0.0,0.0,0.0,16328.425046912938,0.0,False,0.0,6.008167458465718,0.9660797340074581,0.9931557650615079,0.0,0.0,0.1344523232523912,0.1344523232523912,0.083,0.083,-0.2647541953873816,-0.2647541953873816
2016,309,11.5,2.0991086988172767,3.8105462559049803,0.6043437486823965,7.508256697633001,26.046447279311327,41.47111374583833,0.018774239992733848,0.24463512898203074,0.0,-1.037680226549333,32.68103751407671,32.55253074195974,False,False,6.007595480939315,0.9827342493960856,0.9931557650615079,0.0,0.0,0.02745713274602735,0.02745713274602735,0.083,0.083,-0.2647541953873816,-0.2647541953873816
2016,309,12.0,4.421685479537392,0.0,1.2809243391480365,0.0,25.992883114179016,0.0,0.03917125492859037,0.0,0.0,0.0,17164.557976223005,0.0,False,0.0,6.007595480939315,0.9827342493960856,0.9931557650615079,0.0,0.0,0.05332250999053801,0.05332250999053801,0.083,0.083,-0.2647541953873816,-0.2647541953873816
2016,309,12.5,5.375021002545196,0.0,1.6097701765092947,0.0,25.62467101462884,0.0,0.04721661074198016,0.0,0.0,0.0,17232.921967064456,0.0,False,0.0,6.007595480939315,0.9827342493960856,0.9931557650615079,0.0,0.0,0.06493521860534503,0.06493521860534503,0.083,0.083,-0.2647541953873816,-0.2647541953873816
2016,309,13.0,2.657889600799876,1.5257545078461998,0.8015691505681152,8.278190860392389,25.67265666329849,41.315592490956405,0.02326561464015534,0.2494254165498681,0.0,-1.1577041929982963,15771.899880133278,33.33473152596663,False,False,6.007258674240376,0.9771479856778401,0.9994356142521627,0.0,0.0,0.034419332889490166,0.034419332889490166,0.0825,0.0825,-0.2756775464585471,-0.2756775464585471
2016,309,13.5,3.619934212132741,0.0,1.1142272156306618,0.0,25.548041518920268,0.0,0.031293408859440874,0.0,0.0,0.0,15822.7779212352,0.0,False,0.0,6.007258674240376,0.9771479856778401,0.9994356142521627,0.0,0.0,0.04462316145127311,0.04462316145127311,0.082,0.082,-0.28712213750166166,-0.28712213750166166
2016,309,14.0,3.279917688867114,1.8691088067948525,1.0045271201199624,8.232724580643394,25.534404622585786,41.075998753334716,0.028553914172892225,0.24957429065497935,0.0,-1.2411557313847772,12893.445391096591,33.50447266606841,False,False,6.006882358603227,0.9727013499935325,0.9993730061191752,0.0,0.0,0.03600216163233855,0.03600216163233855,0.082,0.082,-0.28712213750166166,-0.28712213750166166
2016,309,14.5,8.827292396453123,0.0,2.5520073511264605,0.0,25.760069270990996,0.0,0.07875046211968777,0.0,0.0,0.0,13294.109169759166,0.0,False,0.0,6.006882358603227,0.9727013499935325,0.9993730061191752,0.0,0.0,0.14122362181224885,0.14122362181224885,0.082,0.082,-0.28712213750166166,-0.28712213750166166
2016,309,15.0,5.592623743125946,0.0,1.6419587481448679,0.0,25.86476535522259,0.0,0.04919349802738276,0.0,0.0,0.0,11387.239003480507,0.0,False,0.0,6.006882358603227,0.9727013499935325,0.9993730061191752,0.0,0.0,0.08868814444046688,0.08868814444046688,0.082,0.082,-0.28712213750166166,-0.28712213750166166
2016,309,15.5,0.0,0.0,0.0,0.0,0.0,0.0,0.0,0.0,0.0,0.0,0.0,0.0,True,True,6.006461617737326,0.9727013499935325,0.9993730061191752,0.0,0.0,0.0,0.0,0.0815,0.0815,-0.29911624987965013,-0.29911624987965013
2016,309,16.0,0.0,0.0,0.0,0.0,0.0,0.0,0.0,0.0,0.0,0.0,0.0,0.0,True,True,6.0059908884251625,0.9727013499935325,0.9993730061191752,0.0,0.0,0.0,0.0,0.081,0.081,-0.31168988671555264,-0.31168988671555264
2016,309,16.5,0.0,0.0,0.0,0.0,0.0,0.0,0.0,0.0,0.0,0.0,0.0,0.0,True,True,6.0059908884251625,0.9727013499935325,0.9993730061191752,0.0,0.0,0.0,0.0,0.081,0.081,-0.31168988671555264,-0.31168988671555264
2016.0,309.0,17.0,0.0,0.0,0.0,0.0,0.0,0.0,0.0,0.0,0.0,0.0,0.0,0.0,0.0,0.0,6.0059908884251625,0.9727013499935325,0.9993730061191752,0.0,0.0,0.0,0.0,0.081,0.081,-0.31168988671555264,-0.31168988671555264
2016.0,309.0,17.5,0.0,0.0,0.0,0.0,0.0,0.0,0.0,0.0,0.0,0.0,0.0,0.0,0.0,0.0,6.0059908884251625,0.9727013499935325,0.9993730061191752,0.0,0.0,0.0,0.0,0.081,0.081,-0.31168988671555264,-0.31168988671555264
2016.0,309.0,18.0,0.0,0.0,0.0,0.0,0.0,0.0,0.0,0.0,0.0,0.0,0.0,0.0,0.0,0.0,6.0059908884251625,0.9727013499935325,0.9993730061191752,0.0,0.0,0.0,0.0,0.081,0.081,-0.31168988671555264,-0.31168988671555264
2016.0,309.0,18.5,0.0,0.0,0.0,0.0,0.0,0.0,0.0,0.0,0.0,0.0,0.0,0.0,0.0,0.0,6.0059908884251625,0.9727013499935325,0.9993730061191752,0.0,0.0,0.0,0.0,0.081,0.081,-0.31168988671555264,-0.31168988671555264
2016.0,309.0,19.0,0.0,0.0,0.0,0.0,0.0,0.0,0.0,0.0,0.0,0.0,0.0,0.0,0.0,0.0,6.0059908884251625,0.9727013499935325,0.9993730061191752,0.0,0.0,0.0,0.0,0.081,0.081,-0.31168988671555264,-0.31168988671555264
2016.0,309.0,19.5,0.0,0.0,0.0,0.0,0.0,0.0,0.0,0.0,0.0,0.0,0.0,0.0,0.0,0.0,6.0059908884251625,0.9727013499935325,0.9993730061191752,0.0,0.0,0.0,0.0,0.081,0.081,-0.31168988671555264,-0.31168988671555264
2016.0,309.0,20.0,0.0,0.0,0.0,0.0,0.0,0.0,0.0,0.0,0.0,0.0,0.0,0.0,0.0,0.0,6.0059908884251625,0.9727013499935325,0.9993730061191752,0.0,0.0,0.0,0.0,0.081,0.081,-0.31168988671555264,-0.31168988671555264
2016.0,309.0,20.5,0.0,0.0,0.0,0.0,0.0,0.0,0.0,0.0,0.0,0.0,0.0,0.0,0.0,0.0,6.0059908884251625,0.9727013499935325,0.9993730061191752,0.0,0.0,0.0,0.0,0.081,0.081,-0.31168988671555264,-0.31168988671555264
2016.0,309.0,21.0,0.0,0.0,0.0,0.0,0.0,0.0,0.0,0.0,0.0,0.0,0.0,0.0,0.0,0.0,6.0059908884251625,0.9727013499935325,0.9993730061191752,0.0,0.0,0.0,0.0,0.081,0.081,-0.31168988671555264,-0.31168988671555264
2016.0,309.0,21.5,0.0,0.0,0.0,0.0,0.0,0.0,0.0,0.0,0.0,0.0,0.0,0.0,0.0,0.0,6.0059908884251625,0.9727013499935325,0.9993730061191752,0.0,0.0,0.0,0.0,0.081,0.081,-0.31168988671555264,-0.31168988671555264
2016.0,309.0,22.0,0.0,0.0,0.0,0.0,0.0,0.0,0.0,0.0,0.0,0.0,0.0,0.0,0.0,0.0,6.0059908884251625,0.9727013499935325,0.9993730061191752,0.0,0.0,0.0,0.0,0.081,0.081,-0.31168988671555264,-0.31168988671555264
2016.0,309.0,22.5,0.0,0.0,0.0,0.0,0.0,0.0,0.0,0.0,0.0,0.0,0.0,0.0,0.0,0.0,6.0059908884251625,0.9727013499935325,0.9993730061191752,0.0,0.0,0.0,0.0,0.081,0.081,-0.31168988671555264,-0.31168988671555264
2016.0,309.0,23.0,0.0,0.0,0.0,0.0,0.0,0.0,0.0,0.0,0.0,0.0,0.0,0.0,0.0,0.0,6.0059908884251625,0.9727013499935325,0.9993730061191752,0.0,0.0,0.0,0.0,0.081,0.081,-0.31168988671555264,-0.31168988671555264
2016.0,309.0,23.5,0.0,0.0,0.0,0.0,0.0,0.0,0.0,0.0,0.0,0.0,0.0,0.0,0.0,0.0,6.0059908884251625,0.9727013499935325,0.9993730061191752,0.0,0.0,0.0,0.0,0.081,0.081,-0.31168988671555264,-0.31168988671555264
2016.0,310.0,0.0,0.0,0.0,0.0,0.0,0.0,0.0,0.0,0.0,0.0,0.0,0.0,0.0,0.0,0.0,6.0059908884251625,0.9727013499935325,0.9993730061191752,0.0,0.0,0.0,0.0,0.08,0.08,-0.3387050618989844,-0.3387050618989844
2016.0,310.0,0.5,0.0,0.0,0.0,0.0,0.0,0.0,0.0,0.0,0.0,0.0,0.0,0.0,0.0,0.0,6.0059908884251625,0.9727013499935325,0.9993730061191752,0.0,0.0,0.0,0.0,0.08,0.08,-0.3387050618989844,-0.3387050618989844
2016.0,310.0,1.0,0.0,0.0,0.0,0.0,0.0,0.0,0.0,0.0,0.0,0.0,0.0,0.0,0.0,0.0,6.0059908884251625,0.9727013499935325,0.9993730061191752,0.0,0.0,0.0,0.0,0.08,0.08,-0.3387050618989844,-0.3387050618989844
2016.0,310.0,1.5,0.0,0.0,0.0,0.0,0.0,0.0,0.0,0.0,0.0,0.0,0.0,0.0,0.0,0.0,6.0059908884251625,0.9727013499935325,0.9993730061191752,0.0,0.0,0.0,0.0,0.08,0.08,-0.3387050618989844,-0.3387050618989844
2016.0,310.0,2.0,0.0,0.0,0.0,0.0,0.0,0.0,0.0,0.0,0.0,0.0,0.0,0.0,0.0,0.0,6.0059908884251625,0.9727013499935325,0.9993730061191752,0.0,0.0,0.0,0.0,0.08,0.08,-0.3387050618989844,-0.3387050618989844
2016.0,310.0,2.5,0.0,0.0,0.0,0.0,0.0,0.0,0.0,0.0,0.0,0.0,0.0,0.0,0.0,0.0,6.0059908884251625,0.9727013499935325,0.9993730061191752,0.0,0.0,0.0,0.0,0.08,0.08,-0.3387050618989844,-0.3387050618989844
2016.0,310.0,3.0,0.0,0.0,0.0,0.0,0.0,0.0,0.0,0.0,0.0,0.0,0.0,0.0,0.0,0.0,6.0059908884251625,0.9727013499935325,0.9993730061191752,0.0,0.0,0.0,0.0,0.08,0.08,-0.3387050618989844,-0.3387050618989844
2016.0,310.0,3.5,0.0,0.0,0.0,0.0,0.0,0.0,0.0,0.0,0.0,0.0,0.0,0.0,0.0,0.0,6.0059908884251625,0.9727013499935325,0.9993730061191752,0.0,0.0,0.0,0.0,0.08,0.08,-0.3387050618989844,-0.3387050618989844
2016.0,310.0,4.0,0.0,0.0,0.0,0.0,0.0,0.0,0.0,0.0,0.0,0.0,0.0,0.0,0.0,0.0,6.0059908884251625,0.9727013499935325,0.9993730061191752,0.0,0.0,0.0,0.0,0.08,0.08,-0.3387050618989844,-0.3387050618989844
2016.0,310.0,4.5,0.0,0.0,0.0,0.0,0.0,0.0,0.0,0.0,0.0,0.0,0.0,0.0,0.0,0.0,6.0059908884251625,0.9727013499935325,0.9993730061191752,0.0,0.0,0.0,0.0,0.08,0.08,-0.3387050618989844,-0.3387050618989844
2016.0,310.0,5.0,0.0,0.0,0.0,0.0,0.0,0.0,0.0,0.0,0.0,0.0,0.0,0.0,0.0,0.0,6.0059908884251625,0.9727013499935325,0.9993730061191752,0.0,0.0,0.0,0.0,0.08,0.08,-0.3387050618989844,-0.3387050618989844
2016,310,5.5,0.0,0.0,0.0,0.0,0.0,0.0,0.0,0.0,0.0,0.0,0.0,0.0,True,True,6.004873425494034,0.9727013499935325,0.9993730061191752,0.0,0.0,0.0,0.0,0.08,0.08,-0.3387050618989844,-0.3387050618989844
2016,310,6.0,4.178291962361918,0.0,0.6378531461213223,0.0,37.26346938580867,0.0,0.0504734783347227,0.0,0.0,0.0,2950.0093298043466,0.0,False,0.0,6.004873425494034,0.9727013499935325,0.9993730061191752,0.0,0.0,0.03252257008749105,0.03252257008749105,0.08,0.08,-0.3387050618989844,-0.3387050618989844
2016,310,6.5,2.7958744399540114,0.0,0.4695075262211972,0.0,30.00164817129233,0.0,0.0321217812122953,0.0,0.0,0.0,3800.3391879544643,0.0,False,0.0,6.004873425494034,0.9727013499935325,0.9993730061191752,0.0,0.0,0.031165976027757315,0.031165976027757315,0.08,0.08,-0.3387050618989844,-0.3387050618989844
2016,310,7.0,9.624520762686476,0.0,1.9135100321083394,0.0,28.46663060161342,0.0,0.10161268597472023,0.0,0.0,0.0,5541.679907029898,0.0,False,0.0,6.004873425494034,0.9727013499935325,0.9993730061191752,0.0,0.0,0.09092762100276594,0.09092762100276594,0.08,0.08,-0.3387050618989844,-0.3387050618989844
2016,310,7.5,6.114549386488307,0.0,1.3107569128960443,0.0,28.074576424719,0.0,0.06228077755184946,0.0,0.0,0.0,6669.148813470677,0.0,False,0.0,6.004873425494034,0.9727013499935325,0.9993730061191752,0.0,0.0,0.06886258798354092,0.06886258798354092,0.08,0.08,-0.3387050618989844,-0.3387050618989844
2016,310,8.0,4.537245312165441,0.0,1.0297953246686558,0.0,27.721560714875952,0.0,0.045010683233370465,0.0,0.0,0.0,7377.784822178455,0.0,False,0.0,6.004873425494034,0.9727013499935325,0.9993730061191752,0.0,0.0,0.05324851009891515,0.05324851009891515,0.079,0.079,-0.36844676716639596,-0.36844676716639596
2016,310,8.5,11.333110424933961,0.0,2.541211264359749,0.0,27.536864101636418,0.0,0.11305930488144805,0.0,0.0,0.0,8277.875438925503,0.0,False,0.0,6.004873425494034,0.9727013499935325,0.9993730061191752,0.0,0.0,0.10848191044816248,0.10848191044816248,0.079,0.079,-0.36844676716639596,-0.36844676716639596
2016,310,9.0,17.65192527767309,0.0,3.9919335712848203,0.0,27.228477099963857,0.0,0.1753470580646861,0.0,0.0,0.0,9198.94834344121,0.0,False,0.0,6.004873425494034,0.9727013499935325,0.9993730061191752,0.0,0.0,0.17216740254903612,0.17216740254903612,0.079,0.079,-0.36844676716639596,-0.36844676716639596
2016,310,9.5,17.73140204576291,0.0,4.215439845498638,0.0,26.862893190265755,0.0,0.17227229855482712,0.0,0.0,0.0,10678.353075422352,0.0,False,0.0,6.004873425494034,0.9727013499935325,0.9993730061191752,0.0,0.0,0.183100891329611,0.183100891329611,0.079,0.079,-0.36844676716639596,-0.36844676716639596
2016,310,10.0,11.07392341938407,0.0,2.6195358966895372,0.0,27.15903195680307,0.0,0.10775329487163447,0.0,0.0,0.0,11105.744053100896,0.0,False,0.0,6.004873425494034,0.9727013499935325,0.9993730061191752,0.0,0.0,0.11087250836004664,0.11087250836004664,0.079,0.079,-0.36844676716639596,-0.36844676716639596
2016,310,10.5,13.166272142047564,0.0,3.0272819703165523,0.0,27.28463576324183,0.0,0.12977709366430476,0.0,0.0,0.0,11351.760008829282,0.0,False,0.0,6.004873425494034,0.9727013499935325,0.9993730061191752,0.0,0.0,0.1283048644939398,0.1283048644939398,0.078,0.078,-0.4012300667322298,-0.4012300667322298
2016,310,11.0,7.011956748551887,0.0,1.6469775919417202,0.0,27.370381177134412,0.0,0.06842420816460133,0.0,0.0,0.0,12464.155631533136,0.0,False,0.0,6.004873425494034,0.9727013499935325,0.9993730061191752,0.0,0.0,0.04934389389082004,0.04934389389082004,0.078,0.078,-0.4012300667322298,-0.4012300667322298
2016,310,11.5,5.54428909501468,0.0,1.2527003118086855,0.0,27.715606171579168,0.0,0.0550658160441959,0.0,0.0,0.0,11746.445606794996,0.0,False,0.0,6.004873425494034,0.9727013499935325,0.9993730061191752,0.0,0.0,0.036147886204251745,0.036147886204251745,0.078,0.078,-0.4012300667322298,-0.4012300667322298
2016,310,12.0,3.7109403451746443,4.837752135450296,0.8264784498712734,6.632825476382513,27.89797564169071,41.430879619221045,0.03714808103842174,0.32344395876532833,0.0,-1.0875137353507376,28.466413935536426,28.481130762642987,False,False,6.00169809116957,0.98052846258222,0.9993730061191752,0.0,0.0,0.022782716170929716,0.022782716170929716,0.078,0.078,-0.4012300667322298,-0.4012300667322298
2016,310,12.5,8.322721236174985,0.0,1.891904577218346,0.0,27.559231055307567,0.0,0.08243723608611227,0.0,0.0,0.0,11940.777862389596,0.0,False,0.0,6.00169809116957,0.98052846258222,0.9993730061191752,0.0,0.0,0.07880363691857357,0.07880363691857357,0.078,0.078,-0.4012300667322298,-0.4012300667322298
2016,310,13.0,5.491741600756047,0.0,1.2635845814462965,0.0,27.58406296986048,0.0,0.0541424432764907,0.0,0.0,0.0,11096.616661361832,0.0,False,0.0,6.00169809116957,0.98052846258222,0.9993730061191752,0.0,0.0,0.03256746673430352,0.03256746673430352,0.077,0.077,-0.4374111645545728,-0.4374111645545728
2016,310,13.5,7.19057423472247,0.0,1.6301984331330939,0.0,27.624819428350158,0.0,0.07130885847011614,0.0,0.0,0.0,10645.523451129042,0.0,False,0.0,6.00169809116957,0.98052846258222,0.9993730061191752,0.0,0.0,0.04324994642018057,0.04324994642018057,0.077,0.077,-0.4374111645545728,-0.4374111645545728
2016,310,14.0,8.952360449878391,0.0,2.048024437152359,0.0,27.487541963008294,0.0,0.08841809432807378,0.0,0.0,0.0,10242.09046117633,0.0,False,0.0,6.00169809116957,0.98052846258222,0.9993730061191752,0.0,0.0,0.08703270263956715,0.08703270263956715,0.077,0.077,-0.4374111645545728,-0.4374111645545728
2016,310,14.5,10.580580483220327,0.0,2.295620332128541,0.0,27.809349420142784,0.0,0.10708174330033764,0.0,0.0,0.0,8951.940587182109,0.0,False,0.0,6.00169809116957,0.98052846258222,0.9993730061191752,0.0,0.0,0.09417473068161614,0.09417473068161614,0.077,0.077,-0.4374111645545728,-0.4374111645545728
2016,310,15.0,5.339703863327369,0.0,1.2454787317620857,0.0,27.4907824195054,0.0,0.05226852733776754,0.0,0.0,0.0,8021.521326306761,0.0,False,0.0,6.00169809116957,0.98052846258222,0.9993730061191752,0.0,0.0,0.049499805179072,0.049499805179072,0.0765,0.0765,-0.4568999096561373,-0.4568999096561373
2016,310,15.5,0.33711728803287655,0.7604072884867452,0.07935469599841165,1.2055635088527208,27.623415308675824,41.74162819726573,0.0032858662062289976,0.05060156912471651,0.0,-0.6560807244626315,28.502022791845913,28.491717387733637,False,False,5.996620984108509,0.9946946910901522,0.9993730061191752,0.0,0.0,0.0,0.0,0.076,0.076,-0.47739341090022597,-0.47739341090022597
2016,310,16.0,0.21654624411657797,0.5241837484212646,0.04893289268159219,0.8334184500779265,27.935019368963264,41.739725399933775,0.002150977298944199,0.03701707493768325,0.0,-0.6203432617501504,27.707194422950376,27.706145258873327,False,False,5.996620984108509,0.9954086967722665,0.9993730061191752,0.0,0.0,0.0,0.0,0.076,0.076,-0.47739341090022597,-0.47739341090022597
2016,310,16.5,0.0,0.0,0.0,0.0,0.0,0.0,0.0,0.0,0.0,0.0,0.0,0.0,True,True,5.996620984108509,0.9954086967722665,0.9993730061191752,0.0,0.0,0.0,0.0,0.076,0.076,-0.47739341090022597,-0.47739341090022597
2016.0,310.0,17.0,0.0,0.0,0.0,0.0,0.0,0.0,0.0,0.0,0.0,0.0,0.0,0.0,0.0,0.0,5.996620984108509,0.9954086967722665,0.9993730061191752,0.0,0.0,0.0,0.0,0.076,0.076,-0.47739341090022597,-0.47739341090022597
2016.0,310.0,17.5,0.0,0.0,0.0,0.0,0.0,0.0,0.0,0.0,0.0,0.0,0.0,0.0,0.0,0.0,5.996620984108509,0.9954086967722665,0.9993730061191752,0.0,0.0,0.0,0.0,0.076,0.076,-0.47739341090022597,-0.47739341090022597
2016.0,310.0,18.0,0.0,0.0,0.0,0.0,0.0,0.0,0.0,0.0,0.0,0.0,0.0,0.0,0.0,0.0,5.996620984108509,0.9954086967722665,0.9993730061191752,0.0,0.0,0.0,0.0,0.076,0.076,-0.47739341090022597,-0.47739341090022597
2016.0,310.0,18.5,0.0,0.0,0.0,0.0,0.0,0.0,0.0,0.0,0.0,0.0,0.0,0.0,0.0,0.0,5.996620984108509,0.9954086967722665,0.9993730061191752,0.0,0.0,0.0,0.0,0.076,0.076,-0.47739341090022597,-0.47739341090022597
2016.0,310.0,19.0,0.0,0.0,0.0,0.0,0.0,0.0,0.0,0.0,0.0,0.0,0.0,0.0,0.0,0.0,5.996620984108509,0.9954086967722665,0.9993730061191752,0.0,0.0,0.0,0.0,0.076,0.076,-0.47739341090022597,-0.47739341090022597
2016.0,310.0,19.5,0.0,0.0,0.0,0.0,0.0,0.0,0.0,0.0,0.0,0.0,0.0,0.0,0.0,0.0,5.996620984108509,0.9954086967722665,0.9993730061191752,0.0,0.0,0.0,0.0,0.076,0.076,-0.47739341090022597,-0.47739341090022597
2016.0,310.0,20.0,0.0,0.0,0.0,0.0,0.0,0.0,0.0,0.0,0.0,0.0,0.0,0.0,0.0,0.0,5.996620984108509,0.9954086967722665,0.9993730061191752,0.0,0.0,0.0,0.0,0.076,0.076,-0.47739341090022597,-0.47739341090022597
2016.0,310.0,20.5,0.0,0.0,0.0,0.0,0.0,0.0,0.0,0.0,0.0,0.0,0.0,0.0,0.0,0.0,5.996620984108509,0.9954086967722665,0.9993730061191752,0.0,0.0,0.0,0.0,0.076,0.076,-0.47739341090022597,-0.47739341090022597
2016.0,310.0,21.0,0.0,0.0,0.0,0.0,0.0,0.0,0.0,0.0,0.0,0.0,0.0,0.0,0.0,0.0,5.996620984108509,0.9954086967722665,0.9993730061191752,0.0,0.0,0.0,0.0,0.076,0.076,-0.47739341090022597,-0.47739341090022597
2016.0,310.0,21.5,0.0,0.0,0.0,0.0,0.0,0.0,0.0,0.0,0.0,0.0,0.0,0.0,0.0,0.0,5.996620984108509,0.9954086967722665,0.9993730061191752,0.0,0.0,0.0,0.0,0.076,0.076,-0.47739341090022597,-0.47739341090022597
2016.0,310.0,22.0,0.0,0.0,0.0,0.0,0.0,0.0,0.0,0.0,0.0,0.0,0.0,0.0,0.0,0.0,5.996620984108509,0.9954086967722665,0.9993730061191752,0.0,0.0,0.0,0.0,0.076,0.076,-0.47739341090022597,-0.47739341090022597
2016.0,310.0,22.5,0.0,0.0,0.0,0.0,0.0,0.0,0.0,0.0,0.0,0.0,0.0,0.0,0.0,0.0,5.996620984108509,0.9954086967722665,0.9993730061191752,0.0,0.0,0.0,0.0,0.076,0.076,-0.47739341090022597,-0.47739341090022597
2016.0,310.0,23.0,0.0,0.0,0.0,0.0,0.0,0.0,0.0,0.0,0.0,0.0,0.0,0.0,0.0,0.0,5.996620984108509,0.9954086967722665,0.9993730061191752,0.0,0.0,0.0,0.0,0.075,0.075,-0.521634281110708,-0.521634281110708
2016.0,310.0,23.5,0.0,0.0,0.0,0.0,0.0,0.0,0.0,0.0,0.0,0.0,0.0,0.0,0.0,0.0,5.996620984108509,0.9954086967722665,0.9993730061191752,0.0,0.0,0.0,0.0,0.075,0.075,-0.521634281110708,-0.521634281110708
2016.0,311.0,0.0,0.0,0.0,0.0,0.0,0.0,0.0,0.0,0.0,0.0,0.0,0.0,0.0,0.0,0.0,5.996620984108509,0.9954086967722665,0.9993730061191752,0.0,0.0,0.0,0.0,0.075,0.075,-0.521634281110708,-0.521634281110708
2016.0,311.0,0.5,0.0,0.0,0.0,0.0,0.0,0.0,0.0,0.0,0.0,0.0,0.0,0.0,0.0,0.0,5.996620984108509,0.9954086967722665,0.9993730061191752,0.0,0.0,0.0,0.0,0.075,0.075,-0.521634281110708,-0.521634281110708
2016.0,311.0,1.0,0.0,0.0,0.0,0.0,0.0,0.0,0.0,0.0,0.0,0.0,0.0,0.0,0.0,0.0,5.996620984108509,0.9954086967722665,0.9993730061191752,0.0,0.0,0.0,0.0,0.075,0.075,-0.521634281110708,-0.521634281110708
2016.0,311.0,1.5,0.0,0.0,0.0,0.0,0.0,0.0,0.0,0.0,0.0,0.0,0.0,0.0,0.0,0.0,5.996620984108509,0.9954086967722665,0.9993730061191752,0.0,0.0,0.0,0.0,0.075,0.075,-0.521634281110708,-0.521634281110708
2016.0,311.0,2.0,0.0,0.0,0.0,0.0,0.0,0.0,0.0,0.0,0.0,0.0,0.0,0.0,0.0,0.0,5.996620984108509,0.9954086967722665,0.9993730061191752,0.0,0.0,0.0,0.0,0.075,0.075,-0.521634281110708,-0.521634281110708
2016.0,311.0,2.5,0.0,0.0,0.0,0.0,0.0,0.0,0.0,0.0,0.0,0.0,0.0,0.0,0.0,0.0,5.996620984108509,0.9954086967722665,0.9993730061191752,0.0,0.0,0.0,0.0,0.075,0.075,-0.521634281110708,-0.521634281110708
2016.0,311.0,3.0,0.0,0.0,0.0,0.0,0.0,0.0,0.0,0.0,0.0,0.0,0.0,0.0,0.0,0.0,5.996620984108509,0.9954086967722665,0.9993730061191752,0.0,0.0,0.0,0.0,0.075,0.075,-0.521634281110708,-0.521634281110708
2016.0,311.0,3.5,0.0,0.0,0.0,0.0,0.0,0.0,0.0,0.0,0.0,0.0,0.0,0.0,0.0,0.0,5.996620984108509,0.9954086967722665,0.9993730061191752,0.0,0.0,0.0,0.0,0.075,0.075,-0.521634281110708,-0.521634281110708
2016.0,311.0,4.0,0.0,0.0,0.0,0.0,0.0,0.0,0.0,0.0,0.0,0.0,0.0,0.0,0.0,0.0,5.996620984108509,0.9954086967722665,0.9993730061191752,0.0,0.0,0.0,0.0,0.075,0.075,-0.521634281110708,-0.521634281110708
2016.0,311.0,4.5,0.0,0.0,0.0,0.0,0.0,0.0,0.0,0.0,0.0,0.0,0.0,0.0,0.0,0.0,5.996620984108509,0.9954086967722665,0.9993730061191752,0.0,0.0,0.0,0.0,0.075,0.075,-0.521634281110708,-0.521634281110708
2016.0,311.0,5.0,0.0,0.0,0.0,0.0,0.0,0.0,0.0,0.0,0.0,0.0,0.0,0.0,0.0,0.0,5.996620984108509,0.9954086967722665,0.9993730061191752,0.0,0.0,0.0,0.0,0.075,0.075,-0.521634281110708,-0.521634281110708
2016,311,5.5,0.0,0.0,0.0,0.0,0.0,0.0,0.0,0.0,0.0,0.0,0.0,0.0,True,True,5.9930108606319585,0.9954086967722665,0.9993730061191752,0.0,0.0,0.0,0.0,0.075,0.075,-0.521634281110708,-0.521634281110708
2016,311,6.0,4.927954280855366,0.0,0.5872424067059855,0.0,32.253338207864566,0.0,0.0683082945001434,0.0,0.0,0.0,1878.4289024227228,0.0,False,0.0,5.9930108606319585,0.9954086967722665,0.9993730061191752,0.0,0.0,0.02684862194148999,0.02684862194148999,0.075,0.075,-0.521634281110708,-0.521634281110708
2016,311,6.5,2.6042322342342237,0.0,0.3380553055504148,0.0,31.817250229009144,0.0,0.03439732543670307,0.0,0.0,0.0,2404.7202342237865,0.0,False,0.0,5.9930108606319585,0.9954086967722665,0.9993730061191752,0.0,0.0,0.019814653412748205,0.019814653412748205,0.075,0.075,-0.521634281110708,-0.521634281110708
2016,311,7.0,11.706398825735041,0.0,1.6065181395653756,0.0,30.9783196215192,0.0,0.14935446226298799,0.0,0.0,0.0,3193.0739132060867,0.0,False,0.0,5.9930108606319585,0.9954086967722665,0.9993730061191752,0.0,0.0,0.07210858314068665,0.07210858314068665,0.075,0.075,-0.521634281110708,-0.521634281110708
2016,311,7.5,10.908035210326439,0.0,1.7154138387489961,0.0,30.09556485885545,0.0,0.1293684208680796,0.0,0.0,0.0,3966.429740662467,0.0,False,0.0,5.9930108606319585,0.9954086967722665,0.9993730061191752,0.0,0.0,0.07030801383975466,0.07030801383975466,0.075,0.075,-0.521634281110708,-0.521634281110708
2016,311,8.0,11.047537396828947,0.0,1.88957848321301,0.0,29.499781258498743,0.0,0.12552848871397382,0.0,0.0,0.0,5007.764655092476,0.0,False,0.0,5.9930108606319585,0.9954086967722665,0.9993730061191752,0.0,0.0,0.0754644395825763,0.0754644395825763,0.0745,0.0745,-0.5455114336333129,-0.5455114336333129
2016,311,8.5,12.561932156525964,0.0,2.316878717264548,0.0,28.900507120578926,0.0,0.1374427703809546,0.0,0.0,0.0,6128.849436993479,0.0,False,0.0,5.9930108606319585,0.9954086967722665,0.9993730061191752,0.0,0.0,0.08885009407125721,0.08885009407125721,0.074,0.074,-0.5706534997675224,-0.5706534997675224
2016,311,9.0,19.399016288017066,0.0,3.7426581951252533,0.0,28.299003295794567,0.0,0.20735460814329976,0.0,0.0,0.0,7403.929276150914,0.0,False,0.0,5.9930108606319585,0.9954086967722665,0.9993730061191752,0.0,0.0,0.13657732407071635,0.13657732407071635,0.074,0.074,-0.5706534997675224,-0.5706534997675224
2016,311,9.5,20.270972835552307,0.0,4.035236380066384,0.0,28.041247675597607,0.0,0.21350971690795484,0.0,0.0,0.0,8289.365627992544,0.0,False,0.0,5.9930108606319585,0.9954086967722665,0.9993730061191752,0.0,0.0,0.14659304522658317,0.14659304522658317,0.074,0.074,-0.5706534997675224,-0.5706534997675224
2016,311,10.0,10.007353095035135,0.0,2.1222166167713112,0.0,28.00141379038456,0.0,0.10235925583013905,0.0,0.0,0.0,9339.058264706446,0.0,False,0.0,5.9930108606319585,0.9954086967722665,0.9993730061191752,0.0,0.0,0.07273122873648238,0.07273122873648238,0.074,0.074,-0.5706534997675224,-0.5706534997675224
2016,311,10.5,13.902015753096952,27.72350544365217,3.0720891981700458,12.869877273689747,27.544971073338917,38.79257326048119,0.13952167486072856,0.2646682711012634,0.0,-1.2295800007408288,10672.793933745552,23.978668397505103,False,False,5.985640967113905,0.9601343156189317,0.9835300561146819,0.0,0.0,0.10535359005463421,0.10535359005463421,0.0735,0.0735,-0.5971367254978646,-0.5971367254978646
2016,311,11.0,7.180947037372691,0.0,1.6172356776596966,0.0,27.674676212720023,0.0,0.07142941265858349,0.0,0.0,0.0,11073.55696542508,0.0,False,0.0,5.985640967113905,0.9601343156189317,0.9835300561146819,0.0,0.0,0.03331118860364513,0.03331118860364513,0.073,0.073,-0.6250425172123373,-0.6250425172123373
2016,311,11.5,4.542457637264549,0.0,1.0703351740858167,0.0,27.446347535677205,0.0,0.04430124109708329,0.0,0.0,0.0,11891.268436184866,0.0,False,0.0,5.985640967113905,0.9601343156189317,0.9835300561146819,0.0,0.0,0.022267807753847065,0.022267807753847065,0.073,0.073,-0.6250425172123373,-0.6250425172123373
2016,311,12.0,3.510212729891434,5.022864243847122,0.8366176705294699,5.412413745016152,27.403391978586555,40.68019986196274,0.03406958015690267,0.2212012043615764,0.0,-1.1849706356824181,29.43284030987112,29.016967853475386,False,False,5.982511471525288,0.975746797609974,0.9835300561146819,0.0,0.0,0.0177125940576178,0.0177125940576178,0.073,0.073,-0.6250425172123373,-0.6250425172123373
2016,311,12.5,9.44605091389135,0.0,2.2841591586866663,0.0,27.05984172049434,0.0,0.09100162665481008,0.0,0.0,0.0,13067.483217118963,0.0,False,0.0,5.982511471525288,0.975746797609974,0.9835300561146819,0.0,0.0,0.07667132374230767,0.07667132374230767,0.073,0.073,-0.6250425172123373,-0.6250425172123373
2016,311,13.0,4.292059473219558,0.0,1.0539966844003774,0.0,27.14785554123887,0.0,0.04104676243050552,0.0,0.0,0.0,11826.795017648536,0.0,False,0.0,5.982511471525288,0.975746797609974,0.9835300561146819,0.0,0.0,0.02109347629901674,0.02109347629901674,0.0725,0.0725,-0.6544578297034795,-0.6544578297034795
2016,311,13.5,0.0,0.0,0.0,0.0,0.0,0.0,0.0,0.0,0.0,0.0,0.0,0.0,True,0.0,5.982511471525288,0.975746797609974,0.9835300561146819,0.0,0.0,0.04012891171488826,0.04012891171488826,0.072,0.072,-0.6854755862964091,-0.6854755862964091
2016,311,14.0,9.048140800593798,0.0,2.1777471046866905,0.0,27.109664377877305,0.0,0.08734792812801952,0.0,0.0,0.0,11104.774663087908,0.0,False,0.0,5.982511471525288,0.975746797609974,0.9835300561146819,0.0,0.0,0.06818235889044168,0.06818235889044168,0.072,0.072,-0.6854755862964091,-0.6854755862964091
2016,311,14.5,9.886477606471338,0.0,2.2341278959943334,0.0,27.539307365262363,0.0,0.09820253999320802,0.0,0.0,0.0,9607.488225529623,0.0,False,0.0,5.982511471525288,0.975746797609974,0.9835300561146819,0.0,0.0,0.07054145395360853,0.07054145395360853,0.072,0.072,-0.6854755862964091,-0.6854755862964091
2016,311,15.0,5.004906246667226,0.0,1.2235563374454563,0.0,27.155420918826554,0.0,0.04796154959543397,0.0,0.0,0.0,8625.852323717052,0.0,False,0.0,5.982511471525288,0.975746797609974,0.9835300561146819,0.0,0.0,0.03698755384118683,0.03698755384118683,0.072,0.072,-0.6854755862964091,-0.6854755862964091
2016,311,15.5,0.5302011526659016,1.040452213238857,0.13078367522865586,1.8670551134970252,27.265377157592518,41.739930169696784,0.005059327641140722,0.07371386047331506,0.0,-0.9630101754175171,29.143499541640033,29.140749851538356,False,False,5.974945323052049,0.9857457822138092,0.9835300561146819,0.0,0.0,0.0,0.0,0.072,0.072,-0.6854755862964091,-0.6854755862964091
2016,311,16.0,1.1402525895334468,1.6788889552602528,0.27744070317838,2.9954704749663934,27.345063623333125,41.707106568092755,0.010949058770873285,0.12225472594094318,0.0,-1.236106191047614,28.557259284112043,28.55504830536263,False,False,5.970382966423634,0.9729838420848865,0.9835300561146819,0.0,0.0,0.0,0.0,0.0715,0.0715,-0.7181951340120418,-0.7181951340120418
2016,311,16.5,0.0,0.0,0.0,0.0,0.0,0.0,0.0,0.0,0.0,0.0,0.0,0.0,True,True,5.965201552757978,0.9729838420848865,0.9835300561146819,0.0,0.0,0.0,0.0,0.071,0.071,-0.752722736959751,-0.752722736959751
2016.0,311.0,17.0,0.0,0.0,0.0,0.0,0.0,0.0,0.0,0.0,0.0,0.0,0.0,0.0,0.0,0.0,5.965201552757978,0.9729838420848865,0.9835300561146819,0.0,0.0,0.0,0.0,0.071,0.071,-0.752722736959751,-0.752722736959751
2016.0,311.0,17.5,0.0,0.0,0.0,0.0,0.0,0.0,0.0,0.0,0.0,0.0,0.0,0.0,0.0,0.0,5.965201552757978,0.9729838420848865,0.9835300561146819,0.0,0.0,0.0,0.0,0.071,0.071,-0.752722736959751,-0.752722736959751
2016.0,311.0,18.0,0.0,0.0,0.0,0.0,0.0,0.0,0.0,0.0,0.0,0.0,0.0,0.0,0.0,0.0,5.965201552757978,0.9729838420848865,0.9835300561146819,0.0,0.0,0.0,0.0,0.071,0.071,-0.752722736959751,-0.752722736959751
2016.0,311.0,18.5,0.0,0.0,0.0,0.0,0.0,0.0,0.0,0.0,0.0,0.0,0.0,0.0,0.0,0.0,5.965201552757978,0.9729838420848865,0.9835300561146819,0.0,0.0,0.0,0.0,0.071,0.071,-0.752722736959751,-0.752722736959751
2016.0,311.0,19.0,0.0,0.0,0.0,0.0,0.0,0.0,0.0,0.0,0.0,0.0,0.0,0.0,0.0,0.0,5.965201552757978,0.9729838420848865,0.9835300561146819,0.0,0.0,0.0,0.0,0.071,0.071,-0.752722736959751,-0.752722736959751
2016.0,311.0,19.5,0.0,0.0,0.0,0.0,0.0,0.0,0.0,0.0,0.0,0.0,0.0,0.0,0.0,0.0,5.965201552757978,0.9729838420848865,0.9835300561146819,0.0,0.0,0.0,0.0,0.071,0.071,-0.752722736959751,-0.752722736959751
2016.0,311.0,20.0,0.0,0.0,0.0,0.0,0.0,0.0,0.0,0.0,0.0,0.0,0.0,0.0,0.0,0.0,5.965201552757978,0.9729838420848865,0.9835300561146819,0.0,0.0,0.0,0.0,0.071,0.071,-0.752722736959751,-0.752722736959751
2016.0,311.0,20.5,0.0,0.0,0.0,0.0,0.0,0.0,0.0,0.0,0.0,0.0,0.0,0.0,0.0,0.0,5.965201552757978,0.9729838420848865,0.9835300561146819,0.0,0.0,0.0,0.0,0.071,0.071,-0.752722736959751,-0.752722736959751
2016.0,311.0,21.0,0.0,0.0,0.0,0.0,0.0,0.0,0.0,0.0,0.0,0.0,0.0,0.0,0.0,0.0,5.965201552757978,0.9729838420848865,0.9835300561146819,0.0,0.0,0.0,0.0,0.071,0.071,-0.752722736959751,-0.752722736959751
2016.0,311.0,21.5,0.0,0.0,0.0,0.0,0.0,0.0,0.0,0.0,0.0,0.0,0.0,0.0,0.0,0.0,5.965201552757978,0.9729838420848865,0.9835300561146819,0.0,0.0,0.0,0.0,0.071,0.071,-0.752722736959751,-0.752722736959751
2016.0,311.0,22.0,0.0,0.0,0.0,0.0,0.0,0.0,0.0,0.0,0.0,0.0,0.0,0.0,0.0,0.0,5.965201552757978,0.9729838420848865,0.9835300561146819,0.0,0.0,0.0,0.0,0.071,0.071,-0.752722736959751,-0.752722736959751
2016.0,311.0,22.5,0.0,0.0,0.0,0.0,0.0,0.0,0.0,0.0,0.0,0.0,0.0,0.0,0.0,0.0,5.965201552757978,0.9729838420848865,0.9835300561146819,0.0,0.0,0.0,0.0,0.071,0.071,-0.752722736959751,-0.752722736959751
2016.0,311.0,23.0,0.0,0.0,0.0,0.0,0.0,0.0,0.0,0.0,0.0,0.0,0.0,0.0,0.0,0.0,5.965201552757978,0.9729838420848865,0.9835300561146819,0.0,0.0,0.0,0.0,0.071,0.071,-0.752722736959751,-0.752722736959751
2016.0,311.0,23.5,0.0,0.0,0.0,0.0,0.0,0.0,0.0,0.0,0.0,0.0,0.0,0.0,0.0,0.0,5.965201552757978,0.9729838420848865,0.9835300561146819,0.0,0.0,0.0,0.0,0.071,0.071,-0.752722736959751,-0.752722736959751
2016.0,312.0,0.0,0.0,0.0,0.0,0.0,0.0,0.0,0.0,0.0,0.0,0.0,0.0,0.0,0.0,0.0,5.965201552757978,0.9729838420848865,0.9835300561146819,0.0,0.0,0.0,0.0,0.071,0.071,-0.752722736959751,-0.752722736959751
2016.0,312.0,0.5,0.0,0.0,0.0,0.0,0.0,0.0,0.0,0.0,0.0,0.0,0.0,0.0,0.0,0.0,5.965201552757978,0.9729838420848865,0.9835300561146819,0.0,0.0,0.0,0.0,0.071,0.071,-0.752722736959751,-0.752722736959751
2016.0,312.0,1.0,0.0,0.0,0.0,0.0,0.0,0.0,0.0,0.0,0.0,0.0,0.0,0.0,0.0,0.0,5.965201552757978,0.9729838420848865,0.9835300561146819,0.0,0.0,0.0,0.0,0.071,0.071,-0.752722736959751,-0.752722736959751
2016.0,312.0,1.5,0.0,0.0,0.0,0.0,0.0,0.0,0.0,0.0,0.0,0.0,0.0,0.0,0.0,0.0,5.965201552757978,0.9729838420848865,0.9835300561146819,0.0,0.0,0.0,0.0,0.071,0.071,-0.752722736959751,-0.752722736959751
2016.0,312.0,2.0,0.0,0.0,0.0,0.0,0.0,0.0,0.0,0.0,0.0,0.0,0.0,0.0,0.0,0.0,5.965201552757978,0.9729838420848865,0.9835300561146819,0.0,0.0,0.0,0.0,0.071,0.071,-0.752722736959751,-0.752722736959751
2016.0,312.0,2.5,0.0,0.0,0.0,0.0,0.0,0.0,0.0,0.0,0.0,0.0,0.0,0.0,0.0,0.0,5.965201552757978,0.9729838420848865,0.9835300561146819,0.0,0.0,0.0,0.0,0.071,0.071,-0.752722736959751,-0.752722736959751
2016.0,312.0,3.0,0.0,0.0,0.0,0.0,0.0,0.0,0.0,0.0,0.0,0.0,0.0,0.0,0.0,0.0,5.965201552757978,0.9729838420848865,0.9835300561146819,0.0,0.0,0.0,0.0,0.071,0.071,-0.752722736959751,-0.752722736959751
2016.0,312.0,3.5,0.0,0.0,0.0,0.0,0.0,0.0,0.0,0.0,0.0,0.0,0.0,0.0,0.0,0.0,5.965201552757978,0.9729838420848865,0.9835300561146819,0.0,0.0,0.0,0.0,0.071,0.071,-0.752722736959751,-0.752722736959751
2016.0,312.0,4.0,0.0,0.0,0.0,0.0,0.0,0.0,0.0,0.0,0.0,0.0,0.0,0.0,0.0,0.0,5.965201552757978,0.9729838420848865,0.9835300561146819,0.0,0.0,0.0,0.0,0.071,0.071,-0.752722736959751,-0.752722736959751
2016.0,312.0,4.5,0.0,0.0,0.0,0.0,0.0,0.0,0.0,0.0,0.0,0.0,0.0,0.0,0.0,0.0,5.965201552757978,0.9729838420848865,0.9835300561146819,0.0,0.0,0.0,0.0,0.071,0.071,-0.752722736959751,-0.752722736959751
2016.0,312.0,5.0,0.0,0.0,0.0,0.0,0.0,0.0,0.0,0.0,0.0,0.0,0.0,0.0,0.0,0.0,5.965201552757978,0.9729838420848865,0.9835300561146819,0.0,0.0,0.0,0.0,0.071,0.071,-0.752722736959751,-0.752722736959751
2016,312,5.5,0.0,0.0,0.0,0.0,0.0,0.0,0.0,0.0,0.0,0.0,0.0,0.0,True,True,5.9593124327819185,0.9729838420848865,0.9835300561146819,0.0,0.0,0.0,0.0,0.0705,0.0705,-0.7891721114701507,-0.7891721114701507
2016,312,6.0,4.5452178106071255,0.0,0.32538462244922295,0.0,35.38828327666721,0.0,0.08673729400617185,0.0,0.0,0.0,1343.717100075949,0.0,False,0.0,5.9593124327819185,0.9729838420848865,0.9835300561146819,0.0,0.0,0.019336203311300277,0.019336203311300277,0.07,0.07,-0.8276650068290242,-0.8276650068290242
2016,312,6.5,2.403180059563732,0.0,0.17546997456843602,0.0,35.50296362174144,0.0,0.04525829584360533,0.0,0.0,0.0,1883.9835511447234,0.0,False,0.0,5.9593124327819185,0.9729838420848865,0.9835300561146819,0.0,0.0,0.014526513060758023,0.014526513060758023,0.07,0.07,-0.8276650068290242,-0.8276650068290242
2016,312,7.0,11.201465563409139,0.0,1.1747660650502614,0.0,38.34426036855146,0.0,0.16655867631344165,0.0,0.0,0.0,2622.8194671340934,0.0,False,0.0,5.9593124327819185,0.9729838420848865,0.9835300561146819,0.0,0.0,0.0521828102873632,0.0521828102873632,0.07,0.07,-0.8276650068290242,-0.8276650068290242
2016,312,7.5,13.184797927242894,0.0,1.619926602761027,0.0,31.660384320973108,0.0,0.17851630156451848,0.0,0.0,0.0,3503.6282710620367,0.0,False,0.0,5.9593124327819185,0.9729838420848865,0.9835300561146819,0.0,0.0,0.06442540166595094,0.06442540166595094,0.07,0.07,-0.8276650068290242,-0.8276650068290242
2016,312,8.0,14.816814391090723,0.0,2.177235649061034,0.0,37.13381372186208,0.0,0.181822697966353,0.0,0.0,0.0,4799.911469234726,0.0,False,0.0,5.9593124327819185,0.9729838420848865,0.9835300561146819,0.0,0.0,0.0775940391178683,0.0775940391178683,0.07,0.07,-0.8276650068290242,-0.8276650068290242
2016,312,8.5,12.665129016685343,0.0,1.8507179014874875,0.0,37.20432121309942,0.0,0.15604677589276167,0.0,0.0,0.0,4746.493927751727,0.0,False,0.0,5.9593124327819185,0.9729838420848865,0.9835300561146819,0.0,0.0,0.06088204597165377,0.06088204597165377,0.07,0.07,-0.8276650068290242,-0.8276650068290242
2016,312,9.0,20.84870450488718,0.0,3.070605808269958,0.0,30.11038946938942,0.0,0.2549625796340171,0.0,0.0,0.0,5412.886364434659,0.0,False,0.0,5.9593124327819185,0.9729838420848865,0.9835300561146819,0.0,0.0,0.10080560073495752,0.10080560073495752,0.07,0.07,-0.8276650068290242,-0.8276650068290242
2016,312,9.5,22.09510547621768,0.0,3.246261443609899,0.0,30.0768240250534,0.0,0.2701416679970824,0.0,0.0,0.0,5853.3390605564655,0.0,False,0.0,5.9593124327819185,0.9729838420848865,0.9835300561146819,0.0,0.0,0.10802443324754005,0.10802443324754005,0.07,0.07,-0.8276650068290242,-0.8276650068290242
2016,312,10.0,15.800263047164632,0.0,2.263289949085727,0.0,30.52791515839824,0.0,0.19619899780402308,0.0,0.0,0.0,6146.8027414564185,0.0,False,0.0,5.9593124327819185,0.9729838420848865,0.9835300561146819,0.0,0.0,0.07211142484226923,0.07211142484226923,0.069,0.069,-0.9113123600460743,-0.9113123600460743
2016,312,10.5,17.03535868879609,0.0,2.355305645457136,0.0,30.710610984371066,0.0,0.2154393619535104,0.0,0.0,0.0,6416.977331575688,0.0,False,0.0,5.9593124327819185,0.9729838420848865,0.9835300561146819,0.0,0.0,0.07776383427637404,0.07776383427637404,0.069,0.069,-0.9113123600460743,-0.9113123600460743
2016,312,11.0,9.979462579428754,0.0,1.40244187969975,0.0,30.921524318621888,0.0,0.12573430036743513,0.0,0.0,0.0,6425.960362061195,0.0,False,0.0,5.9593124327819185,0.9729838420848865,0.9835300561146819,0.0,0.0,0.026577980046545144,0.026577980046545144,0.069,0.069,-0.9113123600460743,-0.9113123600460743
2016,312,11.5,9.413670242959912,10.978660267807907,1.3362476608105402,4.594436406300721,30.878674368687356,40.66590686986909,0.1178125777029446,0.21234265849565004,0.0,-1.1462111184102213,6606.541201726454,21.947313124171803,False,False,5.936300521549757,0.966338653307486,0.9864254330051638,0.0,0.0,0.02500368430412947,0.02500368430412947,0.069,0.069,-0.9113123600460743,-0.9113123600460743
2016,312,12.0,5.395310378013178,0.0,1.0749516432171307,0.0,28.646989123036096,0.0,0.056921869788131456,0.0,0.0,0.0,9850.096379943401,0.0,False,0.0,5.936300521549757,0.966338653307486,0.9864254330051638,0.0,0.0,0.016986870235693206,0.016986870235693206,0.069,0.069,-0.9113123600460743,-0.9113123600460743
2016,312,13.0,3.239619822441198,4.651877709814128,0.8003462728473245,4.871531896114328,27.144459061745145,40.31572182887785,0.030896276289341124,0.1907426137023686,0.0,-1.5342176753939727,29.958352684248347,29.676044051166645,False,False,5.9150947863990035,0.9532325609103434,0.9864254330051638,0.0,0.0,0.01222762236652719,0.01222762236652719,0.068,0.068,-1.0048248172265413,-1.0048248172265413
2016,312,13.5,6.647209738716519,0.0,1.6765016445666117,0.0,26.857555606958332,0.0,0.06288985999377353,0.0,0.0,0.0,12068.814299665622,0.0,False,0.0,5.9150947863990035,0.9532325609103434,0.9864254330051638,0.0,0.0,0.025209700721623044,0.025209700721623044,0.068,0.068,-1.0048248172265413,-1.0048248172265413
2016,312,14.0,14.596918483999232,0.0,2.4950345941056598,0.0,29.35632718315652,0.0,0.16559698246501997,0.0,0.0,0.0,6916.846839601493,0.0,False,0.0,5.9150947863990035,0.9532325609103434,0.9864254330051638,0.0,0.0,0.058126705871486745,0.058126705871486745,0.068,0.068,-1.0048248172265413,-1.0048248172265413
2016,312,14.5,8.37292639820397,0.0,1.5440466502492423,0.0,29.252879707935065,0.0,0.0906277675568781,0.0,0.0,0.0,6590.112826881073,0.0,False,0.0,5.9150947863990035,0.9532325609103434,0.9864254330051638,0.0,0.0,0.034882014947914014,0.034882014947914014,0.068,0.068,-1.0048248172265413,-1.0048248172265413
2016,312,15.0,6.055714088133671,0.0,1.1903163604320681,0.0,28.720306231883463,0.0,0.06423856922349384,0.0,0.0,0.0,5887.021107178021,0.0,False,0.0,5.9150947863990035,0.9532325609103434,0.9864254330051638,0.0,0.0,0.025539639370071206,0.025539639370071206,0.068,0.068,-1.0048248172265413,-1.0048248172265413
2016,312,15.5,1.0984281988419973,1.4569789057386051,0.22754184495576724,1.9829400431945268,28.542762051156206,41.67026816187804,0.011368066495524376,0.10170281885400824,0.0,-1.3026082999457214,25.023227248910953,25.021350579964277,False,False,5.9150947863990035,0.9691226183529907,0.9864254330051638,0.0,0.0,0.0,0.0,0.068,0.068,-1.0048248172265413,-1.0048248172265413
2016,312,16.0,1.8417358485180988,2.251201944878044,0.38399465368716057,2.258365173184438,28.465582493019717,40.844383389256095,0.019001326421328374,0.1149460470500453,0.0,-1.4496674460306385,24.828584258706098,24.82697104682074,False,False,5.902191394671284,0.9594806633994509,0.9864254330051638,0.0,0.0,0.0,0.0,0.0675,0.0675,-1.0556900527908526,-1.0556900527908526
2016,312,16.5,0.0,0.0,0.0,0.0,0.0,0.0,0.0,0.0,0.0,0.0,0.0,0.0,True,True,5.902191394671284,0.9594806633994509,0.9864254330051638,0.0,0.0,0.0,0.0,0.0675,0.0675,-1.0556900527908526,-1.0556900527908526
2016.0,312.0,17.0,0.0,0.0,0.0,0.0,0.0,0.0,0.0,0.0,0.0,0.0,0.0,0.0,0.0,0.0,5.902191394671284,0.9594806633994509,0.9864254330051638,0.0,0.0,0.0,0.0,0.067,0.067,-1.1095374308689805,-1.1095374308689805
2016.0,312.0,17.5,0.0,0.0,0.0,0.0,0.0,0.0,0.0,0.0,0.0,0.0,0.0,0.0,0.0,0.0,5.902191394671284,0.9594806633994509,0.9864254330051638,0.0,0.0,0.0,0.0,0.067,0.067,-1.1095374308689805,-1.1095374308689805
2016.0,312.0,18.0,0.0,0.0,0.0,0.0,0.0,0.0,0.0,0.0,0.0,0.0,0.0,0.0,0.0,0.0,5.902191394671284,0.9594806633994509,0.9864254330051638,0.0,0.0,0.0,0.0,0.067,0.067,-1.1095374308689805,-1.1095374308689805
2016.0,312.0,18.5,0.0,0.0,0.0,0.0,0.0,0.0,0.0,0.0,0.0,0.0,0.0,0.0,0.0,0.0,5.902191394671284,0.9594806633994509,0.9864254330051638,0.0,0.0,0.0,0.0,0.067,0.067,-1.1095374308689805,-1.1095374308689805
2016.0,312.0,19.0,0.0,0.0,0.0,0.0,0.0,0.0,0.0,0.0,0.0,0.0,0.0,0.0,0.0,0.0,5.902191394671284,0.9594806633994509,0.9864254330051638,0.0,0.0,0.0,0.0,0.067,0.067,-1.1095374308689805,-1.1095374308689805
2016.0,312.0,19.5,0.0,0.0,0.0,0.0,0.0,0.0,0.0,0.0,0.0,0.0,0.0,0.0,0.0,0.0,5.902191394671284,0.9594806633994509,0.9864254330051638,0.0,0.0,0.0,0.0,0.067,0.067,-1.1095374308689805,-1.1095374308689805
2016.0,312.0,20.0,0.0,0.0,0.0,0.0,0.0,0.0,0.0,0.0,0.0,0.0,0.0,0.0,0.0,0.0,5.902191394671284,0.9594806633994509,0.9864254330051638,0.0,0.0,0.0,0.0,0.067,0.067,-1.1095374308689805,-1.1095374308689805
2016.0,312.0,20.5,0.0,0.0,0.0,0.0,0.0,0.0,0.0,0.0,0.0,0.0,0.0,0.0,0.0,0.0,5.902191394671284,0.9594806633994509,0.9864254330051638,0.0,0.0,0.0,0.0,0.067,0.067,-1.1095374308689805,-1.1095374308689805
2016.0,312.0,21.0,0.0,0.0,0.0,0.0,0.0,0.0,0.0,0.0,0.0,0.0,0.0,0.0,0.0,0.0,5.902191394671284,0.9594806633994509,0.9864254330051638,0.0,0.0,0.0,0.0,0.067,0.067,-1.1095374308689805,-1.1095374308689805
2016.0,312.0,21.5,0.0,0.0,0.0,0.0,0.0,0.0,0.0,0.0,0.0,0.0,0.0,0.0,0.0,0.0,5.902191394671284,0.9594806633994509,0.9864254330051638,0.0,0.0,0.0,0.0,0.067,0.067,-1.1095374308689805,-1.1095374308689805
2016.0,312.0,22.0,0.0,0.0,0.0,0.0,0.0,0.0,0.0,0.0,0.0,0.0,0.0,0.0,0.0,0.0,5.902191394671284,0.9594806633994509,0.9864254330051638,0.0,0.0,0.0,0.0,0.067,0.067,-1.1095374308689805,-1.1095374308689805
2016.0,312.0,22.5,0.0,0.0,0.0,0.0,0.0,0.0,0.0,0.0,0.0,0.0,0.0,0.0,0.0,0.0,5.902191394671284,0.9594806633994509,0.9864254330051638,0.0,0.0,0.0,0.0,0.067,0.067,-1.1095374308689805,-1.1095374308689805
2016.0,312.0,23.0,0.0,0.0,0.0,0.0,0.0,0.0,0.0,0.0,0.0,0.0,0.0,0.0,0.0,0.0,5.902191394671284,0.9594806633994509,0.9864254330051638,0.0,0.0,0.0,0.0,0.067,0.067,-1.1095374308689805,-1.1095374308689805
2016.0,312.0,23.5,0.0,0.0,0.0,0.0,0.0,0.0,0.0,0.0,0.0,0.0,0.0,0.0,0.0,0.0,5.902191394671284,0.9594806633994509,0.9864254330051638,0.0,0.0,0.0,0.0,0.067,0.067,-1.1095374308689805,-1.1095374308689805
2016.0,313.0,0.0,0.0,0.0,0.0,0.0,0.0,0.0,0.0,0.0,0.0,0.0,0.0,0.0,0.0,0.0,5.902191394671284,0.9594806633994509,0.9864254330051638,0.0,0.0,0.0,0.0,0.067,0.067,-1.1095374308689805,-1.1095374308689805
2016.0,313.0,0.5,0.0,0.0,0.0,0.0,0.0,0.0,0.0,0.0,0.0,0.0,0.0,0.0,0.0,0.0,5.902191394671284,0.9594806633994509,0.9864254330051638,0.0,0.0,0.0,0.0,0.067,0.067,-1.1095374308689805,-1.1095374308689805
2016.0,313.0,1.0,0.0,0.0,0.0,0.0,0.0,0.0,0.0,0.0,0.0,0.0,0.0,0.0,0.0,0.0,5.902191394671284,0.9594806633994509,0.9864254330051638,0.0,0.0,0.0,0.0,0.067,0.067,-1.1095374308689805,-1.1095374308689805
2016.0,313.0,1.5,0.0,0.0,0.0,0.0,0.0,0.0,0.0,0.0,0.0,0.0,0.0,0.0,0.0,0.0,5.902191394671284,0.9594806633994509,0.9864254330051638,0.0,0.0,0.0,0.0,0.067,0.067,-1.1095374308689805,-1.1095374308689805
2016.0,313.0,2.0,0.0,0.0,0.0,0.0,0.0,0.0,0.0,0.0,0.0,0.0,0.0,0.0,0.0,0.0,5.902191394671284,0.9594806633994509,0.9864254330051638,0.0,0.0,0.0,0.0,0.067,0.067,-1.1095374308689805,-1.1095374308689805
2016.0,313.0,2.5,0.0,0.0,0.0,0.0,0.0,0.0,0.0,0.0,0.0,0.0,0.0,0.0,0.0,0.0,5.902191394671284,0.9594806633994509,0.9864254330051638,0.0,0.0,0.0,0.0,0.067,0.067,-1.1095374308689805,-1.1095374308689805
2016.0,313.0,3.0,0.0,0.0,0.0,0.0,0.0,0.0,0.0,0.0,0.0,0.0,0.0,0.0,0.0,0.0,5.902191394671284,0.9594806633994509,0.9864254330051638,0.0,0.0,0.0,0.0,0.067,0.067,-1.1095374308689805,-1.1095374308689805
2016.0,313.0,3.5,0.0,0.0,0.0,0.0,0.0,0.0,0.0,0.0,0.0,0.0,0.0,0.0,0.0,0.0,5.902191394671284,0.9594806633994509,0.9864254330051638,0.0,0.0,0.0,0.0,0.067,0.067,-1.1095374308689805,-1.1095374308689805
2016.0,313.0,4.0,0.0,0.0,0.0,0.0,0.0,0.0,0.0,0.0,0.0,0.0,0.0,0.0,0.0,0.0,5.902191394671284,0.9594806633994509,0.9864254330051638,0.0,0.0,0.0,0.0,0.067,0.067,-1.1095374308689805,-1.1095374308689805
2016.0,313.0,4.5,0.0,0.0,0.0,0.0,0.0,0.0,0.0,0.0,0.0,0.0,0.0,0.0,0.0,0.0,5.902191394671284,0.9594806633994509,0.9864254330051638,0.0,0.0,0.0,0.0,0.067,0.067,-1.1095374308689805,-1.1095374308689805
2016.0,313.0,5.0,0.0,0.0,0.0,0.0,0.0,0.0,0.0,0.0,0.0,0.0,0.0,0.0,0.0,0.0,5.902191394671284,0.9594806633994509,0.9864254330051638,0.0,0.0,0.0,0.0,0.067,0.067,-1.1095374308689805,-1.1095374308689805
2016,313,5.5,0.0,0.0,0.0,0.0,0.0,0.0,0.0,0.0,0.0,0.0,0.0,0.0,True,True,5.8874480423459294,0.9594806633994509,0.9864254330051638,0.0,0.0,0.0,0.0,0.067,0.067,-1.1095374308689805,-1.1095374308689805
2016,313,6.0,1.862477726932525,0.0,0.16874985713769294,0.0,34.230585087233145,0.0,0.030483666951150633,0.0,0.0,0.0,2052.54302426823,0.0,False,0.0,5.8874480423459294,0.9594806633994509,0.9864254330051638,0.0,0.0,0.010400911570387694,0.010400911570387694,0.067,0.067,-1.1095374308689805,-1.1095374308689805
2016,313,6.5,2.3656575343212283,2.51595204071532,0.21365989710916086,0.893424019349141,34.236839502112446,41.582202351477,0.03874427657267717,0.16981287303708417,0.0,-1.3374634480484022,20.51611948,20.503340522033213,False,False,5.8874480423459294,0.9669759769242394,0.9864254330051638,0.0,0.0,0.003976507983611113,0.003976507983611113,0.067,0.067,-1.1095374308689805,-1.1095374308689805
2016,313,7.0,1.3270471151691257,1.446134901345112,0.1259262213590295,0.4804766708082083,33.93904617442628,41.469976958074,0.021135180953487268,0.08216956144098125,0.0,-1.3229018167187931,21.455097700425725,21.453972725322764,False,False,5.851305221906068,0.9678831552734685,0.9864254330051638,0.0,0.0,0.0010812559441200497,0.0010812559441200497,0.066,0.066,-1.226989877831571,-1.226989877831571
2016,313,7.5,1.0538102659149238,1.17243781932328,0.10489382461174016,0.582137476753142,33.645652704860915,41.71967403761817,0.01630237841254131,0.09249907844653026,0.0,-1.2633888849244626,21.156042346091443,21.155226170289453,False,False,5.8705910572768865,0.9714367174764547,0.9864254330051638,0.0,0.0,7.349010700382304e-05,7.349010700382304e-05,0.0665,0.0665,-1.1665660338158987,-1.1665660338158987
2016,313,8.0,1.8361458698678417,2.028425369254819,0.19816862098088275,0.8742437092849571,33.082446513836395,41.5320228349694,0.027006202474414376,0.12234747429330257,0.0,-1.354872463014534,21.72040480680913,21.7181963535908,False,False,5.851305221906068,0.9658717979507727,0.9864254330051638,0.0,0.0,0.0022665200257089716,0.0022665200257089716,0.066,0.066,-1.226989877831571,-1.226989877831571
2016,313,8.5,2.9732220867559107,3.274417054154223,0.31941001276370085,1.4480331876355286,33.09827871819896,41.49410766827951,0.04358579469075132,0.2028039894776262,0.0,-1.4188137556060152,22.36860514,22.315952862931965,False,False,5.851305221906068,0.9616315234498971,0.9864254330051638,0.0,0.0,0.006117553553578011,0.006117553553578011,0.066,0.066,-1.226989877831571,-1.226989877831571
2016,313,9.0,1.8510321758580703,2.091789746177282,0.18933093567425865,0.7821856944810577,33.42323812889902,41.54074596875118,0.02812275864428049,0.11632302047313811,0.0,-1.3229018167187931,22.61359837638147,22.527019077613282,False,False,5.851305221906068,0.9678831552734685,0.9864254330051638,0.0,0.0,0.0035284009285860975,0.0035284009285860975,0.066,0.066,-1.226989877831571,-1.226989877831571
2016,313,9.5,1.2669066382118892,1.434471618687992,0.1243311780252295,0.551678640535407,33.718098508696706,41.72011671533123,0.01982586910454956,0.08988348533937233,0.0,-1.2909311704230524,22.16844957843027,22.179944316565788,False,False,5.851305221906068,0.9698227827487214,0.9864254330051638,0.0,0.0,0.002284865877942859,0.002284865877942859,0.066,0.066,-1.226989877831571,-1.226989877831571
2016,313,10.0,3.360400946776716,3.715555761031026,0.35688583643437466,1.719154935064147,33.19628559218422,41.64752443215553,0.04971058236789431,0.2537614749291367,0.0,-1.4188137556060152,23.41282082,23.40920185747879,False,False,5.851305221906068,0.9616315234498971,0.9864254330051638,0.0,0.0,0.008933734589574678,0.008933734589574678,0.066,0.066,-1.226989877831571,-1.226989877831571
2016,313,10.5,7.316376353090144,0.0,0.8013542406204552,0.0,32.700296130672896,0.0,0.1060494417888418,0.0,0.0,0.0,7821.631739783774,0.0,False,0.0,5.851305221906068,0.9616315234498971,0.9864254330051638,0.0,0.0,0.020509812156925288,0.020509812156925288,0.066,0.066,-1.226989877831571,-1.226989877831571
2016,313,11.0,9.148381084891135,0.0,1.506791380431019,0.0,29.847741368007334,0.0,0.10588462308311014,0.0,0.0,0.0,10836.777614959823,0.0,False,0.0,5.851305221906068,0.9616315234498971,0.9864254330051638,0.0,0.0,0.030963066544458965,0.030963066544458965,0.066,0.066,-1.226989877831571,-1.226989877831571
2016,313,11.5,7.254191966549998,0.0,1.375395509967303,0.0,28.92406417403491,0.0,0.07839232632915963,0.0,0.0,0.0,13530.554838846534,0.0,False,0.0,5.851305221906068,0.9616315234498971,0.9864254330051638,0.0,0.0,0.029908863442553252,0.029908863442553252,0.066,0.066,-1.226989877831571,-1.226989877831571
2016,313,12.0,7.415218699934011,0.0,1.5022596642965136,0.0,28.43531029143124,0.0,0.07749774985155398,0.0,0.0,0.0,14258.147490374417,0.0,False,0.0,5.851305221906068,0.9616315234498971,0.9864254330051638,0.0,0.0,0.044509354659060155,0.044509354659060155,0.066,0.066,-1.226989877831571,-1.226989877831571
2016,313,12.5,7.498175685541517,0.0,1.8638215095649764,0.0,26.929089057928845,0.0,0.0714099852760869,0.0,0.0,0.0,17227.829728904995,0.0,False,0.0,5.851305221906068,0.9616315234498971,0.9864254330051638,0.0,0.0,0.04936297053219014,0.04936297053219014,0.066,0.066,-1.226989877831571,-1.226989877831571
2016,313,13.0,2.1226972687407164,3.3497107923333824,0.508158065128467,4.488375985202659,27.468782615809385,41.09292041625274,0.020488728377314063,0.19102757871131074,0.0,-1.8598811583672297,32.06462479,32.056654560985635,False,False,5.80394070801875,0.9242165868192079,0.9864254330051638,0.0,0.0,0.010813664626486896,0.010813664626486896,0.065,0.065,-1.3589616101865312,-1.3589616101865312
2016,313,13.5,3.6430474667166934,0.0,0.8622044938647093,0.0,27.446619765711954,0.0,0.03542053120855518,0.0,0.0,0.0,13322.983329502613,0.0,False,0.0,5.80394070801875,0.9242165868192079,0.9864254330051638,0.0,0.0,0.01477614466850538,0.01477614466850538,0.065,0.065,-1.3589616101865312,-1.3589616101865312
2016,313,14.0,2.4005726610284883,3.7095126026924183,0.567679101094632,4.1570979745814975,27.502832099001814,40.57521970385247,0.023372173056160836,0.17917310961890473,0.0,-1.8598811583672297,33.155564399175226,33.15893252453707,False,False,5.80394070801875,0.9242165868192079,0.9864254330051638,0.0,0.0,0.013516775043724777,0.013516775043724777,0.065,0.065,-1.3589616101865312,-1.3589616101865312
2016,313,14.5,2.0156560731207693,2.832298618801048,0.3660103592793579,2.7123949841666763,29.464590748053666,41.39078738741796,0.02227995139747849,0.16994750361559505,0.0,-1.7033437995607614,30.703065104668966,30.63578163787801,False,False,5.80394070801875,0.9391537572593753,0.9864254330051638,0.0,0.0,0.00914619744816932,0.00914619744816932,0.065,0.065,-1.3589616101865312,-1.3589616101865312
2016,313,15.0,0.009061898511525612,0.2540674234879803,0.001245398075287736,0.2297082529676235,31.544425146007615,41.68065865583351,0.00011603099985553913,0.021498235384704273,0.0,-1.3902690819478247,28.318227799228357,28.309844592983556,False,False,5.80394070801875,0.9635605066335531,0.9864254330051638,0.0,0.0,0.0020414215148420083,0.0020414215148420083,0.065,0.065,-1.3589616101865312,-1.3589616101865312
2016.0,313.0,15.5,0.0,0.0,0.0,0.0,0.0,0.0,0.0,0.0,0.0,0.0,0.0,0.0,0.0,0.0,5.80394070801875,0.9635605066335531,0.9864254330051638,0.0,0.0,0.0,0.0,0.065,0.065,-1.3589616101865312,-1.3589616101865312
2016.0,313.0,16.0,0.0,0.0,0.0,0.0,0.0,0.0,0.0,0.0,0.0,0.0,0.0,0.0,0.0,0.0,5.80394070801875,0.9635605066335531,0.9864254330051638,0.0,0.0,0.0,0.0,0.065,0.065,-1.3589616101865312,-1.3589616101865312
2016.0,313.0,16.5,0.0,0.0,0.0,0.0,0.0,0.0,0.0,0.0,0.0,0.0,0.0,0.0,0.0,0.0,5.80394070801875,0.9635605066335531,0.9864254330051638,0.0,0.0,0.0,0.0,0.065,0.065,-1.3589616101865312,-1.3589616101865312
2016.0,313.0,17.0,0.0,0.0,0.0,0.0,0.0,0.0,0.0,0.0,0.0,0.0,0.0,0.0,0.0,0.0,5.80394070801875,0.9635605066335531,0.9864254330051638,0.0,0.0,0.0,0.0,0.065,0.065,-1.3589616101865312,-1.3589616101865312
2016.0,313.0,17.5,0.0,0.0,0.0,0.0,0.0,0.0,0.0,0.0,0.0,0.0,0.0,0.0,0.0,0.0,5.80394070801875,0.9635605066335531,0.9864254330051638,0.0,0.0,0.0,0.0,0.065,0.065,-1.3589616101865312,-1.3589616101865312
2016.0,313.0,18.0,0.0,0.0,0.0,0.0,0.0,0.0,0.0,0.0,0.0,0.0,0.0,0.0,0.0,0.0,5.80394070801875,0.9635605066335531,0.9864254330051638,0.0,0.0,0.0,0.0,0.065,0.065,-1.3589616101865312,-1.3589616101865312
2016.0,313.0,18.5,0.0,0.0,0.0,0.0,0.0,0.0,0.0,0.0,0.0,0.0,0.0,0.0,0.0,0.0,5.80394070801875,0.9635605066335531,0.9864254330051638,0.0,0.0,0.0,0.0,0.065,0.065,-1.3589616101865312,-1.3589616101865312
2016.0,313.0,19.0,0.0,0.0,0.0,0.0,0.0,0.0,0.0,0.0,0.0,0.0,0.0,0.0,0.0,0.0,5.80394070801875,0.9635605066335531,0.9864254330051638,0.0,0.0,0.0,0.0,0.065,0.065,-1.3589616101865312,-1.3589616101865312
2016.0,313.0,19.5,0.0,0.0,0.0,0.0,0.0,0.0,0.0,0.0,0.0,0.0,0.0,0.0,0.0,0.0,5.80394070801875,0.9635605066335531,0.9864254330051638,0.0,0.0,0.0,0.0,0.065,0.065,-1.3589616101865312,-1.3589616101865312
2016.0,313.0,20.0,0.0,0.0,0.0,0.0,0.0,0.0,0.0,0.0,0.0,0.0,0.0,0.0,0.0,0.0,5.80394070801875,0.9635605066335531,0.9864254330051638,0.0,0.0,0.0,0.0,0.065,0.065,-1.3589616101865312,-1.3589616101865312
2016.0,313.0,20.5,0.0,0.0,0.0,0.0,0.0,0.0,0.0,0.0,0.0,0.0,0.0,0.0,0.0,0.0,5.80394070801875,0.9635605066335531,0.9864254330051638,0.0,0.0,0.0,0.0,0.065,0.065,-1.3589616101865312,-1.3589616101865312
2016.0,313.0,21.0,0.0,0.0,0.0,0.0,0.0,0.0,0.0,0.0,0.0,0.0,0.0,0.0,0.0,0.0,5.80394070801875,0.9635605066335531,0.9864254330051638,0.0,0.0,0.0,0.0,0.065,0.065,-1.3589616101865312,-1.3589616101865312
2016.0,313.0,21.5,0.0,0.0,0.0,0.0,0.0,0.0,0.0,0.0,0.0,0.0,0.0,0.0,0.0,0.0,5.80394070801875,0.9635605066335531,0.9864254330051638,0.0,0.0,0.0,0.0,0.065,0.065,-1.3589616101865312,-1.3589616101865312
2016.0,313.0,22.0,0.0,0.0,0.0,0.0,0.0,0.0,0.0,0.0,0.0,0.0,0.0,0.0,0.0,0.0,5.80394070801875,0.9635605066335531,0.9864254330051638,0.0,0.0,0.0,0.0,0.065,0.065,-1.3589616101865312,-1.3589616101865312
2016.0,313.0,22.5,0.0,0.0,0.0,0.0,0.0,0.0,0.0,0.0,0.0,0.0,0.0,0.0,0.0,0.0,5.80394070801875,0.9635605066335531,0.9864254330051638,0.0,0.0,0.0,0.0,0.065,0.065,-1.3589616101865312,-1.3589616101865312
2016.0,313.0,23.0,0.0,0.0,0.0,0.0,0.0,0.0,0.0,0.0,0.0,0.0,0.0,0.0,0.0,0.0,5.80394070801875,0.9635605066335531,0.9864254330051638,0.0,0.0,0.0,0.0,0.0645,0.0645,-1.4310239929470283,-1.4310239929470283
2016.0,313.0,23.5,0.0,0.0,0.0,0.0,0.0,0.0,0.0,0.0,0.0,0.0,0.0,0.0,0.0,0.0,5.80394070801875,0.9635605066335531,0.9864254330051638,0.0,0.0,0.0,0.0,0.065,0.065,-1.3589616101865312,-1.3589616101865312
2016.0,314.0,0.0,0.0,0.0,0.0,0.0,0.0,0.0,0.0,0.0,0.0,0.0,0.0,0.0,0.0,0.0,5.80394070801875,0.9635605066335531,0.9864254330051638,0.0,0.0,0.0,0.0,0.065,0.065,-1.3589616101865312,-1.3589616101865312
2016.0,314.0,0.5,0.0,0.0,0.0,0.0,0.0,0.0,0.0,0.0,0.0,0.0,0.0,0.0,0.0,0.0,5.80394070801875,0.9635605066335531,0.9864254330051638,0.0,0.0,0.0,0.0,0.0645,0.0645,-1.4310239929470283,-1.4310239929470283
2016.0,314.0,1.0,0.0,0.0,0.0,0.0,0.0,0.0,0.0,0.0,0.0,0.0,0.0,0.0,0.0,0.0,5.80394070801875,0.9635605066335531,0.9864254330051638,0.0,0.0,0.0,0.0,0.065,0.065,-1.3589616101865312,-1.3589616101865312
2016.0,314.0,1.5,0.0,0.0,0.0,0.0,0.0,0.0,0.0,0.0,0.0,0.0,0.0,0.0,0.0,0.0,5.80394070801875,0.9635605066335531,0.9864254330051638,0.0,0.0,0.0,0.0,0.065,0.065,-1.3589616101865312,-1.3589616101865312
2016.0,314.0,2.0,0.0,0.0,0.0,0.0,0.0,0.0,0.0,0.0,0.0,0.0,0.0,0.0,0.0,0.0,5.80394070801875,0.9635605066335531,0.9864254330051638,0.0,0.0,0.0,0.0,0.065,0.065,-1.3589616101865312,-1.3589616101865312
2016.0,314.0,2.5,0.0,0.0,0.0,0.0,0.0,0.0,0.0,0.0,0.0,0.0,0.0,0.0,0.0,0.0,5.80394070801875,0.9635605066335531,0.9864254330051638,0.0,0.0,0.0,0.0,0.064,0.064,-1.5075137161482992,-1.5075137161482992
2016.0,314.0,3.0,0.0,0.0,0.0,0.0,0.0,0.0,0.0,0.0,0.0,0.0,0.0,0.0,0.0,0.0,5.80394070801875,0.9635605066335531,0.9864254330051638,0.0,0.0,0.0,0.0,0.0645,0.0645,-1.4310239929470283,-1.4310239929470283
2016.0,314.0,3.5,0.0,0.0,0.0,0.0,0.0,0.0,0.0,0.0,0.0,0.0,0.0,0.0,0.0,0.0,5.80394070801875,0.9635605066335531,0.9864254330051638,0.0,0.0,0.0,0.0,0.0645,0.0645,-1.4310239929470283,-1.4310239929470283
2016.0,314.0,4.0,0.0,0.0,0.0,0.0,0.0,0.0,0.0,0.0,0.0,0.0,0.0,0.0,0.0,0.0,5.80394070801875,0.9635605066335531,0.9864254330051638,0.0,0.0,0.0,0.0,0.064,0.064,-1.5075137161482992,-1.5075137161482992
2016.0,314.0,4.5,0.0,0.0,0.0,0.0,0.0,0.0,0.0,0.0,0.0,0.0,0.0,0.0,0.0,0.0,5.80394070801875,0.9635605066335531,0.9864254330051638,0.0,0.0,0.0,0.0,0.064,0.064,-1.5075137161482992,-1.5075137161482992
2016.0,314.0,5.0,0.0,0.0,0.0,0.0,0.0,0.0,0.0,0.0,0.0,0.0,0.0,0.0,0.0,0.0,5.80394070801875,0.9635605066335531,0.9864254330051638,0.0,0.0,0.0,0.0,0.064,0.064,-1.5075137161482992,-1.5075137161482992
2016.0,314.0,5.5,0.0,0.0,0.0,0.0,0.0,0.0,0.0,0.0,0.0,0.0,0.0,0.0,0.0,0.0,5.80394070801875,0.9635605066335531,0.9864254330051638,0.0,0.0,0.0,0.0,0.064,0.064,-1.5075137161482992,-1.5075137161482992
2016.0,314.0,6.0,0.0,0.0,0.0,0.0,0.0,0.0,0.0,0.0,0.0,0.0,0.0,0.0,0.0,0.0,5.80394070801875,0.9635605066335531,0.9864254330051638,0.0,0.0,0.0,0.0,0.064,0.064,-1.5075137161482992,-1.5075137161482992
2016.0,314.0,6.5,0.0,0.0,0.0,0.0,0.0,0.0,0.0,0.0,0.0,0.0,0.0,0.0,0.0,0.0,5.80394070801875,0.9635605066335531,0.9864254330051638,0.0,0.0,0.0,0.0,0.064,0.064,-1.5075137161482992,-1.5075137161482992
2016,314,7.0,0.0,0.0,0.0,0.0,0.0,0.0,0.0,0.0,0.0,0.0,0.0,0.0,True,True,5.741748196006188,0.9635605066335531,0.9864254330051638,0.0,0.0,0.00021440963807565483,0.00021440963807565483,0.064,0.064,-1.5075137161482992,-1.5075137161482992
2016,314,7.5,2.485954158723252,2.6234605675262688,0.167085326377779,0.5399722253741175,35.87313171781741,41.66878397754244,0.049761795186825226,0.16754802906625674,0.0,-1.5991966524478318,21.486639597481833,21.486407308140755,False,False,5.741748196006188,0.9480745056038853,0.9864254330051638,0.0,0.0,0.0048962625506422395,0.0048962625506422395,0.064,0.064,-1.5075137161482992,-1.5075137161482992
2016,314,8.0,5.760693613605977,6.051645436338978,0.40689106407299547,1.2283606963400853,35.41265765614575,41.22873006723994,0.1107396308859715,0.3597290424845527,0.0,-1.6908795887473647,22.306200493387177,22.31340687973961,False,False,5.741748196006188,0.940264026207143,0.9864254330051638,0.0,0.0,0.013598293630070897,0.013598293630070897,0.064,0.064,-1.5075137161482992,-1.5075137161482992
2016,314,8.5,0.0,0.0,0.0,0.0,0.0,0.0,0.0,0.0,0.0,0.0,0.0,0.0,True,0.0,5.741748196006188,0.940264026207143,0.9864254330051638,0.0,0.0,0.027950219171032877,0.027950219171032877,0.064,0.064,-1.5075137161482992,-1.5075137161482992
2016,314,9.0,5.790832930867335,6.119790843268234,0.4286134198040229,1.462127575739627,35.15761884853198,41.388644697688115,0.10783795812941976,0.3992802158635625,0.0,-1.6908795887473647,22.495700982082663,22.505319797406536,False,False,5.741748196006188,0.940264026207143,0.9864254330051638,0.0,0.0,0.014163980826954756,0.014163980826954756,0.064,0.064,-1.5075137161482992,-1.5075137161482992
2016,314,9.5,16.38433992148205,0.0,1.510981522650862,0.0,33.30104356937854,0.0,0.26134342425766677,0.0,0.0,0.0,7781.360726106551,0.0,False,0.0,5.741748196006188,0.940264026207143,0.9864254330051638,0.0,0.0,0.06017443587659104,0.06017443587659104,0.064,0.064,-1.5075137161482992,-1.5075137161482992
2016,314,10.0,7.337590640934923,0.0,0.7803613132615079,0.0,32.88809580844124,0.0,0.10821150385311228,0.0,0.0,0.0,7565.797274076531,0.0,False,0.0,5.741748196006188,0.940264026207143,0.9864254330051638,0.0,0.0,0.018033348628874173,0.018033348628874173,0.064,0.064,-1.5075137161482992,-1.5075137161482992
2016,314,10.5,3.821527671791199,4.339943167608903,0.4490400315218199,1.936931630174839,32.41810957316645,41.24728599054828,0.05348731218085845,0.2359611808608076,0.0,-1.7214405675138755,24.790198045942994,24.68966874690318,False,False,5.741748196006188,0.9375210471070988,0.9864254330051638,0.0,0.0,0.00971569220484782,0.00971569220484782,0.064,0.064,-1.5075137161482992,-1.5075137161482992
2016,314,11.0,4.64421009277433,5.237860609603823,0.5165916112789415,2.252264092826003,32.736306214256174,41.306149209746145,0.06709258151363481,0.3054155878258987,0.0,-1.7520015462803864,25.89205172413166,25.831242975546495,False,False,5.741748196006188,0.9347080325993704,0.9864254330051638,0.0,0.0,0.013592013130030523,0.013592013130030523,0.064,0.064,-1.5075137161482992,-1.5075137161482992
2016,314,11.5,4.64978475304682,5.220805867952124,0.5450722929552848,1.9881488932618363,32.39216193054669,40.74825449931424,0.06512782137225419,0.2432946849774541,0.0,-1.7214405675138755,25.364625175599556,25.305538968825054,False,False,5.741748196006188,0.9375210471070988,0.9864254330051638,0.0,0.0,0.012756157033810856,0.012756157033810856,0.064,0.064,-1.5075137161482992,-1.5075137161482992
2016,314,12.0,7.951412881415994,0.0,1.120141726804146,0.0,30.990206237303124,0.0,0.10017024270078417,0.0,0.0,0.0,10813.879108843894,0.0,False,0.0,5.741748196006188,0.9375210471070988,0.9864254330051638,0.0,0.0,0.024028308640967846,0.024028308640967846,0.064,0.064,-1.5075137161482992,-1.5075137161482992
2016,314,12.5,7.618944431240718,0.0,1.1485317267708632,0.0,30.536656088485103,0.0,0.09239122515074501,0.0,0.0,0.0,10654.177739747955,0.0,False,0.0,5.741748196006188,0.9375210471070988,0.9864254330051638,0.0,0.0,0.0210869690958608,0.0210869690958608,0.0635,0.0635,-1.5887406165480027,-1.5887406165480027
2016,314,13.0,4.546200017837056,5.287425995702961,0.6775716859057133,2.6133195236044946,30.760090435555295,40.15345694207298,0.05565629805131416,0.22525180215736484,0.0,-1.9722303409391282,27.475066499271758,27.479211199709106,False,False,5.659979332962941,0.9123588061040293,0.9864254330051638,0.0,0.0,0.011936947527747687,0.011936947527747687,0.063,0.063,-1.6750389044446923,-1.6750389044446923
2016,314,13.5,2.8462441572543007,3.365163600104714,0.360742020968785,1.7840807076289964,31.95596409641018,41.380047722115,0.03806800694120684,0.19162070454114014,0.0,-1.8830729099907975,26.20863091108943,26.102041402595454,False,False,5.659979332962941,0.9218466873216367,0.9864254330051638,0.0,0.0,0.007113814809970787,0.007113814809970787,0.063,0.063,-1.6750389044446923,-1.6750389044446923
2016,314,14.0,1.7385695991071408,2.015329524340553,0.18315243209316126,0.9772004709289646,33.28595881769254,41.73139283565629,0.025935015159644508,0.1433337944776948,0.0,-1.7939154790424667,25.26266098,25.266108848866313,False,False,5.659979332962941,0.9307359010684796,0.9864254330051638,0.0,0.0,0.004464521064416461,0.004464521064416461,0.063,0.063,-1.6750389044446923,-1.6750389044446923
2016,314,14.5,1.459699849988391,1.656627554488431,0.13427826662270917,0.6909726898008658,34.13100494596813,41.73202403709476,0.023648998738447106,0.12481809604557749,0.0,-1.764196335393023,24.10781956,24.103986312421654,False,False,5.659979332962941,0.9335659729045216,0.9864254330051638,0.0,0.0,0.003220170783599991,0.003220170783599991,0.063,0.063,-1.6750389044446923,-1.6750389044446923
2016.0,314.0,15.0,0.0,0.0,0.0,0.0,0.0,0.0,0.0,0.0,0.0,0.0,0.0,0.0,0.0,0.0,5.659979332962941,0.9335659729045216,0.9864254330051638,0.0,0.0,0.0,0.0,0.063,0.063,-1.6750389044446923,-1.6750389044446923
2016.0,314.0,15.5,0.0,0.0,0.0,0.0,0.0,0.0,0.0,0.0,0.0,0.0,0.0,0.0,0.0,0.0,5.659979332962941,0.9335659729045216,0.9864254330051638,0.0,0.0,0.0,0.0,0.063,0.063,-1.6750389044446923,-1.6750389044446923
2016.0,314.0,16.0,0.0,0.0,0.0,0.0,0.0,0.0,0.0,0.0,0.0,0.0,0.0,0.0,0.0,0.0,5.659979332962941,0.9335659729045216,0.9864254330051638,0.0,0.0,0.0,0.0,0.063,0.063,-1.6750389044446923,-1.6750389044446923
2016.0,314.0,16.5,0.0,0.0,0.0,0.0,0.0,0.0,0.0,0.0,0.0,0.0,0.0,0.0,0.0,0.0,5.659979332962941,0.9335659729045216,0.9864254330051638,0.0,0.0,0.0,0.0,0.063,0.063,-1.6750389044446923,-1.6750389044446923
2016.0,314.0,17.0,0.0,0.0,0.0,0.0,0.0,0.0,0.0,0.0,0.0,0.0,0.0,0.0,0.0,0.0,5.659979332962941,0.9335659729045216,0.9864254330051638,0.0,0.0,0.0,0.0,0.063,0.063,-1.6750389044446923,-1.6750389044446923
2016.0,314.0,17.5,0.0,0.0,0.0,0.0,0.0,0.0,0.0,0.0,0.0,0.0,0.0,0.0,0.0,0.0,5.659979332962941,0.9335659729045216,0.9864254330051638,0.0,0.0,0.0,0.0,0.063,0.063,-1.6750389044446923,-1.6750389044446923
2016.0,314.0,18.0,0.0,0.0,0.0,0.0,0.0,0.0,0.0,0.0,0.0,0.0,0.0,0.0,0.0,0.0,5.659979332962941,0.9335659729045216,0.9864254330051638,0.0,0.0,0.0,0.0,0.063,0.063,-1.6750389044446923,-1.6750389044446923
2016.0,314.0,18.5,0.0,0.0,0.0,0.0,0.0,0.0,0.0,0.0,0.0,0.0,0.0,0.0,0.0,0.0,5.659979332962941,0.9335659729045216,0.9864254330051638,0.0,0.0,0.0,0.0,0.063,0.063,-1.6750389044446923,-1.6750389044446923
2016.0,314.0,19.0,0.0,0.0,0.0,0.0,0.0,0.0,0.0,0.0,0.0,0.0,0.0,0.0,0.0,0.0,5.659979332962941,0.9335659729045216,0.9864254330051638,0.0,0.0,0.0,0.0,0.063,0.063,-1.6750389044446923,-1.6750389044446923
2016.0,314.0,19.5,0.0,0.0,0.0,0.0,0.0,0.0,0.0,0.0,0.0,0.0,0.0,0.0,0.0,0.0,5.659979332962941,0.9335659729045216,0.9864254330051638,0.0,0.0,0.0,0.0,0.063,0.063,-1.6750389044446923,-1.6750389044446923
2016.0,314.0,20.0,0.0,0.0,0.0,0.0,0.0,0.0,0.0,0.0,0.0,0.0,0.0,0.0,0.0,0.0,5.659979332962941,0.9335659729045216,0.9864254330051638,0.0,0.0,0.0,0.0,0.063,0.063,-1.6750389044446923,-1.6750389044446923
2016.0,314.0,20.5,0.0,0.0,0.0,0.0,0.0,0.0,0.0,0.0,0.0,0.0,0.0,0.0,0.0,0.0,5.659979332962941,0.9335659729045216,0.9864254330051638,0.0,0.0,0.0,0.0,0.063,0.063,-1.6750389044446923,-1.6750389044446923
2016.0,314.0,21.0,0.0,0.0,0.0,0.0,0.0,0.0,0.0,0.0,0.0,0.0,0.0,0.0,0.0,0.0,5.659979332962941,0.9335659729045216,0.9864254330051638,0.0,0.0,0.0,0.0,0.063,0.063,-1.6750389044446923,-1.6750389044446923
2016.0,314.0,21.5,0.0,0.0,0.0,0.0,0.0,0.0,0.0,0.0,0.0,0.0,0.0,0.0,0.0,0.0,5.659979332962941,0.9335659729045216,0.9864254330051638,0.0,0.0,0.0,0.0,0.063,0.063,-1.6750389044446923,-1.6750389044446923
2016.0,314.0,22.0,0.0,0.0,0.0,0.0,0.0,0.0,0.0,0.0,0.0,0.0,0.0,0.0,0.0,0.0,5.659979332962941,0.9335659729045216,0.9864254330051638,0.0,0.0,0.0,0.0,0.063,0.063,-1.6750389044446923,-1.6750389044446923
2016.0,314.0,22.5,0.0,0.0,0.0,0.0,0.0,0.0,0.0,0.0,0.0,0.0,0.0,0.0,0.0,0.0,5.659979332962941,0.9335659729045216,0.9864254330051638,0.0,0.0,0.0,0.0,0.063,0.063,-1.6750389044446923,-1.6750389044446923
2016.0,314.0,23.0,0.0,0.0,0.0,0.0,0.0,0.0,0.0,0.0,0.0,0.0,0.0,0.0,0.0,0.0,5.659979332962941,0.9335659729045216,0.9864254330051638,0.0,0.0,0.0,0.0,0.063,0.063,-1.6750389044446923,-1.6750389044446923
2016.0,314.0,23.5,0.0,0.0,0.0,0.0,0.0,0.0,0.0,0.0,0.0,0.0,0.0,0.0,0.0,0.0,5.659979332962941,0.9335659729045216,0.9864254330051638,0.0,0.0,0.0,0.0,0.063,0.063,-1.6750389044446923,-1.6750389044446923
2016.0,315.0,0.0,0.0,0.0,0.0,0.0,0.0,0.0,0.0,0.0,0.0,0.0,0.0,0.0,0.0,0.0,5.659979332962941,0.9335659729045216,0.9864254330051638,0.0,0.0,0.0,0.0,0.063,0.063,-1.6750389044446923,-1.6750389044446923
2016.0,315.0,0.5,0.0,0.0,0.0,0.0,0.0,0.0,0.0,0.0,0.0,0.0,0.0,0.0,0.0,0.0,5.659979332962941,0.9335659729045216,0.9864254330051638,0.0,0.0,0.0,0.0,0.063,0.063,-1.6750389044446923,-1.6750389044446923
2016.0,315.0,1.0,0.0,0.0,0.0,0.0,0.0,0.0,0.0,0.0,0.0,0.0,0.0,0.0,0.0,0.0,5.659979332962941,0.9335659729045216,0.9864254330051638,0.0,0.0,0.0,0.0,0.063,0.063,-1.6750389044446923,-1.6750389044446923
2016.0,315.0,1.5,0.0,0.0,0.0,0.0,0.0,0.0,0.0,0.0,0.0,0.0,0.0,0.0,0.0,0.0,5.659979332962941,0.9335659729045216,0.9864254330051638,0.0,0.0,0.0,0.0,0.063,0.063,-1.6750389044446923,-1.6750389044446923
2016.0,315.0,2.0,0.0,0.0,0.0,0.0,0.0,0.0,0.0,0.0,0.0,0.0,0.0,0.0,0.0,0.0,5.659979332962941,0.9335659729045216,0.9864254330051638,0.0,0.0,0.0,0.0,0.063,0.063,-1.6750389044446923,-1.6750389044446923
2016.0,315.0,2.5,0.0,0.0,0.0,0.0,0.0,0.0,0.0,0.0,0.0,0.0,0.0,0.0,0.0,0.0,5.659979332962941,0.9335659729045216,0.9864254330051638,0.0,0.0,0.0,0.0,0.063,0.063,-1.6750389044446923,-1.6750389044446923
2016.0,315.0,3.0,0.0,0.0,0.0,0.0,0.0,0.0,0.0,0.0,0.0,0.0,0.0,0.0,0.0,0.0,5.659979332962941,0.9335659729045216,0.9864254330051638,0.0,0.0,0.0,0.0,0.063,0.063,-1.6750389044446923,-1.6750389044446923
2016.0,315.0,3.5,0.0,0.0,0.0,0.0,0.0,0.0,0.0,0.0,0.0,0.0,0.0,0.0,0.0,0.0,5.659979332962941,0.9335659729045216,0.9864254330051638,0.0,0.0,0.0,0.0,0.063,0.063,-1.6750389044446923,-1.6750389044446923
2016.0,315.0,4.0,0.0,0.0,0.0,0.0,0.0,0.0,0.0,0.0,0.0,0.0,0.0,0.0,0.0,0.0,5.659979332962941,0.9335659729045216,0.9864254330051638,0.0,0.0,0.0,0.0,0.063,0.063,-1.6750389044446923,-1.6750389044446923
2016.0,315.0,4.5,0.0,0.0,0.0,0.0,0.0,0.0,0.0,0.0,0.0,0.0,0.0,0.0,0.0,0.0,5.659979332962941,0.9335659729045216,0.9864254330051638,0.0,0.0,0.0,0.0,0.063,0.063,-1.6750389044446923,-1.6750389044446923
2016.0,315.0,5.0,0.0,0.0,0.0,0.0,0.0,0.0,0.0,0.0,0.0,0.0,0.0,0.0,0.0,0.0,5.659979332962941,0.9335659729045216,0.9864254330051638,0.0,0.0,0.0,0.0,0.063,0.063,-1.6750389044446923,-1.6750389044446923
2016.0,315.0,5.5,0.0,0.0,0.0,0.0,0.0,0.0,0.0,0.0,0.0,0.0,0.0,0.0,0.0,0.0,5.659979332962941,0.9335659729045216,0.9864254330051638,0.0,0.0,0.0,0.0,0.063,0.063,-1.6750389044446923,-1.6750389044446923
2016.0,315.0,6.0,0.0,0.0,0.0,0.0,0.0,0.0,0.0,0.0,0.0,0.0,0.0,0.0,0.0,0.0,5.659979332962941,0.9335659729045216,0.9864254330051638,0.0,0.0,0.0,0.0,0.063,0.063,-1.6750389044446923,-1.6750389044446923
2016,315,6.5,1.77536971368463,1.8468650587326927,0.10736294860870006,0.32264896395178055,36.54274832787107,41.676665305505104,0.03812834486627668,0.11846367206358889,0.0,-1.9506252787509397,19.22086525,19.214538862294617,False,False,5.552434987014947,0.9147128617889623,0.9864254330051638,0.0,0.0,0.00205581357244739,0.00205581357244739,0.062,0.062,-1.8643213520376791,-1.8643213520376791
2016,315,7.0,3.7191208724493006,3.8499393129093784,0.2230484057339158,0.5484843039986925,36.38333564068173,41.098992118572,0.08057106755710608,0.20909737251189203,0.0,-1.9793932543220267,19.824180378067076,19.81575203,False,False,5.552434987014947,0.9115706035759011,0.9864254330051638,0.0,0.0,0.006255242155966732,0.006255242155966732,0.062,0.062,-1.8643213520376791,-1.8643213520376791
2016,315,7.5,0.0,9.499576272824164,0.0,1.75240384993807,0.0,41.6752545559561,0.0,0.7417244746587309,0.0,-1.9506252787509397,0.0,20.44045544,True,False,5.552434987014947,0.9115706035759011,0.9147128617889623,0.0,0.0,0.016280970814118043,0.016280970814118043,0.062,0.062,-1.8643213520376791,-1.8643213520376791
2016,315,8.0,9.381659575092476,0.0,0.5689273777007372,0.0,36.02907050515183,0.0,0.19706223431083555,0.0,0.0,0.0,3984.2562526593347,0.0,False,0.0,5.552434987014947,0.9115706035759011,0.9147128617889623,0.0,0.0,0.03199280251662505,0.03199280251662505,0.063,0.063,-1.6750389044446923,-1.6750389044446923
2016,315,8.5,14.820960610066777,0.0,1.0707971832408414,0.0,39.33701145348559,0.0,0.27450680829132484,0.0,0.0,0.0,5284.487157435175,0.0,False,0.0,5.552434987014947,0.9115706035759011,0.9147128617889623,0.0,0.0,0.050076875919962405,0.050076875919962405,0.062,0.062,-1.8643213520376791,-1.8643213520376791
2016,315,9.0,20.431058486821545,0.0,1.6392889985315957,0.0,33.90133294159957,0.0,0.3528731200617378,0.0,0.0,0.0,6379.022364114878,0.0,False,0.0,5.552434987014947,0.9115706035759011,0.9147128617889623,0.0,0.0,0.06666036108664515,0.06666036108664515,0.062,0.062,-1.8643213520376791,-1.8643213520376791
2016,315,9.5,19.766840012322426,0.0,1.872797922946886,0.0,32.964403925469874,0.0,0.30903069480380657,0.0,0.0,0.0,8102.777246427705,0.0,False,0.0,5.552434987014947,0.9115706035759011,0.9147128617889623,0.0,0.0,0.06351222661865702,0.06351222661865702,0.062,0.062,-1.8643213520376791,-1.8643213520376791
2016,315,10.0,9.665130274873063,0.0,1.1483214004716682,0.0,32.05056705318796,0.0,0.13337961580870705,0.0,0.0,0.0,9353.207718336873,0.0,False,0.0,5.552434987014947,0.9115706035759011,0.9147128617889623,0.0,0.0,0.03420162584656712,0.03420162584656712,0.062,0.062,-1.8643213520376791,-1.8643213520376791
2016,315,10.5,12.08355565364069,0.0,1.6352345156982617,0.0,31.067009657322483,0.0,0.15490095611367158,0.0,0.0,0.0,10630.524007221846,0.0,False,0.0,5.552434987014947,0.9115706035759011,0.9147128617889623,0.0,0.0,0.04345593936614609,0.04345593936614609,0.062,0.062,-1.8643213520376791,-1.8643213520376791
2016,315,11.0,4.155307609068674,4.967972063674518,0.6380245905245732,2.5419294091499403,30.566744739623903,40.18731021883689,0.049976213899275486,0.20663895116156214,0.0,-2.152001107748548,28.35883841731865,28.30968573142842,False,False,5.552434987014947,0.8914168391273866,0.9147128617889623,0.0,0.0,0.011339170251051342,0.011339170251051342,0.062,0.062,-1.8643213520376791,-1.8643213520376791
2016,315,11.5,9.090224895002002,0.0,1.5914157960712592,0.0,29.41595081471056,0.0,0.10216814898111183,0.0,0.0,0.0,13142.458135676456,0.0,False,0.0,5.552434987014947,0.8914168391273866,0.9147128617889623,0.0,0.0,0.03110299022056484,0.03110299022056484,0.062,0.062,-1.8643213520376791,-1.8643213520376791
2016,315,12.0,11.27811084600852,0.0,2.172223867559984,0.0,28.636980385737125,0.0,0.12071044502231873,0.0,0.0,0.0,14409.079443524615,0.0,False,0.0,5.552434987014947,0.8914168391273866,0.9147128617889623,0.0,0.0,0.040793123389424035,0.040793123389424035,0.0615,0.0615,-1.9681160423062827,-1.9681160423062827
2016,315,12.5,2.728397947647964,3.7720607970871955,0.5518755926264973,2.8289121920941813,28.065474558819464,39.82623762860799,0.02749624281502311,0.14555613977368775,0.0,-2.410902428895124,30.686201622203974,30.676923338230523,False,False,5.411134002275945,0.8570896276475949,0.9147128617889623,0.0,0.0,0.008616563392459992,0.008616563392459992,0.061,0.061,-2.0786085639674976,-2.0786085639674976
2016,315,13.0,3.6944582357868967,0.0,0.7765359541804977,0.0,27.743140266411107,0.0,0.036624684040132395,0.0,0.0,0.0,13348.369571426758,0.0,False,0.0,5.411134002275945,0.8570896276475949,0.9147128617889623,0.0,0.0,0.010642426243604073,0.010642426243604073,0.061,0.061,-2.0786085639674976,-2.0786085639674976
2016,315,13.5,7.540931689422524,0.0,1.5194237470545413,0.0,27.89602724791962,0.0,0.07614525155795443,0.0,0.0,0.0,13076.980815058068,0.0,False,0.0,5.411134002275945,0.8570896276475949,0.9147128617889623,0.0,0.0,0.020277026466319435,0.020277026466319435,0.061,0.061,-2.0786085639674976,-2.0786085639674976
2016,315,14.0,4.356036390535882,0.0,1.0321703811485126,0.0,26.82477059763645,0.0,0.04087318490737147,0.0,0.0,0.0,13847.883873097797,0.0,False,0.0,5.411134002275945,0.8570896276475949,0.9147128617889623,0.0,0.0,0.021814934687285528,0.021814934687285528,0.061,0.061,-2.0786085639674976,-2.0786085639674976
2016,315,14.5,9.54903924408104,0.0,2.1372634874952925,0.0,27.043246224413195,0.0,0.09193832766346352,0.0,0.0,0.0,12187.529489417182,0.0,False,0.0,5.411134002275945,0.8570896276475949,0.9147128617889623,0.0,0.0,0.038589729534504826,0.038589729534504826,0.061,0.061,-2.0786085639674976,-2.0786085639674976
2016,315,15.0,3.802014402919173,1.8795526792935964,0.8956865603224192,3.130479526465321,26.889928968062492,39.68390107292902,0.03576439173142541,0.12848157042114852,0.0,-2.5493582059483018,10166.680328767277,31.892133855308657,False,False,5.411134002275945,0.836791646040039,0.9002575598343583,0.0,0.0,0.009897677300795247,0.009897677300795247,0.061,0.061,-2.0786085639674976,-2.0786085639674976
2016,315,15.5,0.0,0.27800699622248626,0.0,0.6276149829509654,0.0,41.74099032631775,0.0,0.021733311025141734,0.0,-2.4275763115206384,0.0,32.21436656985257,False,False,5.226028143620038,0.8547150556570071,0.9002575598343583,0.0,0.0,0.0,0.0,0.06,0.06,-2.321697907845493,-2.321697907845493
2016,315,16.0,0.3563506639642773,0.9985422902652199,0.076447138435,1.6062047367291927,25.904537388282616,41.6240012172264,0.0031422784882687315,0.06729671965856107,0.0,-2.639333118870929,31.452342965389075,31.451700702151143,False,False,5.226028143620038,0.8229106432040708,0.9002575598343583,0.0,0.0,0.00022076642786388002,0.00022076642786388002,0.06,0.06,-2.321697907845493,-2.321697907845493
2016,315,16.5,0.199767809184642,0.5136853099585368,0.031198112216172864,0.5615960779258031,28.294975703481537,41.689947069255524,0.002029033034151932,0.03698727832829314,0.0,-2.4540459124394243,29.63385118258908,29.63126947145053,False,False,5.226028143620038,0.8509057695633717,0.9002575598343583,0.0,0.0,0.0003897162703075074,0.0003897162703075074,0.06,0.06,-2.321697907845493,-2.321697907845493
2016,315,17.0,0.0,0.0,0.0,0.0,0.0,0.0,0.0,0.0,0.0,0.0,0.0,0.0,True,True,5.226028143620038,0.8509057695633717,0.9002575598343583,0.0,0.0,0.0,0.0,0.06,0.06,-2.321697907845493,-2.321697907845493
2016.0,315.0,17.5,0.0,0.0,0.0,0.0,0.0,0.0,0.0,0.0,0.0,0.0,0.0,0.0,0.0,0.0,5.226028143620038,0.8509057695633717,0.9002575598343583,0.0,0.0,0.0,0.0,0.06,0.06,-2.321697907845493,-2.321697907845493
2016.0,315.0,18.0,0.0,0.0,0.0,0.0,0.0,0.0,0.0,0.0,0.0,0.0,0.0,0.0,0.0,0.0,5.226028143620038,0.8509057695633717,0.9002575598343583,0.0,0.0,0.0,0.0,0.06,0.06,-2.321697907845493,-2.321697907845493
2016.0,315.0,18.5,0.0,0.0,0.0,0.0,0.0,0.0,0.0,0.0,0.0,0.0,0.0,0.0,0.0,0.0,5.226028143620038,0.8509057695633717,0.9002575598343583,0.0,0.0,0.0,0.0,0.06,0.06,-2.321697907845493,-2.321697907845493
2016.0,315.0,19.0,0.0,0.0,0.0,0.0,0.0,0.0,0.0,0.0,0.0,0.0,0.0,0.0,0.0,0.0,5.226028143620038,0.8509057695633717,0.9002575598343583,0.0,0.0,0.0,0.0,0.06,0.06,-2.321697907845493,-2.321697907845493
2016.0,315.0,19.5,0.0,0.0,0.0,0.0,0.0,0.0,0.0,0.0,0.0,0.0,0.0,0.0,0.0,0.0,5.226028143620038,0.8509057695633717,0.9002575598343583,0.0,0.0,0.0,0.0,0.06,0.06,-2.321697907845493,-2.321697907845493
2016.0,315.0,20.0,0.0,0.0,0.0,0.0,0.0,0.0,0.0,0.0,0.0,0.0,0.0,0.0,0.0,0.0,5.226028143620038,0.8509057695633717,0.9002575598343583,0.0,0.0,0.0,0.0,0.06,0.06,-2.321697907845493,-2.321697907845493
2016.0,315.0,20.5,0.0,0.0,0.0,0.0,0.0,0.0,0.0,0.0,0.0,0.0,0.0,0.0,0.0,0.0,5.226028143620038,0.8509057695633717,0.9002575598343583,0.0,0.0,0.0,0.0,0.06,0.06,-2.321697907845493,-2.321697907845493
2016.0,315.0,21.0,0.0,0.0,0.0,0.0,0.0,0.0,0.0,0.0,0.0,0.0,0.0,0.0,0.0,0.0,5.226028143620038,0.8509057695633717,0.9002575598343583,0.0,0.0,0.0,0.0,0.06,0.06,-2.321697907845493,-2.321697907845493
2016.0,315.0,21.5,0.0,0.0,0.0,0.0,0.0,0.0,0.0,0.0,0.0,0.0,0.0,0.0,0.0,0.0,5.226028143620038,0.8509057695633717,0.9002575598343583,0.0,0.0,0.0,0.0,0.06,0.06,-2.321697907845493,-2.321697907845493
2016.0,315.0,22.0,0.0,0.0,0.0,0.0,0.0,0.0,0.0,0.0,0.0,0.0,0.0,0.0,0.0,0.0,5.226028143620038,0.8509057695633717,0.9002575598343583,0.0,0.0,0.0,0.0,0.06,0.06,-2.321697907845493,-2.321697907845493
2016.0,315.0,22.5,0.0,0.0,0.0,0.0,0.0,0.0,0.0,0.0,0.0,0.0,0.0,0.0,0.0,0.0,5.226028143620038,0.8509057695633717,0.9002575598343583,0.0,0.0,0.0,0.0,0.06,0.06,-2.321697907845493,-2.321697907845493
2016.0,315.0,23.0,0.0,0.0,0.0,0.0,0.0,0.0,0.0,0.0,0.0,0.0,0.0,0.0,0.0,0.0,5.226028143620038,0.8509057695633717,0.9002575598343583,0.0,0.0,0.0,0.0,0.06,0.06,-2.321697907845493,-2.321697907845493
2016.0,315.0,23.5,0.0,0.0,0.0,0.0,0.0,0.0,0.0,0.0,0.0,0.0,0.0,0.0,0.0,0.0,5.226028143620038,0.8509057695633717,0.9002575598343583,0.0,0.0,0.0,0.0,0.06,0.06,-2.321697907845493,-2.321697907845493
2016.0,316.0,0.0,0.0,0.0,0.0,0.0,0.0,0.0,0.0,0.0,0.0,0.0,0.0,0.0,0.0,0.0,5.226028143620038,0.8509057695633717,0.9002575598343583,0.0,0.0,0.0,0.0,0.06,0.06,-2.321697907845493,-2.321697907845493
2016.0,316.0,0.5,0.0,0.0,0.0,0.0,0.0,0.0,0.0,0.0,0.0,0.0,0.0,0.0,0.0,0.0,5.226028143620038,0.8509057695633717,0.9002575598343583,0.0,0.0,0.0,0.0,0.06,0.06,-2.321697907845493,-2.321697907845493
2016.0,316.0,1.0,0.0,0.0,0.0,0.0,0.0,0.0,0.0,0.0,0.0,0.0,0.0,0.0,0.0,0.0,5.226028143620038,0.8509057695633717,0.9002575598343583,0.0,0.0,0.0,0.0,0.06,0.06,-2.321697907845493,-2.321697907845493
2016.0,316.0,1.5,0.0,0.0,0.0,0.0,0.0,0.0,0.0,0.0,0.0,0.0,0.0,0.0,0.0,0.0,5.226028143620038,0.8509057695633717,0.9002575598343583,0.0,0.0,0.0,0.0,0.06,0.06,-2.321697907845493,-2.321697907845493
2016.0,316.0,2.0,0.0,0.0,0.0,0.0,0.0,0.0,0.0,0.0,0.0,0.0,0.0,0.0,0.0,0.0,5.226028143620038,0.8509057695633717,0.9002575598343583,0.0,0.0,0.0,0.0,0.06,0.06,-2.321697907845493,-2.321697907845493
2016.0,316.0,2.5,0.0,0.0,0.0,0.0,0.0,0.0,0.0,0.0,0.0,0.0,0.0,0.0,0.0,0.0,5.226028143620038,0.8509057695633717,0.9002575598343583,0.0,0.0,0.0,0.0,0.06,0.06,-2.321697907845493,-2.321697907845493
2016.0,316.0,3.0,0.0,0.0,0.0,0.0,0.0,0.0,0.0,0.0,0.0,0.0,0.0,0.0,0.0,0.0,5.226028143620038,0.8509057695633717,0.9002575598343583,0.0,0.0,0.0,0.0,0.06,0.06,-2.321697907845493,-2.321697907845493
2016.0,316.0,3.5,0.0,0.0,0.0,0.0,0.0,0.0,0.0,0.0,0.0,0.0,0.0,0.0,0.0,0.0,5.226028143620038,0.8509057695633717,0.9002575598343583,0.0,0.0,0.0,0.0,0.06,0.06,-2.321697907845493,-2.321697907845493
2016.0,316.0,4.0,0.0,0.0,0.0,0.0,0.0,0.0,0.0,0.0,0.0,0.0,0.0,0.0,0.0,0.0,5.226028143620038,0.8509057695633717,0.9002575598343583,0.0,0.0,0.0,0.0,0.06,0.06,-2.321697907845493,-2.321697907845493
2016.0,316.0,4.5,0.0,0.0,0.0,0.0,0.0,0.0,0.0,0.0,0.0,0.0,0.0,0.0,0.0,0.0,5.226028143620038,0.8509057695633717,0.9002575598343583,0.0,0.0,0.0,0.0,0.06,0.06,-2.321697907845493,-2.321697907845493
2016.0,316.0,5.0,0.0,0.0,0.0,0.0,0.0,0.0,0.0,0.0,0.0,0.0,0.0,0.0,0.0,0.0,5.226028143620038,0.8509057695633717,0.9002575598343583,0.0,0.0,0.0,0.0,0.06,0.06,-2.321697907845493,-2.321697907845493
2016,316,5.5,0.0,0.0,0.0,0.0,0.0,0.0,0.0,0.0,0.0,0.0,0.0,0.0,True,True,5.226028143620038,0.8509057695633717,0.9002575598343583,0.0,0.0,0.0,0.0,0.06,0.06,-2.321697907845493,-2.321697907845493
2016,316,6.0,1.5994369441011629,4.546347167931956,0.10078867144375517,0.703478919833196,34.51472828626509,40.949261412689545,0.02696677126356302,0.09644581159122742,0.0,-2.387871910142459,2137.4910820918662,20.069645790105177,False,False,5.226028143620038,0.8547150556570071,0.8658490471366778,0.0,0.0,0.004675262795685799,0.004675262795685799,0.06,0.06,-2.321697907845493,-2.321697907845493
2016,316,6.5,2.3263062153245286,5.958995672062032,0.13358145793574186,1.1977502985582407,34.93365042411494,41.285521089268684,0.041718863462859156,0.19872280561095076,0.0,-2.401106710601852,2894.7979435211096,21.81612921,False,False,5.226028143620038,0.8547150556570071,0.8621870540400817,0.0,0.0,0.007048781238413022,0.007048781238413022,0.06,0.06,-2.321697907845493,-2.321697907845493
2016,316,7.0,3.631068087545863,8.614809537071599,0.2191813320093997,1.7504882504923376,39.25308012098914,41.16442460794437,0.06283540904336234,0.2695479107852413,0.0,-2.427576311520638,3336.004185288968,21.81738329,False,False,5.226028143620038,0.8509057695633717,0.8584756065311413,0.0,0.0,0.009403393794382209,0.009403393794382209,0.06,0.06,-2.321697907845493,-2.321697907845493
2016,316,7.5,3.927057833242519,4.163751384658204,0.23022232367163648,0.7074149303422271,34.731171733419764,41.052074727995574,0.06936841909757671,0.22574724292051365,0.0,-2.4540459124394243,22.457929447194207,22.45812035,False,False,5.226028143620038,0.8509057695633717,0.8584756065311413,0.0,0.0,0.0046712041478852865,0.0046712041478852865,0.06,0.06,-2.321697907845493,-2.321697907845493
2016,316,8.0,5.876616402078261,0.0,0.44617460948764803,0.0,33.05551597453763,0.0,0.08786171950774166,0.0,0.0,0.0,5169.6522533550615,0.0,False,0.0,5.226028143620038,0.8509057695633717,0.8584756065311413,0.0,0.0,0.014176050529447683,0.014176050529447683,0.06,0.06,-2.321697907845493,-2.321697907845493
2016,316,8.5,6.709365361152772,13.344480558719985,0.5300545909694909,2.8648835089956948,32.76664601329039,40.01037668273294,0.09757893859877322,0.2775797891474663,0.0,-2.4805155133582106,5331.717800540281,22.971777502933598,False,False,5.226028143620038,0.8431425491492565,0.8509057695633717,0.0,0.0,0.014567305920438556,0.014567305920438556,0.06,0.06,-2.321697907845493,-2.321697907845493
2016,316,9.0,11.442890207728336,0.0,1.0787869962989847,0.0,30.46240807279636,0.0,0.13949642804190643,0.0,0.0,0.0,7556.924803738894,0.0,False,0.0,5.226028143620038,0.8431425491492565,0.8509057695633717,0.0,0.0,0.026599349806812826,0.026599349806812826,0.0595,0.0595,-2.4554056988372195,-2.4554056988372195
2016,316,9.5,13.374905725870232,23.549635465351784,1.4424509327201254,5.183025004089065,28.428961091474765,36.585236595936095,0.1418591991868969,0.26240841528374753,0.0,-2.8990124313266605,8749.343071459201,26.35841127346133,False,False,4.984915479919241,0.7712512915401957,0.7886004860892815,0.0,0.0,0.03135207951170087,0.03135207951170087,0.059,0.059,-2.5980411333999887,-2.5980411333999887
2016,316,10.0,7.060102494844497,0.0,0.8847638139320639,0.0,27.593135458972824,0.0,0.06993386040321474,0.0,0.0,0.0,9943.7452884885,0.0,False,0.0,4.984915479919241,0.7712512915401957,0.7886004860892815,0.0,0.0,0.018207874580459686,0.018207874580459686,0.059,0.059,-2.5980411333999887,-2.5980411333999887
2016,316,10.5,9.459712700718848,0.0,1.291791506739186,0.0,26.865586510510017,0.0,0.09016518158318909,0.0,0.0,0.0,11613.22191657602,0.0,False,0.0,4.984915479919241,0.7712512915401957,0.7886004860892815,0.0,0.0,0.025671430115749877,0.025671430115749877,0.059,0.059,-2.5980411333999887,-2.5980411333999887
2016,316,11.0,3.3163956559588565,4.545101036105496,0.4866725714088823,2.168651403757145,26.565680765635864,39.05010831957951,0.03054493420458521,0.1367256737388551,0.0,-2.8739314898327715,28.746758675352243,28.57791308355037,False,False,4.984915479919241,0.7843166122056295,0.7886004860892815,0.0,0.0,0.00717490030577413,0.00717490030577413,0.059,0.059,-2.5980411333999887,-2.5980411333999887
2016,316,11.5,9.356701630526022,0.0,1.4512750123315015,0.0,25.92869213400792,0.0,0.08442278651921793,0.0,0.0,0.0,13067.55800916953,0.0,False,0.0,4.984915479919241,0.7843166122056295,0.7886004860892815,0.0,0.0,0.026695562578081825,0.026695562578081825,0.059,0.059,-2.5980411333999887,-2.5980411333999887
2016,316,12.0,12.07487943796713,0.0,2.0480857447807717,0.0,25.16812745424442,0.0,0.10508343127592669,0.0,0.0,0.0,14415.182839354326,0.0,False,0.0,4.984915479919241,0.7843166122056295,0.7886004860892815,0.0,0.0,0.03682817082449581,0.03682817082449581,0.059,0.059,-2.5980411333999887,-2.5980411333999887
2016,316,12.5,2.161955268799022,3.7280998813031863,0.379561066177312,2.3846037050240203,24.121463340659332,38.700703175143154,0.01737167961445171,0.11155275239730579,0.0,-3.0663904331123106,31.2345948797997,31.164030990135878,False,False,4.839037572972991,0.7502886704143271,0.7886004860892815,0.0,0.0,0.007028135042083339,0.007028135042083339,0.0585,0.0585,-2.750283687153001,-2.750283687153001
2016,316,13.0,5.004753806162141,0.0,0.8402375580021999,0.0,23.156174815055426,0.0,0.03861950027939324,0.0,0.0,0.0,14537.565384419138,0.0,False,0.0,4.839037572972991,0.7502886704143271,0.7886004860892815,0.0,0.0,0.019861145527725953,0.019861145527725953,0.058,0.058,-2.912871007557862,-2.912871007557862
2016,316,13.5,5.671827209442675,0.0,0.9301786219231786,0.0,23.30638522572231,0.0,0.04422754534573289,0.0,0.0,0.0,14055.20644448825,0.0,False,0.0,4.839037572972991,0.7502886704143271,0.7886004860892815,0.0,0.0,0.02274679817436419,0.02274679817436419,0.058,0.058,-2.912871007557862,-2.912871007557862
2016,316,14.0,0.0,0.0,0.0,0.0,0.0,0.0,0.0,0.0,0.0,0.0,0.0,0.0,True,0.0,4.839037572972991,0.7502886704143271,0.7886004860892815,0.0,0.0,0.011734236542152462,0.011734236542152462,0.058,0.058,-2.912871007557862,-2.912871007557862
2016,316,14.5,5.353477099455594,0.0,0.7571021773803814,0.0,24.414542160381277,0.0,0.044118084391347075,0.0,0.0,0.0,11165.639390086168,0.0,False,0.0,4.839037572972991,0.7502886704143271,0.7886004860892815,0.0,0.0,0.01542760127121468,0.01542760127121468,0.058,0.058,-2.912871007557862,-2.912871007557862
2016,316,15.0,4.671206894312939,0.0,0.6051039196331464,0.0,25.096125781227393,0.0,0.039790452590465875,0.0,0.0,0.0,9569.639048938578,0.0,False,0.0,4.839037572972991,0.7502886704143271,0.7886004860892815,0.0,0.0,0.013468305112960774,0.013468305112960774,0.058,0.058,-2.912871007557862,-2.912871007557862
2016,316,15.5,0.7022079730019284,1.4139558933655785,0.09330758981087232,1.2264223929195162,25.059041623874123,41.18984741146595,0.005913272795176748,0.07950968500931582,0.0,-3.147859825805405,29.4687047,29.47192534893337,False,False,4.673849528078996,0.735310230639343,0.7886004860892815,0.0,0.0,0.001442061340203638,0.001442061340203638,0.058,0.058,-2.912871007557862,-2.912871007557862
2016,316,16.0,0.0332683404354035,0.47165768292484733,0.0036436053084288643,0.40056716279803983,25.22126757328945,41.6791743957059,0.00028236829937945375,0.031332322311958746,0.0,-3.1771078544983444,28.792522746635342,28.792800898893077,False,False,4.487566384452245,0.7298560620495644,0.7886004860892815,0.0,0.0,0.0005071740776657026,0.0005071740776657026,0.0575,0.0575,-3.0866044568329984,-3.0866044568329984
2016,316,16.5,0.0,0.0,0.0,0.0,0.0,0.0,0.0,0.0,0.0,0.0,0.0,0.0,True,True,4.278562860784596,0.7298560620495644,0.7886004860892815,0.0,0.0,0.0,0.0,0.057,0.057,-3.272355237598531,-3.272355237598531
2016,316,17.0,0.0,0.0,0.0,0.0,0.0,0.0,0.0,0.0,0.0,0.0,0.0,0.0,True,True,4.278562860784596,0.7298560620495644,0.7886004860892815,0.0,0.0,0.0,0.0,0.057,0.057,-3.272355237598531,-3.272355237598531
2016.0,316.0,17.5,0.0,0.0,0.0,0.0,0.0,0.0,0.0,0.0,0.0,0.0,0.0,0.0,0.0,0.0,4.278562860784596,0.7298560620495644,0.7886004860892815,0.0,0.0,0.0,0.0,0.057,0.057,-3.272355237598531,-3.272355237598531
2016.0,316.0,18.0,0.0,0.0,0.0,0.0,0.0,0.0,0.0,0.0,0.0,0.0,0.0,0.0,0.0,0.0,4.278562860784596,0.7298560620495644,0.7886004860892815,0.0,0.0,0.0,0.0,0.057,0.057,-3.272355237598531,-3.272355237598531
2016.0,316.0,18.5,0.0,0.0,0.0,0.0,0.0,0.0,0.0,0.0,0.0,0.0,0.0,0.0,0.0,0.0,4.278562860784596,0.7298560620495644,0.7886004860892815,0.0,0.0,0.0,0.0,0.057,0.057,-3.272355237598531,-3.272355237598531
2016.0,316.0,19.0,0.0,0.0,0.0,0.0,0.0,0.0,0.0,0.0,0.0,0.0,0.0,0.0,0.0,0.0,4.278562860784596,0.7298560620495644,0.7886004860892815,0.0,0.0,0.0,0.0,0.057,0.057,-3.272355237598531,-3.272355237598531
2016.0,316.0,19.5,0.0,0.0,0.0,0.0,0.0,0.0,0.0,0.0,0.0,0.0,0.0,0.0,0.0,0.0,4.278562860784596,0.7298560620495644,0.7886004860892815,0.0,0.0,0.0,0.0,0.057,0.057,-3.272355237598531,-3.272355237598531
2016.0,316.0,20.0,0.0,0.0,0.0,0.0,0.0,0.0,0.0,0.0,0.0,0.0,0.0,0.0,0.0,0.0,4.278562860784596,0.7298560620495644,0.7886004860892815,0.0,0.0,0.0,0.0,0.057,0.057,-3.272355237598531,-3.272355237598531
2016.0,316.0,20.5,0.0,0.0,0.0,0.0,0.0,0.0,0.0,0.0,0.0,0.0,0.0,0.0,0.0,0.0,4.278562860784596,0.7298560620495644,0.7886004860892815,0.0,0.0,0.0,0.0,0.057,0.057,-3.272355237598531,-3.272355237598531
2016.0,316.0,21.0,0.0,0.0,0.0,0.0,0.0,0.0,0.0,0.0,0.0,0.0,0.0,0.0,0.0,0.0,4.278562860784596,0.7298560620495644,0.7886004860892815,0.0,0.0,0.0,0.0,0.057,0.057,-3.272355237598531,-3.272355237598531
2016.0,316.0,21.5,0.0,0.0,0.0,0.0,0.0,0.0,0.0,0.0,0.0,0.0,0.0,0.0,0.0,0.0,4.278562860784596,0.7298560620495644,0.7886004860892815,0.0,0.0,0.0,0.0,0.057,0.057,-3.272355237598531,-3.272355237598531
2016.0,316.0,22.0,0.0,0.0,0.0,0.0,0.0,0.0,0.0,0.0,0.0,0.0,0.0,0.0,0.0,0.0,4.278562860784596,0.7298560620495644,0.7886004860892815,0.0,0.0,0.0,0.0,0.057,0.057,-3.272355237598531,-3.272355237598531
2016.0,316.0,22.5,0.0,0.0,0.0,0.0,0.0,0.0,0.0,0.0,0.0,0.0,0.0,0.0,0.0,0.0,4.278562860784596,0.7298560620495644,0.7886004860892815,0.0,0.0,0.0,0.0,0.057,0.057,-3.272355237598531,-3.272355237598531
2016.0,316.0,23.0,0.0,0.0,0.0,0.0,0.0,0.0,0.0,0.0,0.0,0.0,0.0,0.0,0.0,0.0,4.278562860784596,0.7298560620495644,0.7886004860892815,0.0,0.0,0.0,0.0,0.057,0.057,-3.272355237598531,-3.272355237598531
2016.0,316.0,23.5,0.0,0.0,0.0,0.0,0.0,0.0,0.0,0.0,0.0,0.0,0.0,0.0,0.0,0.0,4.278562860784596,0.7298560620495644,0.7886004860892815,0.0,0.0,0.0,0.0,0.057,0.057,-3.272355237598531,-3.272355237598531
2016.0,317.0,0.0,0.0,0.0,0.0,0.0,0.0,0.0,0.0,0.0,0.0,0.0,0.0,0.0,0.0,0.0,4.278562860784596,0.7298560620495644,0.7886004860892815,0.0,0.0,0.0,0.0,0.057,0.057,-3.272355237598531,-3.272355237598531
2016.0,317.0,0.5,0.0,0.0,0.0,0.0,0.0,0.0,0.0,0.0,0.0,0.0,0.0,0.0,0.0,0.0,4.278562860784596,0.7298560620495644,0.7886004860892815,0.0,0.0,0.0,0.0,0.057,0.057,-3.272355237598531,-3.272355237598531
2016.0,317.0,1.0,0.0,0.0,0.0,0.0,0.0,0.0,0.0,0.0,0.0,0.0,0.0,0.0,0.0,0.0,4.278562860784596,0.7298560620495644,0.7886004860892815,0.0,0.0,0.0,0.0,0.057,0.057,-3.272355237598531,-3.272355237598531
2016.0,317.0,1.5,0.0,0.0,0.0,0.0,0.0,0.0,0.0,0.0,0.0,0.0,0.0,0.0,0.0,0.0,4.278562860784596,0.7298560620495644,0.7886004860892815,0.0,0.0,0.0,0.0,0.057,0.057,-3.272355237598531,-3.272355237598531
2016.0,317.0,2.0,0.0,0.0,0.0,0.0,0.0,0.0,0.0,0.0,0.0,0.0,0.0,0.0,0.0,0.0,4.278562860784596,0.7298560620495644,0.7886004860892815,0.0,0.0,0.0,0.0,0.057,0.057,-3.272355237598531,-3.272355237598531
2016.0,317.0,2.5,0.0,0.0,0.0,0.0,0.0,0.0,0.0,0.0,0.0,0.0,0.0,0.0,0.0,0.0,4.278562860784596,0.7298560620495644,0.7886004860892815,0.0,0.0,0.0,0.0,0.057,0.057,-3.272355237598531,-3.272355237598531
2016.0,317.0,3.0,0.0,0.0,0.0,0.0,0.0,0.0,0.0,0.0,0.0,0.0,0.0,0.0,0.0,0.0,4.278562860784596,0.7298560620495644,0.7886004860892815,0.0,0.0,0.0,0.0,0.057,0.057,-3.272355237598531,-3.272355237598531
2016.0,317.0,3.5,0.0,0.0,0.0,0.0,0.0,0.0,0.0,0.0,0.0,0.0,0.0,0.0,0.0,0.0,4.278562860784596,0.7298560620495644,0.7886004860892815,0.0,0.0,0.0,0.0,0.057,0.057,-3.272355237598531,-3.272355237598531
2016.0,317.0,4.0,0.0,0.0,0.0,0.0,0.0,0.0,0.0,0.0,0.0,0.0,0.0,0.0,0.0,0.0,4.278562860784596,0.7298560620495644,0.7886004860892815,0.0,0.0,0.0,0.0,0.057,0.057,-3.272355237598531,-3.272355237598531
2016.0,317.0,4.5,0.0,0.0,0.0,0.0,0.0,0.0,0.0,0.0,0.0,0.0,0.0,0.0,0.0,0.0,4.278562860784596,0.7298560620495644,0.7886004860892815,0.0,0.0,0.0,0.0,0.057,0.057,-3.272355237598531,-3.272355237598531
2016.0,317.0,5.0,0.0,0.0,0.0,0.0,0.0,0.0,0.0,0.0,0.0,0.0,0.0,0.0,0.0,0.0,4.278562860784596,0.7298560620495644,0.7886004860892815,0.0,0.0,0.0,0.0,0.057,0.057,-3.272355237598531,-3.272355237598531
2016.0,317.0,5.5,0.0,0.0,0.0,0.0,0.0,0.0,0.0,0.0,0.0,0.0,0.0,0.0,0.0,0.0,4.278562860784596,0.7298560620495644,0.7886004860892815,0.0,0.0,0.0,0.0,0.057,0.057,-3.272355237598531,-3.272355237598531
2016.0,317.0,6.0,0.0,0.0,0.0,0.0,0.0,0.0,0.0,0.0,0.0,0.0,0.0,0.0,0.0,0.0,4.278562860784596,0.7298560620495644,0.7886004860892815,0.0,0.0,0.0,0.0,0.057,0.057,-3.272355237598531,-3.272355237598531
2016.0,317.0,6.5,0.0,0.0,0.0,0.0,0.0,0.0,0.0,0.0,0.0,0.0,0.0,0.0,0.0,0.0,4.278562860784596,0.7298560620495644,0.7886004860892815,0.0,0.0,0.0,0.0,0.057,0.057,-3.272355237598531,-3.272355237598531
2016,317,7.0,1.0327527690678338,1.2113651582225713,0.04741419271698169,0.24000011808834623,30.24378375876816,41.1607638233178,0.01198657195258175,0.061817946399425394,0.0,-3.337432522820925,21.87695169,21.874424541186997,False,False,4.278562860784596,0.6992960425331983,0.7886004860892815,0.0,0.0,0.0006024432778319157,0.0006024432778319157,0.057,0.057,-3.272355237598531,-3.272355237598531
2016,317,7.5,1.3203641668971802,1.534703673955636,0.05725507415175889,0.2860513946030151,30.680980520858412,41.23290426448439,0.01582964297092821,0.0809188299106768,0.0,-3.337432522820925,22.15175343,22.152115778693712,False,False,4.278562860784596,0.6992960425331983,0.7886004860892815,0.0,0.0,0.0010513137921529417,0.0010513137921529417,0.057,0.057,-3.272355237598531,-3.272355237598531
2016,317,8.0,4.706660959760015,5.225027428922936,0.21853579008584637,0.6462616604822154,29.998351122577173,39.11222234351387,0.05452488416694955,0.16610483032768744,0.0,-3.4025098080433183,23.064156709848092,23.066991148601005,False,False,4.278562860784596,0.6865991168259372,0.7886004860892815,0.0,0.0,0.00465142795771478,0.00465142795771478,0.057,0.057,-3.272355237598531,-3.272355237598531
2016,317,8.5,6.524063115210835,0.0,0.2938451355450963,0.0,30.144991153645552,0.0,0.07640022919393508,0.0,0.0,0.0,5864.847667568157,0.0,False,0.0,4.278562860784596,0.6865991168259372,0.7886004860892815,0.0,0.0,0.00723629720257999,0.00723629720257999,0.057,0.057,-3.272355237598531,-3.272355237598531
2016,317,9.0,9.493467637442793,0.0,0.4856345088632455,0.0,29.099866589880204,0.0,0.10460285562735407,0.0,0.0,0.0,7732.205181060776,0.0,False,0.0,4.278562860784596,0.6865991168259372,0.7886004860892815,0.0,0.0,0.0179458458594369,0.0179458458594369,0.057,0.057,-3.272355237598531,-3.272355237598531
2016,317,9.5,16.530911440195275,0.0,1.1492299793308254,0.0,26.607467406568848,0.0,0.15746025850073253,0.0,0.0,0.0,9346.675000212428,0.0,False,0.0,4.278562860784596,0.6865991168259372,0.7886004860892815,0.0,0.0,0.03119351874429429,0.03119351874429429,0.057,0.057,-3.272355237598531,-3.272355237598531
2016,317,10.0,8.265044280356486,0.0,0.7403948115550356,0.0,25.038814716701324,0.0,0.07084149926820595,0.0,0.0,0.0,11307.61226766817,0.0,False,0.0,4.278562860784596,0.6865991168259372,0.7886004860892815,0.0,0.0,0.018895999197189088,0.018895999197189088,0.057,0.057,-3.272355237598531,-3.272355237598531
2016,317,10.5,9.594760088396878,0.0,1.0083456107157693,0.0,23.813002015287285,0.0,0.07721539282181415,0.0,0.0,0.0,13434.013057925993,0.0,False,0.0,4.278562860784596,0.6865991168259372,0.7886004860892815,0.0,0.0,0.023869077137171037,0.023869077137171037,0.057,0.057,-3.272355237598531,-3.272355237598531
2016,317,11.0,0.45090405128134625,1.998053111047982,0.05490210431520859,1.4588539559797116,23.002445773509535,40.600947021473964,0.0033737259171373653,0.08882466688349935,0.0,-3.4892795216731765,31.72808155131172,31.41877101006083,False,False,4.278562860784596,0.6694386916014183,0.7886004860892815,0.0,0.0,0.004349968728217889,0.004349968728217889,0.057,0.057,-3.272355237598531,-3.272355237598531
2016,317,11.5,5.449607563097649,13.783790628522091,0.7342122010994765,5.398638271562874,20.69342719958698,35.711031866618555,0.03715037841679935,0.14164651179066934,0.0,-3.864254430286242,18478.609993079768,33.438715815502064,False,False,4.045530868976135,0.5800745608455419,0.6058300209503901,0.0,0.0,0.023364606652493288,0.023364606652493288,0.0565,0.0565,-3.471071168355371,-3.471071168355371
2016,317,12.0,3.969861048453134,12.766503468261936,0.5611019126851513,5.396263572889037,18.923501288754963,35.06602089434842,0.024824530321094752,0.12089869565177597,0.0,-4.105720528972476,20422.37286561928,34.69017255852171,False,False,3.7876869319601627,0.5323784976575717,0.5528866662550274,0.0,0.0,0.021252707417116823,0.021252707417116823,0.056,0.056,-3.6837841843144643,-3.6837841843144643
2016,317,12.5,0.0,0.5303505167346767,0.0,1.048028869266706,0.0,41.72673649426841,0.0,0.037555395102742264,0.0,-3.8604087006829344,0.0,35.89218862027336,False,False,3.7876869319601627,0.5937743695631521,0.5528866662550274,0.0,0.0,0.002800047337495046,0.002800047337495046,0.056,0.056,-3.6837841843144643,-3.6837841843144643
2016,317,13.0,0.0,0.0,0.0,0.0,0.0,0.0,0.0,0.0,0.0,0.0,0.0,0.0,True,0.0,3.7876869319601627,0.5937743695631521,0.5528866662550274,0.0,0.0,0.010929302320238102,0.010929302320238102,0.056,0.056,-3.6837841843144643,-3.6837841843144643
2016,317,13.5,0.0,-2.803826080131655,0.0,2.231183546038596,0.0,40.09160904142875,0.0,0.06084067791274103,0.0,-4.095908055840894,0.0,36.819251436214884,False,False,3.7876869319601627,0.5446839170584408,0.6301625118410905,0.0,0.0,0.003944086408904913,0.003944086408904913,0.056,0.056,-3.6837841843144643,-3.6837841843144643
2016,317,14.0,0.0,0.0,0.0,0.0,0.0,0.0,0.0,0.0,0.0,0.0,0.0,0.0,True,0.0,3.7876869319601627,0.5446839170584408,0.6301625118410905,0.0,0.0,0.006920212781703329,0.006920212781703329,0.056,0.056,-3.6837841843144643,-3.6837841843144643
2016,317,14.5,0.7160772455857574,0.0,0.1537369498831337,0.0,16.232083458136636,0.0,0.004115121178930955,0.0,0.0,0.0,18533.970934520188,0.0,True,0.0,3.7876869319601627,0.5446839170584408,0.6301625118410905,0.0,0.0,0.01779305262105683,0.01779305262105683,0.056,0.056,-3.6837841843144643,-3.6837841843144643
2016,317,15.0,0.0,-2.8371840900715117,0.0,1.6171609540727228,0.0,38.81730049491157,0.0,0.04732379764267979,0.0,-4.299699687253281,0.0,36.145625531502276,False,False,3.505032567009848,0.5021432734330299,0.5831369292627118,0.0,0.0,0.003477984076736189,0.003477984076736189,0.0555,0.0555,-3.9116186486462903,-3.9116186486462903
2016,317,15.5,0.0,0.0,0.0,0.0,0.0,0.0,0.0,0.0,0.0,0.0,0.0,0.0,False,0.0,3.7876869319601627,0.6301625118410905,0.5831369292627118,0.0,0.0,0.000149250138748242,0.000149250138748242,0.056,0.056,-3.6837841843144643,-3.6837841843144643
2016,317,16.0,0.0,0.0,0.0,0.0,0.0,0.0,0.0,0.0,0.0,0.0,0.0,0.0,False,0.0,3.505032567009848,0.5831369292627118,0.5831369292627118,0.0,0.0,0.0,0.0,0.0555,0.0555,-3.9116186486462903,-3.9116186486462903
2016,317,16.5,0.0,0.0,0.0,0.0,0.0,0.0,0.0,0.0,0.0,0.0,0.0,0.0,True,True,3.1986630838619625,0.5831369292627118,0.5831369292627118,0.0,0.0,0.0,0.0,0.055,0.055,-4.155800570083817,-4.155800570083817
2016.0,317.0,17.0,0.0,0.0,0.0,0.0,0.0,0.0,0.0,0.0,0.0,0.0,0.0,0.0,0.0,0.0,3.1986630838619625,0.5831369292627118,0.5831369292627118,0.0,0.0,0.0,0.0,0.055,0.055,-4.155800570083817,-4.155800570083817
2016.0,317.0,17.5,0.0,0.0,0.0,0.0,0.0,0.0,0.0,0.0,0.0,0.0,0.0,0.0,0.0,0.0,3.1986630838619625,0.5831369292627118,0.5831369292627118,0.0,0.0,0.0,0.0,0.055,0.055,-4.155800570083817,-4.155800570083817
2016.0,317.0,18.0,0.0,0.0,0.0,0.0,0.0,0.0,0.0,0.0,0.0,0.0,0.0,0.0,0.0,0.0,3.1986630838619625,0.5831369292627118,0.5831369292627118,0.0,0.0,0.0,0.0,0.055,0.055,-4.155800570083817,-4.155800570083817
2016.0,317.0,18.5,0.0,0.0,0.0,0.0,0.0,0.0,0.0,0.0,0.0,0.0,0.0,0.0,0.0,0.0,3.1986630838619625,0.5831369292627118,0.5831369292627118,0.0,0.0,0.0,0.0,0.055,0.055,-4.155800570083817,-4.155800570083817
2016.0,317.0,19.0,0.0,0.0,0.0,0.0,0.0,0.0,0.0,0.0,0.0,0.0,0.0,0.0,0.0,0.0,3.1986630838619625,0.5831369292627118,0.5831369292627118,0.0,0.0,0.0,0.0,0.055,0.055,-4.155800570083817,-4.155800570083817
2016.0,317.0,19.5,0.0,0.0,0.0,0.0,0.0,0.0,0.0,0.0,0.0,0.0,0.0,0.0,0.0,0.0,3.1986630838619625,0.5831369292627118,0.5831369292627118,0.0,0.0,0.0,0.0,0.055,0.055,-4.155800570083817,-4.155800570083817
2016.0,317.0,20.0,0.0,0.0,0.0,0.0,0.0,0.0,0.0,0.0,0.0,0.0,0.0,0.0,0.0,0.0,3.1986630838619625,0.5831369292627118,0.5831369292627118,0.0,0.0,0.0,0.0,0.055,0.055,-4.155800570083817,-4.155800570083817
2016.0,317.0,20.5,0.0,0.0,0.0,0.0,0.0,0.0,0.0,0.0,0.0,0.0,0.0,0.0,0.0,0.0,3.1986630838619625,0.5831369292627118,0.5831369292627118,0.0,0.0,0.0,0.0,0.055,0.055,-4.155800570083817,-4.155800570083817
2016.0,317.0,21.0,0.0,0.0,0.0,0.0,0.0,0.0,0.0,0.0,0.0,0.0,0.0,0.0,0.0,0.0,3.1986630838619625,0.5831369292627118,0.5831369292627118,0.0,0.0,0.0,0.0,0.055,0.055,-4.155800570083817,-4.155800570083817
2016.0,317.0,21.5,0.0,0.0,0.0,0.0,0.0,0.0,0.0,0.0,0.0,0.0,0.0,0.0,0.0,0.0,3.1986630838619625,0.5831369292627118,0.5831369292627118,0.0,0.0,0.0,0.0,0.055,0.055,-4.155800570083817,-4.155800570083817
2016.0,317.0,22.0,0.0,0.0,0.0,0.0,0.0,0.0,0.0,0.0,0.0,0.0,0.0,0.0,0.0,0.0,3.1986630838619625,0.5831369292627118,0.5831369292627118,0.0,0.0,0.0,0.0,0.055,0.055,-4.155800570083817,-4.155800570083817
2016.0,317.0,22.5,0.0,0.0,0.0,0.0,0.0,0.0,0.0,0.0,0.0,0.0,0.0,0.0,0.0,0.0,3.1986630838619625,0.5831369292627118,0.5831369292627118,0.0,0.0,0.0,0.0,0.055,0.055,-4.155800570083817,-4.155800570083817
2016.0,317.0,23.0,0.0,0.0,0.0,0.0,0.0,0.0,0.0,0.0,0.0,0.0,0.0,0.0,0.0,0.0,3.1986630838619625,0.5831369292627118,0.5831369292627118,0.0,0.0,0.0,0.0,0.055,0.055,-4.155800570083817,-4.155800570083817
2016.0,317.0,23.5,0.0,0.0,0.0,0.0,0.0,0.0,0.0,0.0,0.0,0.0,0.0,0.0,0.0,0.0,3.1986630838619625,0.5831369292627118,0.5831369292627118,0.0,0.0,0.0,0.0,0.055,0.055,-4.155800570083817,-4.155800570083817
2016.0,318.0,0.0,0.0,0.0,0.0,0.0,0.0,0.0,0.0,0.0,0.0,0.0,0.0,0.0,0.0,0.0,3.1986630838619625,0.5831369292627118,0.5831369292627118,0.0,0.0,0.0,0.0,0.055,0.055,-4.155800570083817,-4.155800570083817
2016.0,318.0,0.5,0.0,0.0,0.0,0.0,0.0,0.0,0.0,0.0,0.0,0.0,0.0,0.0,0.0,0.0,3.1986630838619625,0.5831369292627118,0.5831369292627118,0.0,0.0,0.0,0.0,0.055,0.055,-4.155800570083817,-4.155800570083817
2016.0,318.0,1.0,0.0,0.0,0.0,0.0,0.0,0.0,0.0,0.0,0.0,0.0,0.0,0.0,0.0,0.0,3.1986630838619625,0.5831369292627118,0.5831369292627118,0.0,0.0,0.0,0.0,0.055,0.055,-4.155800570083817,-4.155800570083817
2016.0,318.0,1.5,0.0,0.0,0.0,0.0,0.0,0.0,0.0,0.0,0.0,0.0,0.0,0.0,0.0,0.0,3.1986630838619625,0.5831369292627118,0.5831369292627118,0.0,0.0,0.0,0.0,0.055,0.055,-4.155800570083817,-4.155800570083817
2016.0,318.0,2.0,0.0,0.0,0.0,0.0,0.0,0.0,0.0,0.0,0.0,0.0,0.0,0.0,0.0,0.0,3.1986630838619625,0.5831369292627118,0.5831369292627118,0.0,0.0,0.0,0.0,0.055,0.055,-4.155800570083817,-4.155800570083817
2016.0,318.0,2.5,0.0,0.0,0.0,0.0,0.0,0.0,0.0,0.0,0.0,0.0,0.0,0.0,0.0,0.0,3.1986630838619625,0.5831369292627118,0.5831369292627118,0.0,0.0,0.0,0.0,0.055,0.055,-4.155800570083817,-4.155800570083817
2016.0,318.0,3.0,0.0,0.0,0.0,0.0,0.0,0.0,0.0,0.0,0.0,0.0,0.0,0.0,0.0,0.0,3.1986630838619625,0.5831369292627118,0.5831369292627118,0.0,0.0,0.0,0.0,0.055,0.055,-4.155800570083817,-4.155800570083817
2016.0,318.0,3.5,0.0,0.0,0.0,0.0,0.0,0.0,0.0,0.0,0.0,0.0,0.0,0.0,0.0,0.0,3.1986630838619625,0.5831369292627118,0.5831369292627118,0.0,0.0,0.0,0.0,0.055,0.055,-4.155800570083817,-4.155800570083817
2016.0,318.0,4.0,0.0,0.0,0.0,0.0,0.0,0.0,0.0,0.0,0.0,0.0,0.0,0.0,0.0,0.0,3.1986630838619625,0.5831369292627118,0.5831369292627118,0.0,0.0,0.0,0.0,0.055,0.055,-4.155800570083817,-4.155800570083817
2016.0,318.0,4.5,0.0,0.0,0.0,0.0,0.0,0.0,0.0,0.0,0.0,0.0,0.0,0.0,0.0,0.0,3.1986630838619625,0.5831369292627118,0.5831369292627118,0.0,0.0,0.0,0.0,0.055,0.055,-4.155800570083817,-4.155800570083817
2016.0,318.0,5.0,0.0,0.0,0.0,0.0,0.0,0.0,0.0,0.0,0.0,0.0,0.0,0.0,0.0,0.0,3.1986630838619625,0.5831369292627118,0.5831369292627118,0.0,0.0,0.0,0.0,0.055,0.055,-4.155800570083817,-4.155800570083817
2016,318,5.5,0.0,0.0,0.0,0.0,0.0,0.0,0.0,0.0,0.0,0.0,0.0,0.0,True,True,3.1986630838619625,0.5831369292627118,0.5831369292627118,0.0,0.0,0.0,0.0,0.055,0.055,-4.155800570083817,-4.155800570083817
2016,318,6.0,4.247497397030862,0.0,0.1755542432200911,0.0,24.268930082753087,0.0,0.03486067612839537,0.0,0.0,0.0,2050.9358311215947,0.0,False,0.0,3.1986630838619625,0.5831369292627118,0.5831369292627118,0.0,0.0,0.00210146787011661,0.00210146787011661,0.055,0.055,-4.155800570083817,-4.155800570083817
2016,318,6.5,8.077395474442588,0.0,0.4033393834087566,0.0,33.34909994017245,0.0,0.06190105670471486,0.0,0.0,0.0,2804.0419935387104,0.0,False,0.0,3.1986630838619625,0.5831369292627118,0.5831369292627118,0.0,0.0,0.0041295433551088705,0.0041295433551088705,0.055,0.055,-4.155800570083817,-4.155800570083817
2016,318,7.0,10.441698647452666,0.0,0.6684096533883539,0.0,20.948428252467743,0.0,0.07370303045396594,0.0,0.0,0.0,3628.247188897661,0.0,False,0.0,3.1986630838619625,0.5831369292627118,0.5831369292627118,0.0,0.0,0.0057530730162578024,0.0057530730162578024,0.055,0.055,-4.155800570083817,-4.155800570083817
2016,318,7.5,7.153492785535296,0.0,0.5809604659303974,0.0,19.387287016850042,0.0,0.04690726448497472,0.0,0.0,0.0,5039.226945723412,0.0,False,0.0,3.1986630838619625,0.5831369292627118,0.5831369292627118,0.0,0.0,0.004840555260928629,0.004840555260928629,0.055,0.055,-4.155800570083817,-4.155800570083817
2016,318,8.0,4.2066546875569335,11.319619110849576,0.3737429237850246,2.6854608592646185,18.85233174468577,34.3913496392416,0.026830458457638495,0.09846332445467523,0.0,-4.414595639475788,6393.024616901201,26.0468359,False,False,3.1986630838619625,0.46762649301856557,0.48902359145341134,0.0,0.0,0.0036427680058221342,0.0036427680058221342,0.055,0.055,-4.155800570083817,-4.155800570083817
2016,318,8.5,6.838334323263248,0.0,0.7219581522470325,0.0,17.630044581688086,0.0,0.041786247143600214,0.0,0.0,0.0,8179.5822013334555,0.0,False,0.0,3.1986630838619625,0.46762649301856557,0.48902359145341134,0.0,0.0,0.005934401970539288,0.005934401970539288,0.055,0.055,-4.155800570083817,-4.155800570083817
2016,318,9.0,10.670417487899464,0.0,1.2375845469724398,0.0,15.31765504188374,0.0,0.06017846786206302,0.0,0.0,0.0,10381.692201578255,0.0,False,0.0,3.1986630838619625,0.46762649301856557,0.48902359145341134,0.0,0.0,0.011276322542963112,0.011276322542963112,0.0545,0.0545,-4.417667835177966,-4.417667835177966
2016,318,9.5,6.6687544661583695,0.0,0.8790078784853508,0.0,13.058146645932764,0.0,0.03463848672391704,0.0,0.0,0.0,13019.170217185474,0.0,True,0.0,3.1986630838619625,0.46762649301856557,0.48902359145341134,0.0,0.0,0.012393752665224553,0.012393752665224553,0.054,0.054,-4.698681577596776,-4.698681577596776
2016,318,10.0,2.1733529299877485,0.0,0.3291699269190693,0.0,12.401339113408016,0.0,0.010962961693945283,0.0,0.0,0.0,15581.642853259278,0.0,False,0.0,3.1986630838619625,0.46762649301856557,0.48902359145341134,0.0,0.0,0.0069747553979200485,0.0069747553979200485,0.054,0.054,-4.698681577596776,-4.698681577596776
2016,318,10.5,1.110970989131502,0.0,0.17409517318387363,0.0,12.252238365190665,0.0,0.005548415554891583,0.0,0.0,0.0,16716.941395349488,0.0,False,0.0,3.1986630838619625,0.46762649301856557,0.48902359145341134,0.0,0.0,0.005982620376987054,0.005982620376987054,0.054,0.054,-4.698681577596776,-4.698681577596776
2016,318,11.0,0.0,1.4122051148112065,0.0,1.2095149641674823,0.0,38.38143902486054,0.0,0.0390623701851093,0.0,-5.018230683566214,0.0,32.49612285835118,False,False,2.5266587700291314,0.3579189705975144,0.48902359145341134,0.0,0.0,0.0005876956047306701,0.0005876956047306701,0.054,0.054,-4.698681577596776,-4.698681577596776
2016,318,11.5,0.7879411574082233,0.0,0.11506862999783408,0.0,12.644424524971392,0.0,0.003948479297964968,0.0,0.0,0.0,17451.056489216688,0.0,False,0.0,2.5266587700291314,0.3579189705975144,0.48902359145341134,0.0,0.0,0.005534978416424893,0.005534978416424893,0.054,0.054,-4.698681577596776,-4.698681577596776
2016,318,12.0,0.0,0.9072023297308158,0.0,0.957845717554748,0.0,39.90314719808391,0.0,0.0323956138835854,0.0,-4.945605886754978,0.0,32.17965485586719,False,False,2.5266587700291314,0.3717917886017324,0.48902359145341134,0.0,0.0,0.00041174811047194943,0.00041174811047194943,0.054,0.054,-4.698681577596776,-4.698681577596776
2016,318,12.5,0.0,1.171355849895253,0.0,1.0527168435649727,0.0,39.27798972749442,0.0,0.03792362284337499,0.0,-4.974655805479473,0.0,31.984853858077667,False,False,2.5266587700291314,0.36621792684714605,0.48902359145341134,0.0,0.0,0.0005516150751630934,0.0005516150751630934,0.054,0.054,-4.698681577596776,-4.698681577596776
2016,318,13.0,0.0,2.7065184921595975,0.0,0.8594982931034655,0.0,30.388605646815368,0.0,0.031079452723475492,0.0,-5.654683529807583,0.0,32.24887611437639,False,False,1.814484606410297,0.24676375699461894,0.48902359145341134,0.0,0.0,0.0015474353931512262,0.0015474353931512262,0.053,0.053,-5.3246865658933755,-5.3246865658933755
2016,318,13.5,0.7324770740574675,0.0,0.09231259391454098,0.0,10.29382965302924,0.0,0.0034570757645130856,0.0,0.0,0.0,14462.27404610161,0.0,False,0.0,1.814484606410297,0.24676375699461894,0.48902359145341134,0.0,0.0,0.0,0.0,0.053,0.053,-5.3246865658933755,-5.3246865658933755
2016,318,14.0,0.32689856659542604,0.0,0.0399673173015064,0.0,10.42533812572318,0.0,0.0015511570942811444,0.0,0.0,0.0,12696.276182780426,0.0,False,0.0,1.814484606410297,0.24676375699461894,0.48902359145341134,0.0,0.0,0.0,0.0,0.053,0.053,-5.3246865658933755,-5.3246865658933755
2016,318,14.5,4.24873312880327,0.0,0.4776376417683721,0.0,10.759842020370197,0.0,0.02046732504962671,0.0,0.0,0.0,11053.721423522278,0.0,True,0.0,1.814484606410297,0.24676375699461894,0.48902359145341134,0.0,0.0,0.0,0.0,0.053,0.053,-5.3246865658933755,-5.3246865658933755
2016,318,15.0,0.0,0.0,0.0,0.0,0.0,0.0,0.0,0.0,0.0,0.0,0.0,0.0,True,0.0,1.814484606410297,0.24676375699461894,0.48902359145341134,0.0,0.0,0.0,0.0,0.053,0.053,-5.3246865658933755,-5.3246865658933755
2016,318,15.5,0.0,0.33345441796752073,0.0,0.40383328565458293,0.0,40.531159533412406,0.0,0.015169876982846109,0.0,-5.529512267633228,0.0,29.295927741925126,False,False,1.814484606410297,0.2669774628966287,0.48902359145341134,0.0,0.0,0.0,0.0,0.053,0.053,-5.3246865658933755,-5.3246865658933755
2016,318,16.0,0.0,0.0,0.0,0.0,0.0,0.0,0.0,0.0,0.0,0.0,0.0,0.0,True,True,1.814484606410297,0.2669774628966287,0.48902359145341134,0.0,0.0,0.0,0.0,0.053,0.053,-5.3246865658933755,-5.3246865658933755
2016,318,16.5,0.0,0.0,0.0,0.0,0.0,0.0,0.0,0.0,0.0,0.0,0.0,0.0,True,True,1.814484606410297,0.2669774628966287,0.48902359145341134,0.0,0.0,0.0,0.0,0.053,0.053,-5.3246865658933755,-5.3246865658933755
2016.0,318.0,17.0,0.0,0.0,0.0,0.0,0.0,0.0,0.0,0.0,0.0,0.0,0.0,0.0,0.0,0.0,1.814484606410297,0.2669774628966287,0.48902359145341134,0.0,0.0,0.0,0.0,0.053,0.053,-5.3246865658933755,-5.3246865658933755
2016.0,318.0,17.5,0.0,0.0,0.0,0.0,0.0,0.0,0.0,0.0,0.0,0.0,0.0,0.0,0.0,0.0,1.814484606410297,0.2669774628966287,0.48902359145341134,0.0,0.0,0.0,0.0,0.0525,0.0525,-5.67333745760483,-5.67333745760483
2016.0,318.0,18.0,0.0,0.0,0.0,0.0,0.0,0.0,0.0,0.0,0.0,0.0,0.0,0.0,0.0,0.0,1.814484606410297,0.2669774628966287,0.48902359145341134,0.0,0.0,0.0,0.0,0.052,0.052,-6.048487305117891,-6.048487305117891
2016.0,318.0,18.5,0.0,0.0,0.0,0.0,0.0,0.0,0.0,0.0,0.0,0.0,0.0,0.0,0.0,0.0,1.814484606410297,0.2669774628966287,0.48902359145341134,0.0,0.0,0.0,0.0,0.052,0.052,-6.048487305117891,-6.048487305117891
2016.0,318.0,19.0,0.0,0.0,0.0,0.0,0.0,0.0,0.0,0.0,0.0,0.0,0.0,0.0,0.0,0.0,1.814484606410297,0.2669774628966287,0.48902359145341134,0.0,0.0,0.0,0.0,0.052,0.052,-6.048487305117891,-6.048487305117891
2016.0,318.0,19.5,0.0,0.0,0.0,0.0,0.0,0.0,0.0,0.0,0.0,0.0,0.0,0.0,0.0,0.0,1.814484606410297,0.2669774628966287,0.48902359145341134,0.0,0.0,0.0,0.0,0.052,0.052,-6.048487305117891,-6.048487305117891
2016.0,318.0,20.0,0.0,0.0,0.0,0.0,0.0,0.0,0.0,0.0,0.0,0.0,0.0,0.0,0.0,0.0,1.814484606410297,0.2669774628966287,0.48902359145341134,0.0,0.0,0.0,0.0,0.052,0.052,-6.048487305117891,-6.048487305117891
2016.0,318.0,20.5,0.0,0.0,0.0,0.0,0.0,0.0,0.0,0.0,0.0,0.0,0.0,0.0,0.0,0.0,1.814484606410297,0.2669774628966287,0.48902359145341134,0.0,0.0,0.0,0.0,0.052,0.052,-6.048487305117891,-6.048487305117891
2016.0,318.0,21.0,0.0,0.0,0.0,0.0,0.0,0.0,0.0,0.0,0.0,0.0,0.0,0.0,0.0,0.0,1.814484606410297,0.2669774628966287,0.48902359145341134,0.0,0.0,0.0,0.0,0.052,0.052,-6.048487305117891,-6.048487305117891
2016.0,318.0,21.5,0.0,0.0,0.0,0.0,0.0,0.0,0.0,0.0,0.0,0.0,0.0,0.0,0.0,0.0,1.814484606410297,0.2669774628966287,0.48902359145341134,0.0,0.0,0.0,0.0,0.052,0.052,-6.048487305117891,-6.048487305117891
2016.0,318.0,22.0,0.0,0.0,0.0,0.0,0.0,0.0,0.0,0.0,0.0,0.0,0.0,0.0,0.0,0.0,1.814484606410297,0.2669774628966287,0.48902359145341134,0.0,0.0,0.0,0.0,0.052,0.052,-6.048487305117891,-6.048487305117891
2016.0,318.0,22.5,0.0,0.0,0.0,0.0,0.0,0.0,0.0,0.0,0.0,0.0,0.0,0.0,0.0,0.0,1.814484606410297,0.2669774628966287,0.48902359145341134,0.0,0.0,0.0,0.0,0.052,0.052,-6.048487305117891,-6.048487305117891
2016.0,318.0,23.0,0.0,0.0,0.0,0.0,0.0,0.0,0.0,0.0,0.0,0.0,0.0,0.0,0.0,0.0,1.814484606410297,0.2669774628966287,0.48902359145341134,0.0,0.0,0.0,0.0,0.052,0.052,-6.048487305117891,-6.048487305117891
2016.0,318.0,23.5,0.0,0.0,0.0,0.0,0.0,0.0,0.0,0.0,0.0,0.0,0.0,0.0,0.0,0.0,1.814484606410297,0.2669774628966287,0.48902359145341134,0.0,0.0,0.0,0.0,0.052,0.052,-6.048487305117891,-6.048487305117891
2016.0,319.0,0.0,0.0,0.0,0.0,0.0,0.0,0.0,0.0,0.0,0.0,0.0,0.0,0.0,0.0,0.0,1.814484606410297,0.2669774628966287,0.48902359145341134,0.0,0.0,0.0,0.0,0.052,0.052,-6.048487305117891,-6.048487305117891
2016.0,319.0,0.5,0.0,0.0,0.0,0.0,0.0,0.0,0.0,0.0,0.0,0.0,0.0,0.0,0.0,0.0,1.814484606410297,0.2669774628966287,0.48902359145341134,0.0,0.0,0.0,0.0,0.052,0.052,-6.048487305117891,-6.048487305117891
2016.0,319.0,1.0,0.0,0.0,0.0,0.0,0.0,0.0,0.0,0.0,0.0,0.0,0.0,0.0,0.0,0.0,1.814484606410297,0.2669774628966287,0.48902359145341134,0.0,0.0,0.0,0.0,0.052,0.052,-6.048487305117891,-6.048487305117891
2016.0,319.0,1.5,0.0,0.0,0.0,0.0,0.0,0.0,0.0,0.0,0.0,0.0,0.0,0.0,0.0,0.0,1.814484606410297,0.2669774628966287,0.48902359145341134,0.0,0.0,0.0,0.0,0.052,0.052,-6.048487305117891,-6.048487305117891
2016.0,319.0,2.0,0.0,0.0,0.0,0.0,0.0,0.0,0.0,0.0,0.0,0.0,0.0,0.0,0.0,0.0,1.814484606410297,0.2669774628966287,0.48902359145341134,0.0,0.0,0.0,0.0,0.052,0.052,-6.048487305117891,-6.048487305117891
2016.0,319.0,2.5,0.0,0.0,0.0,0.0,0.0,0.0,0.0,0.0,0.0,0.0,0.0,0.0,0.0,0.0,1.814484606410297,0.2669774628966287,0.48902359145341134,0.0,0.0,0.0,0.0,0.052,0.052,-6.048487305117891,-6.048487305117891
2016.0,319.0,3.0,0.0,0.0,0.0,0.0,0.0,0.0,0.0,0.0,0.0,0.0,0.0,0.0,0.0,0.0,1.814484606410297,0.2669774628966287,0.48902359145341134,0.0,0.0,0.0,0.0,0.052,0.052,-6.048487305117891,-6.048487305117891
2016.0,319.0,3.5,0.0,0.0,0.0,0.0,0.0,0.0,0.0,0.0,0.0,0.0,0.0,0.0,0.0,0.0,1.814484606410297,0.2669774628966287,0.48902359145341134,0.0,0.0,0.0,0.0,0.052,0.052,-6.048487305117891,-6.048487305117891
2016.0,319.0,4.0,0.0,0.0,0.0,0.0,0.0,0.0,0.0,0.0,0.0,0.0,0.0,0.0,0.0,0.0,1.814484606410297,0.2669774628966287,0.48902359145341134,0.0,0.0,0.0,0.0,0.052,0.052,-6.048487305117891,-6.048487305117891
2016.0,319.0,4.5,0.0,0.0,0.0,0.0,0.0,0.0,0.0,0.0,0.0,0.0,0.0,0.0,0.0,0.0,1.814484606410297,0.2669774628966287,0.48902359145341134,0.0,0.0,0.0,0.0,0.052,0.052,-6.048487305117891,-6.048487305117891
2016.0,319.0,5.0,0.0,0.0,0.0,0.0,0.0,0.0,0.0,0.0,0.0,0.0,0.0,0.0,0.0,0.0,1.814484606410297,0.2669774628966287,0.48902359145341134,0.0,0.0,0.0,0.0,0.052,0.052,-6.048487305117891,-6.048487305117891
2016,319,5.5,0.0,0.0,0.0,0.0,0.0,0.0,0.0,0.0,0.0,0.0,0.0,0.0,True,True,1.1365260456957729,0.2669774628966287,0.48902359145341134,0.0,0.0,0.0,0.0,0.052,0.052,-6.048487305117891,-6.048487305117891
2016,319,6.0,0.0,0.0,0.0,0.0,0.0,0.0,0.0,0.0,0.0,0.0,0.0,0.0,True,True,1.1365260456957729,0.2669774628966287,0.48902359145341134,0.0,0.0,0.0,0.0,0.052,0.052,-6.048487305117891,-6.048487305117891
2016,319,6.5,0.8362929412196917,1.5980512781347214,0.03347397847475615,0.13062496901937415,12.314062240425475,28.794424081846874,0.0042052693840620905,0.01649086258226693,0.0,-6.226553673298895,20.36236191,20.359336408849458,False,False,1.1365260456957729,0.16606275365802942,0.48902359145341134,0.0,0.0,0.0,0.0,0.052,0.052,-6.048487305117891,-6.048487305117891
2016,319,7.0,5.459798515847521,0.0,0.2833375820372495,0.0,10.95161804649985,0.0,0.026521929894936985,0.0,0.0,0.0,3729.126675627037,0.0,False,0.0,1.1365260456957729,0.16606275365802942,0.48902359145341134,0.0,0.0,0.0,0.0,0.052,0.052,-6.048487305117891,-6.048487305117891
2016,319,7.5,1.8726030751357026,0.0,0.10512214858123706,0.0,10.647704373481403,0.0,0.008968002357764274,0.0,0.0,0.0,4190.515533937658,0.0,False,0.0,1.1365260456957729,0.16606275365802942,0.48902359145341134,0.0,0.0,0.0,0.0,0.052,0.052,-6.048487305117891,-6.048487305117891
2016,319,8.0,2.4704438747472137,0.0,0.16934617695210719,0.0,9.764448658635992,0.0,0.01152672257752673,0.0,0.0,0.0,5531.931852402842,0.0,False,0.0,1.1365260456957729,0.16606275365802942,0.48902359145341134,0.0,0.0,0.0,0.0,0.052,0.052,-6.048487305117891,-6.048487305117891
2016,319,8.5,3.5873108629745367,0.0,0.2710013571773837,0.0,9.34054379789447,0.0,0.016560915285979957,0.0,0.0,0.0,6974.175409503917,0.0,False,0.0,1.1365260456957729,0.16606275365802942,0.48902359145341134,0.0,0.0,0.0,0.0,0.052,0.052,-6.048487305117891,-6.048487305117891
2016,319,9.0,3.22274986649947,0.0,0.2441253883032385,0.0,9.333366175157266,0.0,0.0148686586597763,0.0,0.0,0.0,7730.452076677107,0.0,False,0.0,1.1365260456957729,0.16606275365802942,0.48902359145341134,0.0,0.0,0.0,0.0,0.052,0.052,-6.048487305117891,-6.048487305117891
2016,319,9.5,5.542801387355735,0.0,0.4446424897545876,0.0,9.08095493108409,0.0,0.025443312842615196,0.0,0.0,0.0,8954.676224780833,0.0,True,0.0,1.1365260456957729,0.16606275365802942,0.48902359145341134,0.0,0.0,0.0,0.0,0.052,0.052,-6.048487305117891,-6.048487305117891
2016,319,10.0,2.3598456740218916,0.0,0.19586152483389163,0.0,8.97800288462062,0.0,0.010758536747070313,0.0,0.0,0.0,9469.73735013248,0.0,False,0.0,1.1365260456957729,0.16606275365802942,0.48902359145341134,0.0,0.0,0.0,0.0,0.052,0.052,-6.048487305117891,-6.048487305117891
2016,319,10.5,0.21018333194135375,0.0,0.019160404606211132,0.0,7.207096161709858,0.0,0.0009082574987229482,0.0,0.0,0.0,11458.53036569896,0.0,False,0.0,1.1365260456957729,0.16606275365802942,0.48902359145341134,0.0,0.0,0.0,0.0,0.0515,0.0515,-6.452434612407716,-6.452434612407716
2016,319,11.0,0.0,0.252907285252967,0.0,0.023103108063764435,0.0,9.119714885661743,0.0,0.001196397585697379,0.0,-6.912376406368752,0.0,26.83230961894342,False,False,0.584232973397601,0.09511651149203419,0.48902359145341134,0.0,0.0,0.0,0.0,0.051,0.051,-6.8877024241280935,-6.8877024241280935
2016,319,11.5,0.0,0.0,0.0,0.0,0.0,0.0,0.0,0.0,0.0,0.0,0.0,0.0,False,0.0,0.584232973397601,0.09511651149203419,0.48902359145341134,0.0,0.0,0.0,0.0,0.051,0.051,-6.8877024241280935,-6.8877024241280935
2016,319,12.0,0.0,0.953507514067915,0.0,0.09013258567983218,0.0,12.075955039788827,0.0,0.004735268646372262,0.0,-6.986398353090729,0.0,27.10923938435046,False,False,0.584232973397601,0.08906536292939027,0.48902359145341134,0.0,0.0,0.0,0.0,0.051,0.051,-6.8877024241280935,-6.8877024241280935
2016,319,12.5,0.0,0.12445089080734473,0.0,0.009935439728528951,0.0,9.169683414388084,0.0,0.0005028957384166675,0.0,-6.898276987945518,0.0,27.42820995456041,False,False,0.584232973397601,0.09630277829364957,0.48902359145341134,0.0,0.0,0.0,0.0,0.051,0.051,-6.8877024241280935,-6.8877024241280935
2016,319,13.0,0.0,0.0,0.0,0.0,0.0,0.0,0.0,0.0,0.0,0.0,0.0,0.0,False,0.0,0.584232973397601,0.09630277829364957,0.48902359145341134,0.0,0.0,0.0,0.0,0.051,0.051,-6.8877024241280935,-6.8877024241280935
2016,319,13.5,0.0,1.1466230744836072,0.0,0.1161253478591189,0.0,13.687672452880658,0.0,0.005960998235004856,0.0,-7.025171753754622,0.0,26.523232132434543,False,False,0.584232973397601,0.0860127062355504,0.48902359145341134,0.0,0.0,0.0,0.0,0.051,0.051,-6.8877024241280935,-6.8877024241280935
2016,319,14.0,0.0,0.8284601950179091,0.0,0.07283723009504149,0.0,10.754316784462896,0.0,0.003916825129018616,0.0,-6.975823789273304,0.0,26.37944349329999,False,False,0.584232973397601,0.08991177310690854,0.48902359145341134,0.0,0.0,0.0,0.0,0.051,0.051,-6.8877024241280935,-6.8877024241280935
2016,319,14.5,0.0,0.09445043123983243,0.0,0.005693395039950929,0.0,7.7020296756990945,0.0,0.00034015675703654585,0.0,-6.89475213333971,0.0,26.100333842595738,False,False,0.584232973397601,0.09660104345784376,0.48902359145341134,0.0,0.0,0.0,0.0,0.051,0.051,-6.8877024241280935,-6.8877024241280935
2016,319,15.0,0.1372345019711274,2.0612227596724146,0.006618582847066621,0.1334704583373833,7.87779593161377,17.43565085135453,0.0006054423319707227,0.012248738482274294,0.0,-7.0815694274475565,23.66821115205411,23.671499856422784,False,False,0.584232973397601,0.08171348707985186,0.48902359145341134,0.0,0.0,0.0,0.0,0.051,0.051,-6.8877024241280935,-6.8877024241280935
2016.0,319.0,15.5,0.0,0.0,0.0,0.0,0.0,0.0,0.0,0.0,0.0,0.0,0.0,0.0,0.0,0.0,0.584232973397601,0.08171348707985186,0.48902359145341134,0.0,0.0,0.0,0.0,0.05,0.05,-7.863564046704504,-7.863564046704504
2016.0,319.0,16.0,0.0,0.0,0.0,0.0,0.0,0.0,0.0,0.0,0.0,0.0,0.0,0.0,0.0,0.0,0.584232973397601,0.08171348707985186,0.48902359145341134,0.0,0.0,0.0,0.0,0.05,0.05,-7.863564046704504,-7.863564046704504
2016.0,319.0,16.5,0.0,0.0,0.0,0.0,0.0,0.0,0.0,0.0,0.0,0.0,0.0,0.0,0.0,0.0,0.584232973397601,0.08171348707985186,0.48902359145341134,0.0,0.0,0.0,0.0,0.05,0.05,-7.863564046704504,-7.863564046704504
2016.0,319.0,17.0,0.0,0.0,0.0,0.0,0.0,0.0,0.0,0.0,0.0,0.0,0.0,0.0,0.0,0.0,0.584232973397601,0.08171348707985186,0.48902359145341134,0.0,0.0,0.0,0.0,0.05,0.05,-7.863564046704504,-7.863564046704504
2016.0,319.0,17.5,0.0,0.0,0.0,0.0,0.0,0.0,0.0,0.0,0.0,0.0,0.0,0.0,0.0,0.0,0.584232973397601,0.08171348707985186,0.48902359145341134,0.0,0.0,0.0,0.0,0.05,0.05,-7.863564046704504,-7.863564046704504
2016.0,319.0,18.0,0.0,0.0,0.0,0.0,0.0,0.0,0.0,0.0,0.0,0.0,0.0,0.0,0.0,0.0,0.584232973397601,0.08171348707985186,0.48902359145341134,0.0,0.0,0.0,0.0,0.05,0.05,-7.863564046704504,-7.863564046704504
2016.0,319.0,18.5,0.0,0.0,0.0,0.0,0.0,0.0,0.0,0.0,0.0,0.0,0.0,0.0,0.0,0.0,0.584232973397601,0.08171348707985186,0.48902359145341134,0.0,0.0,0.0,0.0,0.05,0.05,-7.863564046704504,-7.863564046704504
2016.0,319.0,19.0,0.0,0.0,0.0,0.0,0.0,0.0,0.0,0.0,0.0,0.0,0.0,0.0,0.0,0.0,0.584232973397601,0.08171348707985186,0.48902359145341134,0.0,0.0,0.0,0.0,0.05,0.05,-7.863564046704504,-7.863564046704504
2016.0,319.0,19.5,0.0,0.0,0.0,0.0,0.0,0.0,0.0,0.0,0.0,0.0,0.0,0.0,0.0,0.0,0.584232973397601,0.08171348707985186,0.48902359145341134,0.0,0.0,0.0,0.0,0.05,0.05,-7.863564046704504,-7.863564046704504
2016.0,319.0,20.0,0.0,0.0,0.0,0.0,0.0,0.0,0.0,0.0,0.0,0.0,0.0,0.0,0.0,0.0,0.584232973397601,0.08171348707985186,0.48902359145341134,0.0,0.0,0.0,0.0,0.05,0.05,-7.863564046704504,-7.863564046704504
2016.0,319.0,20.5,0.0,0.0,0.0,0.0,0.0,0.0,0.0,0.0,0.0,0.0,0.0,0.0,0.0,0.0,0.584232973397601,0.08171348707985186,0.48902359145341134,0.0,0.0,0.0,0.0,0.05,0.05,-7.863564046704504,-7.863564046704504
2016.0,319.0,21.0,0.0,0.0,0.0,0.0,0.0,0.0,0.0,0.0,0.0,0.0,0.0,0.0,0.0,0.0,0.584232973397601,0.08171348707985186,0.48902359145341134,0.0,0.0,0.0,0.0,0.05,0.05,-7.863564046704504,-7.863564046704504
2016.0,319.0,21.5,0.0,0.0,0.0,0.0,0.0,0.0,0.0,0.0,0.0,0.0,0.0,0.0,0.0,0.0,0.584232973397601,0.08171348707985186,0.48902359145341134,0.0,0.0,0.0,0.0,0.05,0.05,-7.863564046704504,-7.863564046704504
2016.0,319.0,22.0,0.0,0.0,0.0,0.0,0.0,0.0,0.0,0.0,0.0,0.0,0.0,0.0,0.0,0.0,0.584232973397601,0.08171348707985186,0.48902359145341134,0.0,0.0,0.0,0.0,0.05,0.05,-7.863564046704504,-7.863564046704504
2016.0,319.0,22.5,0.0,0.0,0.0,0.0,0.0,0.0,0.0,0.0,0.0,0.0,0.0,0.0,0.0,0.0,0.584232973397601,0.08171348707985186,0.48902359145341134,0.0,0.0,0.0,0.0,0.05,0.05,-7.863564046704504,-7.863564046704504
2016.0,319.0,23.0,0.0,0.0,0.0,0.0,0.0,0.0,0.0,0.0,0.0,0.0,0.0,0.0,0.0,0.0,0.584232973397601,0.08171348707985186,0.48902359145341134,0.0,0.0,0.0,0.0,0.05,0.05,-7.863564046704504,-7.863564046704504
2016.0,319.0,23.5,0.0,0.0,0.0,0.0,0.0,0.0,0.0,0.0,0.0,0.0,0.0,0.0,0.0,0.0,0.584232973397601,0.08171348707985186,0.48902359145341134,0.0,0.0,0.0,0.0,0.05,0.05,-7.863564046704504,-7.863564046704504
2016.0,320.0,0.0,0.0,0.0,0.0,0.0,0.0,0.0,0.0,0.0,0.0,0.0,0.0,0.0,0.0,0.0,0.584232973397601,0.08171348707985186,0.48902359145341134,0.0,0.0,0.0,0.0,0.05,0.05,-7.863564046704504,-7.863564046704504
2016.0,320.0,0.5,0.0,0.0,0.0,0.0,0.0,0.0,0.0,0.0,0.0,0.0,0.0,0.0,0.0,0.0,0.584232973397601,0.08171348707985186,0.48902359145341134,0.0,0.0,0.0,0.0,0.05,0.05,-7.863564046704504,-7.863564046704504
2016.0,320.0,1.0,0.0,0.0,0.0,0.0,0.0,0.0,0.0,0.0,0.0,0.0,0.0,0.0,0.0,0.0,0.584232973397601,0.08171348707985186,0.48902359145341134,0.0,0.0,0.0,0.0,0.05,0.05,-7.863564046704504,-7.863564046704504
2016.0,320.0,1.5,0.0,0.0,0.0,0.0,0.0,0.0,0.0,0.0,0.0,0.0,0.0,0.0,0.0,0.0,0.584232973397601,0.08171348707985186,0.48902359145341134,0.0,0.0,0.0,0.0,0.05,0.05,-7.863564046704504,-7.863564046704504
2016.0,320.0,2.0,0.0,0.0,0.0,0.0,0.0,0.0,0.0,0.0,0.0,0.0,0.0,0.0,0.0,0.0,0.584232973397601,0.08171348707985186,0.48902359145341134,0.0,0.0,0.0,0.0,0.05,0.05,-7.863564046704504,-7.863564046704504
2016.0,320.0,2.5,0.0,0.0,0.0,0.0,0.0,0.0,0.0,0.0,0.0,0.0,0.0,0.0,0.0,0.0,0.584232973397601,0.08171348707985186,0.48902359145341134,0.0,0.0,0.0,0.0,0.05,0.05,-7.863564046704504,-7.863564046704504
2016.0,320.0,3.0,0.0,0.0,0.0,0.0,0.0,0.0,0.0,0.0,0.0,0.0,0.0,0.0,0.0,0.0,0.584232973397601,0.08171348707985186,0.48902359145341134,0.0,0.0,0.0,0.0,0.05,0.05,-7.863564046704504,-7.863564046704504
2016.0,320.0,3.5,0.0,0.0,0.0,0.0,0.0,0.0,0.0,0.0,0.0,0.0,0.0,0.0,0.0,0.0,0.584232973397601,0.08171348707985186,0.48902359145341134,0.0,0.0,0.0,0.0,0.05,0.05,-7.863564046704504,-7.863564046704504
2016.0,320.0,4.0,0.0,0.0,0.0,0.0,0.0,0.0,0.0,0.0,0.0,0.0,0.0,0.0,0.0,0.0,0.584232973397601,0.08171348707985186,0.48902359145341134,0.0,0.0,0.0,0.0,0.05,0.05,-7.863564046704504,-7.863564046704504
2016.0,320.0,4.5,0.0,0.0,0.0,0.0,0.0,0.0,0.0,0.0,0.0,0.0,0.0,0.0,0.0,0.0,0.584232973397601,0.08171348707985186,0.48902359145341134,0.0,0.0,0.0,0.0,0.051,0.051,-6.8877024241280935,-6.8877024241280935
2016.0,320.0,5.0,0.0,0.0,0.0,0.0,0.0,0.0,0.0,0.0,0.0,0.0,0.0,0.0,0.0,0.0,0.584232973397601,0.08171348707985186,0.48902359145341134,0.0,0.0,0.0,0.0,0.0505,0.0505,-7.357062769630571,-7.357062769630571
2016.0,320.0,5.5,0.0,0.0,0.0,0.0,0.0,0.0,0.0,0.0,0.0,0.0,0.0,0.0,0.0,0.0,0.584232973397601,0.08171348707985186,0.48902359145341134,0.0,0.0,0.0,0.0,0.0505,0.0505,-7.357062769630571,-7.357062769630571
2016,320,6.0,1.0953586576589822,1.5416117323392413,0.01835503284118655,0.037071244999166246,12.46621592063564,22.282445704208946,0.005540793083507716,0.011220588364077787,0.0,-7.025171753754622,17.273484089570747,17.259804647700204,False,False,0.584232973397601,0.0860127062355504,0.48902359145341134,0.0,0.0,0.0,0.0,0.051,0.051,-6.8877024241280935,-6.8877024241280935
2016,320,6.5,1.989218757312868,0.0,0.033971792834442086,0.0,12.286494857763827,0.0,0.010053839553754527,0.0,0.0,0.0,-2009.8540232695436,0.0,False,0.0,0.584232973397601,0.0860127062355504,0.48902359145341134,0.0,0.0,0.0,0.0,0.051,0.051,-6.8877024241280935,-6.8877024241280935
2016,320,7.0,1.8914403991315591,2.718109404209689,0.029702552302405042,0.06144593339988538,12.778478799795383,22.68903595303108,0.009687450970835444,0.0201091871676435,0.0,-7.014597189937197,18.504469432233467,18.501679437991818,False,False,0.584232973397601,0.086837357466166,0.48902359145341134,0.0,0.0,0.0,0.0,0.051,0.051,-6.8877024241280935,-6.8877024241280935
2016,320,7.5,1.949305252533402,0.1640067016253186,0.03961724022054976,0.002752017702752834,9.36590036049514,4.756020211778569,0.0089920645945519,0.0006230627621937751,0.0,-7.364060329059316,19.23352107702587,19.234074978088664,False,False,0.3787387708429918,0.06258378688047023,0.48902359145341134,0.0,0.0,0.0,0.0,0.0505,0.0505,-7.357062769630571,-7.357062769630571
2016.0,320.0,8.0,0.0,0.0,0.0,0.0,0.0,0.0,0.0,0.0,0.0,0.0,0.0,0.0,0.0,0.0,0.3787387708429918,0.06258378688047023,0.48902359145341134,0.0,0.0,0.0,0.0,0.05,0.05,-7.863564046704504,-7.863564046704504
2016.0,320.0,8.5,0.0,0.0,0.0,0.0,0.0,0.0,0.0,0.0,0.0,0.0,0.0,0.0,0.0,0.0,0.3787387708429918,0.06258378688047023,0.48902359145341134,0.0,0.0,0.0,0.0,0.05,0.05,-7.863564046704504,-7.863564046704504
2016.0,320.0,9.0,0.0,0.0,0.0,0.0,0.0,0.0,0.0,0.0,0.0,0.0,0.0,0.0,0.0,0.0,0.3787387708429918,0.06258378688047023,0.48902359145341134,0.0,0.0,0.0,0.0,0.05,0.05,-7.863564046704504,-7.863564046704504
2016.0,320.0,9.5,0.0,0.0,0.0,0.0,0.0,0.0,0.0,0.0,0.0,0.0,0.0,0.0,0.0,0.0,0.3787387708429918,0.06258378688047023,0.48902359145341134,0.0,0.0,0.0,0.0,0.05,0.05,-7.863564046704504,-7.863564046704504
2016.0,320.0,10.0,0.0,0.0,0.0,0.0,0.0,0.0,0.0,0.0,0.0,0.0,0.0,0.0,0.0,0.0,0.3787387708429918,0.06258378688047023,0.48902359145341134,0.0,0.0,0.0,0.0,0.05,0.05,-7.863564046704504,-7.863564046704504
2016.0,320.0,10.5,0.0,0.0,0.0,0.0,0.0,0.0,0.0,0.0,0.0,0.0,0.0,0.0,0.0,0.0,0.3787387708429918,0.06258378688047023,0.48902359145341134,0.0,0.0,0.0,0.0,0.05,0.05,-7.863564046704504,-7.863564046704504
2016.0,320.0,11.0,0.0,0.0,0.0,0.0,0.0,0.0,0.0,0.0,0.0,0.0,0.0,0.0,0.0,0.0,0.3787387708429918,0.06258378688047023,0.48902359145341134,0.0,0.0,0.0,0.0,0.05,0.05,-7.863564046704504,-7.863564046704504
2016.0,320.0,11.5,0.0,0.0,0.0,0.0,0.0,0.0,0.0,0.0,0.0,0.0,0.0,0.0,0.0,0.0,0.3787387708429918,0.06258378688047023,0.48902359145341134,0.0,0.0,0.0,0.0,0.05,0.05,-7.863564046704504,-7.863564046704504
2016.0,320.0,12.0,0.0,0.0,0.0,0.0,0.0,0.0,0.0,0.0,0.0,0.0,0.0,0.0,0.0,0.0,0.3787387708429918,0.06258378688047023,0.48902359145341134,0.0,0.0,0.0,0.0,0.05,0.05,-7.863564046704504,-7.863564046704504
2016.0,320.0,12.5,0.0,0.0,0.0,0.0,0.0,0.0,0.0,0.0,0.0,0.0,0.0,0.0,0.0,0.0,0.3787387708429918,0.06258378688047023,0.48902359145341134,0.0,0.0,0.0,0.0,0.05,0.05,-7.863564046704504,-7.863564046704504
2016.0,320.0,13.0,0.0,0.0,0.0,0.0,0.0,0.0,0.0,0.0,0.0,0.0,0.0,0.0,0.0,0.0,0.3787387708429918,0.06258378688047023,0.48902359145341134,0.0,0.0,0.0,0.0,0.05,0.05,-7.863564046704504,-7.863564046704504
2016.0,320.0,13.5,0.0,0.0,0.0,0.0,0.0,0.0,0.0,0.0,0.0,0.0,0.0,0.0,0.0,0.0,0.3787387708429918,0.06258378688047023,0.48902359145341134,0.0,0.0,0.0,0.0,0.05,0.05,-7.863564046704504,-7.863564046704504
2016.0,320.0,14.0,0.0,0.0,0.0,0.0,0.0,0.0,0.0,0.0,0.0,0.0,0.0,0.0,0.0,0.0,0.3787387708429918,0.06258378688047023,0.48902359145341134,0.0,0.0,0.0,0.0,0.0495,0.0495,-8.213147767034087,-8.213147767034087
2016.0,320.0,14.5,0.0,0.0,0.0,0.0,0.0,0.0,0.0,0.0,0.0,0.0,0.0,0.0,0.0,0.0,0.3787387708429918,0.06258378688047023,0.48902359145341134,0.0,0.0,0.0,0.0,0.049,0.049,-8.578272630895233,-8.578272630895233
2016.0,320.0,15.0,0.0,0.0,0.0,0.0,0.0,0.0,0.0,0.0,0.0,0.0,0.0,0.0,0.0,0.0,0.3787387708429918,0.06258378688047023,0.48902359145341134,0.0,0.0,0.0,0.0,0.049,0.049,-8.578272630895233,-8.578272630895233
2016.0,320.0,15.5,0.0,0.0,0.0,0.0,0.0,0.0,0.0,0.0,0.0,0.0,0.0,0.0,0.0,0.0,0.3787387708429918,0.06258378688047023,0.48902359145341134,0.0,0.0,0.0,0.0,0.049,0.049,-8.578272630895233,-8.578272630895233
2016.0,320.0,16.0,0.0,0.0,0.0,0.0,0.0,0.0,0.0,0.0,0.0,0.0,0.0,0.0,0.0,0.0,0.3787387708429918,0.06258378688047023,0.48902359145341134,0.0,0.0,0.0,0.0,0.049,0.049,-8.578272630895233,-8.578272630895233
2016.0,320.0,16.5,0.0,0.0,0.0,0.0,0.0,0.0,0.0,0.0,0.0,0.0,0.0,0.0,0.0,0.0,0.3787387708429918,0.06258378688047023,0.48902359145341134,0.0,0.0,0.0,0.0,0.049,0.049,-8.578272630895233,-8.578272630895233
2016.0,320.0,17.0,0.0,0.0,0.0,0.0,0.0,0.0,0.0,0.0,0.0,0.0,0.0,0.0,0.0,0.0,0.3787387708429918,0.06258378688047023,0.48902359145341134,0.0,0.0,0.0,0.0,0.049,0.049,-8.578272630895233,-8.578272630895233
2016.0,320.0,17.5,0.0,0.0,0.0,0.0,0.0,0.0,0.0,0.0,0.0,0.0,0.0,0.0,0.0,0.0,0.3787387708429918,0.06258378688047023,0.48902359145341134,0.0,0.0,0.0,0.0,0.049,0.049,-8.578272630895233,-8.578272630895233
2016.0,320.0,18.0,0.0,0.0,0.0,0.0,0.0,0.0,0.0,0.0,0.0,0.0,0.0,0.0,0.0,0.0,0.3787387708429918,0.06258378688047023,0.48902359145341134,0.0,0.0,0.0,0.0,0.049,0.049,-8.578272630895233,-8.578272630895233
2016.0,320.0,18.5,0.0,0.0,0.0,0.0,0.0,0.0,0.0,0.0,0.0,0.0,0.0,0.0,0.0,0.0,0.3787387708429918,0.06258378688047023,0.48902359145341134,0.0,0.0,0.0,0.0,0.049,0.049,-8.578272630895233,-8.578272630895233
2016.0,320.0,19.0,0.0,0.0,0.0,0.0,0.0,0.0,0.0,0.0,0.0,0.0,0.0,0.0,0.0,0.0,0.3787387708429918,0.06258378688047023,0.48902359145341134,0.0,0.0,0.0,0.0,0.049,0.049,-8.578272630895233,-8.578272630895233
2016.0,320.0,19.5,0.0,0.0,0.0,0.0,0.0,0.0,0.0,0.0,0.0,0.0,0.0,0.0,0.0,0.0,0.3787387708429918,0.06258378688047023,0.48902359145341134,0.0,0.0,0.0,0.0,0.049,0.049,-8.578272630895233,-8.578272630895233
2016.0,320.0,20.0,0.0,0.0,0.0,0.0,0.0,0.0,0.0,0.0,0.0,0.0,0.0,0.0,0.0,0.0,0.3787387708429918,0.06258378688047023,0.48902359145341134,0.0,0.0,0.0,0.0,0.049,0.049,-8.578272630895233,-8.578272630895233
2016.0,320.0,20.5,0.0,0.0,0.0,0.0,0.0,0.0,0.0,0.0,0.0,0.0,0.0,0.0,0.0,0.0,0.3787387708429918,0.06258378688047023,0.48902359145341134,0.0,0.0,0.0,0.0,0.049,0.049,-8.578272630895233,-8.578272630895233
2016.0,320.0,21.0,0.0,0.0,0.0,0.0,0.0,0.0,0.0,0.0,0.0,0.0,0.0,0.0,0.0,0.0,0.3787387708429918,0.06258378688047023,0.48902359145341134,0.0,0.0,0.0,0.0,0.049,0.049,-8.578272630895233,-8.578272630895233
2016.0,320.0,21.5,0.0,0.0,0.0,0.0,0.0,0.0,0.0,0.0,0.0,0.0,0.0,0.0,0.0,0.0,0.3787387708429918,0.06258378688047023,0.48902359145341134,0.0,0.0,0.0,0.0,0.049,0.049,-8.578272630895233,-8.578272630895233
2016.0,320.0,22.0,0.0,0.0,0.0,0.0,0.0,0.0,0.0,0.0,0.0,0.0,0.0,0.0,0.0,0.0,0.3787387708429918,0.06258378688047023,0.48902359145341134,0.0,0.0,0.0,0.0,0.049,0.049,-8.578272630895233,-8.578272630895233
2016.0,320.0,22.5,0.0,0.0,0.0,0.0,0.0,0.0,0.0,0.0,0.0,0.0,0.0,0.0,0.0,0.0,0.3787387708429918,0.06258378688047023,0.48902359145341134,0.0,0.0,0.0,0.0,0.049,0.049,-8.578272630895233,-8.578272630895233
2016.0,320.0,23.0,0.0,0.0,0.0,0.0,0.0,0.0,0.0,0.0,0.0,0.0,0.0,0.0,0.0,0.0,0.3787387708429918,0.06258378688047023,0.48902359145341134,0.0,0.0,0.0,0.0,0.049,0.049,-8.578272630895233,-8.578272630895233
2016.0,320.0,23.5,0.0,0.0,0.0,0.0,0.0,0.0,0.0,0.0,0.0,0.0,0.0,0.0,0.0,0.0,0.3787387708429918,0.06258378688047023,0.48902359145341134,0.0,0.0,0.0,0.0,0.049,0.049,-8.578272630895233,-8.578272630895233
