year,doy,hod,A(uso),A(pmax),E(uso),E(pmax),Ci(uso),Ci(pmax),gs(uso),gs(pmax),Pleaf(uso),Pleaf(pmax),Tleaf(uso),Tleaf(pmax),Rublim(uso),Rublim(pmax),ksc(pmax),VCsun(pmax),VCsha(pmax),Eci(uso),Eci(pmax),Es(uso),Es(pmax),sw(uso),sw(pmax),Ps(uso),Ps(pmax)
[-],[-],[h],[umol m-2 s-1],[umol m-2 s-1],[mmol m-2 s-1],[mmol m-2 s-1],[Pa],[Pa],[mol m-2 s-1],[mol m-2 s-1],[MPa],[MPa],[degC],[degC],[-],[-],[mmol m-2 s-1 MPa-1],[-],[-],[mmol m-2 s-1],[mmol m-2 s-1],[mmol m-2 s-1],[mmol m-2 s-1],[m3 m-3],[m3 m-3],[MPa],[MPa]
2016.0,303.0,0.0,0.0,0.0,0.0,0.0,0.0,0.0,0.0,0.0,0.0,0.0,0.0,0.0,0.0,0.0,6.010651,1.0,1.0,0.0,0.0,0.0,0.0,0.112,0.112,-0.03564977988411399,-0.03564977988411399
2016.0,303.0,0.5,0.0,0.0,0.0,0.0,0.0,0.0,0.0,0.0,0.0,0.0,0.0,0.0,0.0,0.0,6.010651,1.0,1.0,0.0,0.0,0.0,0.0,0.112,0.112,-0.03564977988411399,-0.03564977988411399
2016.0,303.0,1.0,0.0,0.0,0.0,0.0,0.0,0.0,0.0,0.0,0.0,0.0,0.0,0.0,0.0,0.0,6.010651,1.0,1.0,0.0,0.0,0.0,0.0,0.112,0.112,-0.03564977988411399,-0.03564977988411399
2016.0,303.0,1.5,0.0,0.0,0.0,0.0,0.0,0.0,0.0,0.0,0.0,0.0,0.0,0.0,0.0,0.0,6.010651,1.0,1.0,0.0,0.0,0.0,0.0,0.112,0.112,-0.03564977988411399,-0.03564977988411399
2016.0,303.0,2.0,0.0,0.0,0.0,0.0,0.0,0.0,0.0,0.0,0.0,0.0,0.0,0.0,0.0,0.0,6.010651,1.0,1.0,0.0,0.0,0.0,0.0,0.112,0.112,-0.03564977988411399,-0.03564977988411399
2016.0,303.0,2.5,0.0,0.0,0.0,0.0,0.0,0.0,0.0,0.0,0.0,0.0,0.0,0.0,0.0,0.0,6.010651,1.0,1.0,0.0,0.0,0.0,0.0,0.112,0.112,-0.03564977988411399,-0.03564977988411399
2016.0,303.0,3.0,0.0,0.0,0.0,0.0,0.0,0.0,0.0,0.0,0.0,0.0,0.0,0.0,0.0,0.0,6.010651,1.0,1.0,0.0,0.0,0.0,0.0,0.112,0.112,-0.03564977988411399,-0.03564977988411399
2016.0,303.0,3.5,0.0,0.0,0.0,0.0,0.0,0.0,0.0,0.0,0.0,0.0,0.0,0.0,0.0,0.0,6.010651,1.0,1.0,0.0,0.0,0.0,0.0,0.112,0.112,-0.03564977988411399,-0.03564977988411399
2016.0,303.0,4.0,0.0,0.0,0.0,0.0,0.0,0.0,0.0,0.0,0.0,0.0,0.0,0.0,0.0,0.0,6.010651,1.0,1.0,0.0,0.0,0.0,0.0,0.112,0.112,-0.03564977988411399,-0.03564977988411399
2016.0,303.0,4.5,0.0,0.0,0.0,0.0,0.0,0.0,0.0,0.0,0.0,0.0,0.0,0.0,0.0,0.0,6.010651,1.0,1.0,0.0,0.0,0.0,0.0,0.112,0.112,-0.03564977988411399,-0.03564977988411399
2016.0,303.0,5.0,0.0,0.0,0.0,0.0,0.0,0.0,0.0,0.0,0.0,0.0,0.0,0.0,0.0,0.0,6.010651,1.0,1.0,0.0,0.0,0.0,0.0,0.112,0.112,-0.03564977988411399,-0.03564977988411399
2016.0,303.0,5.5,0.0,0.0,0.0,0.0,0.0,0.0,0.0,0.0,0.0,0.0,0.0,0.0,0.0,0.0,6.010651,1.0,1.0,0.0,0.0,0.0,0.0,0.112,0.112,-0.03564977988411399,-0.03564977988411399
2016.0,303.0,6.0,0.0,0.0,0.0,0.0,0.0,0.0,0.0,0.0,0.0,0.0,0.0,0.0,0.0,0.0,6.010651,1.0,1.0,0.0,0.0,0.0,0.0,0.112,0.112,-0.03564977988411399,-0.03564977988411399
2016,303,6.5,0.0,0.0,0.0,0.0,0.0,0.0,0.0,0.0,0.0,0.0,0.0,0.0,True,True,6.01063392215407,1.0,1.0,0.0,0.0,0.0,0.0,0.112,0.112,-0.03564977988411399,-0.03564977988411399
2016,303,7.0,0.0,0.0,0.0,0.0,0.0,0.0,0.0,0.0,0.0,0.0,0.0,0.0,True,True,6.010632546886653,1.0,1.0,0.0,0.0,0.003650374619603474,0.003650374619603474,0.1115,0.1115,-0.03673320302919571,-0.03673320302919571
2016,303,7.5,0.0,0.0,0.0,0.0,0.0,0.0,0.0,0.0,0.0,0.0,0.0,0.0,True,0.0,6.010632546886653,1.0,1.0,0.0,0.0,0.01866849096374706,0.01866849096374706,0.111,0.111,-0.037854645342310235,-0.037854645342310235
2016,303,8.0,0.0,0.0,0.0,0.0,0.0,0.0,0.0,0.0,0.0,0.0,0.0,0.0,True,0.0,6.010632546886653,1.0,1.0,0.0,0.0,0.04177000339175591,0.04177000339175591,0.111,0.111,-0.037854645342310235,-0.037854645342310235
2016,303,8.5,0.0,0.0,0.0,0.0,0.0,0.0,0.0,0.0,0.0,0.0,0.0,0.0,True,0.0,6.010632546886653,1.0,1.0,0.0,0.0,0.04456911876386062,0.04456911876386062,0.111,0.111,-0.037854645342310235,-0.037854645342310235
2016,303,9.0,0.0,0.0,0.0,0.0,0.0,0.0,0.0,0.0,0.0,0.0,0.0,0.0,True,0.0,6.010632546886653,1.0,1.0,0.0,0.0,0.34953314992489865,0.34953314992489865,0.111,0.111,-0.037854645342310235,-0.037854645342310235
2016,303,9.5,0.0,0.0,0.0,0.0,0.0,0.0,0.0,0.0,0.0,0.0,0.0,0.0,True,0.0,6.010632546886653,1.0,1.0,0.0,0.0,0.3371133478128862,0.3371133478128862,0.111,0.111,-0.037854645342310235,-0.037854645342310235
2016,303,10.0,0.0,0.0,0.0,0.0,0.0,0.0,0.0,0.0,0.0,0.0,0.0,0.0,True,0.0,6.010632546886653,1.0,1.0,0.0,0.0,0.2216814912758102,0.2216814912758102,0.111,0.111,-0.037854645342310235,-0.037854645342310235
2016,303,10.5,0.0,0.0,0.0,0.0,0.0,0.0,0.0,0.0,0.0,0.0,0.0,0.0,True,0.0,6.010632546886653,1.0,1.0,0.0,0.0,0.3070574843358294,0.3070574843358294,0.111,0.111,-0.037854645342310235,-0.037854645342310235
2016,303,11.0,0.0,0.0,0.0,0.0,0.0,0.0,0.0,0.0,0.0,0.0,0.0,0.0,True,0.0,6.010632546886653,1.0,1.0,0.0,0.0,0.09219015438544031,0.09219015438544031,0.111,0.111,-0.037854645342310235,-0.037854645342310235
2016,303,11.5,0.0,0.0,0.0,0.0,0.0,0.0,0.0,0.0,0.0,0.0,0.0,0.0,True,0.0,6.010632546886653,1.0,1.0,0.0,0.0,0.07485982086878933,0.07485982086878933,0.111,0.111,-0.037854645342310235,-0.037854645342310235
2016,303,12.0,0.0,0.0,0.0,0.0,0.0,0.0,0.0,0.0,0.0,0.0,0.0,0.0,True,0.0,6.010632546886653,1.0,1.0,0.0,0.0,0.01974290856366594,0.01974290856366594,0.111,0.111,-0.037854645342310235,-0.037854645342310235
2016,303,12.5,0.0,0.0,0.0,0.0,0.0,0.0,0.0,0.0,0.0,0.0,0.0,0.0,True,0.0,6.010632546886653,1.0,1.0,0.0,0.0,0.01083015316745983,0.01083015316745983,0.11,0.11,-0.040217713132218724,-0.040217713132218724
2016,303,13.0,0.0,0.0,0.0,0.0,0.0,0.0,0.0,0.0,0.0,0.0,0.0,0.0,True,0.0,6.010632546886653,1.0,1.0,0.0,0.0,0.033236354612020506,0.033236354612020506,0.11,0.11,-0.040217713132218724,-0.040217713132218724
2016,303,13.5,0.0,0.0,0.0,0.0,0.0,0.0,0.0,0.0,0.0,0.0,0.0,0.0,True,0.0,6.010632546886653,1.0,1.0,0.0,0.0,0.06515875818366826,0.06515875818366826,0.11,0.11,-0.040217713132218724,-0.040217713132218724
2016,303,14.0,0.0,0.0,0.0,0.0,0.0,0.0,0.0,0.0,0.0,0.0,0.0,0.0,True,0.0,6.010632546886653,1.0,1.0,0.0,0.0,0.039691762269428686,0.039691762269428686,0.11,0.11,-0.040217713132218724,-0.040217713132218724
2016,303,14.5,0.0,0.0,0.0,0.0,0.0,0.0,0.0,0.0,0.0,0.0,0.0,0.0,True,True,6.01062767123044,1.0,1.0,0.0,0.0,0.005566401644582514,0.005566401644582514,0.11,0.11,-0.040217713132218724,-0.040217713132218724
2016.0,303.0,15.0,0.0,0.0,0.0,0.0,0.0,0.0,0.0,0.0,0.0,0.0,0.0,0.0,0.0,0.0,6.01062767123044,1.0,1.0,0.0,0.0,0.0006936754898177936,0.0006936754898177936,0.11,0.11,-0.040217713132218724,-0.040217713132218724
2016,303,15.5,0.0,0.0,0.0,0.0,0.0,0.0,0.0,0.0,0.0,0.0,0.0,0.0,True,0.0,6.01062767123044,1.0,1.0,0.0,0.0,0.03672190360069857,0.03672190360069857,0.11,0.11,-0.040217713132218724,-0.040217713132218724
2016,303,16.0,0.0,0.0,0.0,0.0,0.0,0.0,0.0,0.0,0.0,0.0,0.0,0.0,True,0.0,6.01062767123044,1.0,1.0,0.0,0.0,0.02118336963740476,0.02118336963740476,0.11,0.11,-0.040217713132218724,-0.040217713132218724
2016,303,16.5,0.0,0.0,0.0,0.0,0.0,0.0,0.0,0.0,0.0,0.0,0.0,0.0,True,True,6.01062767123044,1.0,1.0,0.0,0.0,0.010420701674549662,0.010420701674549662,0.11,0.11,-0.040217713132218724,-0.040217713132218724
2016,303,17.0,0.0,0.0,0.0,0.0,0.0,0.0,0.0,0.0,0.0,0.0,0.0,0.0,True,True,6.01062767123044,1.0,1.0,0.0,0.0,0.004038136298296049,0.004038136298296049,0.11,0.11,-0.040217713132218724,-0.040217713132218724
2016.0,303.0,17.5,0.0,0.0,0.0,0.0,0.0,0.0,0.0,0.0,0.0,0.0,0.0,0.0,0.0,0.0,6.01062767123044,1.0,1.0,0.0,0.0,0.0,0.0,0.11,0.11,-0.040217713132218724,-0.040217713132218724
2016.0,303.0,18.0,0.0,0.0,0.0,0.0,0.0,0.0,0.0,0.0,0.0,0.0,0.0,0.0,0.0,0.0,6.01062767123044,1.0,1.0,0.0,0.0,0.0,0.0,0.109,0.109,-0.04275193063584228,-0.04275193063584228
2016.0,303.0,18.5,0.0,0.0,0.0,0.0,0.0,0.0,0.0,0.0,0.0,0.0,0.0,0.0,0.0,0.0,6.01062767123044,1.0,1.0,0.0,0.0,0.0,0.0,0.109,0.109,-0.04275193063584228,-0.04275193063584228
2016.0,303.0,19.0,0.0,0.0,0.0,0.0,0.0,0.0,0.0,0.0,0.0,0.0,0.0,0.0,0.0,0.0,6.01062767123044,1.0,1.0,0.0,0.0,0.0,0.0,0.109,0.109,-0.04275193063584228,-0.04275193063584228
2016.0,303.0,19.5,0.0,0.0,0.0,0.0,0.0,0.0,0.0,0.0,0.0,0.0,0.0,0.0,0.0,0.0,6.01062767123044,1.0,1.0,0.0,0.0,0.0,0.0,0.109,0.109,-0.04275193063584228,-0.04275193063584228
2016.0,303.0,20.0,0.0,0.0,0.0,0.0,0.0,0.0,0.0,0.0,0.0,0.0,0.0,0.0,0.0,0.0,6.01062767123044,1.0,1.0,0.0,0.0,0.0,0.0,0.109,0.109,-0.04275193063584228,-0.04275193063584228
2016.0,303.0,20.5,0.0,0.0,0.0,0.0,0.0,0.0,0.0,0.0,0.0,0.0,0.0,0.0,0.0,0.0,6.01062767123044,1.0,1.0,0.0,0.0,0.0,0.0,0.109,0.109,-0.04275193063584228,-0.04275193063584228
2016.0,303.0,21.0,0.0,0.0,0.0,0.0,0.0,0.0,0.0,0.0,0.0,0.0,0.0,0.0,0.0,0.0,6.01062767123044,1.0,1.0,0.0,0.0,0.0,0.0,0.109,0.109,-0.04275193063584228,-0.04275193063584228
2016.0,303.0,21.5,0.0,0.0,0.0,0.0,0.0,0.0,0.0,0.0,0.0,0.0,0.0,0.0,0.0,0.0,6.01062767123044,1.0,1.0,0.0,0.0,0.0,0.0,0.109,0.109,-0.04275193063584228,-0.04275193063584228
2016.0,303.0,22.0,0.0,0.0,0.0,0.0,0.0,0.0,0.0,0.0,0.0,0.0,0.0,0.0,0.0,0.0,6.01062767123044,1.0,1.0,0.0,0.0,0.0,0.0,0.109,0.109,-0.04275193063584228,-0.04275193063584228
2016.0,303.0,22.5,0.0,0.0,0.0,0.0,0.0,0.0,0.0,0.0,0.0,0.0,0.0,0.0,0.0,0.0,6.01062767123044,1.0,1.0,0.0,0.0,0.0,0.0,0.109,0.109,-0.04275193063584228,-0.04275193063584228
2016.0,303.0,23.0,0.0,0.0,0.0,0.0,0.0,0.0,0.0,0.0,0.0,0.0,0.0,0.0,0.0,0.0,6.01062767123044,1.0,1.0,0.0,0.0,0.0,0.0,0.109,0.109,-0.04275193063584228,-0.04275193063584228
2016.0,303.0,23.5,0.0,0.0,0.0,0.0,0.0,0.0,0.0,0.0,0.0,0.0,0.0,0.0,0.0,0.0,6.01062767123044,1.0,1.0,0.0,0.0,0.0,0.0,0.109,0.109,-0.04275193063584228,-0.04275193063584228
2016.0,304.0,0.0,0.0,0.0,0.0,0.0,0.0,0.0,0.0,0.0,0.0,0.0,0.0,0.0,0.0,0.0,6.01062767123044,1.0,1.0,0.0,0.0,0.0,0.0,0.109,0.109,-0.04275193063584228,-0.04275193063584228
2016.0,304.0,0.5,0.0,0.0,0.0,0.0,0.0,0.0,0.0,0.0,0.0,0.0,0.0,0.0,0.0,0.0,6.01062767123044,1.0,1.0,0.0,0.0,0.0,0.0,0.109,0.109,-0.04275193063584228,-0.04275193063584228
2016.0,304.0,1.0,0.0,0.0,0.0,0.0,0.0,0.0,0.0,0.0,0.0,0.0,0.0,0.0,0.0,0.0,6.01062767123044,1.0,1.0,0.0,0.0,0.0,0.0,0.109,0.109,-0.04275193063584228,-0.04275193063584228
2016.0,304.0,1.5,0.0,0.0,0.0,0.0,0.0,0.0,0.0,0.0,0.0,0.0,0.0,0.0,0.0,0.0,6.01062767123044,1.0,1.0,0.0,0.0,0.0,0.0,0.109,0.109,-0.04275193063584228,-0.04275193063584228
2016.0,304.0,2.0,0.0,0.0,0.0,0.0,0.0,0.0,0.0,0.0,0.0,0.0,0.0,0.0,0.0,0.0,6.01062767123044,1.0,1.0,0.0,0.0,0.0,0.0,0.109,0.109,-0.04275193063584228,-0.04275193063584228
2016.0,304.0,2.5,0.0,0.0,0.0,0.0,0.0,0.0,0.0,0.0,0.0,0.0,0.0,0.0,0.0,0.0,6.01062767123044,1.0,1.0,0.0,0.0,0.0,0.0,0.109,0.109,-0.04275193063584228,-0.04275193063584228
2016.0,304.0,3.0,0.0,0.0,0.0,0.0,0.0,0.0,0.0,0.0,0.0,0.0,0.0,0.0,0.0,0.0,6.01062767123044,1.0,1.0,0.0,0.0,0.0,0.0,0.109,0.109,-0.04275193063584228,-0.04275193063584228
2016.0,304.0,3.5,0.0,0.0,0.0,0.0,0.0,0.0,0.0,0.0,0.0,0.0,0.0,0.0,0.0,0.0,6.01062767123044,1.0,1.0,0.0,0.0,0.0,0.0,0.109,0.109,-0.04275193063584228,-0.04275193063584228
2016.0,304.0,4.0,0.0,0.0,0.0,0.0,0.0,0.0,0.0,0.0,0.0,0.0,0.0,0.0,0.0,0.0,6.01062767123044,1.0,1.0,0.0,0.0,0.0,0.0,0.109,0.109,-0.04275193063584228,-0.04275193063584228
2016.0,304.0,4.5,0.0,0.0,0.0,0.0,0.0,0.0,0.0,0.0,0.0,0.0,0.0,0.0,0.0,0.0,6.01062767123044,1.0,1.0,0.0,0.0,0.0,0.0,0.1085,0.1085,-0.04408758946698625,-0.04408758946698625
2016.0,304.0,5.0,0.0,0.0,0.0,0.0,0.0,0.0,0.0,0.0,0.0,0.0,0.0,0.0,0.0,0.0,6.01062767123044,1.0,1.0,0.0,0.0,0.0,0.0,0.108,0.108,-0.04547143795776919,-0.04547143795776919
2016,304,5.5,0.0,0.0,0.0,0.0,0.0,0.0,0.0,0.0,0.0,0.0,0.0,0.0,True,0.0,6.01062767123044,1.0,1.0,0.0,0.0,0.0033922236921889357,0.0033922236921889357,0.108,0.108,-0.04547143795776919,-0.04547143795776919
2016,304,6.0,1.915419062603002,0.0,0.12387262677996788,0.0,35.736418041805514,0.0,0.03837495069067931,0.0,0.0,0.0,-19717.302644648196,0.0,False,0.0,6.01062767123044,1.0,1.0,0.0,0.0,0.01933736178389494,0.01933736178389494,0.108,0.108,-0.04547143795776919,-0.04547143795776919
2016,304,6.5,0.0,0.0,0.0,0.0,0.0,0.0,0.0,0.0,0.0,0.0,0.0,0.0,True,0.0,6.01062767123044,1.0,1.0,0.0,0.0,0.03975448215293642,0.03975448215293642,0.108,0.108,-0.04547143795776919,-0.04547143795776919
2016,304,7.0,0.0,0.0,0.0,0.0,0.0,0.0,0.0,0.0,0.0,0.0,0.0,0.0,True,0.0,6.01062767123044,1.0,1.0,0.0,0.0,0.0760740811424286,0.0760740811424286,0.108,0.108,-0.04547143795776919,-0.04547143795776919
2016,304,7.5,0.0,0.0,0.0,0.0,0.0,0.0,0.0,0.0,0.0,0.0,0.0,0.0,True,0.0,6.01062767123044,1.0,1.0,0.0,0.0,0.1019690608808685,0.1019690608808685,0.108,0.108,-0.04547143795776919,-0.04547143795776919
2016,304,8.0,0.0,0.0,0.0,0.0,0.0,0.0,0.0,0.0,0.0,0.0,0.0,0.0,True,0.0,6.01062767123044,1.0,1.0,0.0,0.0,0.10200028333608867,0.10200028333608867,0.108,0.108,-0.04547143795776919,-0.04547143795776919
2016,304,8.5,0.0,0.0,0.0,0.0,0.0,0.0,0.0,0.0,0.0,0.0,0.0,0.0,True,0.0,6.01062767123044,1.0,1.0,0.0,0.0,0.14811243756859443,0.14811243756859443,0.108,0.108,-0.04547143795776919,-0.04547143795776919
2016,304,9.0,0.0,0.0,0.0,0.0,0.0,0.0,0.0,0.0,0.0,0.0,0.0,0.0,True,0.0,6.01062767123044,1.0,1.0,0.0,0.0,0.1430985966407729,0.1430985966407729,0.108,0.108,-0.04547143795776919,-0.04547143795776919
2016,304,9.5,0.0,0.0,0.0,0.0,0.0,0.0,0.0,0.0,0.0,0.0,0.0,0.0,True,0.0,6.01062767123044,1.0,1.0,0.0,0.0,0.12604130199741886,0.12604130199741886,0.108,0.108,-0.04547143795776919,-0.04547143795776919
2016,304,10.0,0.0,0.0,0.0,0.0,0.0,0.0,0.0,0.0,0.0,0.0,0.0,0.0,True,0.0,6.01062767123044,1.0,1.0,0.0,0.0,0.14648868096969306,0.14648868096969306,0.108,0.108,-0.04547143795776919,-0.04547143795776919
2016,304,10.5,0.0,0.0,0.0,0.0,0.0,0.0,0.0,0.0,0.0,0.0,0.0,0.0,True,0.0,6.01062767123044,1.0,1.0,0.0,0.0,0.1289368157557561,0.1289368157557561,0.108,0.108,-0.04547143795776919,-0.04547143795776919
2016,304,11.0,0.0,0.0,0.0,0.0,0.0,0.0,0.0,0.0,0.0,0.0,0.0,0.0,True,0.0,6.01062767123044,1.0,1.0,0.0,0.0,0.09066865338488805,0.09066865338488805,0.1075,0.1075,-0.046905450055852886,-0.046905450055852886
2016,304,11.5,0.0,0.0,0.0,0.0,0.0,0.0,0.0,0.0,0.0,0.0,0.0,0.0,True,0.0,6.01062767123044,1.0,1.0,0.0,0.0,0.09167233948103569,0.09167233948103569,0.107,0.107,-0.048391690295205986,-0.048391690295205986
2016,304,12.0,0.0,0.0,0.0,0.0,0.0,0.0,0.0,0.0,0.0,0.0,0.0,0.0,True,0.0,6.01062767123044,1.0,1.0,0.0,0.0,0.08675535213232541,0.08675535213232541,0.107,0.107,-0.048391690295205986,-0.048391690295205986
2016,304,12.5,0.0,0.0,0.0,0.0,0.0,0.0,0.0,0.0,0.0,0.0,0.0,0.0,True,0.0,6.01062767123044,1.0,1.0,0.0,0.0,0.07405752003707436,0.07405752003707436,0.107,0.107,-0.048391690295205986,-0.048391690295205986
2016,304,13.0,0.0,0.0,0.0,0.0,0.0,0.0,0.0,0.0,0.0,0.0,0.0,0.0,True,0.0,6.01062767123044,1.0,1.0,0.0,0.0,0.04717207480420496,0.04717207480420496,0.107,0.107,-0.048391690295205986,-0.048391690295205986
2016,304,13.5,0.0,0.0,0.0,0.0,0.0,0.0,0.0,0.0,0.0,0.0,0.0,0.0,True,0.0,6.01062767123044,1.0,1.0,0.0,0.0,0.037880093731498865,0.037880093731498865,0.107,0.107,-0.048391690295205986,-0.048391690295205986
2016,304,14.0,0.0,0.0,0.0,0.0,0.0,0.0,0.0,0.0,0.0,0.0,0.0,0.0,True,0.0,6.01062767123044,1.0,1.0,0.0,0.0,0.03234795292551713,0.03234795292551713,0.1065,0.1065,-0.04993231840392216,-0.04993231840392216
2016,304,14.5,0.0,0.0,0.0,0.0,0.0,0.0,0.0,0.0,0.0,0.0,0.0,0.0,True,0.0,6.01062767123044,1.0,1.0,0.0,0.0,0.03864280953940689,0.03864280953940689,0.106,0.106,-0.05152959416956806,-0.05152959416956806
2016,304,15.0,0.3820021120457522,0.0,0.06741719441469607,0.0,29.710739462209794,0.0,0.004267705402966128,0.0,0.0,0.0,30.36515617,0.0,False,0.0,6.01062767123044,1.0,1.0,0.0,0.0,0.016024592554375116,0.016024592554375116,0.106,0.106,-0.05152959416956806,-0.05152959416956806
2016.0,304.0,15.5,0.0,0.0,0.0,0.0,0.0,0.0,0.0,0.0,0.0,0.0,0.0,0.0,0.0,0.0,6.01062767123044,1.0,1.0,0.0,0.0,0.0,0.0,0.106,0.106,-0.05152959416956806,-0.05152959416956806
2016.0,304.0,16.0,0.0,0.0,0.0,0.0,0.0,0.0,0.0,0.0,0.0,0.0,0.0,0.0,0.0,0.0,6.01062767123044,1.0,1.0,0.0,0.0,0.0,0.0,0.106,0.106,-0.05152959416956806,-0.05152959416956806
2016.0,304.0,16.5,0.0,0.0,0.0,0.0,0.0,0.0,0.0,0.0,0.0,0.0,0.0,0.0,0.0,0.0,6.01062767123044,1.0,1.0,0.0,0.0,0.0,0.0,0.106,0.106,-0.05152959416956806,-0.05152959416956806
2016.0,304.0,17.0,0.0,0.0,0.0,0.0,0.0,0.0,0.0,0.0,0.0,0.0,0.0,0.0,0.0,0.0,6.010651,1.0,1.0,0.0,0.0,0.0,0.0,0.106,0.106,-0.05152959416956806,-0.05152959416956806
2016.0,304.0,17.5,0.0,0.0,0.0,0.0,0.0,0.0,0.0,0.0,0.0,0.0,0.0,0.0,0.0,0.0,6.010651,1.0,1.0,0.0,0.0,0.0,0.0,0.106,0.106,-0.05152959416956806,-0.05152959416956806
2016.0,304.0,18.0,0.0,0.0,0.0,0.0,0.0,0.0,0.0,0.0,0.0,0.0,0.0,0.0,0.0,0.0,6.010651,1.0,1.0,0.0,0.0,0.0,0.0,0.1055,0.1055,-0.053185882577760246,-0.053185882577760246
2016.0,304.0,18.5,0.0,0.0,0.0,0.0,0.0,0.0,0.0,0.0,0.0,0.0,0.0,0.0,0.0,0.0,6.010651,1.0,1.0,0.0,0.0,0.0,0.0,0.106,0.106,-0.05152959416956806,-0.05152959416956806
2016.0,304.0,19.0,0.0,0.0,0.0,0.0,0.0,0.0,0.0,0.0,0.0,0.0,0.0,0.0,0.0,0.0,6.010651,1.0,1.0,0.0,0.0,0.0,0.0,0.106,0.106,-0.05152959416956806,-0.05152959416956806
2016.0,304.0,19.5,0.0,0.0,0.0,0.0,0.0,0.0,0.0,0.0,0.0,0.0,0.0,0.0,0.0,0.0,6.010651,1.0,1.0,0.0,0.0,0.0,0.0,0.105,0.105,-0.05490365924070806,-0.05490365924070806
2016.0,304.0,20.0,0.0,0.0,0.0,0.0,0.0,0.0,0.0,0.0,0.0,0.0,0.0,0.0,0.0,0.0,6.010651,1.0,1.0,0.0,0.0,0.0,0.0,0.105,0.105,-0.05490365924070806,-0.05490365924070806
2016.0,304.0,20.5,0.0,0.0,0.0,0.0,0.0,0.0,0.0,0.0,0.0,0.0,0.0,0.0,0.0,0.0,6.010651,1.0,1.0,0.0,0.0,0.0,0.0,0.105,0.105,-0.05490365924070806,-0.05490365924070806
2016.0,304.0,21.0,0.0,0.0,0.0,0.0,0.0,0.0,0.0,0.0,0.0,0.0,0.0,0.0,0.0,0.0,6.010651,1.0,1.0,0.0,0.0,0.0,0.0,0.105,0.105,-0.05490365924070806,-0.05490365924070806
2016.0,304.0,21.5,0.0,0.0,0.0,0.0,0.0,0.0,0.0,0.0,0.0,0.0,0.0,0.0,0.0,0.0,6.010651,1.0,1.0,0.0,0.0,0.0,0.0,0.105,0.105,-0.05490365924070806,-0.05490365924070806
2016.0,304.0,22.0,0.0,0.0,0.0,0.0,0.0,0.0,0.0,0.0,0.0,0.0,0.0,0.0,0.0,0.0,6.010651,1.0,1.0,0.0,0.0,0.0,0.0,0.105,0.105,-0.05490365924070806,-0.05490365924070806
2016.0,304.0,22.5,0.0,0.0,0.0,0.0,0.0,0.0,0.0,0.0,0.0,0.0,0.0,0.0,0.0,0.0,6.010651,1.0,1.0,0.0,0.0,0.0,0.0,0.105,0.105,-0.05490365924070806,-0.05490365924070806
2016.0,304.0,23.0,0.0,0.0,0.0,0.0,0.0,0.0,0.0,0.0,0.0,0.0,0.0,0.0,0.0,0.0,6.010651,1.0,1.0,0.0,0.0,0.0,0.0,0.105,0.105,-0.05490365924070806,-0.05490365924070806
2016.0,304.0,23.5,0.0,0.0,0.0,0.0,0.0,0.0,0.0,0.0,0.0,0.0,0.0,0.0,0.0,0.0,6.010651,1.0,1.0,0.0,0.0,0.0,0.0,0.105,0.105,-0.05490365924070806,-0.05490365924070806
2016.0,305.0,0.0,0.0,0.0,0.0,0.0,0.0,0.0,0.0,0.0,0.0,0.0,0.0,0.0,0.0,0.0,6.010651,1.0,1.0,0.0,0.0,0.0,0.0,0.105,0.105,-0.05490365924070806,-0.05490365924070806
2016.0,305.0,0.5,0.0,0.0,0.0,0.0,0.0,0.0,0.0,0.0,0.0,0.0,0.0,0.0,0.0,0.0,6.010651,1.0,1.0,0.0,0.0,0.0,0.0,0.105,0.105,-0.05490365924070806,-0.05490365924070806
2016.0,305.0,1.0,0.0,0.0,0.0,0.0,0.0,0.0,0.0,0.0,0.0,0.0,0.0,0.0,0.0,0.0,6.010651,1.0,1.0,0.0,0.0,0.0,0.0,0.105,0.105,-0.05490365924070806,-0.05490365924070806
2016.0,305.0,1.5,0.0,0.0,0.0,0.0,0.0,0.0,0.0,0.0,0.0,0.0,0.0,0.0,0.0,0.0,6.010651,1.0,1.0,0.0,0.0,0.0,0.0,0.105,0.105,-0.05490365924070806,-0.05490365924070806
2016.0,305.0,2.0,0.0,0.0,0.0,0.0,0.0,0.0,0.0,0.0,0.0,0.0,0.0,0.0,0.0,0.0,6.010651,1.0,1.0,0.0,0.0,0.0,0.0,0.105,0.105,-0.05490365924070806,-0.05490365924070806
2016.0,305.0,2.5,0.0,0.0,0.0,0.0,0.0,0.0,0.0,0.0,0.0,0.0,0.0,0.0,0.0,0.0,6.010651,1.0,1.0,0.0,0.0,0.0,0.0,0.105,0.105,-0.05490365924070806,-0.05490365924070806
2016.0,305.0,3.0,0.0,0.0,0.0,0.0,0.0,0.0,0.0,0.0,0.0,0.0,0.0,0.0,0.0,0.0,6.010651,1.0,1.0,0.0,0.0,0.0,0.0,0.105,0.105,-0.05490365924070806,-0.05490365924070806
2016.0,305.0,3.5,0.0,0.0,0.0,0.0,0.0,0.0,0.0,0.0,0.0,0.0,0.0,0.0,0.0,0.0,6.010651,1.0,1.0,0.0,0.0,0.0,0.0,0.105,0.105,-0.05490365924070806,-0.05490365924070806
2016.0,305.0,4.0,0.0,0.0,0.0,0.0,0.0,0.0,0.0,0.0,0.0,0.0,0.0,0.0,0.0,0.0,6.010651,1.0,1.0,0.0,0.0,0.0,0.0,0.105,0.105,-0.05490365924070806,-0.05490365924070806
2016.0,305.0,4.5,0.0,0.0,0.0,0.0,0.0,0.0,0.0,0.0,0.0,0.0,0.0,0.0,0.0,0.0,6.010651,1.0,1.0,0.0,0.0,0.0,0.0,0.105,0.105,-0.05490365924070806,-0.05490365924070806
2016.0,305.0,5.0,0.0,0.0,0.0,0.0,0.0,0.0,0.0,0.0,0.0,0.0,0.0,0.0,0.0,0.0,6.010651,1.0,1.0,0.0,0.0,0.0,0.0,0.105,0.105,-0.05490365924070806,-0.05490365924070806
2016,305,5.5,0.0,0.0,0.0,0.0,0.0,0.0,0.0,0.0,0.0,0.0,0.0,0.0,True,True,6.010598806365899,1.0,1.0,0.0,0.0,0.0,0.0,0.105,0.105,-0.05490365924070806,-0.05490365924070806
2016,305,6.0,2.878283387019853,0.0,0.2804212838317182,0.0,33.16988991252308,0.0,0.04439560145936998,0.0,0.0,0.0,18822.515013117332,0.0,False,0.0,6.010598806365899,1.0,1.0,0.0,0.0,0.04572374443957685,0.04572374443957685,0.104,0.104,-0.05853416765766311,-0.05853416765766311
2016,305,6.5,6.991816104568951,0.0,0.28954955723198633,0.0,37.69554667002053,0.0,0.08268272649826122,0.0,0.0,0.0,24113.386089693828,0.0,False,0.0,6.010598806365899,1.0,1.0,0.0,0.0,0.10683950826401487,0.10683950826401487,0.104,0.104,-0.05853416765766311,-0.05853416765766311
2016,305,7.0,0.0,0.0,0.0,0.0,0.0,0.0,0.0,0.0,0.0,0.0,0.0,0.0,True,0.0,6.010598806365899,1.0,1.0,0.0,0.0,0.09543638344366431,0.09543638344366431,0.104,0.104,-0.05853416765766311,-0.05853416765766311
2016,305,7.5,0.0,0.0,0.0,0.0,0.0,0.0,0.0,0.0,0.0,0.0,0.0,0.0,True,0.0,6.010598806365899,1.0,1.0,0.0,0.0,0.11607585353332159,0.11607585353332159,0.104,0.104,-0.05853416765766311,-0.05853416765766311
2016,305,8.0,0.0,0.0,0.0,0.0,0.0,0.0,0.0,0.0,0.0,0.0,0.0,0.0,True,0.0,6.010598806365899,1.0,1.0,0.0,0.0,0.16998693867457576,0.16998693867457576,0.104,0.104,-0.05853416765766311,-0.05853416765766311
2016,305,8.5,0.0,0.0,0.0,0.0,0.0,0.0,0.0,0.0,0.0,0.0,0.0,0.0,True,0.0,6.010598806365899,1.0,1.0,0.0,0.0,0.28598541614426193,0.28598541614426193,0.104,0.104,-0.05853416765766311,-0.05853416765766311
2016,305,9.0,0.0,0.0,0.0,0.0,0.0,0.0,0.0,0.0,0.0,0.0,0.0,0.0,True,0.0,6.010598806365899,1.0,1.0,0.0,0.0,0.3306125080157569,0.3306125080157569,0.104,0.104,-0.05853416765766311,-0.05853416765766311
2016,305,9.5,0.0,0.0,0.0,0.0,0.0,0.0,0.0,0.0,0.0,0.0,0.0,0.0,True,0.0,6.010598806365899,1.0,1.0,0.0,0.0,0.34344859715993664,0.34344859715993664,0.1035,0.1035,-0.06045245705084043,-0.06045245705084043
2016,305,10.0,0.0,0.0,0.0,0.0,0.0,0.0,0.0,0.0,0.0,0.0,0.0,0.0,True,0.0,6.010598806365899,1.0,1.0,0.0,0.0,0.24642567238940044,0.24642567238940044,0.103,0.103,-0.0624433631667216,-0.0624433631667216
2016,305,10.5,0.0,0.0,0.0,0.0,0.0,0.0,0.0,0.0,0.0,0.0,0.0,0.0,True,0.0,6.010598806365899,1.0,1.0,0.0,0.0,0.3284137068334856,0.3284137068334856,0.103,0.103,-0.0624433631667216,-0.0624433631667216
2016,305,11.0,0.0,0.0,0.0,0.0,0.0,0.0,0.0,0.0,0.0,0.0,0.0,0.0,True,0.0,6.010598806365899,1.0,1.0,0.0,0.0,0.19991062513287855,0.19991062513287855,0.103,0.103,-0.0624433631667216,-0.0624433631667216
2016,305,11.5,0.0,0.0,0.0,0.0,0.0,0.0,0.0,0.0,0.0,0.0,0.0,0.0,True,0.0,6.010598806365899,1.0,1.0,0.0,0.0,0.1247894982253279,0.1247894982253279,0.103,0.103,-0.0624433631667216,-0.0624433631667216
2016,305,12.0,0.0,0.0,0.0,0.0,0.0,0.0,0.0,0.0,0.0,0.0,0.0,0.0,True,0.0,6.010598806365899,1.0,1.0,0.0,0.0,0.15786632691607863,0.15786632691607863,0.102,0.102,-0.06665566250405618,-0.06665566250405618
2016,305,12.5,0.0,0.0,0.0,0.0,0.0,0.0,0.0,0.0,0.0,0.0,0.0,0.0,True,0.0,6.010598806365899,1.0,1.0,0.0,0.0,0.017857268308357013,0.017857268308357013,0.102,0.102,-0.06665566250405618,-0.06665566250405618
2016,305,13.0,0.0,0.0,0.0,0.0,0.0,0.0,0.0,0.0,0.0,0.0,0.0,0.0,True,0.0,6.010598806365899,1.0,1.0,0.0,0.0,0.10093833530110574,0.10093833530110574,0.102,0.102,-0.06665566250405618,-0.06665566250405618
2016,305,13.5,0.0,0.0,0.0,0.0,0.0,0.0,0.0,0.0,0.0,0.0,0.0,0.0,True,0.0,6.010598806365899,1.0,1.0,0.0,0.0,0.07442648722965467,0.07442648722965467,0.102,0.102,-0.06665566250405618,-0.06665566250405618
2016,305,14.0,0.0,0.0,0.0,0.0,0.0,0.0,0.0,0.0,0.0,0.0,0.0,0.0,True,0.0,6.010598806365899,1.0,1.0,0.0,0.0,0.08559175350705545,0.08559175350705545,0.1015,0.1015,-0.06888375816279445,-0.06888375816279445
2016,305,14.5,0.0,0.0,0.0,0.0,0.0,0.0,0.0,0.0,0.0,0.0,0.0,0.0,True,0.0,6.010598806365899,1.0,1.0,0.0,0.0,0.2311662414897653,0.2311662414897653,0.101,0.101,-0.07119789195244307,-0.07119789195244307
2016,305,15.0,0.0,0.0,0.0,0.0,0.0,0.0,0.0,0.0,0.0,0.0,0.0,0.0,True,0.0,6.010598806365899,1.0,1.0,0.0,0.0,0.1475614984270022,0.1475614984270022,0.101,0.101,-0.07119789195244307,-0.07119789195244307
2016,305,15.5,0.0,0.0,0.0,0.0,0.0,0.0,0.0,0.0,0.0,0.0,0.0,0.0,True,True,6.01054876381481,1.0,1.0,0.0,0.0,0.0,0.0,0.101,0.101,-0.07119789195244307,-0.07119789195244307
2016,305,16.0,0.0,0.0,0.0,0.0,0.0,0.0,0.0,0.0,0.0,0.0,0.0,0.0,True,True,6.01054876381481,1.0,1.0,0.0,0.0,0.0,0.0,0.101,0.101,-0.07119789195244307,-0.07119789195244307
2016,305,16.5,0.0,0.0,0.0,0.0,0.0,0.0,0.0,0.0,0.0,0.0,0.0,0.0,True,True,6.01054876381481,1.0,1.0,0.0,0.0,0.0,0.0,0.101,0.101,-0.07119789195244307,-0.07119789195244307
2016.0,305.0,17.0,0.0,0.0,0.0,0.0,0.0,0.0,0.0,0.0,0.0,0.0,0.0,0.0,0.0,0.0,6.01054876381481,1.0,1.0,0.0,0.0,0.0,0.0,0.1005,0.1005,-0.07360183711599791,-0.07360183711599791
2016.0,305.0,17.5,0.0,0.0,0.0,0.0,0.0,0.0,0.0,0.0,0.0,0.0,0.0,0.0,0.0,0.0,6.01054876381481,1.0,1.0,0.0,0.0,0.0,0.0,0.1,0.1,-0.07609955234709746,-0.07609955234709746
2016.0,305.0,18.0,0.0,0.0,0.0,0.0,0.0,0.0,0.0,0.0,0.0,0.0,0.0,0.0,0.0,0.0,6.01054876381481,1.0,1.0,0.0,0.0,0.0,0.0,0.1,0.1,-0.07609955234709746,-0.07609955234709746
2016.0,305.0,18.5,0.0,0.0,0.0,0.0,0.0,0.0,0.0,0.0,0.0,0.0,0.0,0.0,0.0,0.0,6.01054876381481,1.0,1.0,0.0,0.0,0.0,0.0,0.1,0.1,-0.07609955234709746,-0.07609955234709746
2016.0,305.0,19.0,0.0,0.0,0.0,0.0,0.0,0.0,0.0,0.0,0.0,0.0,0.0,0.0,0.0,0.0,6.01054876381481,1.0,1.0,0.0,0.0,0.0,0.0,0.1,0.1,-0.07609955234709746,-0.07609955234709746
2016.0,305.0,19.5,0.0,0.0,0.0,0.0,0.0,0.0,0.0,0.0,0.0,0.0,0.0,0.0,0.0,0.0,6.01054876381481,1.0,1.0,0.0,0.0,0.0,0.0,0.1,0.1,-0.07609955234709746,-0.07609955234709746
2016.0,305.0,20.0,0.0,0.0,0.0,0.0,0.0,0.0,0.0,0.0,0.0,0.0,0.0,0.0,0.0,0.0,6.01054876381481,1.0,1.0,0.0,0.0,0.0,0.0,0.1,0.1,-0.07609955234709746,-0.07609955234709746
2016.0,305.0,20.5,0.0,0.0,0.0,0.0,0.0,0.0,0.0,0.0,0.0,0.0,0.0,0.0,0.0,0.0,6.01054876381481,1.0,1.0,0.0,0.0,0.0,0.0,0.1,0.1,-0.07609955234709746,-0.07609955234709746
2016.0,305.0,21.0,0.0,0.0,0.0,0.0,0.0,0.0,0.0,0.0,0.0,0.0,0.0,0.0,0.0,0.0,6.01054876381481,1.0,1.0,0.0,0.0,0.0,0.0,0.1,0.1,-0.07609955234709746,-0.07609955234709746
2016.0,305.0,21.5,0.0,0.0,0.0,0.0,0.0,0.0,0.0,0.0,0.0,0.0,0.0,0.0,0.0,0.0,6.01054876381481,1.0,1.0,0.0,0.0,0.0,0.0,0.1,0.1,-0.07609955234709746,-0.07609955234709746
2016.0,305.0,22.0,0.0,0.0,0.0,0.0,0.0,0.0,0.0,0.0,0.0,0.0,0.0,0.0,0.0,0.0,6.01054876381481,1.0,1.0,0.0,0.0,0.0,0.0,0.1,0.1,-0.07609955234709746,-0.07609955234709746
2016.0,305.0,22.5,0.0,0.0,0.0,0.0,0.0,0.0,0.0,0.0,0.0,0.0,0.0,0.0,0.0,0.0,6.01054876381481,1.0,1.0,0.0,0.0,0.0,0.0,0.1,0.1,-0.07609955234709746,-0.07609955234709746
2016.0,305.0,23.0,0.0,0.0,0.0,0.0,0.0,0.0,0.0,0.0,0.0,0.0,0.0,0.0,0.0,0.0,6.01054876381481,1.0,1.0,0.0,0.0,0.0,0.0,0.1,0.1,-0.07609955234709746,-0.07609955234709746
2016.0,305.0,23.5,0.0,0.0,0.0,0.0,0.0,0.0,0.0,0.0,0.0,0.0,0.0,0.0,0.0,0.0,6.01054876381481,1.0,1.0,0.0,0.0,0.0,0.0,0.1,0.1,-0.07609955234709746,-0.07609955234709746
2016.0,306.0,0.0,0.0,0.0,0.0,0.0,0.0,0.0,0.0,0.0,0.0,0.0,0.0,0.0,0.0,0.0,6.01054876381481,1.0,1.0,0.0,0.0,0.0,0.0,0.1,0.1,-0.07609955234709746,-0.07609955234709746
2016.0,306.0,0.5,0.0,0.0,0.0,0.0,0.0,0.0,0.0,0.0,0.0,0.0,0.0,0.0,0.0,0.0,6.01054876381481,1.0,1.0,0.0,0.0,0.0,0.0,0.099,0.099,-0.08139311628306982,-0.08139311628306982
2016.0,306.0,1.0,0.0,0.0,0.0,0.0,0.0,0.0,0.0,0.0,0.0,0.0,0.0,0.0,0.0,0.0,6.01054876381481,1.0,1.0,0.0,0.0,0.0,0.0,0.099,0.099,-0.08139311628306982,-0.08139311628306982
2016.0,306.0,1.5,0.0,0.0,0.0,0.0,0.0,0.0,0.0,0.0,0.0,0.0,0.0,0.0,0.0,0.0,6.01054876381481,1.0,1.0,0.0,0.0,0.0,0.0,0.099,0.099,-0.08139311628306982,-0.08139311628306982
2016.0,306.0,2.0,0.0,0.0,0.0,0.0,0.0,0.0,0.0,0.0,0.0,0.0,0.0,0.0,0.0,0.0,6.01054876381481,1.0,1.0,0.0,0.0,0.0,0.0,0.099,0.099,-0.08139311628306982,-0.08139311628306982
2016.0,306.0,2.5,0.0,0.0,0.0,0.0,0.0,0.0,0.0,0.0,0.0,0.0,0.0,0.0,0.0,0.0,6.01054876381481,1.0,1.0,0.0,0.0,0.0,0.0,0.099,0.099,-0.08139311628306982,-0.08139311628306982
2016.0,306.0,3.0,0.0,0.0,0.0,0.0,0.0,0.0,0.0,0.0,0.0,0.0,0.0,0.0,0.0,0.0,6.01054876381481,1.0,1.0,0.0,0.0,0.0,0.0,0.099,0.099,-0.08139311628306982,-0.08139311628306982
2016.0,306.0,3.5,0.0,0.0,0.0,0.0,0.0,0.0,0.0,0.0,0.0,0.0,0.0,0.0,0.0,0.0,6.01054876381481,1.0,1.0,0.0,0.0,0.0,0.0,0.099,0.099,-0.08139311628306982,-0.08139311628306982
2016.0,306.0,4.0,0.0,0.0,0.0,0.0,0.0,0.0,0.0,0.0,0.0,0.0,0.0,0.0,0.0,0.0,6.01054876381481,1.0,1.0,0.0,0.0,0.0,0.0,0.099,0.099,-0.08139311628306982,-0.08139311628306982
2016.0,306.0,4.5,0.0,0.0,0.0,0.0,0.0,0.0,0.0,0.0,0.0,0.0,0.0,0.0,0.0,0.0,6.01054876381481,1.0,1.0,0.0,0.0,0.0,0.0,0.099,0.099,-0.08139311628306982,-0.08139311628306982
2016.0,306.0,5.0,0.0,0.0,0.0,0.0,0.0,0.0,0.0,0.0,0.0,0.0,0.0,0.0,0.0,0.0,6.01054876381481,1.0,1.0,0.0,0.0,0.0,0.0,0.099,0.099,-0.08139311628306982,-0.08139311628306982
2016,306,5.5,0.0,0.0,0.0,0.0,0.0,0.0,0.0,0.0,0.0,0.0,0.0,0.0,True,True,6.010506468168368,1.0,1.0,0.0,0.0,0.0,0.0,0.099,0.099,-0.08139311628306982,-0.08139311628306982
2016,306,6.0,2.989351981602131,0.0,0.1495469932931139,0.0,36.78390194735786,0.0,0.07144208336421387,0.0,0.0,0.0,10787.83181946526,0.0,False,0.0,6.010506468168368,1.0,1.0,0.0,0.0,0.030290139942839862,0.030290139942839862,0.099,0.099,-0.08139311628306982,-0.08139311628306982
2016,306,6.5,8.148748038947998,0.0,0.19031678534549945,0.0,38.810966773405966,0.0,0.1565569540973012,0.0,0.0,0.0,14487.362718302062,0.0,False,0.0,6.010506468168368,1.0,1.0,0.0,0.0,0.08206053774293201,0.08206053774293201,0.099,0.099,-0.08139311628306982,-0.08139311628306982
2016,306,7.0,0.0,0.0,0.0,0.0,0.0,0.0,0.0,0.0,0.0,0.0,0.0,0.0,True,0.0,6.010506468168368,1.0,1.0,0.0,0.0,0.06710352942712684,0.06710352942712684,0.099,0.099,-0.08139311628306982,-0.08139311628306982
2016,306,7.5,0.0,0.0,0.0,0.0,0.0,0.0,0.0,0.0,0.0,0.0,0.0,0.0,True,0.0,6.010506468168368,1.0,1.0,0.0,0.0,0.04719939496656815,0.04719939496656815,0.099,0.099,-0.08139311628306982,-0.08139311628306982
2016,306,8.0,0.0,0.0,0.0,0.0,0.0,0.0,0.0,0.0,0.0,0.0,0.0,0.0,True,0.0,6.010506468168368,1.0,1.0,0.0,0.0,0.08641829605800266,0.08641829605800266,0.099,0.099,-0.08139311628306982,-0.08139311628306982
2016,306,8.5,0.0,0.0,0.0,0.0,0.0,0.0,0.0,0.0,0.0,0.0,0.0,0.0,True,0.0,6.010506468168368,1.0,1.0,0.0,0.0,0.1467737789963628,0.1467737789963628,0.099,0.099,-0.08139311628306982,-0.08139311628306982
2016,306,9.0,0.0,0.0,0.0,0.0,0.0,0.0,0.0,0.0,0.0,0.0,0.0,0.0,True,0.0,6.010506468168368,1.0,1.0,0.0,0.0,0.21663359674335467,0.21663359674335467,0.0985,0.0985,-0.08419790365177743,-0.08419790365177743
2016,306,9.5,0.0,0.0,0.0,0.0,0.0,0.0,0.0,0.0,0.0,0.0,0.0,0.0,True,0.0,6.010506468168368,1.0,1.0,0.0,0.0,0.21963331247162501,0.21963331247162501,0.098,0.098,-0.08711436181617598,-0.08711436181617598
2016,306,10.0,0.0,0.0,0.0,0.0,0.0,0.0,0.0,0.0,0.0,0.0,0.0,0.0,True,0.0,6.010506468168368,1.0,1.0,0.0,0.0,0.21584829310106568,0.21584829310106568,0.098,0.098,-0.08711436181617598,-0.08711436181617598
2016,306,10.5,0.0,0.0,0.0,0.0,0.0,0.0,0.0,0.0,0.0,0.0,0.0,0.0,True,0.0,6.010506468168368,1.0,1.0,0.0,0.0,0.22048276639545225,0.22048276639545225,0.098,0.098,-0.08711436181617598,-0.08711436181617598
2016,306,11.0,0.0,0.0,0.0,0.0,0.0,0.0,0.0,0.0,0.0,0.0,0.0,0.0,True,0.0,6.010506468168368,1.0,1.0,0.0,0.0,0.1319096406474747,0.1319096406474747,0.098,0.098,-0.08711436181617598,-0.08711436181617598
2016,306,11.5,0.0,0.0,0.0,0.0,0.0,0.0,0.0,0.0,0.0,0.0,0.0,0.0,True,0.0,6.010506468168368,1.0,1.0,0.0,0.0,0.09300426235320877,0.09300426235320877,0.0975,0.0975,-0.09014754103564299,-0.09014754103564299
2016,306,12.0,0.0,0.0,0.0,0.0,0.0,0.0,0.0,0.0,0.0,0.0,0.0,0.0,True,0.0,6.010506468168368,1.0,1.0,0.0,0.0,0.08129208975583783,0.08129208975583783,0.097,0.097,-0.09330274757307958,-0.09330274757307958
2016,306,12.5,0.0,0.0,0.0,0.0,0.0,0.0,0.0,0.0,0.0,0.0,0.0,0.0,True,0.0,6.010506468168368,1.0,1.0,0.0,0.0,0.029149669173910174,0.029149669173910174,0.097,0.097,-0.09330274757307958,-0.09330274757307958
2016,306,13.0,0.0,0.0,0.0,0.0,0.0,0.0,0.0,0.0,0.0,0.0,0.0,0.0,True,0.0,6.010506468168368,1.0,1.0,0.0,0.0,0.0853525395356244,0.0853525395356244,0.097,0.097,-0.09330274757307958,-0.09330274757307958
2016,306,13.5,0.0,0.0,0.0,0.0,0.0,0.0,0.0,0.0,0.0,0.0,0.0,0.0,True,0.0,6.010506468168368,1.0,1.0,0.0,0.0,0.035916326870012616,0.035916326870012616,0.097,0.097,-0.09330274757307958,-0.09330274757307958
2016,306,14.0,0.0,0.0,0.0,0.0,0.0,0.0,0.0,0.0,0.0,0.0,0.0,0.0,True,0.0,6.010506468168368,1.0,1.0,0.0,0.0,0.06859752978373634,0.06859752978373634,0.096,0.096,-0.10000183490806634,-0.10000183490806634
2016,306,14.5,0.0,0.0,0.0,0.0,0.0,0.0,0.0,0.0,0.0,0.0,0.0,0.0,True,0.0,6.010506468168368,1.0,1.0,0.0,0.0,0.18111970512626072,0.18111970512626072,0.096,0.096,-0.10000183490806634,-0.10000183490806634
2016,306,15.0,0.0,0.0,0.0,0.0,0.0,0.0,0.0,0.0,0.0,0.0,0.0,0.0,True,0.0,6.010506468168368,1.0,1.0,0.0,0.0,0.13220580825909348,0.13220580825909348,0.096,0.096,-0.10000183490806634,-0.10000183490806634
2016,306,15.5,0.0,0.0,0.0,0.0,0.0,0.0,0.0,0.0,0.0,0.0,0.0,0.0,True,True,6.01040479658948,1.0,1.0,0.0,0.0,0.0,0.0,0.096,0.096,-0.10000183490806634,-0.10000183490806634
2016,306,16.0,0.0,0.0,0.0,0.0,0.0,0.0,0.0,0.0,0.0,0.0,0.0,0.0,True,True,6.01040479658948,1.0,1.0,0.0,0.0,0.0,0.0,0.096,0.096,-0.10000183490806634,-0.10000183490806634
2016,306,16.5,0.0,0.0,0.0,0.0,0.0,0.0,0.0,0.0,0.0,0.0,0.0,0.0,True,True,6.0103815050735925,1.0,1.0,0.0,0.0,0.0,0.0,0.0955,0.0955,-0.10355774227718577,-0.10355774227718577
2016.0,306.0,17.0,0.0,0.0,0.0,0.0,0.0,0.0,0.0,0.0,0.0,0.0,0.0,0.0,0.0,0.0,6.0103815050735925,1.0,1.0,0.0,0.0,0.0,0.0,0.095,0.095,-0.10725976358096488,-0.10725976358096488
2016.0,306.0,17.5,0.0,0.0,0.0,0.0,0.0,0.0,0.0,0.0,0.0,0.0,0.0,0.0,0.0,0.0,6.0103815050735925,1.0,1.0,0.0,0.0,0.0,0.0,0.095,0.095,-0.10725976358096488,-0.10725976358096488
2016.0,306.0,18.0,0.0,0.0,0.0,0.0,0.0,0.0,0.0,0.0,0.0,0.0,0.0,0.0,0.0,0.0,6.0103815050735925,1.0,1.0,0.0,0.0,0.0,0.0,0.095,0.095,-0.10725976358096488,-0.10725976358096488
2016.0,306.0,18.5,0.0,0.0,0.0,0.0,0.0,0.0,0.0,0.0,0.0,0.0,0.0,0.0,0.0,0.0,6.0103815050735925,1.0,1.0,0.0,0.0,0.0,0.0,0.095,0.095,-0.10725976358096488,-0.10725976358096488
2016.0,306.0,19.0,0.0,0.0,0.0,0.0,0.0,0.0,0.0,0.0,0.0,0.0,0.0,0.0,0.0,0.0,6.0103815050735925,1.0,1.0,0.0,0.0,0.0,0.0,0.095,0.095,-0.10725976358096488,-0.10725976358096488
2016.0,306.0,19.5,0.0,0.0,0.0,0.0,0.0,0.0,0.0,0.0,0.0,0.0,0.0,0.0,0.0,0.0,6.0103815050735925,1.0,1.0,0.0,0.0,0.0,0.0,0.095,0.095,-0.10725976358096488,-0.10725976358096488
2016.0,306.0,20.0,0.0,0.0,0.0,0.0,0.0,0.0,0.0,0.0,0.0,0.0,0.0,0.0,0.0,0.0,6.0103815050735925,1.0,1.0,0.0,0.0,0.0,0.0,0.095,0.095,-0.10725976358096488,-0.10725976358096488
2016.0,306.0,20.5,0.0,0.0,0.0,0.0,0.0,0.0,0.0,0.0,0.0,0.0,0.0,0.0,0.0,0.0,6.0103815050735925,1.0,1.0,0.0,0.0,0.0,0.0,0.095,0.095,-0.10725976358096488,-0.10725976358096488
2016.0,306.0,21.0,0.0,0.0,0.0,0.0,0.0,0.0,0.0,0.0,0.0,0.0,0.0,0.0,0.0,0.0,6.0103815050735925,1.0,1.0,0.0,0.0,0.0,0.0,0.095,0.095,-0.10725976358096488,-0.10725976358096488
2016.0,306.0,21.5,0.0,0.0,0.0,0.0,0.0,0.0,0.0,0.0,0.0,0.0,0.0,0.0,0.0,0.0,6.0103815050735925,1.0,1.0,0.0,0.0,0.0,0.0,0.095,0.095,-0.10725976358096488,-0.10725976358096488
2016.0,306.0,22.0,0.0,0.0,0.0,0.0,0.0,0.0,0.0,0.0,0.0,0.0,0.0,0.0,0.0,0.0,6.0103815050735925,1.0,1.0,0.0,0.0,0.0,0.0,0.095,0.095,-0.10725976358096488,-0.10725976358096488
2016.0,306.0,22.5,0.0,0.0,0.0,0.0,0.0,0.0,0.0,0.0,0.0,0.0,0.0,0.0,0.0,0.0,6.0103815050735925,1.0,1.0,0.0,0.0,0.0,0.0,0.095,0.095,-0.10725976358096488,-0.10725976358096488
2016.0,306.0,23.0,0.0,0.0,0.0,0.0,0.0,0.0,0.0,0.0,0.0,0.0,0.0,0.0,0.0,0.0,6.0103815050735925,1.0,1.0,0.0,0.0,0.0,0.0,0.095,0.095,-0.10725976358096488,-0.10725976358096488
2016.0,306.0,23.5,0.0,0.0,0.0,0.0,0.0,0.0,0.0,0.0,0.0,0.0,0.0,0.0,0.0,0.0,6.0103815050735925,1.0,1.0,0.0,0.0,0.0,0.0,0.095,0.095,-0.10725976358096488,-0.10725976358096488
2016.0,307.0,0.0,0.0,0.0,0.0,0.0,0.0,0.0,0.0,0.0,0.0,0.0,0.0,0.0,0.0,0.0,6.0103815050735925,1.0,1.0,0.0,0.0,0.0,0.0,0.095,0.095,-0.10725976358096488,-0.10725976358096488
2016.0,307.0,0.5,0.0,0.0,0.0,0.0,0.0,0.0,0.0,0.0,0.0,0.0,0.0,0.0,0.0,0.0,6.0103815050735925,1.0,1.0,0.0,0.0,0.0,0.0,0.094,0.094,-0.11512978840235837,-0.11512978840235837
2016.0,307.0,1.0,0.0,0.0,0.0,0.0,0.0,0.0,0.0,0.0,0.0,0.0,0.0,0.0,0.0,0.0,6.0103815050735925,1.0,1.0,0.0,0.0,0.0,0.0,0.094,0.094,-0.11512978840235837,-0.11512978840235837
2016.0,307.0,1.5,0.0,0.0,0.0,0.0,0.0,0.0,0.0,0.0,0.0,0.0,0.0,0.0,0.0,0.0,6.0103815050735925,1.0,1.0,0.0,0.0,0.0,0.0,0.094,0.094,-0.11512978840235837,-0.11512978840235837
2016.0,307.0,2.0,0.0,0.0,0.0,0.0,0.0,0.0,0.0,0.0,0.0,0.0,0.0,0.0,0.0,0.0,6.0103815050735925,1.0,1.0,0.0,0.0,0.0,0.0,0.094,0.094,-0.11512978840235837,-0.11512978840235837
2016.0,307.0,2.5,0.0,0.0,0.0,0.0,0.0,0.0,0.0,0.0,0.0,0.0,0.0,0.0,0.0,0.0,6.0103815050735925,1.0,1.0,0.0,0.0,0.0,0.0,0.094,0.094,-0.11512978840235837,-0.11512978840235837
2016.0,307.0,3.0,0.0,0.0,0.0,0.0,0.0,0.0,0.0,0.0,0.0,0.0,0.0,0.0,0.0,0.0,6.0103815050735925,1.0,1.0,0.0,0.0,0.0,0.0,0.094,0.094,-0.11512978840235837,-0.11512978840235837
2016.0,307.0,3.5,0.0,0.0,0.0,0.0,0.0,0.0,0.0,0.0,0.0,0.0,0.0,0.0,0.0,0.0,6.0103815050735925,1.0,1.0,0.0,0.0,0.0,0.0,0.094,0.094,-0.11512978840235837,-0.11512978840235837
2016.0,307.0,4.0,0.0,0.0,0.0,0.0,0.0,0.0,0.0,0.0,0.0,0.0,0.0,0.0,0.0,0.0,6.0103815050735925,1.0,1.0,0.0,0.0,0.0,0.0,0.094,0.094,-0.11512978840235837,-0.11512978840235837
2016.0,307.0,4.5,0.0,0.0,0.0,0.0,0.0,0.0,0.0,0.0,0.0,0.0,0.0,0.0,0.0,0.0,6.0103815050735925,1.0,1.0,0.0,0.0,0.0,0.0,0.094,0.094,-0.11512978840235837,-0.11512978840235837
2016.0,307.0,5.0,0.0,0.0,0.0,0.0,0.0,0.0,0.0,0.0,0.0,0.0,0.0,0.0,0.0,0.0,6.0103815050735925,1.0,1.0,0.0,0.0,0.0,0.0,0.094,0.094,-0.11512978840235837,-0.11512978840235837
2016,307,5.5,0.0,0.0,0.0,0.0,0.0,0.0,0.0,0.0,0.0,0.0,0.0,0.0,True,True,6.010296541963572,1.0,1.0,0.0,0.0,0.0,0.0,0.094,0.094,-0.11512978840235837,-0.11512978840235837
2016,307,6.0,3.8466365371534765,0.0,0.16164642490482078,0.0,37.33375517521976,0.0,0.10274658851044406,0.0,0.0,0.0,11644.918485362019,0.0,False,0.0,6.010296541963572,1.0,1.0,0.0,0.0,0.033853453861166186,0.033853453861166186,0.094,0.094,-0.11512978840235837,-0.11512978840235837
2016,307,6.5,7.710109790904038,0.0,0.17020263276223802,0.0,39.06388675943095,0.0,0.15322551795379538,0.0,0.0,0.0,15324.559494632462,0.0,False,0.0,6.010296541963572,1.0,1.0,0.0,0.0,0.06843688372181743,0.06843688372181743,0.094,0.094,-0.11512978840235837,-0.11512978840235837
2016,307,7.0,0.0,0.0,0.0,0.0,0.0,0.0,0.0,0.0,0.0,0.0,0.0,0.0,True,0.0,6.010296541963572,1.0,1.0,0.0,0.0,0.11194769591624061,0.11194769591624061,0.094,0.094,-0.11512978840235837,-0.11512978840235837
2016,307,7.5,0.0,0.0,0.0,0.0,0.0,0.0,0.0,0.0,0.0,0.0,0.0,0.0,True,0.0,6.010296541963572,1.0,1.0,0.0,0.0,0.09108790145214751,0.09108790145214751,0.094,0.094,-0.11512978840235837,-0.11512978840235837
2016,307,8.0,0.0,0.0,0.0,0.0,0.0,0.0,0.0,0.0,0.0,0.0,0.0,0.0,True,0.0,6.010296541963572,1.0,1.0,0.0,0.0,0.14381418551093778,0.14381418551093778,0.094,0.094,-0.11512978840235837,-0.11512978840235837
2016,307,8.5,0.0,0.0,0.0,0.0,0.0,0.0,0.0,0.0,0.0,0.0,0.0,0.0,True,0.0,6.010296541963572,1.0,1.0,0.0,0.0,0.18527453440564953,0.18527453440564953,0.094,0.094,-0.11512978840235837,-0.11512978840235837
2016,307,9.0,0.0,0.0,0.0,0.0,0.0,0.0,0.0,0.0,0.0,0.0,0.0,0.0,True,0.0,6.010296541963572,1.0,1.0,0.0,0.0,0.25037330668498337,0.25037330668498337,0.094,0.094,-0.11512978840235837,-0.11512978840235837
2016,307,9.5,0.0,0.0,0.0,0.0,0.0,0.0,0.0,0.0,0.0,0.0,0.0,0.0,True,0.0,6.010296541963572,1.0,1.0,0.0,0.0,0.2423418348416827,0.2423418348416827,0.093,0.093,-0.12367088542212278,-0.12367088542212278
2016,307,10.0,0.0,0.0,0.0,0.0,0.0,0.0,0.0,0.0,0.0,0.0,0.0,0.0,True,0.0,6.010296541963572,1.0,1.0,0.0,0.0,0.1816445116462289,0.1816445116462289,0.093,0.093,-0.12367088542212278,-0.12367088542212278
2016,307,10.5,0.0,0.0,0.0,0.0,0.0,0.0,0.0,0.0,0.0,0.0,0.0,0.0,True,0.0,6.010296541963572,1.0,1.0,0.0,0.0,0.19840964704820438,0.19840964704820438,0.093,0.093,-0.12367088542212278,-0.12367088542212278
2016,307,11.0,0.0,0.0,0.0,0.0,0.0,0.0,0.0,0.0,0.0,0.0,0.0,0.0,True,0.0,6.010296541963572,1.0,1.0,0.0,0.0,0.09688189040006176,0.09688189040006176,0.093,0.093,-0.12367088542212278,-0.12367088542212278
2016,307,11.5,0.0,0.0,0.0,0.0,0.0,0.0,0.0,0.0,0.0,0.0,0.0,0.0,True,0.0,6.010296541963572,1.0,1.0,0.0,0.0,0.060746828136978084,0.060746828136978084,0.0925,0.0925,-0.1282132473430953,-0.1282132473430953
2016,307,12.0,0.0,0.0,0.0,0.0,0.0,0.0,0.0,0.0,0.0,0.0,0.0,0.0,True,0.0,6.010296541963572,1.0,1.0,0.0,0.0,0.06871949250709701,0.06871949250709701,0.092,0.092,-0.13294843755325347,-0.13294843755325347
2016,307,12.5,0.0,0.0,0.0,0.0,0.0,0.0,0.0,0.0,0.0,0.0,0.0,0.0,True,0.0,6.010296541963572,1.0,1.0,0.0,0.0,0.02278275124429861,0.02278275124429861,0.092,0.092,-0.13294843755325347,-0.13294843755325347
2016,307,13.0,0.0,0.0,0.0,0.0,0.0,0.0,0.0,0.0,0.0,0.0,0.0,0.0,True,0.0,6.010296541963572,1.0,1.0,0.0,0.0,0.07665580062819145,0.07665580062819145,0.092,0.092,-0.13294843755325347,-0.13294843755325347
2016,307,13.5,0.0,0.0,0.0,0.0,0.0,0.0,0.0,0.0,0.0,0.0,0.0,0.0,True,0.0,6.010296541963572,1.0,1.0,0.0,0.0,0.014111721202788283,0.014111721202788283,0.092,0.092,-0.13294843755325347,-0.13294843755325347
2016,307,14.0,0.0,0.0,0.0,0.0,0.0,0.0,0.0,0.0,0.0,0.0,0.0,0.0,True,0.0,6.010296541963572,1.0,1.0,0.0,0.0,0.04944218391977674,0.04944218391977674,0.0915,0.0915,-0.137885757340547,-0.137885757340547
2016,307,14.5,0.0,0.0,0.0,0.0,0.0,0.0,0.0,0.0,0.0,0.0,0.0,0.0,True,0.0,6.010296541963572,1.0,1.0,0.0,0.0,0.16096554072078803,0.16096554072078803,0.091,0.091,-0.14303501105796806,-0.14303501105796806
2016,307,15.0,0.0,0.0,0.0,0.0,0.0,0.0,0.0,0.0,0.0,0.0,0.0,0.0,True,0.0,6.010296541963572,1.0,1.0,0.0,0.0,0.09335554455040491,0.09335554455040491,0.091,0.091,-0.14303501105796806,-0.14303501105796806
2016,307,15.5,0.0,0.0,0.0,0.0,0.0,0.0,0.0,0.0,0.0,0.0,0.0,0.0,True,0.0,6.010296541963572,1.0,1.0,0.0,0.0,0.0,0.0,0.091,0.091,-0.14303501105796806,-0.14303501105796806
2016,307,16.0,0.0,0.0,0.0,0.0,0.0,0.0,0.0,0.0,0.0,0.0,0.0,0.0,True,True,6.010029564437902,1.0,1.0,0.0,0.0,0.0,0.0,0.091,0.091,-0.14303501105796806,-0.14303501105796806
2016,307,16.5,0.0,0.0,0.0,0.0,0.0,0.0,0.0,0.0,0.0,0.0,0.0,0.0,True,True,6.010029564437902,1.0,1.0,0.0,0.0,0.0,0.0,0.091,0.091,-0.14303501105796806,-0.14303501105796806
2016.0,307.0,17.0,0.0,0.0,0.0,0.0,0.0,0.0,0.0,0.0,0.0,0.0,0.0,0.0,0.0,0.0,6.010029564437902,1.0,1.0,0.0,0.0,0.0,0.0,0.09,0.09,-0.15401123611662587,-0.15401123611662587
2016.0,307.0,17.5,0.0,0.0,0.0,0.0,0.0,0.0,0.0,0.0,0.0,0.0,0.0,0.0,0.0,0.0,6.010029564437902,1.0,1.0,0.0,0.0,0.0,0.0,0.09,0.09,-0.15401123611662587,-0.15401123611662587
2016.0,307.0,18.0,0.0,0.0,0.0,0.0,0.0,0.0,0.0,0.0,0.0,0.0,0.0,0.0,0.0,0.0,6.010029564437902,1.0,1.0,0.0,0.0,0.0,0.0,0.09,0.09,-0.15401123611662587,-0.15401123611662587
2016.0,307.0,18.5,0.0,0.0,0.0,0.0,0.0,0.0,0.0,0.0,0.0,0.0,0.0,0.0,0.0,0.0,6.010029564437902,1.0,1.0,0.0,0.0,0.0,0.0,0.09,0.09,-0.15401123611662587,-0.15401123611662587
2016.0,307.0,19.0,0.0,0.0,0.0,0.0,0.0,0.0,0.0,0.0,0.0,0.0,0.0,0.0,0.0,0.0,6.010029564437902,1.0,1.0,0.0,0.0,0.0,0.0,0.09,0.09,-0.15401123611662587,-0.15401123611662587
2016.0,307.0,19.5,0.0,0.0,0.0,0.0,0.0,0.0,0.0,0.0,0.0,0.0,0.0,0.0,0.0,0.0,6.010029564437902,1.0,1.0,0.0,0.0,0.0,0.0,0.09,0.09,-0.15401123611662587,-0.15401123611662587
2016.0,307.0,20.0,0.0,0.0,0.0,0.0,0.0,0.0,0.0,0.0,0.0,0.0,0.0,0.0,0.0,0.0,6.010029564437902,1.0,1.0,0.0,0.0,0.0,0.0,0.09,0.09,-0.15401123611662587,-0.15401123611662587
2016.0,307.0,20.5,0.0,0.0,0.0,0.0,0.0,0.0,0.0,0.0,0.0,0.0,0.0,0.0,0.0,0.0,6.010029564437902,1.0,1.0,0.0,0.0,0.0,0.0,0.09,0.09,-0.15401123611662587,-0.15401123611662587
2016.0,307.0,21.0,0.0,0.0,0.0,0.0,0.0,0.0,0.0,0.0,0.0,0.0,0.0,0.0,0.0,0.0,6.010029564437902,1.0,1.0,0.0,0.0,0.0,0.0,0.09,0.09,-0.15401123611662587,-0.15401123611662587
2016.0,307.0,21.5,0.0,0.0,0.0,0.0,0.0,0.0,0.0,0.0,0.0,0.0,0.0,0.0,0.0,0.0,6.010029564437902,1.0,1.0,0.0,0.0,0.0,0.0,0.09,0.09,-0.15401123611662587,-0.15401123611662587
2016.0,307.0,22.0,0.0,0.0,0.0,0.0,0.0,0.0,0.0,0.0,0.0,0.0,0.0,0.0,0.0,0.0,6.010029564437902,1.0,1.0,0.0,0.0,0.0,0.0,0.09,0.09,-0.15401123611662587,-0.15401123611662587
2016.0,307.0,22.5,0.0,0.0,0.0,0.0,0.0,0.0,0.0,0.0,0.0,0.0,0.0,0.0,0.0,0.0,6.010029564437902,1.0,1.0,0.0,0.0,0.0,0.0,0.09,0.09,-0.15401123611662587,-0.15401123611662587
2016.0,307.0,23.0,0.0,0.0,0.0,0.0,0.0,0.0,0.0,0.0,0.0,0.0,0.0,0.0,0.0,0.0,6.010029564437902,1.0,1.0,0.0,0.0,0.0,0.0,0.09,0.09,-0.15401123611662587,-0.15401123611662587
2016.0,307.0,23.5,0.0,0.0,0.0,0.0,0.0,0.0,0.0,0.0,0.0,0.0,0.0,0.0,0.0,0.0,6.010029564437902,1.0,1.0,0.0,0.0,0.0,0.0,0.09,0.09,-0.15401123611662587,-0.15401123611662587
2016.0,308.0,0.0,0.0,0.0,0.0,0.0,0.0,0.0,0.0,0.0,0.0,0.0,0.0,0.0,0.0,0.0,6.010029564437902,1.0,1.0,0.0,0.0,0.0,0.0,0.09,0.09,-0.15401123611662587,-0.15401123611662587
2016.0,308.0,0.5,0.0,0.0,0.0,0.0,0.0,0.0,0.0,0.0,0.0,0.0,0.0,0.0,0.0,0.0,6.010029564437902,1.0,1.0,0.0,0.0,0.0,0.0,0.09,0.09,-0.15401123611662587,-0.15401123611662587
2016.0,308.0,1.0,0.0,0.0,0.0,0.0,0.0,0.0,0.0,0.0,0.0,0.0,0.0,0.0,0.0,0.0,6.010029564437902,1.0,1.0,0.0,0.0,0.0,0.0,0.09,0.09,-0.15401123611662587,-0.15401123611662587
2016.0,308.0,1.5,0.0,0.0,0.0,0.0,0.0,0.0,0.0,0.0,0.0,0.0,0.0,0.0,0.0,0.0,6.010029564437902,1.0,1.0,0.0,0.0,0.0,0.0,0.09,0.09,-0.15401123611662587,-0.15401123611662587
2016.0,308.0,2.0,0.0,0.0,0.0,0.0,0.0,0.0,0.0,0.0,0.0,0.0,0.0,0.0,0.0,0.0,6.010029564437902,1.0,1.0,0.0,0.0,0.0,0.0,0.09,0.09,-0.15401123611662587,-0.15401123611662587
2016.0,308.0,2.5,0.0,0.0,0.0,0.0,0.0,0.0,0.0,0.0,0.0,0.0,0.0,0.0,0.0,0.0,6.010029564437902,1.0,1.0,0.0,0.0,0.0,0.0,0.09,0.09,-0.15401123611662587,-0.15401123611662587
2016.0,308.0,3.0,0.0,0.0,0.0,0.0,0.0,0.0,0.0,0.0,0.0,0.0,0.0,0.0,0.0,0.0,6.010029564437902,1.0,1.0,0.0,0.0,0.0,0.0,0.09,0.09,-0.15401123611662587,-0.15401123611662587
2016.0,308.0,3.5,0.0,0.0,0.0,0.0,0.0,0.0,0.0,0.0,0.0,0.0,0.0,0.0,0.0,0.0,6.010029564437902,1.0,1.0,0.0,0.0,0.0,0.0,0.09,0.09,-0.15401123611662587,-0.15401123611662587
2016.0,308.0,4.0,0.0,0.0,0.0,0.0,0.0,0.0,0.0,0.0,0.0,0.0,0.0,0.0,0.0,0.0,6.010029564437902,1.0,1.0,0.0,0.0,0.0,0.0,0.0895,0.0895,-0.15986061324751152,-0.15986061324751152
2016.0,308.0,4.5,0.0,0.0,0.0,0.0,0.0,0.0,0.0,0.0,0.0,0.0,0.0,0.0,0.0,0.0,6.010029564437902,1.0,1.0,0.0,0.0,0.0,0.0,0.089,0.089,-0.16596680679910064,-0.16596680679910064
2016.0,308.0,5.0,0.0,0.0,0.0,0.0,0.0,0.0,0.0,0.0,0.0,0.0,0.0,0.0,0.0,0.0,6.010029564437902,1.0,1.0,0.0,0.0,0.0,0.0,0.089,0.089,-0.16596680679910064,-0.16596680679910064
2016,308,5.5,0.0,0.0,0.0,0.0,0.0,0.0,0.0,0.0,0.0,0.0,0.0,0.0,True,True,6.0097380353013525,1.0,1.0,0.0,0.0,0.0,0.0,0.089,0.089,-0.16596680679910064,-0.16596680679910064
2016,308,6.0,3.666504723182499,0.0,0.1494529594907818,0.0,37.49883153134985,0.0,0.09952831172263821,0.0,0.0,0.0,11969.213561869208,0.0,False,0.0,6.0097380353013525,1.0,1.0,0.0,0.0,0.02928189865328138,0.02928189865328138,0.089,0.089,-0.16596680679910064,-0.16596680679910064
2016,308,6.5,6.684398849443101,0.0,0.1313942704235359,0.0,39.7394698974358,0.0,0.13688924891134918,0.0,0.0,0.0,16233.84286157928,0.0,False,0.0,6.0097380353013525,1.0,1.0,0.0,0.0,0.05464474562730779,0.05464474562730779,0.089,0.089,-0.16596680679910064,-0.16596680679910064
2016,308,7.0,0.0,0.0,0.0,0.0,0.0,0.0,0.0,0.0,0.0,0.0,0.0,0.0,True,0.0,6.0097380353013525,1.0,1.0,0.0,0.0,0.09283486801973587,0.09283486801973587,0.089,0.089,-0.16596680679910064,-0.16596680679910064
2016,308,7.5,0.0,0.0,0.0,0.0,0.0,0.0,0.0,0.0,0.0,0.0,0.0,0.0,True,0.0,6.0097380353013525,1.0,1.0,0.0,0.0,0.03712599017212824,0.03712599017212824,0.089,0.089,-0.16596680679910064,-0.16596680679910064
2016,308,8.0,0.0,0.0,0.0,0.0,0.0,0.0,0.0,0.0,0.0,0.0,0.0,0.0,True,0.0,6.0097380353013525,1.0,1.0,0.0,0.0,0.13351229000037343,0.13351229000037343,0.089,0.089,-0.16596680679910064,-0.16596680679910064
2016,308,8.5,0.0,0.0,0.0,0.0,0.0,0.0,0.0,0.0,0.0,0.0,0.0,0.0,True,0.0,6.0097380353013525,1.0,1.0,0.0,0.0,0.15118420599449203,0.15118420599449203,0.089,0.089,-0.16596680679910064,-0.16596680679910064
2016,308,9.0,0.0,0.0,0.0,0.0,0.0,0.0,0.0,0.0,0.0,0.0,0.0,0.0,True,0.0,6.0097380353013525,1.0,1.0,0.0,0.0,0.219212456230734,0.219212456230734,0.089,0.089,-0.16596680679910064,-0.16596680679910064
2016,308,9.5,0.0,0.0,0.0,0.0,0.0,0.0,0.0,0.0,0.0,0.0,0.0,0.0,True,0.0,6.0097380353013525,1.0,1.0,0.0,0.0,0.2135335030394871,0.2135335030394871,0.089,0.089,-0.16596680679910064,-0.16596680679910064
2016,308,10.0,0.0,0.0,0.0,0.0,0.0,0.0,0.0,0.0,0.0,0.0,0.0,0.0,True,0.0,6.0097380353013525,1.0,1.0,0.0,0.0,0.14807900129111407,0.14807900129111407,0.088,0.088,-0.1790016182191552,-0.1790016182191552
2016,308,10.5,0.0,0.0,0.0,0.0,0.0,0.0,0.0,0.0,0.0,0.0,0.0,0.0,True,0.0,6.0097380353013525,1.0,1.0,0.0,0.0,0.14092706402137065,0.14092706402137065,0.088,0.088,-0.1790016182191552,-0.1790016182191552
2016,308,11.0,0.0,0.0,0.0,0.0,0.0,0.0,0.0,0.0,0.0,0.0,0.0,0.0,True,0.0,6.0097380353013525,1.0,1.0,0.0,0.0,0.089908567403619,0.089908567403619,0.088,0.088,-0.1790016182191552,-0.1790016182191552
2016,308,11.5,0.0,0.0,0.0,0.0,0.0,0.0,0.0,0.0,0.0,0.0,0.0,0.0,True,0.0,6.0097380353013525,1.0,1.0,0.0,0.0,0.07081360257472995,0.07081360257472995,0.088,0.088,-0.1790016182191552,-0.1790016182191552
2016,308,12.0,0.0,0.0,0.0,0.0,0.0,0.0,0.0,0.0,0.0,0.0,0.0,0.0,True,0.0,6.0097380353013525,1.0,1.0,0.0,0.0,0.039901991352579734,0.039901991352579734,0.088,0.088,-0.1790016182191552,-0.1790016182191552
2016,308,12.5,0.0,0.0,0.0,0.0,0.0,0.0,0.0,0.0,0.0,0.0,0.0,0.0,True,0.0,6.0097380353013525,1.0,1.0,0.0,0.0,0.047261362399478056,0.047261362399478056,0.087,0.087,-0.1932270615424628,-0.1932270615424628
2016,308,13.0,0.0,0.0,0.0,0.0,0.0,0.0,0.0,0.0,0.0,0.0,0.0,0.0,True,0.0,6.0097380353013525,1.0,1.0,0.0,0.0,0.04190151281096128,0.04190151281096128,0.087,0.087,-0.1932270615424628,-0.1932270615424628
2016,308,13.5,0.0,0.0,0.0,0.0,0.0,0.0,0.0,0.0,0.0,0.0,0.0,0.0,True,0.0,6.0097380353013525,1.0,1.0,0.0,0.0,0.017220027946497907,0.017220027946497907,0.087,0.087,-0.1932270615424628,-0.1932270615424628
2016,308,14.5,0.0,0.0,0.0,0.0,0.0,0.0,0.0,0.0,0.0,0.0,0.0,0.0,True,0.0,6.0097380353013525,1.0,1.0,0.0,0.0,0.156102870783932,0.156102870783932,0.0865,0.0865,-0.20082458265297198,-0.20082458265297198
2016,308,15.0,0.0,0.0,0.0,0.0,0.0,0.0,0.0,0.0,0.0,0.0,0.0,0.0,True,0.0,6.0097380353013525,1.0,1.0,0.0,0.0,0.1054917062246,0.1054917062246,0.086,0.086,-0.2087675009191212,-0.2087675009191212
2016,308,15.5,0.0,0.0,0.0,0.0,0.0,0.0,0.0,0.0,0.0,0.0,0.0,0.0,True,0.0,6.0097380353013525,1.0,1.0,0.0,0.0,0.0,0.0,0.086,0.086,-0.2087675009191212,-0.2087675009191212
2016,308,16.0,0.0,0.0,0.0,0.0,0.0,0.0,0.0,0.0,0.0,0.0,0.0,0.0,True,True,6.008998259768314,1.0,1.0,0.0,0.0,0.0,0.0,0.086,0.086,-0.2087675009191212,-0.2087675009191212
2016,308,16.5,0.0,0.0,0.0,0.0,0.0,0.0,0.0,0.0,0.0,0.0,0.0,0.0,True,True,6.008998259768314,1.0,1.0,0.0,0.0,0.0,0.0,0.086,0.086,-0.2087675009191212,-0.2087675009191212
2016.0,308.0,17.0,0.0,0.0,0.0,0.0,0.0,0.0,0.0,0.0,0.0,0.0,0.0,0.0,0.0,0.0,6.008998259768314,1.0,1.0,0.0,0.0,0.0,0.0,0.086,0.086,-0.2087675009191212,-0.2087675009191212
2016.0,308.0,17.5,0.0,0.0,0.0,0.0,0.0,0.0,0.0,0.0,0.0,0.0,0.0,0.0,0.0,0.0,6.008998259768314,1.0,1.0,0.0,0.0,0.0,0.0,0.086,0.086,-0.2087675009191212,-0.2087675009191212
2016.0,308.0,18.0,0.0,0.0,0.0,0.0,0.0,0.0,0.0,0.0,0.0,0.0,0.0,0.0,0.0,0.0,6.008998259768314,1.0,1.0,0.0,0.0,0.0,0.0,0.086,0.086,-0.2087675009191212,-0.2087675009191212
2016.0,308.0,18.5,0.0,0.0,0.0,0.0,0.0,0.0,0.0,0.0,0.0,0.0,0.0,0.0,0.0,0.0,6.008998259768314,1.0,1.0,0.0,0.0,0.0,0.0,0.086,0.086,-0.2087675009191212,-0.2087675009191212
2016.0,308.0,19.0,0.0,0.0,0.0,0.0,0.0,0.0,0.0,0.0,0.0,0.0,0.0,0.0,0.0,0.0,6.008998259768314,1.0,1.0,0.0,0.0,0.0,0.0,0.085,0.085,-0.22576196041911914,-0.22576196041911914
2016.0,308.0,19.5,0.0,0.0,0.0,0.0,0.0,0.0,0.0,0.0,0.0,0.0,0.0,0.0,0.0,0.0,6.008998259768314,1.0,1.0,0.0,0.0,0.0,0.0,0.085,0.085,-0.22576196041911914,-0.22576196041911914
2016.0,308.0,20.0,0.0,0.0,0.0,0.0,0.0,0.0,0.0,0.0,0.0,0.0,0.0,0.0,0.0,0.0,6.008998259768314,1.0,1.0,0.0,0.0,0.0,0.0,0.085,0.085,-0.22576196041911914,-0.22576196041911914
2016.0,308.0,20.5,0.0,0.0,0.0,0.0,0.0,0.0,0.0,0.0,0.0,0.0,0.0,0.0,0.0,0.0,6.008998259768314,1.0,1.0,0.0,0.0,0.0,0.0,0.085,0.085,-0.22576196041911914,-0.22576196041911914
2016.0,308.0,21.0,0.0,0.0,0.0,0.0,0.0,0.0,0.0,0.0,0.0,0.0,0.0,0.0,0.0,0.0,6.008998259768314,1.0,1.0,0.0,0.0,0.0,0.0,0.085,0.085,-0.22576196041911914,-0.22576196041911914
2016.0,308.0,21.5,0.0,0.0,0.0,0.0,0.0,0.0,0.0,0.0,0.0,0.0,0.0,0.0,0.0,0.0,6.008998259768314,1.0,1.0,0.0,0.0,0.0,0.0,0.085,0.085,-0.22576196041911914,-0.22576196041911914
2016.0,308.0,22.0,0.0,0.0,0.0,0.0,0.0,0.0,0.0,0.0,0.0,0.0,0.0,0.0,0.0,0.0,6.008998259768314,1.0,1.0,0.0,0.0,0.0,0.0,0.085,0.085,-0.22576196041911914,-0.22576196041911914
2016.0,308.0,22.5,0.0,0.0,0.0,0.0,0.0,0.0,0.0,0.0,0.0,0.0,0.0,0.0,0.0,0.0,6.008998259768314,1.0,1.0,0.0,0.0,0.0,0.0,0.085,0.085,-0.22576196041911914,-0.22576196041911914
2016.0,308.0,23.0,0.0,0.0,0.0,0.0,0.0,0.0,0.0,0.0,0.0,0.0,0.0,0.0,0.0,0.0,6.008998259768314,1.0,1.0,0.0,0.0,0.0,0.0,0.085,0.085,-0.22576196041911914,-0.22576196041911914
2016.0,308.0,23.5,0.0,0.0,0.0,0.0,0.0,0.0,0.0,0.0,0.0,0.0,0.0,0.0,0.0,0.0,6.008998259768314,1.0,1.0,0.0,0.0,0.0,0.0,0.085,0.085,-0.22576196041911914,-0.22576196041911914
2016.0,309.0,0.0,0.0,0.0,0.0,0.0,0.0,0.0,0.0,0.0,0.0,0.0,0.0,0.0,0.0,0.0,6.008998259768314,1.0,1.0,0.0,0.0,0.0,0.0,0.085,0.085,-0.22576196041911914,-0.22576196041911914
2016.0,309.0,0.5,0.0,0.0,0.0,0.0,0.0,0.0,0.0,0.0,0.0,0.0,0.0,0.0,0.0,0.0,6.008998259768314,1.0,1.0,0.0,0.0,0.0,0.0,0.085,0.085,-0.22576196041911914,-0.22576196041911914
2016.0,309.0,1.0,0.0,0.0,0.0,0.0,0.0,0.0,0.0,0.0,0.0,0.0,0.0,0.0,0.0,0.0,6.008998259768314,1.0,1.0,0.0,0.0,0.0,0.0,0.085,0.085,-0.22576196041911914,-0.22576196041911914
2016.0,309.0,1.5,0.0,0.0,0.0,0.0,0.0,0.0,0.0,0.0,0.0,0.0,0.0,0.0,0.0,0.0,6.008998259768314,1.0,1.0,0.0,0.0,0.0,0.0,0.085,0.085,-0.22576196041911914,-0.22576196041911914
2016.0,309.0,2.0,0.0,0.0,0.0,0.0,0.0,0.0,0.0,0.0,0.0,0.0,0.0,0.0,0.0,0.0,6.008998259768314,1.0,1.0,0.0,0.0,0.0,0.0,0.085,0.085,-0.22576196041911914,-0.22576196041911914
2016.0,309.0,2.5,0.0,0.0,0.0,0.0,0.0,0.0,0.0,0.0,0.0,0.0,0.0,0.0,0.0,0.0,6.008998259768314,1.0,1.0,0.0,0.0,0.0,0.0,0.085,0.085,-0.22576196041911914,-0.22576196041911914
2016.0,309.0,3.0,0.0,0.0,0.0,0.0,0.0,0.0,0.0,0.0,0.0,0.0,0.0,0.0,0.0,0.0,6.008998259768314,1.0,1.0,0.0,0.0,0.0,0.0,0.085,0.085,-0.22576196041911914,-0.22576196041911914
2016.0,309.0,3.5,0.0,0.0,0.0,0.0,0.0,0.0,0.0,0.0,0.0,0.0,0.0,0.0,0.0,0.0,6.008998259768314,1.0,1.0,0.0,0.0,0.0,0.0,0.085,0.085,-0.22576196041911914,-0.22576196041911914
2016.0,309.0,4.0,0.0,0.0,0.0,0.0,0.0,0.0,0.0,0.0,0.0,0.0,0.0,0.0,0.0,0.0,6.008998259768314,1.0,1.0,0.0,0.0,0.0,0.0,0.085,0.085,-0.22576196041911914,-0.22576196041911914
2016.0,309.0,4.5,0.0,0.0,0.0,0.0,0.0,0.0,0.0,0.0,0.0,0.0,0.0,0.0,0.0,0.0,6.008998259768314,1.0,1.0,0.0,0.0,0.0,0.0,0.085,0.085,-0.22576196041911914,-0.22576196041911914
2016.0,309.0,5.0,0.0,0.0,0.0,0.0,0.0,0.0,0.0,0.0,0.0,0.0,0.0,0.0,0.0,0.0,6.008998259768314,1.0,1.0,0.0,0.0,0.0,0.0,0.085,0.085,-0.22576196041911914,-0.22576196041911914
2016,309,5.5,0.0,0.0,0.0,0.0,0.0,0.0,0.0,0.0,0.0,0.0,0.0,0.0,True,True,6.008627424897719,1.0,1.0,0.0,0.0,0.0,0.0,0.085,0.085,-0.22576196041911914,-0.22576196041911914
2016,309,6.0,3.44915088531446,0.0,0.21329650574310113,0.0,35.60837482081802,0.0,0.07036438735126306,0.0,0.0,0.0,16574.52795634718,0.0,False,0.0,6.008627424897719,1.0,1.0,0.0,0.0,0.02899437444606318,0.02899437444606318,0.085,0.085,-0.22576196041911914,-0.22576196041911914
2016,309,6.5,5.51336171398246,0.0,0.13035760365855767,0.0,39.87929899328086,0.0,0.09476800683084977,0.0,0.0,0.0,22366.156921975366,0.0,False,0.0,6.008627424897719,1.0,1.0,0.0,0.0,0.051044161103167014,0.051044161103167014,0.085,0.085,-0.22576196041911914,-0.22576196041911914
2016,309,7.0,0.0,0.0,0.0,0.0,0.0,0.0,0.0,0.0,0.0,0.0,0.0,0.0,True,0.0,6.008627424897719,1.0,1.0,0.0,0.0,0.06772466820065087,0.06772466820065087,0.085,0.085,-0.22576196041911914,-0.22576196041911914
2016,309,7.5,0.0,0.0,0.0,0.0,0.0,0.0,0.0,0.0,0.0,0.0,0.0,0.0,True,0.0,6.008627424897719,1.0,1.0,0.0,0.0,0.05869918646382647,0.05869918646382647,0.085,0.085,-0.22576196041911914,-0.22576196041911914
2016,309,8.0,0.0,0.0,0.0,0.0,0.0,0.0,0.0,0.0,0.0,0.0,0.0,0.0,True,0.0,6.008627424897719,1.0,1.0,0.0,0.0,0.07103039726707351,0.07103039726707351,0.084,0.084,-0.24436605378157714,-0.24436605378157714
2016,309,8.5,0.0,0.0,0.0,0.0,0.0,0.0,0.0,0.0,0.0,0.0,0.0,0.0,True,0.0,6.008627424897719,1.0,1.0,0.0,0.0,0.13525769965273016,0.13525769965273016,0.084,0.084,-0.24436605378157714,-0.24436605378157714
2016,309,9.0,0.0,0.0,0.0,0.0,0.0,0.0,0.0,0.0,0.0,0.0,0.0,0.0,True,0.0,6.008627424897719,1.0,1.0,0.0,0.0,0.2070435881696097,0.2070435881696097,0.084,0.084,-0.24436605378157714,-0.24436605378157714
2016,309,9.5,0.0,0.0,0.0,0.0,0.0,0.0,0.0,0.0,0.0,0.0,0.0,0.0,True,0.0,6.008627424897719,1.0,1.0,0.0,0.0,0.22253303424330234,0.22253303424330234,0.084,0.084,-0.24436605378157714,-0.24436605378157714
2016,309,10.0,0.0,0.0,0.0,0.0,0.0,0.0,0.0,0.0,0.0,0.0,0.0,0.0,True,0.0,6.008627424897719,1.0,1.0,0.0,0.0,0.19025023289145682,0.19025023289145682,0.084,0.084,-0.24436605378157714,-0.24436605378157714
2016,309,10.5,0.0,0.0,0.0,0.0,0.0,0.0,0.0,0.0,0.0,0.0,0.0,0.0,True,0.0,6.008627424897719,1.0,1.0,0.0,0.0,0.17820523185253032,0.17820523185253032,0.0835,0.0835,-0.2543254163284225,-0.2543254163284225
2016,309,11.0,0.0,0.0,0.0,0.0,0.0,0.0,0.0,0.0,0.0,0.0,0.0,0.0,True,0.0,6.008627424897719,1.0,1.0,0.0,0.0,0.1344523232523912,0.1344523232523912,0.083,0.083,-0.2647541953873816,-0.2647541953873816
2016,309,11.5,0.0,0.0,0.0,0.0,0.0,0.0,0.0,0.0,0.0,0.0,0.0,0.0,True,0.0,6.008627424897719,1.0,1.0,0.0,0.0,0.02745713274602735,0.02745713274602735,0.083,0.083,-0.2647541953873816,-0.2647541953873816
2016,309,12.0,0.0,0.0,0.0,0.0,0.0,0.0,0.0,0.0,0.0,0.0,0.0,0.0,True,0.0,6.008627424897719,1.0,1.0,0.0,0.0,0.05332250999053801,0.05332250999053801,0.083,0.083,-0.2647541953873816,-0.2647541953873816
2016,309,12.5,0.0,0.0,0.0,0.0,0.0,0.0,0.0,0.0,0.0,0.0,0.0,0.0,True,0.0,6.008627424897719,1.0,1.0,0.0,0.0,0.06493521860534503,0.06493521860534503,0.083,0.083,-0.2647541953873816,-0.2647541953873816
2016,309,13.0,0.0,0.0,0.0,0.0,0.0,0.0,0.0,0.0,0.0,0.0,0.0,0.0,True,0.0,6.008627424897719,1.0,1.0,0.0,0.0,0.034419332889490166,0.034419332889490166,0.0825,0.0825,-0.2756775464585471,-0.2756775464585471
2016,309,13.5,0.0,0.0,0.0,0.0,0.0,0.0,0.0,0.0,0.0,0.0,0.0,0.0,True,0.0,6.008627424897719,1.0,1.0,0.0,0.0,0.04462316145127311,0.04462316145127311,0.082,0.082,-0.28712213750166166,-0.28712213750166166
2016,309,14.0,0.0,0.0,0.0,0.0,0.0,0.0,0.0,0.0,0.0,0.0,0.0,0.0,True,0.0,6.008627424897719,1.0,1.0,0.0,0.0,0.03600216163233855,0.03600216163233855,0.082,0.082,-0.28712213750166166,-0.28712213750166166
2016,309,14.5,0.0,0.0,0.0,0.0,0.0,0.0,0.0,0.0,0.0,0.0,0.0,0.0,True,0.0,6.008627424897719,1.0,1.0,0.0,0.0,0.14122362181224885,0.14122362181224885,0.082,0.082,-0.28712213750166166,-0.28712213750166166
2016,309,15.0,0.0,0.0,0.0,0.0,0.0,0.0,0.0,0.0,0.0,0.0,0.0,0.0,True,0.0,6.008627424897719,1.0,1.0,0.0,0.0,0.08868814444046688,0.08868814444046688,0.082,0.082,-0.28712213750166166,-0.28712213750166166
2016,309,15.5,0.0,0.0,0.0,0.0,0.0,0.0,0.0,0.0,0.0,0.0,0.0,0.0,True,True,6.006461617737326,1.0,1.0,0.0,0.0,0.0,0.0,0.0815,0.0815,-0.29911624987965013,-0.29911624987965013
2016,309,16.0,0.0,0.0,0.0,0.0,0.0,0.0,0.0,0.0,0.0,0.0,0.0,0.0,True,True,6.0059908884251625,1.0,1.0,0.0,0.0,0.0,0.0,0.081,0.081,-0.31168988671555264,-0.31168988671555264
2016,309,16.5,0.0,0.0,0.0,0.0,0.0,0.0,0.0,0.0,0.0,0.0,0.0,0.0,True,True,6.0059908884251625,1.0,1.0,0.0,0.0,0.0,0.0,0.081,0.081,-0.31168988671555264,-0.31168988671555264
2016.0,309.0,17.0,0.0,0.0,0.0,0.0,0.0,0.0,0.0,0.0,0.0,0.0,0.0,0.0,0.0,0.0,6.0059908884251625,1.0,1.0,0.0,0.0,0.0,0.0,0.081,0.081,-0.31168988671555264,-0.31168988671555264
2016.0,309.0,17.5,0.0,0.0,0.0,0.0,0.0,0.0,0.0,0.0,0.0,0.0,0.0,0.0,0.0,0.0,6.0059908884251625,1.0,1.0,0.0,0.0,0.0,0.0,0.081,0.081,-0.31168988671555264,-0.31168988671555264
2016.0,309.0,18.0,0.0,0.0,0.0,0.0,0.0,0.0,0.0,0.0,0.0,0.0,0.0,0.0,0.0,0.0,6.0059908884251625,1.0,1.0,0.0,0.0,0.0,0.0,0.081,0.081,-0.31168988671555264,-0.31168988671555264
2016.0,309.0,18.5,0.0,0.0,0.0,0.0,0.0,0.0,0.0,0.0,0.0,0.0,0.0,0.0,0.0,0.0,6.0059908884251625,1.0,1.0,0.0,0.0,0.0,0.0,0.081,0.081,-0.31168988671555264,-0.31168988671555264
2016.0,309.0,19.0,0.0,0.0,0.0,0.0,0.0,0.0,0.0,0.0,0.0,0.0,0.0,0.0,0.0,0.0,6.0059908884251625,1.0,1.0,0.0,0.0,0.0,0.0,0.081,0.081,-0.31168988671555264,-0.31168988671555264
2016.0,309.0,19.5,0.0,0.0,0.0,0.0,0.0,0.0,0.0,0.0,0.0,0.0,0.0,0.0,0.0,0.0,6.0059908884251625,1.0,1.0,0.0,0.0,0.0,0.0,0.081,0.081,-0.31168988671555264,-0.31168988671555264
2016.0,309.0,20.0,0.0,0.0,0.0,0.0,0.0,0.0,0.0,0.0,0.0,0.0,0.0,0.0,0.0,0.0,6.0059908884251625,1.0,1.0,0.0,0.0,0.0,0.0,0.081,0.081,-0.31168988671555264,-0.31168988671555264
2016.0,309.0,20.5,0.0,0.0,0.0,0.0,0.0,0.0,0.0,0.0,0.0,0.0,0.0,0.0,0.0,0.0,6.0059908884251625,1.0,1.0,0.0,0.0,0.0,0.0,0.081,0.081,-0.31168988671555264,-0.31168988671555264
2016.0,309.0,21.0,0.0,0.0,0.0,0.0,0.0,0.0,0.0,0.0,0.0,0.0,0.0,0.0,0.0,0.0,6.0059908884251625,1.0,1.0,0.0,0.0,0.0,0.0,0.081,0.081,-0.31168988671555264,-0.31168988671555264
2016.0,309.0,21.5,0.0,0.0,0.0,0.0,0.0,0.0,0.0,0.0,0.0,0.0,0.0,0.0,0.0,0.0,6.0059908884251625,1.0,1.0,0.0,0.0,0.0,0.0,0.081,0.081,-0.31168988671555264,-0.31168988671555264
2016.0,309.0,22.0,0.0,0.0,0.0,0.0,0.0,0.0,0.0,0.0,0.0,0.0,0.0,0.0,0.0,0.0,6.0059908884251625,1.0,1.0,0.0,0.0,0.0,0.0,0.081,0.081,-0.31168988671555264,-0.31168988671555264
2016.0,309.0,22.5,0.0,0.0,0.0,0.0,0.0,0.0,0.0,0.0,0.0,0.0,0.0,0.0,0.0,0.0,6.0059908884251625,1.0,1.0,0.0,0.0,0.0,0.0,0.081,0.081,-0.31168988671555264,-0.31168988671555264
2016.0,309.0,23.0,0.0,0.0,0.0,0.0,0.0,0.0,0.0,0.0,0.0,0.0,0.0,0.0,0.0,0.0,6.0059908884251625,1.0,1.0,0.0,0.0,0.0,0.0,0.081,0.081,-0.31168988671555264,-0.31168988671555264
2016.0,309.0,23.5,0.0,0.0,0.0,0.0,0.0,0.0,0.0,0.0,0.0,0.0,0.0,0.0,0.0,0.0,6.0059908884251625,1.0,1.0,0.0,0.0,0.0,0.0,0.081,0.081,-0.31168988671555264,-0.31168988671555264
2016.0,310.0,0.0,0.0,0.0,0.0,0.0,0.0,0.0,0.0,0.0,0.0,0.0,0.0,0.0,0.0,0.0,6.0059908884251625,1.0,1.0,0.0,0.0,0.0,0.0,0.08,0.08,-0.3387050618989844,-0.3387050618989844
2016.0,310.0,0.5,0.0,0.0,0.0,0.0,0.0,0.0,0.0,0.0,0.0,0.0,0.0,0.0,0.0,0.0,6.0059908884251625,1.0,1.0,0.0,0.0,0.0,0.0,0.08,0.08,-0.3387050618989844,-0.3387050618989844
2016.0,310.0,1.0,0.0,0.0,0.0,0.0,0.0,0.0,0.0,0.0,0.0,0.0,0.0,0.0,0.0,0.0,6.0059908884251625,1.0,1.0,0.0,0.0,0.0,0.0,0.08,0.08,-0.3387050618989844,-0.3387050618989844
2016.0,310.0,1.5,0.0,0.0,0.0,0.0,0.0,0.0,0.0,0.0,0.0,0.0,0.0,0.0,0.0,0.0,6.0059908884251625,1.0,1.0,0.0,0.0,0.0,0.0,0.08,0.08,-0.3387050618989844,-0.3387050618989844
2016.0,310.0,2.0,0.0,0.0,0.0,0.0,0.0,0.0,0.0,0.0,0.0,0.0,0.0,0.0,0.0,0.0,6.0059908884251625,1.0,1.0,0.0,0.0,0.0,0.0,0.08,0.08,-0.3387050618989844,-0.3387050618989844
2016.0,310.0,2.5,0.0,0.0,0.0,0.0,0.0,0.0,0.0,0.0,0.0,0.0,0.0,0.0,0.0,0.0,6.0059908884251625,1.0,1.0,0.0,0.0,0.0,0.0,0.08,0.08,-0.3387050618989844,-0.3387050618989844
2016.0,310.0,3.0,0.0,0.0,0.0,0.0,0.0,0.0,0.0,0.0,0.0,0.0,0.0,0.0,0.0,0.0,6.0059908884251625,1.0,1.0,0.0,0.0,0.0,0.0,0.08,0.08,-0.3387050618989844,-0.3387050618989844
2016.0,310.0,3.5,0.0,0.0,0.0,0.0,0.0,0.0,0.0,0.0,0.0,0.0,0.0,0.0,0.0,0.0,6.0059908884251625,1.0,1.0,0.0,0.0,0.0,0.0,0.08,0.08,-0.3387050618989844,-0.3387050618989844
2016.0,310.0,4.0,0.0,0.0,0.0,0.0,0.0,0.0,0.0,0.0,0.0,0.0,0.0,0.0,0.0,0.0,6.0059908884251625,1.0,1.0,0.0,0.0,0.0,0.0,0.08,0.08,-0.3387050618989844,-0.3387050618989844
2016.0,310.0,4.5,0.0,0.0,0.0,0.0,0.0,0.0,0.0,0.0,0.0,0.0,0.0,0.0,0.0,0.0,6.0059908884251625,1.0,1.0,0.0,0.0,0.0,0.0,0.08,0.08,-0.3387050618989844,-0.3387050618989844
2016.0,310.0,5.0,0.0,0.0,0.0,0.0,0.0,0.0,0.0,0.0,0.0,0.0,0.0,0.0,0.0,0.0,6.0059908884251625,1.0,1.0,0.0,0.0,0.0,0.0,0.08,0.08,-0.3387050618989844,-0.3387050618989844
2016,310,5.5,0.0,0.0,0.0,0.0,0.0,0.0,0.0,0.0,0.0,0.0,0.0,0.0,True,True,6.004873425494034,1.0,1.0,0.0,0.0,0.0,0.0,0.08,0.08,-0.3387050618989844,-0.3387050618989844
2016,310,6.0,4.1538757038861,0.0,0.6047216147021707,0.0,30.291856023381044,0.0,0.05065462019983277,0.0,0.0,0.0,24345.69258309817,0.0,False,0.0,6.004873425494034,1.0,1.0,0.0,0.0,0.03252257008749105,0.03252257008749105,0.08,0.08,-0.3387050618989844,-0.3387050618989844
2016,310,6.5,0.0,0.0,0.0,0.0,0.0,0.0,0.0,0.0,0.0,0.0,0.0,0.0,True,0.0,6.004873425494034,1.0,1.0,0.0,0.0,0.031165976027757315,0.031165976027757315,0.08,0.08,-0.3387050618989844,-0.3387050618989844
2016,310,7.0,0.0,0.0,0.0,0.0,0.0,0.0,0.0,0.0,0.0,0.0,0.0,0.0,True,0.0,6.004873425494034,1.0,1.0,0.0,0.0,0.09092762100276594,0.09092762100276594,0.08,0.08,-0.3387050618989844,-0.3387050618989844
2016,310,7.5,0.0,0.0,0.0,0.0,0.0,0.0,0.0,0.0,0.0,0.0,0.0,0.0,True,0.0,6.004873425494034,1.0,1.0,0.0,0.0,0.06886258798354092,0.06886258798354092,0.08,0.08,-0.3387050618989844,-0.3387050618989844
2016,310,8.0,0.0,0.0,0.0,0.0,0.0,0.0,0.0,0.0,0.0,0.0,0.0,0.0,True,0.0,6.004873425494034,1.0,1.0,0.0,0.0,0.05324851009891515,0.05324851009891515,0.079,0.079,-0.36844676716639596,-0.36844676716639596
2016,310,8.5,0.0,0.0,0.0,0.0,0.0,0.0,0.0,0.0,0.0,0.0,0.0,0.0,True,0.0,6.004873425494034,1.0,1.0,0.0,0.0,0.10848191044816248,0.10848191044816248,0.079,0.079,-0.36844676716639596,-0.36844676716639596
2016,310,9.0,0.0,0.0,0.0,0.0,0.0,0.0,0.0,0.0,0.0,0.0,0.0,0.0,True,0.0,6.004873425494034,1.0,1.0,0.0,0.0,0.17216740254903612,0.17216740254903612,0.079,0.079,-0.36844676716639596,-0.36844676716639596
2016,310,9.5,0.0,0.0,0.0,0.0,0.0,0.0,0.0,0.0,0.0,0.0,0.0,0.0,True,0.0,6.004873425494034,1.0,1.0,0.0,0.0,0.183100891329611,0.183100891329611,0.079,0.079,-0.36844676716639596,-0.36844676716639596
2016,310,10.0,0.0,0.0,0.0,0.0,0.0,0.0,0.0,0.0,0.0,0.0,0.0,0.0,True,0.0,6.004873425494034,1.0,1.0,0.0,0.0,0.11087250836004664,0.11087250836004664,0.079,0.079,-0.36844676716639596,-0.36844676716639596
2016,310,10.5,0.0,0.0,0.0,0.0,0.0,0.0,0.0,0.0,0.0,0.0,0.0,0.0,True,0.0,6.004873425494034,1.0,1.0,0.0,0.0,0.1283048644939398,0.1283048644939398,0.078,0.078,-0.4012300667322298,-0.4012300667322298
2016,310,11.0,7.04824445362353,0.0,1.5369129906161472,0.0,27.545127701116314,0.0,0.06834777153772414,0.0,0.0,0.0,123547.60303739081,0.0,False,0.0,6.004873425494034,1.0,1.0,0.0,0.0,0.04934389389082004,0.04934389389082004,0.078,0.078,-0.4012300667322298,-0.4012300667322298
2016,310,11.5,0.0,0.0,0.0,0.0,0.0,0.0,0.0,0.0,0.0,0.0,0.0,0.0,True,0.0,6.004873425494034,1.0,1.0,0.0,0.0,0.036147886204251745,0.036147886204251745,0.078,0.078,-0.4012300667322298,-0.4012300667322298
2016,310,12.0,0.0,0.0,0.0,0.0,0.0,0.0,0.0,0.0,0.0,0.0,0.0,0.0,True,0.0,6.004873425494034,1.0,1.0,0.0,0.0,0.022782716170929716,0.022782716170929716,0.078,0.078,-0.4012300667322298,-0.4012300667322298
2016,310,12.5,0.0,0.0,0.0,0.0,0.0,0.0,0.0,0.0,0.0,0.0,0.0,0.0,True,0.0,6.004873425494034,1.0,1.0,0.0,0.0,0.07880363691857357,0.07880363691857357,0.078,0.078,-0.4012300667322298,-0.4012300667322298
2016,310,13.0,0.0,0.0,0.0,0.0,0.0,0.0,0.0,0.0,0.0,0.0,0.0,0.0,True,0.0,6.004873425494034,1.0,1.0,0.0,0.0,0.03256746673430352,0.03256746673430352,0.077,0.077,-0.4374111645545728,-0.4374111645545728
2016,310,13.5,7.225340793839006,0.0,1.5176203194866598,0.0,27.80505385729741,0.0,0.07119311419894332,0.0,0.0,0.0,104769.32268144388,0.0,False,0.0,6.004873425494034,1.0,1.0,0.0,0.0,0.04324994642018057,0.04324994642018057,0.077,0.077,-0.4374111645545728,-0.4374111645545728
2016,310,14.0,0.0,0.0,0.0,0.0,0.0,0.0,0.0,0.0,0.0,0.0,0.0,0.0,True,0.0,6.004873425494034,1.0,1.0,0.0,0.0,0.08703270263956715,0.08703270263956715,0.077,0.077,-0.4374111645545728,-0.4374111645545728
2016,310,14.5,0.0,0.0,0.0,0.0,0.0,0.0,0.0,0.0,0.0,0.0,0.0,0.0,True,0.0,6.004873425494034,1.0,1.0,0.0,0.0,0.09417473068161614,0.09417473068161614,0.077,0.077,-0.4374111645545728,-0.4374111645545728
2016,310,15.0,0.0,0.0,0.0,0.0,0.0,0.0,0.0,0.0,0.0,0.0,0.0,0.0,True,0.0,6.004873425494034,1.0,1.0,0.0,0.0,0.049499805179072,0.049499805179072,0.0765,0.0765,-0.4568999096561373,-0.4568999096561373
2016,310,15.5,0.0,0.0,0.0,0.0,0.0,0.0,0.0,0.0,0.0,0.0,0.0,0.0,True,0.0,6.004873425494034,1.0,1.0,0.0,0.0,0.0,0.0,0.076,0.076,-0.47739341090022597,-0.47739341090022597
2016,310,16.0,0.0,0.0,0.0,0.0,0.0,0.0,0.0,0.0,0.0,0.0,0.0,0.0,True,0.0,6.004873425494034,1.0,1.0,0.0,0.0,0.0,0.0,0.076,0.076,-0.47739341090022597,-0.47739341090022597
2016,310,16.5,0.0,0.0,0.0,0.0,0.0,0.0,0.0,0.0,0.0,0.0,0.0,0.0,True,True,5.996620984108509,1.0,1.0,0.0,0.0,0.0,0.0,0.076,0.076,-0.47739341090022597,-0.47739341090022597
2016.0,310.0,17.0,0.0,0.0,0.0,0.0,0.0,0.0,0.0,0.0,0.0,0.0,0.0,0.0,0.0,0.0,5.996620984108509,1.0,1.0,0.0,0.0,0.0,0.0,0.076,0.076,-0.47739341090022597,-0.47739341090022597
2016.0,310.0,17.5,0.0,0.0,0.0,0.0,0.0,0.0,0.0,0.0,0.0,0.0,0.0,0.0,0.0,0.0,5.996620984108509,1.0,1.0,0.0,0.0,0.0,0.0,0.076,0.076,-0.47739341090022597,-0.47739341090022597
2016.0,310.0,18.0,0.0,0.0,0.0,0.0,0.0,0.0,0.0,0.0,0.0,0.0,0.0,0.0,0.0,0.0,5.996620984108509,1.0,1.0,0.0,0.0,0.0,0.0,0.076,0.076,-0.47739341090022597,-0.47739341090022597
2016.0,310.0,18.5,0.0,0.0,0.0,0.0,0.0,0.0,0.0,0.0,0.0,0.0,0.0,0.0,0.0,0.0,5.996620984108509,1.0,1.0,0.0,0.0,0.0,0.0,0.076,0.076,-0.47739341090022597,-0.47739341090022597
2016.0,310.0,19.0,0.0,0.0,0.0,0.0,0.0,0.0,0.0,0.0,0.0,0.0,0.0,0.0,0.0,0.0,5.996620984108509,1.0,1.0,0.0,0.0,0.0,0.0,0.076,0.076,-0.47739341090022597,-0.47739341090022597
2016.0,310.0,19.5,0.0,0.0,0.0,0.0,0.0,0.0,0.0,0.0,0.0,0.0,0.0,0.0,0.0,0.0,5.996620984108509,1.0,1.0,0.0,0.0,0.0,0.0,0.076,0.076,-0.47739341090022597,-0.47739341090022597
2016.0,310.0,20.0,0.0,0.0,0.0,0.0,0.0,0.0,0.0,0.0,0.0,0.0,0.0,0.0,0.0,0.0,5.996620984108509,1.0,1.0,0.0,0.0,0.0,0.0,0.076,0.076,-0.47739341090022597,-0.47739341090022597
2016.0,310.0,20.5,0.0,0.0,0.0,0.0,0.0,0.0,0.0,0.0,0.0,0.0,0.0,0.0,0.0,0.0,5.996620984108509,1.0,1.0,0.0,0.0,0.0,0.0,0.076,0.076,-0.47739341090022597,-0.47739341090022597
2016.0,310.0,21.0,0.0,0.0,0.0,0.0,0.0,0.0,0.0,0.0,0.0,0.0,0.0,0.0,0.0,0.0,5.996620984108509,1.0,1.0,0.0,0.0,0.0,0.0,0.076,0.076,-0.47739341090022597,-0.47739341090022597
2016.0,310.0,21.5,0.0,0.0,0.0,0.0,0.0,0.0,0.0,0.0,0.0,0.0,0.0,0.0,0.0,0.0,5.996620984108509,1.0,1.0,0.0,0.0,0.0,0.0,0.076,0.076,-0.47739341090022597,-0.47739341090022597
2016.0,310.0,22.0,0.0,0.0,0.0,0.0,0.0,0.0,0.0,0.0,0.0,0.0,0.0,0.0,0.0,0.0,5.996620984108509,1.0,1.0,0.0,0.0,0.0,0.0,0.076,0.076,-0.47739341090022597,-0.47739341090022597
2016.0,310.0,22.5,0.0,0.0,0.0,0.0,0.0,0.0,0.0,0.0,0.0,0.0,0.0,0.0,0.0,0.0,5.996620984108509,1.0,1.0,0.0,0.0,0.0,0.0,0.076,0.076,-0.47739341090022597,-0.47739341090022597
2016.0,310.0,23.0,0.0,0.0,0.0,0.0,0.0,0.0,0.0,0.0,0.0,0.0,0.0,0.0,0.0,0.0,5.996620984108509,1.0,1.0,0.0,0.0,0.0,0.0,0.075,0.075,-0.521634281110708,-0.521634281110708
2016.0,310.0,23.5,0.0,0.0,0.0,0.0,0.0,0.0,0.0,0.0,0.0,0.0,0.0,0.0,0.0,0.0,5.996620984108509,1.0,1.0,0.0,0.0,0.0,0.0,0.075,0.075,-0.521634281110708,-0.521634281110708
2016.0,311.0,0.0,0.0,0.0,0.0,0.0,0.0,0.0,0.0,0.0,0.0,0.0,0.0,0.0,0.0,0.0,5.996620984108509,1.0,1.0,0.0,0.0,0.0,0.0,0.075,0.075,-0.521634281110708,-0.521634281110708
2016.0,311.0,0.5,0.0,0.0,0.0,0.0,0.0,0.0,0.0,0.0,0.0,0.0,0.0,0.0,0.0,0.0,5.996620984108509,1.0,1.0,0.0,0.0,0.0,0.0,0.075,0.075,-0.521634281110708,-0.521634281110708
2016.0,311.0,1.0,0.0,0.0,0.0,0.0,0.0,0.0,0.0,0.0,0.0,0.0,0.0,0.0,0.0,0.0,5.996620984108509,1.0,1.0,0.0,0.0,0.0,0.0,0.075,0.075,-0.521634281110708,-0.521634281110708
2016.0,311.0,1.5,0.0,0.0,0.0,0.0,0.0,0.0,0.0,0.0,0.0,0.0,0.0,0.0,0.0,0.0,5.996620984108509,1.0,1.0,0.0,0.0,0.0,0.0,0.075,0.075,-0.521634281110708,-0.521634281110708
2016.0,311.0,2.0,0.0,0.0,0.0,0.0,0.0,0.0,0.0,0.0,0.0,0.0,0.0,0.0,0.0,0.0,5.996620984108509,1.0,1.0,0.0,0.0,0.0,0.0,0.075,0.075,-0.521634281110708,-0.521634281110708
2016.0,311.0,2.5,0.0,0.0,0.0,0.0,0.0,0.0,0.0,0.0,0.0,0.0,0.0,0.0,0.0,0.0,5.996620984108509,1.0,1.0,0.0,0.0,0.0,0.0,0.075,0.075,-0.521634281110708,-0.521634281110708
2016.0,311.0,3.0,0.0,0.0,0.0,0.0,0.0,0.0,0.0,0.0,0.0,0.0,0.0,0.0,0.0,0.0,5.996620984108509,1.0,1.0,0.0,0.0,0.0,0.0,0.075,0.075,-0.521634281110708,-0.521634281110708
2016.0,311.0,3.5,0.0,0.0,0.0,0.0,0.0,0.0,0.0,0.0,0.0,0.0,0.0,0.0,0.0,0.0,5.996620984108509,1.0,1.0,0.0,0.0,0.0,0.0,0.075,0.075,-0.521634281110708,-0.521634281110708
2016.0,311.0,4.0,0.0,0.0,0.0,0.0,0.0,0.0,0.0,0.0,0.0,0.0,0.0,0.0,0.0,0.0,5.996620984108509,1.0,1.0,0.0,0.0,0.0,0.0,0.075,0.075,-0.521634281110708,-0.521634281110708
2016.0,311.0,4.5,0.0,0.0,0.0,0.0,0.0,0.0,0.0,0.0,0.0,0.0,0.0,0.0,0.0,0.0,5.996620984108509,1.0,1.0,0.0,0.0,0.0,0.0,0.075,0.075,-0.521634281110708,-0.521634281110708
2016.0,311.0,5.0,0.0,0.0,0.0,0.0,0.0,0.0,0.0,0.0,0.0,0.0,0.0,0.0,0.0,0.0,5.996620984108509,1.0,1.0,0.0,0.0,0.0,0.0,0.075,0.075,-0.521634281110708,-0.521634281110708
2016,311,5.5,0.0,0.0,0.0,0.0,0.0,0.0,0.0,0.0,0.0,0.0,0.0,0.0,True,True,5.9930108606319585,1.0,1.0,0.0,0.0,0.0,0.0,0.075,0.075,-0.521634281110708,-0.521634281110708
2016,311,6.0,4.90957173028308,0.0,0.5512279277173371,0.0,31.859081604134055,0.0,0.06902614754408626,0.0,0.0,0.0,19097.17135688135,0.0,False,0.0,5.9930108606319585,1.0,1.0,0.0,0.0,0.02684862194148999,0.02684862194148999,0.075,0.075,-0.521634281110708,-0.521634281110708
2016,311,6.5,0.0,0.0,0.0,0.0,0.0,0.0,0.0,0.0,0.0,0.0,0.0,0.0,True,0.0,5.9930108606319585,1.0,1.0,0.0,0.0,0.019814653412748205,0.019814653412748205,0.075,0.075,-0.521634281110708,-0.521634281110708
2016,311,7.0,0.0,0.0,0.0,0.0,0.0,0.0,0.0,0.0,0.0,0.0,0.0,0.0,True,0.0,5.9930108606319585,1.0,1.0,0.0,0.0,0.07210858314068665,0.07210858314068665,0.075,0.075,-0.521634281110708,-0.521634281110708
2016,311,7.5,0.0,0.0,0.0,0.0,0.0,0.0,0.0,0.0,0.0,0.0,0.0,0.0,True,0.0,5.9930108606319585,1.0,1.0,0.0,0.0,0.07030801383975466,0.07030801383975466,0.075,0.075,-0.521634281110708,-0.521634281110708
2016,311,8.0,0.0,0.0,0.0,0.0,0.0,0.0,0.0,0.0,0.0,0.0,0.0,0.0,True,0.0,5.9930108606319585,1.0,1.0,0.0,0.0,0.0754644395825763,0.0754644395825763,0.0745,0.0745,-0.5455114336333129,-0.5455114336333129
2016,311,8.5,0.0,0.0,0.0,0.0,0.0,0.0,0.0,0.0,0.0,0.0,0.0,0.0,True,0.0,5.9930108606319585,1.0,1.0,0.0,0.0,0.08885009407125721,0.08885009407125721,0.074,0.074,-0.5706534997675224,-0.5706534997675224
2016,311,9.0,0.0,0.0,0.0,0.0,0.0,0.0,0.0,0.0,0.0,0.0,0.0,0.0,True,0.0,5.9930108606319585,1.0,1.0,0.0,0.0,0.13657732407071635,0.13657732407071635,0.074,0.074,-0.5706534997675224,-0.5706534997675224
2016,311,9.5,0.0,0.0,0.0,0.0,0.0,0.0,0.0,0.0,0.0,0.0,0.0,0.0,True,0.0,5.9930108606319585,1.0,1.0,0.0,0.0,0.14659304522658317,0.14659304522658317,0.074,0.074,-0.5706534997675224,-0.5706534997675224
2016,311,10.0,0.0,0.0,0.0,0.0,0.0,0.0,0.0,0.0,0.0,0.0,0.0,0.0,True,0.0,5.9930108606319585,1.0,1.0,0.0,0.0,0.07273122873648238,0.07273122873648238,0.074,0.074,-0.5706534997675224,-0.5706534997675224
2016,311,10.5,0.0,0.0,0.0,0.0,0.0,0.0,0.0,0.0,0.0,0.0,0.0,0.0,True,0.0,5.9930108606319585,1.0,1.0,0.0,0.0,0.10535359005463421,0.10535359005463421,0.0735,0.0735,-0.5971367254978646,-0.5971367254978646
2016,311,11.0,0.0,0.0,0.0,0.0,0.0,0.0,0.0,0.0,0.0,0.0,0.0,0.0,True,0.0,5.9930108606319585,1.0,1.0,0.0,0.0,0.03331118860364513,0.03331118860364513,0.073,0.073,-0.6250425172123373,-0.6250425172123373
2016,311,11.5,0.0,0.0,0.0,0.0,0.0,0.0,0.0,0.0,0.0,0.0,0.0,0.0,True,0.0,5.9930108606319585,1.0,1.0,0.0,0.0,0.022267807753847065,0.022267807753847065,0.073,0.073,-0.6250425172123373,-0.6250425172123373
2016,311,12.0,0.0,0.0,0.0,0.0,0.0,0.0,0.0,0.0,0.0,0.0,0.0,0.0,True,0.0,5.9930108606319585,1.0,1.0,0.0,0.0,0.0177125940576178,0.0177125940576178,0.073,0.073,-0.6250425172123373,-0.6250425172123373
2016,311,12.5,0.0,0.0,0.0,0.0,0.0,0.0,0.0,0.0,0.0,0.0,0.0,0.0,True,0.0,5.9930108606319585,1.0,1.0,0.0,0.0,0.07667132374230767,0.07667132374230767,0.073,0.073,-0.6250425172123373,-0.6250425172123373
2016,311,13.0,0.0,0.0,0.0,0.0,0.0,0.0,0.0,0.0,0.0,0.0,0.0,0.0,True,0.0,5.9930108606319585,1.0,1.0,0.0,0.0,0.02109347629901674,0.02109347629901674,0.0725,0.0725,-0.6544578297034795,-0.6544578297034795
2016,311,13.5,0.0,0.0,0.0,0.0,0.0,0.0,0.0,0.0,0.0,0.0,0.0,0.0,True,0.0,5.9930108606319585,1.0,1.0,0.0,0.0,0.04012891171488826,0.04012891171488826,0.072,0.072,-0.6854755862964091,-0.6854755862964091
2016,311,14.0,0.0,0.0,0.0,0.0,0.0,0.0,0.0,0.0,0.0,0.0,0.0,0.0,True,0.0,5.9930108606319585,1.0,1.0,0.0,0.0,0.06818235889044168,0.06818235889044168,0.072,0.072,-0.6854755862964091,-0.6854755862964091
2016,311,14.5,0.0,0.0,0.0,0.0,0.0,0.0,0.0,0.0,0.0,0.0,0.0,0.0,True,0.0,5.9930108606319585,1.0,1.0,0.0,0.0,0.07054145395360853,0.07054145395360853,0.072,0.072,-0.6854755862964091,-0.6854755862964091
2016,311,15.0,0.0,0.0,0.0,0.0,0.0,0.0,0.0,0.0,0.0,0.0,0.0,0.0,True,0.0,5.9930108606319585,1.0,1.0,0.0,0.0,0.03698755384118683,0.03698755384118683,0.072,0.072,-0.6854755862964091,-0.6854755862964091
2016,311,15.5,0.0,0.0,0.0,0.0,0.0,0.0,0.0,0.0,0.0,0.0,0.0,0.0,True,0.0,5.9930108606319585,1.0,1.0,0.0,0.0,0.0,0.0,0.072,0.072,-0.6854755862964091,-0.6854755862964091
2016,311,16.0,0.0,0.0,0.0,0.0,0.0,0.0,0.0,0.0,0.0,0.0,0.0,0.0,True,0.0,5.9930108606319585,1.0,1.0,0.0,0.0,0.0,0.0,0.0715,0.0715,-0.7181951340120418,-0.7181951340120418
2016,311,16.5,0.0,0.0,0.0,0.0,0.0,0.0,0.0,0.0,0.0,0.0,0.0,0.0,True,True,5.965201552757978,1.0,1.0,0.0,0.0,0.0,0.0,0.071,0.071,-0.752722736959751,-0.752722736959751
2016.0,311.0,17.0,0.0,0.0,0.0,0.0,0.0,0.0,0.0,0.0,0.0,0.0,0.0,0.0,0.0,0.0,5.965201552757978,1.0,1.0,0.0,0.0,0.0,0.0,0.071,0.071,-0.752722736959751,-0.752722736959751
2016.0,311.0,17.5,0.0,0.0,0.0,0.0,0.0,0.0,0.0,0.0,0.0,0.0,0.0,0.0,0.0,0.0,5.965201552757978,1.0,1.0,0.0,0.0,0.0,0.0,0.071,0.071,-0.752722736959751,-0.752722736959751
2016.0,311.0,18.0,0.0,0.0,0.0,0.0,0.0,0.0,0.0,0.0,0.0,0.0,0.0,0.0,0.0,0.0,5.965201552757978,1.0,1.0,0.0,0.0,0.0,0.0,0.071,0.071,-0.752722736959751,-0.752722736959751
2016.0,311.0,18.5,0.0,0.0,0.0,0.0,0.0,0.0,0.0,0.0,0.0,0.0,0.0,0.0,0.0,0.0,5.965201552757978,1.0,1.0,0.0,0.0,0.0,0.0,0.071,0.071,-0.752722736959751,-0.752722736959751
2016.0,311.0,19.0,0.0,0.0,0.0,0.0,0.0,0.0,0.0,0.0,0.0,0.0,0.0,0.0,0.0,0.0,5.965201552757978,1.0,1.0,0.0,0.0,0.0,0.0,0.071,0.071,-0.752722736959751,-0.752722736959751
2016.0,311.0,19.5,0.0,0.0,0.0,0.0,0.0,0.0,0.0,0.0,0.0,0.0,0.0,0.0,0.0,0.0,5.965201552757978,1.0,1.0,0.0,0.0,0.0,0.0,0.071,0.071,-0.752722736959751,-0.752722736959751
2016.0,311.0,20.0,0.0,0.0,0.0,0.0,0.0,0.0,0.0,0.0,0.0,0.0,0.0,0.0,0.0,0.0,5.965201552757978,1.0,1.0,0.0,0.0,0.0,0.0,0.071,0.071,-0.752722736959751,-0.752722736959751
2016.0,311.0,20.5,0.0,0.0,0.0,0.0,0.0,0.0,0.0,0.0,0.0,0.0,0.0,0.0,0.0,0.0,5.965201552757978,1.0,1.0,0.0,0.0,0.0,0.0,0.071,0.071,-0.752722736959751,-0.752722736959751
2016.0,311.0,21.0,0.0,0.0,0.0,0.0,0.0,0.0,0.0,0.0,0.0,0.0,0.0,0.0,0.0,0.0,5.965201552757978,1.0,1.0,0.0,0.0,0.0,0.0,0.071,0.071,-0.752722736959751,-0.752722736959751
2016.0,311.0,21.5,0.0,0.0,0.0,0.0,0.0,0.0,0.0,0.0,0.0,0.0,0.0,0.0,0.0,0.0,5.965201552757978,1.0,1.0,0.0,0.0,0.0,0.0,0.071,0.071,-0.752722736959751,-0.752722736959751
2016.0,311.0,22.0,0.0,0.0,0.0,0.0,0.0,0.0,0.0,0.0,0.0,0.0,0.0,0.0,0.0,0.0,5.965201552757978,1.0,1.0,0.0,0.0,0.0,0.0,0.071,0.071,-0.752722736959751,-0.752722736959751
2016.0,311.0,22.5,0.0,0.0,0.0,0.0,0.0,0.0,0.0,0.0,0.0,0.0,0.0,0.0,0.0,0.0,5.965201552757978,1.0,1.0,0.0,0.0,0.0,0.0,0.071,0.071,-0.752722736959751,-0.752722736959751
2016.0,311.0,23.0,0.0,0.0,0.0,0.0,0.0,0.0,0.0,0.0,0.0,0.0,0.0,0.0,0.0,0.0,5.965201552757978,1.0,1.0,0.0,0.0,0.0,0.0,0.071,0.071,-0.752722736959751,-0.752722736959751
2016.0,311.0,23.5,0.0,0.0,0.0,0.0,0.0,0.0,0.0,0.0,0.0,0.0,0.0,0.0,0.0,0.0,5.965201552757978,1.0,1.0,0.0,0.0,0.0,0.0,0.071,0.071,-0.752722736959751,-0.752722736959751
2016.0,312.0,0.0,0.0,0.0,0.0,0.0,0.0,0.0,0.0,0.0,0.0,0.0,0.0,0.0,0.0,0.0,5.965201552757978,1.0,1.0,0.0,0.0,0.0,0.0,0.071,0.071,-0.752722736959751,-0.752722736959751
2016.0,312.0,0.5,0.0,0.0,0.0,0.0,0.0,0.0,0.0,0.0,0.0,0.0,0.0,0.0,0.0,0.0,5.965201552757978,1.0,1.0,0.0,0.0,0.0,0.0,0.071,0.071,-0.752722736959751,-0.752722736959751
2016.0,312.0,1.0,0.0,0.0,0.0,0.0,0.0,0.0,0.0,0.0,0.0,0.0,0.0,0.0,0.0,0.0,5.965201552757978,1.0,1.0,0.0,0.0,0.0,0.0,0.071,0.071,-0.752722736959751,-0.752722736959751
2016.0,312.0,1.5,0.0,0.0,0.0,0.0,0.0,0.0,0.0,0.0,0.0,0.0,0.0,0.0,0.0,0.0,5.965201552757978,1.0,1.0,0.0,0.0,0.0,0.0,0.071,0.071,-0.752722736959751,-0.752722736959751
2016.0,312.0,2.0,0.0,0.0,0.0,0.0,0.0,0.0,0.0,0.0,0.0,0.0,0.0,0.0,0.0,0.0,5.965201552757978,1.0,1.0,0.0,0.0,0.0,0.0,0.071,0.071,-0.752722736959751,-0.752722736959751
2016.0,312.0,2.5,0.0,0.0,0.0,0.0,0.0,0.0,0.0,0.0,0.0,0.0,0.0,0.0,0.0,0.0,5.965201552757978,1.0,1.0,0.0,0.0,0.0,0.0,0.071,0.071,-0.752722736959751,-0.752722736959751
2016.0,312.0,3.0,0.0,0.0,0.0,0.0,0.0,0.0,0.0,0.0,0.0,0.0,0.0,0.0,0.0,0.0,5.965201552757978,1.0,1.0,0.0,0.0,0.0,0.0,0.071,0.071,-0.752722736959751,-0.752722736959751
2016.0,312.0,3.5,0.0,0.0,0.0,0.0,0.0,0.0,0.0,0.0,0.0,0.0,0.0,0.0,0.0,0.0,5.965201552757978,1.0,1.0,0.0,0.0,0.0,0.0,0.071,0.071,-0.752722736959751,-0.752722736959751
2016.0,312.0,4.0,0.0,0.0,0.0,0.0,0.0,0.0,0.0,0.0,0.0,0.0,0.0,0.0,0.0,0.0,5.965201552757978,1.0,1.0,0.0,0.0,0.0,0.0,0.071,0.071,-0.752722736959751,-0.752722736959751
2016.0,312.0,4.5,0.0,0.0,0.0,0.0,0.0,0.0,0.0,0.0,0.0,0.0,0.0,0.0,0.0,0.0,5.965201552757978,1.0,1.0,0.0,0.0,0.0,0.0,0.071,0.071,-0.752722736959751,-0.752722736959751
2016.0,312.0,5.0,0.0,0.0,0.0,0.0,0.0,0.0,0.0,0.0,0.0,0.0,0.0,0.0,0.0,0.0,5.965201552757978,1.0,1.0,0.0,0.0,0.0,0.0,0.071,0.071,-0.752722736959751,-0.752722736959751
2016,312,5.5,0.0,0.0,0.0,0.0,0.0,0.0,0.0,0.0,0.0,0.0,0.0,0.0,True,True,5.9593124327819185,1.0,1.0,0.0,0.0,0.0,0.0,0.0705,0.0705,-0.7891721114701507,-0.7891721114701507
2016,312,6.0,4.5356552560932295,0.0,0.29908208570989775,0.0,35.029053764288,0.0,0.08800743696560089,0.0,0.0,0.0,15590.156667804004,0.0,False,0.0,5.9593124327819185,1.0,1.0,0.0,0.0,0.019336203311300277,0.019336203311300277,0.07,0.07,-0.8276650068290242,-0.8276650068290242
2016,312,6.5,0.0,0.0,0.0,0.0,0.0,0.0,0.0,0.0,0.0,0.0,0.0,0.0,True,0.0,5.9593124327819185,1.0,1.0,0.0,0.0,0.014526513060758023,0.014526513060758023,0.07,0.07,-0.8276650068290242,-0.8276650068290242
2016,312,7.0,0.0,0.0,0.0,0.0,0.0,0.0,0.0,0.0,0.0,0.0,0.0,0.0,True,0.0,5.9593124327819185,1.0,1.0,0.0,0.0,0.0521828102873632,0.0521828102873632,0.07,0.07,-0.8276650068290242,-0.8276650068290242
2016,312,7.5,0.0,0.0,0.0,0.0,0.0,0.0,0.0,0.0,0.0,0.0,0.0,0.0,True,0.0,5.9593124327819185,1.0,1.0,0.0,0.0,0.06442540166595094,0.06442540166595094,0.07,0.07,-0.8276650068290242,-0.8276650068290242
2016,312,8.0,0.0,0.0,0.0,0.0,0.0,0.0,0.0,0.0,0.0,0.0,0.0,0.0,True,0.0,5.9593124327819185,1.0,1.0,0.0,0.0,0.0775940391178683,0.0775940391178683,0.07,0.07,-0.8276650068290242,-0.8276650068290242
2016,312,8.5,0.0,0.0,0.0,0.0,0.0,0.0,0.0,0.0,0.0,0.0,0.0,0.0,True,0.0,5.9593124327819185,1.0,1.0,0.0,0.0,0.06088204597165377,0.06088204597165377,0.07,0.07,-0.8276650068290242,-0.8276650068290242
2016,312,9.0,0.0,0.0,0.0,0.0,0.0,0.0,0.0,0.0,0.0,0.0,0.0,0.0,True,0.0,5.9593124327819185,1.0,1.0,0.0,0.0,0.10080560073495752,0.10080560073495752,0.07,0.07,-0.8276650068290242,-0.8276650068290242
2016,312,9.5,0.0,0.0,0.0,0.0,0.0,0.0,0.0,0.0,0.0,0.0,0.0,0.0,True,0.0,5.9593124327819185,1.0,1.0,0.0,0.0,0.10802443324754005,0.10802443324754005,0.07,0.07,-0.8276650068290242,-0.8276650068290242
2016,312,10.0,0.0,0.0,0.0,0.0,0.0,0.0,0.0,0.0,0.0,0.0,0.0,0.0,True,0.0,5.9593124327819185,1.0,1.0,0.0,0.0,0.07211142484226923,0.07211142484226923,0.069,0.069,-0.9113123600460743,-0.9113123600460743
2016,312,10.5,0.0,0.0,0.0,0.0,0.0,0.0,0.0,0.0,0.0,0.0,0.0,0.0,True,0.0,5.9593124327819185,1.0,1.0,0.0,0.0,0.07776383427637404,0.07776383427637404,0.069,0.069,-0.9113123600460743,-0.9113123600460743
2016,312,11.0,0.0,0.0,0.0,0.0,0.0,0.0,0.0,0.0,0.0,0.0,0.0,0.0,True,0.0,5.9593124327819185,1.0,1.0,0.0,0.0,0.026577980046545144,0.026577980046545144,0.069,0.069,-0.9113123600460743,-0.9113123600460743
2016,312,11.5,0.0,0.0,0.0,0.0,0.0,0.0,0.0,0.0,0.0,0.0,0.0,0.0,True,0.0,5.9593124327819185,1.0,1.0,0.0,0.0,0.02500368430412947,0.02500368430412947,0.069,0.069,-0.9113123600460743,-0.9113123600460743
2016,312,12.0,0.0,0.0,0.0,0.0,0.0,0.0,0.0,0.0,0.0,0.0,0.0,0.0,True,0.0,5.9593124327819185,1.0,1.0,0.0,0.0,0.016986870235693206,0.016986870235693206,0.069,0.069,-0.9113123600460743,-0.9113123600460743
2016,312,13.0,0.0,0.0,0.0,0.0,0.0,0.0,0.0,0.0,0.0,0.0,0.0,0.0,True,0.0,5.9593124327819185,1.0,1.0,0.0,0.0,0.01222762236652719,0.01222762236652719,0.068,0.068,-1.0048248172265413,-1.0048248172265413
2016,312,13.5,0.0,0.0,0.0,0.0,0.0,0.0,0.0,0.0,0.0,0.0,0.0,0.0,True,0.0,5.9593124327819185,1.0,1.0,0.0,0.0,0.025209700721623044,0.025209700721623044,0.068,0.068,-1.0048248172265413,-1.0048248172265413
2016,312,14.0,0.0,0.0,0.0,0.0,0.0,0.0,0.0,0.0,0.0,0.0,0.0,0.0,True,0.0,5.9593124327819185,1.0,1.0,0.0,0.0,0.058126705871486745,0.058126705871486745,0.068,0.068,-1.0048248172265413,-1.0048248172265413
2016,312,14.5,0.0,0.0,0.0,0.0,0.0,0.0,0.0,0.0,0.0,0.0,0.0,0.0,True,0.0,5.9593124327819185,1.0,1.0,0.0,0.0,0.034882014947914014,0.034882014947914014,0.068,0.068,-1.0048248172265413,-1.0048248172265413
2016,312,15.0,0.0,0.0,0.0,0.0,0.0,0.0,0.0,0.0,0.0,0.0,0.0,0.0,True,0.0,5.9593124327819185,1.0,1.0,0.0,0.0,0.025539639370071206,0.025539639370071206,0.068,0.068,-1.0048248172265413,-1.0048248172265413
2016,312,15.5,0.0,0.0,0.0,0.0,0.0,0.0,0.0,0.0,0.0,0.0,0.0,0.0,True,0.0,5.9593124327819185,1.0,1.0,0.0,0.0,0.0,0.0,0.068,0.068,-1.0048248172265413,-1.0048248172265413
2016,312,16.0,0.0,0.0,0.0,0.0,0.0,0.0,0.0,0.0,0.0,0.0,0.0,0.0,True,0.0,5.9593124327819185,1.0,1.0,0.0,0.0,0.0,0.0,0.0675,0.0675,-1.0556900527908526,-1.0556900527908526
2016,312,16.5,0.0,0.0,0.0,0.0,0.0,0.0,0.0,0.0,0.0,0.0,0.0,0.0,True,True,5.902191394671284,1.0,1.0,0.0,0.0,0.0,0.0,0.0675,0.0675,-1.0556900527908526,-1.0556900527908526
2016.0,312.0,17.0,0.0,0.0,0.0,0.0,0.0,0.0,0.0,0.0,0.0,0.0,0.0,0.0,0.0,0.0,5.902191394671284,1.0,1.0,0.0,0.0,0.0,0.0,0.067,0.067,-1.1095374308689805,-1.1095374308689805
2016.0,312.0,17.5,0.0,0.0,0.0,0.0,0.0,0.0,0.0,0.0,0.0,0.0,0.0,0.0,0.0,0.0,5.902191394671284,1.0,1.0,0.0,0.0,0.0,0.0,0.067,0.067,-1.1095374308689805,-1.1095374308689805
2016.0,312.0,18.0,0.0,0.0,0.0,0.0,0.0,0.0,0.0,0.0,0.0,0.0,0.0,0.0,0.0,0.0,5.902191394671284,1.0,1.0,0.0,0.0,0.0,0.0,0.067,0.067,-1.1095374308689805,-1.1095374308689805
2016.0,312.0,18.5,0.0,0.0,0.0,0.0,0.0,0.0,0.0,0.0,0.0,0.0,0.0,0.0,0.0,0.0,5.902191394671284,1.0,1.0,0.0,0.0,0.0,0.0,0.067,0.067,-1.1095374308689805,-1.1095374308689805
2016.0,312.0,19.0,0.0,0.0,0.0,0.0,0.0,0.0,0.0,0.0,0.0,0.0,0.0,0.0,0.0,0.0,5.902191394671284,1.0,1.0,0.0,0.0,0.0,0.0,0.067,0.067,-1.1095374308689805,-1.1095374308689805
2016.0,312.0,19.5,0.0,0.0,0.0,0.0,0.0,0.0,0.0,0.0,0.0,0.0,0.0,0.0,0.0,0.0,5.902191394671284,1.0,1.0,0.0,0.0,0.0,0.0,0.067,0.067,-1.1095374308689805,-1.1095374308689805
2016.0,312.0,20.0,0.0,0.0,0.0,0.0,0.0,0.0,0.0,0.0,0.0,0.0,0.0,0.0,0.0,0.0,5.902191394671284,1.0,1.0,0.0,0.0,0.0,0.0,0.067,0.067,-1.1095374308689805,-1.1095374308689805
2016.0,312.0,20.5,0.0,0.0,0.0,0.0,0.0,0.0,0.0,0.0,0.0,0.0,0.0,0.0,0.0,0.0,5.902191394671284,1.0,1.0,0.0,0.0,0.0,0.0,0.067,0.067,-1.1095374308689805,-1.1095374308689805
2016.0,312.0,21.0,0.0,0.0,0.0,0.0,0.0,0.0,0.0,0.0,0.0,0.0,0.0,0.0,0.0,0.0,5.902191394671284,1.0,1.0,0.0,0.0,0.0,0.0,0.067,0.067,-1.1095374308689805,-1.1095374308689805
2016.0,312.0,21.5,0.0,0.0,0.0,0.0,0.0,0.0,0.0,0.0,0.0,0.0,0.0,0.0,0.0,0.0,5.902191394671284,1.0,1.0,0.0,0.0,0.0,0.0,0.067,0.067,-1.1095374308689805,-1.1095374308689805
2016.0,312.0,22.0,0.0,0.0,0.0,0.0,0.0,0.0,0.0,0.0,0.0,0.0,0.0,0.0,0.0,0.0,5.902191394671284,1.0,1.0,0.0,0.0,0.0,0.0,0.067,0.067,-1.1095374308689805,-1.1095374308689805
2016.0,312.0,22.5,0.0,0.0,0.0,0.0,0.0,0.0,0.0,0.0,0.0,0.0,0.0,0.0,0.0,0.0,5.902191394671284,1.0,1.0,0.0,0.0,0.0,0.0,0.067,0.067,-1.1095374308689805,-1.1095374308689805
2016.0,312.0,23.0,0.0,0.0,0.0,0.0,0.0,0.0,0.0,0.0,0.0,0.0,0.0,0.0,0.0,0.0,5.902191394671284,1.0,1.0,0.0,0.0,0.0,0.0,0.067,0.067,-1.1095374308689805,-1.1095374308689805
2016.0,312.0,23.5,0.0,0.0,0.0,0.0,0.0,0.0,0.0,0.0,0.0,0.0,0.0,0.0,0.0,0.0,5.902191394671284,1.0,1.0,0.0,0.0,0.0,0.0,0.067,0.067,-1.1095374308689805,-1.1095374308689805
2016.0,313.0,0.0,0.0,0.0,0.0,0.0,0.0,0.0,0.0,0.0,0.0,0.0,0.0,0.0,0.0,0.0,5.902191394671284,1.0,1.0,0.0,0.0,0.0,0.0,0.067,0.067,-1.1095374308689805,-1.1095374308689805
2016.0,313.0,0.5,0.0,0.0,0.0,0.0,0.0,0.0,0.0,0.0,0.0,0.0,0.0,0.0,0.0,0.0,5.902191394671284,1.0,1.0,0.0,0.0,0.0,0.0,0.067,0.067,-1.1095374308689805,-1.1095374308689805
2016.0,313.0,1.0,0.0,0.0,0.0,0.0,0.0,0.0,0.0,0.0,0.0,0.0,0.0,0.0,0.0,0.0,5.902191394671284,1.0,1.0,0.0,0.0,0.0,0.0,0.067,0.067,-1.1095374308689805,-1.1095374308689805
2016.0,313.0,1.5,0.0,0.0,0.0,0.0,0.0,0.0,0.0,0.0,0.0,0.0,0.0,0.0,0.0,0.0,5.902191394671284,1.0,1.0,0.0,0.0,0.0,0.0,0.067,0.067,-1.1095374308689805,-1.1095374308689805
2016.0,313.0,2.0,0.0,0.0,0.0,0.0,0.0,0.0,0.0,0.0,0.0,0.0,0.0,0.0,0.0,0.0,5.902191394671284,1.0,1.0,0.0,0.0,0.0,0.0,0.067,0.067,-1.1095374308689805,-1.1095374308689805
2016.0,313.0,2.5,0.0,0.0,0.0,0.0,0.0,0.0,0.0,0.0,0.0,0.0,0.0,0.0,0.0,0.0,5.902191394671284,1.0,1.0,0.0,0.0,0.0,0.0,0.067,0.067,-1.1095374308689805,-1.1095374308689805
2016.0,313.0,3.0,0.0,0.0,0.0,0.0,0.0,0.0,0.0,0.0,0.0,0.0,0.0,0.0,0.0,0.0,5.902191394671284,1.0,1.0,0.0,0.0,0.0,0.0,0.067,0.067,-1.1095374308689805,-1.1095374308689805
2016.0,313.0,3.5,0.0,0.0,0.0,0.0,0.0,0.0,0.0,0.0,0.0,0.0,0.0,0.0,0.0,0.0,5.902191394671284,1.0,1.0,0.0,0.0,0.0,0.0,0.067,0.067,-1.1095374308689805,-1.1095374308689805
2016.0,313.0,4.0,0.0,0.0,0.0,0.0,0.0,0.0,0.0,0.0,0.0,0.0,0.0,0.0,0.0,0.0,5.902191394671284,1.0,1.0,0.0,0.0,0.0,0.0,0.067,0.067,-1.1095374308689805,-1.1095374308689805
2016.0,313.0,4.5,0.0,0.0,0.0,0.0,0.0,0.0,0.0,0.0,0.0,0.0,0.0,0.0,0.0,0.0,5.902191394671284,1.0,1.0,0.0,0.0,0.0,0.0,0.067,0.067,-1.1095374308689805,-1.1095374308689805
2016.0,313.0,5.0,0.0,0.0,0.0,0.0,0.0,0.0,0.0,0.0,0.0,0.0,0.0,0.0,0.0,0.0,5.902191394671284,1.0,1.0,0.0,0.0,0.0,0.0,0.067,0.067,-1.1095374308689805,-1.1095374308689805
2016,313,5.5,0.0,0.0,0.0,0.0,0.0,0.0,0.0,0.0,0.0,0.0,0.0,0.0,True,True,5.8874480423459294,1.0,1.0,0.0,0.0,0.0,0.0,0.067,0.067,-1.1095374308689805,-1.1095374308689805
2016,313,6.0,1.862477726932525,0.0,0.16395989585998072,0.0,34.230585087233145,0.0,0.030483666951150633,0.0,0.0,0.0,19874.80391215773,0.0,False,0.0,5.8874480423459294,1.0,1.0,0.0,0.0,0.010400911570387694,0.010400911570387694,0.067,0.067,-1.1095374308689805,-1.1095374308689805
2016,313,6.5,2.3656575343212283,0.0,0.20620264493643492,0.0,34.236839502112446,0.0,0.03874427657267717,0.0,0.0,0.0,20.51611948,0.0,False,0.0,5.8874480423459294,1.0,1.0,0.0,0.0,0.003976507983611113,0.003976507983611113,0.067,0.067,-1.1095374308689805,-1.1095374308689805
2016,313,7.0,0.0,0.0,0.0,0.0,0.0,0.0,0.0,0.0,0.0,0.0,0.0,0.0,True,0.0,5.8874480423459294,1.0,1.0,0.0,0.0,0.0010812559441200497,0.0010812559441200497,0.066,0.066,-1.226989877831571,-1.226989877831571
2016,313,7.5,0.0,0.0,0.0,0.0,0.0,0.0,0.0,0.0,0.0,0.0,0.0,0.0,True,0.0,5.8874480423459294,1.0,1.0,0.0,0.0,7.349010700382304e-05,7.349010700382304e-05,0.0665,0.0665,-1.1665660338158987,-1.1665660338158987
2016,313,8.0,0.0,0.0,0.0,0.0,0.0,0.0,0.0,0.0,0.0,0.0,0.0,0.0,True,0.0,5.8874480423459294,1.0,1.0,0.0,0.0,0.0022665200257089716,0.0022665200257089716,0.066,0.066,-1.226989877831571,-1.226989877831571
2016,313,8.5,0.0,0.0,0.0,0.0,0.0,0.0,0.0,0.0,0.0,0.0,0.0,0.0,True,0.0,5.8874480423459294,1.0,1.0,0.0,0.0,0.006117553553578011,0.006117553553578011,0.066,0.066,-1.226989877831571,-1.226989877831571
2016,313,9.0,0.0,0.0,0.0,0.0,0.0,0.0,0.0,0.0,0.0,0.0,0.0,0.0,True,0.0,5.8874480423459294,1.0,1.0,0.0,0.0,0.0035284009285860975,0.0035284009285860975,0.066,0.066,-1.226989877831571,-1.226989877831571
2016,313,9.5,0.0,0.0,0.0,0.0,0.0,0.0,0.0,0.0,0.0,0.0,0.0,0.0,True,0.0,5.8874480423459294,1.0,1.0,0.0,0.0,0.002284865877942859,0.002284865877942859,0.066,0.066,-1.226989877831571,-1.226989877831571
2016,313,10.0,0.0,0.0,0.0,0.0,0.0,0.0,0.0,0.0,0.0,0.0,0.0,0.0,True,0.0,5.8874480423459294,1.0,1.0,0.0,0.0,0.008933734589574678,0.008933734589574678,0.066,0.066,-1.226989877831571,-1.226989877831571
2016,313,10.5,0.0,0.0,0.0,0.0,0.0,0.0,0.0,0.0,0.0,0.0,0.0,0.0,True,0.0,5.8874480423459294,1.0,1.0,0.0,0.0,0.020509812156925288,0.020509812156925288,0.066,0.066,-1.226989877831571,-1.226989877831571
2016,313,11.0,0.0,0.0,0.0,0.0,0.0,0.0,0.0,0.0,0.0,0.0,0.0,0.0,True,0.0,5.8874480423459294,1.0,1.0,0.0,0.0,0.030963066544458965,0.030963066544458965,0.066,0.066,-1.226989877831571,-1.226989877831571
2016,313,11.5,0.0,0.0,0.0,0.0,0.0,0.0,0.0,0.0,0.0,0.0,0.0,0.0,True,0.0,5.8874480423459294,1.0,1.0,0.0,0.0,0.029908863442553252,0.029908863442553252,0.066,0.066,-1.226989877831571,-1.226989877831571
2016,313,12.0,0.0,0.0,0.0,0.0,0.0,0.0,0.0,0.0,0.0,0.0,0.0,0.0,True,0.0,5.8874480423459294,1.0,1.0,0.0,0.0,0.044509354659060155,0.044509354659060155,0.066,0.066,-1.226989877831571,-1.226989877831571
2016,313,12.5,0.0,0.0,0.0,0.0,0.0,0.0,0.0,0.0,0.0,0.0,0.0,0.0,True,0.0,5.8874480423459294,1.0,1.0,0.0,0.0,0.04936297053219014,0.04936297053219014,0.066,0.066,-1.226989877831571,-1.226989877831571
2016,313,13.0,0.0,0.0,0.0,0.0,0.0,0.0,0.0,0.0,0.0,0.0,0.0,0.0,True,0.0,5.8874480423459294,1.0,1.0,0.0,0.0,0.010813664626486896,0.010813664626486896,0.065,0.065,-1.3589616101865312,-1.3589616101865312
2016,313,13.5,0.0,0.0,0.0,0.0,0.0,0.0,0.0,0.0,0.0,0.0,0.0,0.0,True,0.0,5.8874480423459294,1.0,1.0,0.0,0.0,0.01477614466850538,0.01477614466850538,0.065,0.065,-1.3589616101865312,-1.3589616101865312
2016,313,14.0,0.0,0.0,0.0,0.0,0.0,0.0,0.0,0.0,0.0,0.0,0.0,0.0,True,0.0,5.8874480423459294,1.0,1.0,0.0,0.0,0.013516775043724777,0.013516775043724777,0.065,0.065,-1.3589616101865312,-1.3589616101865312
2016,313,14.5,0.0,0.0,0.0,0.0,0.0,0.0,0.0,0.0,0.0,0.0,0.0,0.0,True,0.0,5.8874480423459294,1.0,1.0,0.0,0.0,0.00914619744816932,0.00914619744816932,0.065,0.065,-1.3589616101865312,-1.3589616101865312
2016,313,15.0,0.0,0.0,0.0,0.0,0.0,0.0,0.0,0.0,0.0,0.0,0.0,0.0,True,0.0,5.8874480423459294,1.0,1.0,0.0,0.0,0.0020414215148420083,0.0020414215148420083,0.065,0.065,-1.3589616101865312,-1.3589616101865312
2016.0,313.0,15.5,0.0,0.0,0.0,0.0,0.0,0.0,0.0,0.0,0.0,0.0,0.0,0.0,0.0,0.0,5.8874480423459294,1.0,1.0,0.0,0.0,0.0,0.0,0.065,0.065,-1.3589616101865312,-1.3589616101865312
2016.0,313.0,16.0,0.0,0.0,0.0,0.0,0.0,0.0,0.0,0.0,0.0,0.0,0.0,0.0,0.0,0.0,5.8874480423459294,1.0,1.0,0.0,0.0,0.0,0.0,0.065,0.065,-1.3589616101865312,-1.3589616101865312
2016.0,313.0,16.5,0.0,0.0,0.0,0.0,0.0,0.0,0.0,0.0,0.0,0.0,0.0,0.0,0.0,0.0,5.8874480423459294,1.0,1.0,0.0,0.0,0.0,0.0,0.065,0.065,-1.3589616101865312,-1.3589616101865312
2016.0,313.0,17.0,0.0,0.0,0.0,0.0,0.0,0.0,0.0,0.0,0.0,0.0,0.0,0.0,0.0,0.0,5.8874480423459294,1.0,1.0,0.0,0.0,0.0,0.0,0.065,0.065,-1.3589616101865312,-1.3589616101865312
2016.0,313.0,17.5,0.0,0.0,0.0,0.0,0.0,0.0,0.0,0.0,0.0,0.0,0.0,0.0,0.0,0.0,5.8874480423459294,1.0,1.0,0.0,0.0,0.0,0.0,0.065,0.065,-1.3589616101865312,-1.3589616101865312
2016.0,313.0,18.0,0.0,0.0,0.0,0.0,0.0,0.0,0.0,0.0,0.0,0.0,0.0,0.0,0.0,0.0,5.8874480423459294,1.0,1.0,0.0,0.0,0.0,0.0,0.065,0.065,-1.3589616101865312,-1.3589616101865312
2016.0,313.0,18.5,0.0,0.0,0.0,0.0,0.0,0.0,0.0,0.0,0.0,0.0,0.0,0.0,0.0,0.0,5.8874480423459294,1.0,1.0,0.0,0.0,0.0,0.0,0.065,0.065,-1.3589616101865312,-1.3589616101865312
2016.0,313.0,19.0,0.0,0.0,0.0,0.0,0.0,0.0,0.0,0.0,0.0,0.0,0.0,0.0,0.0,0.0,5.8874480423459294,1.0,1.0,0.0,0.0,0.0,0.0,0.065,0.065,-1.3589616101865312,-1.3589616101865312
2016.0,313.0,19.5,0.0,0.0,0.0,0.0,0.0,0.0,0.0,0.0,0.0,0.0,0.0,0.0,0.0,0.0,5.8874480423459294,1.0,1.0,0.0,0.0,0.0,0.0,0.065,0.065,-1.3589616101865312,-1.3589616101865312
2016.0,313.0,20.0,0.0,0.0,0.0,0.0,0.0,0.0,0.0,0.0,0.0,0.0,0.0,0.0,0.0,0.0,5.8874480423459294,1.0,1.0,0.0,0.0,0.0,0.0,0.065,0.065,-1.3589616101865312,-1.3589616101865312
2016.0,313.0,20.5,0.0,0.0,0.0,0.0,0.0,0.0,0.0,0.0,0.0,0.0,0.0,0.0,0.0,0.0,5.8874480423459294,1.0,1.0,0.0,0.0,0.0,0.0,0.065,0.065,-1.3589616101865312,-1.3589616101865312
2016.0,313.0,21.0,0.0,0.0,0.0,0.0,0.0,0.0,0.0,0.0,0.0,0.0,0.0,0.0,0.0,0.0,5.8874480423459294,1.0,1.0,0.0,0.0,0.0,0.0,0.065,0.065,-1.3589616101865312,-1.3589616101865312
2016.0,313.0,21.5,0.0,0.0,0.0,0.0,0.0,0.0,0.0,0.0,0.0,0.0,0.0,0.0,0.0,0.0,5.8874480423459294,1.0,1.0,0.0,0.0,0.0,0.0,0.065,0.065,-1.3589616101865312,-1.3589616101865312
2016.0,313.0,22.0,0.0,0.0,0.0,0.0,0.0,0.0,0.0,0.0,0.0,0.0,0.0,0.0,0.0,0.0,5.8874480423459294,1.0,1.0,0.0,0.0,0.0,0.0,0.065,0.065,-1.3589616101865312,-1.3589616101865312
2016.0,313.0,22.5,0.0,0.0,0.0,0.0,0.0,0.0,0.0,0.0,0.0,0.0,0.0,0.0,0.0,0.0,5.8874480423459294,1.0,1.0,0.0,0.0,0.0,0.0,0.065,0.065,-1.3589616101865312,-1.3589616101865312
2016.0,313.0,23.0,0.0,0.0,0.0,0.0,0.0,0.0,0.0,0.0,0.0,0.0,0.0,0.0,0.0,0.0,5.8874480423459294,1.0,1.0,0.0,0.0,0.0,0.0,0.0645,0.0645,-1.4310239929470283,-1.4310239929470283
2016.0,313.0,23.5,0.0,0.0,0.0,0.0,0.0,0.0,0.0,0.0,0.0,0.0,0.0,0.0,0.0,0.0,5.8874480423459294,1.0,1.0,0.0,0.0,0.0,0.0,0.065,0.065,-1.3589616101865312,-1.3589616101865312
2016.0,314.0,0.0,0.0,0.0,0.0,0.0,0.0,0.0,0.0,0.0,0.0,0.0,0.0,0.0,0.0,0.0,5.8874480423459294,1.0,1.0,0.0,0.0,0.0,0.0,0.065,0.065,-1.3589616101865312,-1.3589616101865312
2016.0,314.0,0.5,0.0,0.0,0.0,0.0,0.0,0.0,0.0,0.0,0.0,0.0,0.0,0.0,0.0,0.0,5.8874480423459294,1.0,1.0,0.0,0.0,0.0,0.0,0.0645,0.0645,-1.4310239929470283,-1.4310239929470283
2016.0,314.0,1.0,0.0,0.0,0.0,0.0,0.0,0.0,0.0,0.0,0.0,0.0,0.0,0.0,0.0,0.0,5.8874480423459294,1.0,1.0,0.0,0.0,0.0,0.0,0.065,0.065,-1.3589616101865312,-1.3589616101865312
2016.0,314.0,1.5,0.0,0.0,0.0,0.0,0.0,0.0,0.0,0.0,0.0,0.0,0.0,0.0,0.0,0.0,5.8874480423459294,1.0,1.0,0.0,0.0,0.0,0.0,0.065,0.065,-1.3589616101865312,-1.3589616101865312
2016.0,314.0,2.0,0.0,0.0,0.0,0.0,0.0,0.0,0.0,0.0,0.0,0.0,0.0,0.0,0.0,0.0,5.8874480423459294,1.0,1.0,0.0,0.0,0.0,0.0,0.065,0.065,-1.3589616101865312,-1.3589616101865312
2016.0,314.0,2.5,0.0,0.0,0.0,0.0,0.0,0.0,0.0,0.0,0.0,0.0,0.0,0.0,0.0,0.0,5.8874480423459294,1.0,1.0,0.0,0.0,0.0,0.0,0.064,0.064,-1.5075137161482992,-1.5075137161482992
2016.0,314.0,3.0,0.0,0.0,0.0,0.0,0.0,0.0,0.0,0.0,0.0,0.0,0.0,0.0,0.0,0.0,5.8874480423459294,1.0,1.0,0.0,0.0,0.0,0.0,0.0645,0.0645,-1.4310239929470283,-1.4310239929470283
2016.0,314.0,3.5,0.0,0.0,0.0,0.0,0.0,0.0,0.0,0.0,0.0,0.0,0.0,0.0,0.0,0.0,5.8874480423459294,1.0,1.0,0.0,0.0,0.0,0.0,0.0645,0.0645,-1.4310239929470283,-1.4310239929470283
2016.0,314.0,4.0,0.0,0.0,0.0,0.0,0.0,0.0,0.0,0.0,0.0,0.0,0.0,0.0,0.0,0.0,5.8874480423459294,1.0,1.0,0.0,0.0,0.0,0.0,0.064,0.064,-1.5075137161482992,-1.5075137161482992
2016.0,314.0,4.5,0.0,0.0,0.0,0.0,0.0,0.0,0.0,0.0,0.0,0.0,0.0,0.0,0.0,0.0,5.8874480423459294,1.0,1.0,0.0,0.0,0.0,0.0,0.064,0.064,-1.5075137161482992,-1.5075137161482992
2016.0,314.0,5.0,0.0,0.0,0.0,0.0,0.0,0.0,0.0,0.0,0.0,0.0,0.0,0.0,0.0,0.0,5.8874480423459294,1.0,1.0,0.0,0.0,0.0,0.0,0.064,0.064,-1.5075137161482992,-1.5075137161482992
2016.0,314.0,5.5,0.0,0.0,0.0,0.0,0.0,0.0,0.0,0.0,0.0,0.0,0.0,0.0,0.0,0.0,6.010651,1.0,1.0,0.0,0.0,0.0,0.0,0.064,0.064,-1.5075137161482992,-1.5075137161482992
2016.0,314.0,6.0,0.0,0.0,0.0,0.0,0.0,0.0,0.0,0.0,0.0,0.0,0.0,0.0,0.0,0.0,6.010651,1.0,1.0,0.0,0.0,0.0,0.0,0.064,0.064,-1.5075137161482992,-1.5075137161482992
2016.0,314.0,6.5,0.0,0.0,0.0,0.0,0.0,0.0,0.0,0.0,0.0,0.0,0.0,0.0,0.0,0.0,6.010651,1.0,1.0,0.0,0.0,0.0,0.0,0.064,0.064,-1.5075137161482992,-1.5075137161482992
2016,314,7.0,0.0,0.0,0.0,0.0,0.0,0.0,0.0,0.0,0.0,0.0,0.0,0.0,True,True,5.741748196006188,1.0,1.0,0.0,0.0,0.00021440963807565483,0.00021440963807565483,0.064,0.064,-1.5075137161482992,-1.5075137161482992
2016,314,7.5,0.0,0.0,0.0,0.0,0.0,0.0,0.0,0.0,0.0,0.0,0.0,0.0,True,0.0,5.741748196006188,1.0,1.0,0.0,0.0,0.0048962625506422395,0.0048962625506422395,0.064,0.064,-1.5075137161482992,-1.5075137161482992
2016,314,8.0,0.0,0.0,0.0,0.0,0.0,0.0,0.0,0.0,0.0,0.0,0.0,0.0,True,0.0,5.741748196006188,1.0,1.0,0.0,0.0,0.013598293630070897,0.013598293630070897,0.064,0.064,-1.5075137161482992,-1.5075137161482992
2016,314,8.5,0.0,0.0,0.0,0.0,0.0,0.0,0.0,0.0,0.0,0.0,0.0,0.0,True,0.0,5.741748196006188,1.0,1.0,0.0,0.0,0.027950219171032877,0.027950219171032877,0.064,0.064,-1.5075137161482992,-1.5075137161482992
2016,314,9.0,0.0,0.0,0.0,0.0,0.0,0.0,0.0,0.0,0.0,0.0,0.0,0.0,True,0.0,5.741748196006188,1.0,1.0,0.0,0.0,0.014163980826954756,0.014163980826954756,0.064,0.064,-1.5075137161482992,-1.5075137161482992
2016,314,9.5,0.0,0.0,0.0,0.0,0.0,0.0,0.0,0.0,0.0,0.0,0.0,0.0,True,0.0,5.741748196006188,1.0,1.0,0.0,0.0,0.06017443587659104,0.06017443587659104,0.064,0.064,-1.5075137161482992,-1.5075137161482992
2016,314,10.0,0.0,0.0,0.0,0.0,0.0,0.0,0.0,0.0,0.0,0.0,0.0,0.0,True,0.0,5.741748196006188,1.0,1.0,0.0,0.0,0.018033348628874173,0.018033348628874173,0.064,0.064,-1.5075137161482992,-1.5075137161482992
2016,314,10.5,0.0,0.0,0.0,0.0,0.0,0.0,0.0,0.0,0.0,0.0,0.0,0.0,True,0.0,5.741748196006188,1.0,1.0,0.0,0.0,0.00971569220484782,0.00971569220484782,0.064,0.064,-1.5075137161482992,-1.5075137161482992
2016,314,11.0,0.0,0.0,0.0,0.0,0.0,0.0,0.0,0.0,0.0,0.0,0.0,0.0,True,0.0,5.741748196006188,1.0,1.0,0.0,0.0,0.013592013130030523,0.013592013130030523,0.064,0.064,-1.5075137161482992,-1.5075137161482992
2016,314,11.5,0.0,0.0,0.0,0.0,0.0,0.0,0.0,0.0,0.0,0.0,0.0,0.0,True,0.0,5.741748196006188,1.0,1.0,0.0,0.0,0.012756157033810856,0.012756157033810856,0.064,0.064,-1.5075137161482992,-1.5075137161482992
2016,314,12.0,0.0,0.0,0.0,0.0,0.0,0.0,0.0,0.0,0.0,0.0,0.0,0.0,True,0.0,5.741748196006188,1.0,1.0,0.0,0.0,0.024028308640967846,0.024028308640967846,0.064,0.064,-1.5075137161482992,-1.5075137161482992
2016,314,12.5,0.0,0.0,0.0,0.0,0.0,0.0,0.0,0.0,0.0,0.0,0.0,0.0,True,0.0,5.741748196006188,1.0,1.0,0.0,0.0,0.0210869690958608,0.0210869690958608,0.0635,0.0635,-1.5887406165480027,-1.5887406165480027
2016,314,13.0,0.0,0.0,0.0,0.0,0.0,0.0,0.0,0.0,0.0,0.0,0.0,0.0,True,0.0,5.741748196006188,1.0,1.0,0.0,0.0,0.011936947527747687,0.011936947527747687,0.063,0.063,-1.6750389044446923,-1.6750389044446923
2016,314,13.5,0.0,0.0,0.0,0.0,0.0,0.0,0.0,0.0,0.0,0.0,0.0,0.0,True,0.0,5.741748196006188,1.0,1.0,0.0,0.0,0.007113814809970787,0.007113814809970787,0.063,0.063,-1.6750389044446923,-1.6750389044446923
2016,314,14.0,0.0,0.0,0.0,0.0,0.0,0.0,0.0,0.0,0.0,0.0,0.0,0.0,True,0.0,5.741748196006188,1.0,1.0,0.0,0.0,0.004464521064416461,0.004464521064416461,0.063,0.063,-1.6750389044446923,-1.6750389044446923
2016,314,14.5,0.0,0.0,0.0,0.0,0.0,0.0,0.0,0.0,0.0,0.0,0.0,0.0,True,0.0,5.741748196006188,1.0,1.0,0.0,0.0,0.003220170783599991,0.003220170783599991,0.063,0.063,-1.6750389044446923,-1.6750389044446923
2016.0,314.0,15.0,0.0,0.0,0.0,0.0,0.0,0.0,0.0,0.0,0.0,0.0,0.0,0.0,0.0,0.0,5.741748196006188,1.0,1.0,0.0,0.0,0.0,0.0,0.063,0.063,-1.6750389044446923,-1.6750389044446923
2016.0,314.0,15.5,0.0,0.0,0.0,0.0,0.0,0.0,0.0,0.0,0.0,0.0,0.0,0.0,0.0,0.0,5.741748196006188,1.0,1.0,0.0,0.0,0.0,0.0,0.063,0.063,-1.6750389044446923,-1.6750389044446923
2016.0,314.0,16.0,0.0,0.0,0.0,0.0,0.0,0.0,0.0,0.0,0.0,0.0,0.0,0.0,0.0,0.0,5.741748196006188,1.0,1.0,0.0,0.0,0.0,0.0,0.063,0.063,-1.6750389044446923,-1.6750389044446923
2016.0,314.0,16.5,0.0,0.0,0.0,0.0,0.0,0.0,0.0,0.0,0.0,0.0,0.0,0.0,0.0,0.0,5.741748196006188,1.0,1.0,0.0,0.0,0.0,0.0,0.063,0.063,-1.6750389044446923,-1.6750389044446923
2016.0,314.0,17.0,0.0,0.0,0.0,0.0,0.0,0.0,0.0,0.0,0.0,0.0,0.0,0.0,0.0,0.0,5.741748196006188,1.0,1.0,0.0,0.0,0.0,0.0,0.063,0.063,-1.6750389044446923,-1.6750389044446923
2016.0,314.0,17.5,0.0,0.0,0.0,0.0,0.0,0.0,0.0,0.0,0.0,0.0,0.0,0.0,0.0,0.0,5.741748196006188,1.0,1.0,0.0,0.0,0.0,0.0,0.063,0.063,-1.6750389044446923,-1.6750389044446923
2016.0,314.0,18.0,0.0,0.0,0.0,0.0,0.0,0.0,0.0,0.0,0.0,0.0,0.0,0.0,0.0,0.0,5.741748196006188,1.0,1.0,0.0,0.0,0.0,0.0,0.063,0.063,-1.6750389044446923,-1.6750389044446923
2016.0,314.0,18.5,0.0,0.0,0.0,0.0,0.0,0.0,0.0,0.0,0.0,0.0,0.0,0.0,0.0,0.0,5.741748196006188,1.0,1.0,0.0,0.0,0.0,0.0,0.063,0.063,-1.6750389044446923,-1.6750389044446923
2016.0,314.0,19.0,0.0,0.0,0.0,0.0,0.0,0.0,0.0,0.0,0.0,0.0,0.0,0.0,0.0,0.0,5.741748196006188,1.0,1.0,0.0,0.0,0.0,0.0,0.063,0.063,-1.6750389044446923,-1.6750389044446923
2016.0,314.0,19.5,0.0,0.0,0.0,0.0,0.0,0.0,0.0,0.0,0.0,0.0,0.0,0.0,0.0,0.0,5.741748196006188,1.0,1.0,0.0,0.0,0.0,0.0,0.063,0.063,-1.6750389044446923,-1.6750389044446923
2016.0,314.0,20.0,0.0,0.0,0.0,0.0,0.0,0.0,0.0,0.0,0.0,0.0,0.0,0.0,0.0,0.0,5.741748196006188,1.0,1.0,0.0,0.0,0.0,0.0,0.063,0.063,-1.6750389044446923,-1.6750389044446923
2016.0,314.0,20.5,0.0,0.0,0.0,0.0,0.0,0.0,0.0,0.0,0.0,0.0,0.0,0.0,0.0,0.0,5.741748196006188,1.0,1.0,0.0,0.0,0.0,0.0,0.063,0.063,-1.6750389044446923,-1.6750389044446923
2016.0,314.0,21.0,0.0,0.0,0.0,0.0,0.0,0.0,0.0,0.0,0.0,0.0,0.0,0.0,0.0,0.0,5.741748196006188,1.0,1.0,0.0,0.0,0.0,0.0,0.063,0.063,-1.6750389044446923,-1.6750389044446923
2016.0,314.0,21.5,0.0,0.0,0.0,0.0,0.0,0.0,0.0,0.0,0.0,0.0,0.0,0.0,0.0,0.0,5.741748196006188,1.0,1.0,0.0,0.0,0.0,0.0,0.063,0.063,-1.6750389044446923,-1.6750389044446923
2016.0,314.0,22.0,0.0,0.0,0.0,0.0,0.0,0.0,0.0,0.0,0.0,0.0,0.0,0.0,0.0,0.0,5.741748196006188,1.0,1.0,0.0,0.0,0.0,0.0,0.063,0.063,-1.6750389044446923,-1.6750389044446923
2016.0,314.0,22.5,0.0,0.0,0.0,0.0,0.0,0.0,0.0,0.0,0.0,0.0,0.0,0.0,0.0,0.0,5.741748196006188,1.0,1.0,0.0,0.0,0.0,0.0,0.063,0.063,-1.6750389044446923,-1.6750389044446923
2016.0,314.0,23.0,0.0,0.0,0.0,0.0,0.0,0.0,0.0,0.0,0.0,0.0,0.0,0.0,0.0,0.0,5.741748196006188,1.0,1.0,0.0,0.0,0.0,0.0,0.063,0.063,-1.6750389044446923,-1.6750389044446923
2016.0,314.0,23.5,0.0,0.0,0.0,0.0,0.0,0.0,0.0,0.0,0.0,0.0,0.0,0.0,0.0,0.0,5.741748196006188,1.0,1.0,0.0,0.0,0.0,0.0,0.063,0.063,-1.6750389044446923,-1.6750389044446923
2016.0,315.0,0.0,0.0,0.0,0.0,0.0,0.0,0.0,0.0,0.0,0.0,0.0,0.0,0.0,0.0,0.0,5.741748196006188,1.0,1.0,0.0,0.0,0.0,0.0,0.063,0.063,-1.6750389044446923,-1.6750389044446923
2016.0,315.0,0.5,0.0,0.0,0.0,0.0,0.0,0.0,0.0,0.0,0.0,0.0,0.0,0.0,0.0,0.0,5.741748196006188,1.0,1.0,0.0,0.0,0.0,0.0,0.063,0.063,-1.6750389044446923,-1.6750389044446923
2016.0,315.0,1.0,0.0,0.0,0.0,0.0,0.0,0.0,0.0,0.0,0.0,0.0,0.0,0.0,0.0,0.0,5.741748196006188,1.0,1.0,0.0,0.0,0.0,0.0,0.063,0.063,-1.6750389044446923,-1.6750389044446923
2016.0,315.0,1.5,0.0,0.0,0.0,0.0,0.0,0.0,0.0,0.0,0.0,0.0,0.0,0.0,0.0,0.0,5.741748196006188,1.0,1.0,0.0,0.0,0.0,0.0,0.063,0.063,-1.6750389044446923,-1.6750389044446923
2016.0,315.0,2.0,0.0,0.0,0.0,0.0,0.0,0.0,0.0,0.0,0.0,0.0,0.0,0.0,0.0,0.0,5.741748196006188,1.0,1.0,0.0,0.0,0.0,0.0,0.063,0.063,-1.6750389044446923,-1.6750389044446923
2016.0,315.0,2.5,0.0,0.0,0.0,0.0,0.0,0.0,0.0,0.0,0.0,0.0,0.0,0.0,0.0,0.0,5.741748196006188,1.0,1.0,0.0,0.0,0.0,0.0,0.063,0.063,-1.6750389044446923,-1.6750389044446923
2016.0,315.0,3.0,0.0,0.0,0.0,0.0,0.0,0.0,0.0,0.0,0.0,0.0,0.0,0.0,0.0,0.0,5.741748196006188,1.0,1.0,0.0,0.0,0.0,0.0,0.063,0.063,-1.6750389044446923,-1.6750389044446923
2016.0,315.0,3.5,0.0,0.0,0.0,0.0,0.0,0.0,0.0,0.0,0.0,0.0,0.0,0.0,0.0,0.0,5.741748196006188,1.0,1.0,0.0,0.0,0.0,0.0,0.063,0.063,-1.6750389044446923,-1.6750389044446923
2016.0,315.0,4.0,0.0,0.0,0.0,0.0,0.0,0.0,0.0,0.0,0.0,0.0,0.0,0.0,0.0,0.0,5.741748196006188,1.0,1.0,0.0,0.0,0.0,0.0,0.063,0.063,-1.6750389044446923,-1.6750389044446923
2016.0,315.0,4.5,0.0,0.0,0.0,0.0,0.0,0.0,0.0,0.0,0.0,0.0,0.0,0.0,0.0,0.0,5.741748196006188,1.0,1.0,0.0,0.0,0.0,0.0,0.063,0.063,-1.6750389044446923,-1.6750389044446923
2016.0,315.0,5.0,0.0,0.0,0.0,0.0,0.0,0.0,0.0,0.0,0.0,0.0,0.0,0.0,0.0,0.0,5.741748196006188,1.0,1.0,0.0,0.0,0.0,0.0,0.063,0.063,-1.6750389044446923,-1.6750389044446923
2016.0,315.0,5.5,0.0,0.0,0.0,0.0,0.0,0.0,0.0,0.0,0.0,0.0,0.0,0.0,0.0,0.0,5.741748196006188,1.0,1.0,0.0,0.0,0.0,0.0,0.063,0.063,-1.6750389044446923,-1.6750389044446923
2016.0,315.0,6.0,0.0,0.0,0.0,0.0,0.0,0.0,0.0,0.0,0.0,0.0,0.0,0.0,0.0,0.0,5.741748196006188,1.0,1.0,0.0,0.0,0.0,0.0,0.063,0.063,-1.6750389044446923,-1.6750389044446923
2016,315,6.5,1.77536971368463,0.0,0.1036870758888626,0.0,36.54274832787107,0.0,0.03812834486627668,0.0,0.0,0.0,19.22086525,0.0,False,0.0,5.741748196006188,1.0,1.0,0.0,0.0,0.00205581357244739,0.00205581357244739,0.062,0.062,-1.8643213520376791,-1.8643213520376791
2016,315,7.0,0.0,0.0,0.0,0.0,0.0,0.0,0.0,0.0,0.0,0.0,0.0,0.0,True,0.0,6.010651,1.0,1.0,0.0,0.0,0.006255242155966732,0.006255242155966732,0.062,0.062,-1.8643213520376791,-1.8643213520376791
2016,315,7.5,0.0,9.499576272824164,0.0,1.7569982084664324,0.0,41.6752545559561,0.0,2.899758651848277,0.0,-1.9506252787509397,0.0,20.44045544,True,False,5.552434987014947,1.0,0.9147128617889623,0.0,0.0,0.016280970814118043,0.016280970814118043,0.062,0.062,-1.8643213520376791,-1.8643213520376791
2016,315,8.0,0.0,0.0,0.0,0.0,0.0,0.0,0.0,0.0,0.0,0.0,0.0,0.0,True,0.0,5.552434987014947,1.0,0.9147128617889623,0.0,0.0,0.03199280251662505,0.03199280251662505,0.063,0.063,-1.6750389044446923,-1.6750389044446923
2016,315,8.5,0.0,0.0,0.0,0.0,0.0,0.0,0.0,0.0,0.0,0.0,0.0,0.0,True,0.0,5.552434987014947,1.0,0.9147128617889623,0.0,0.0,0.050076875919962405,0.050076875919962405,0.062,0.062,-1.8643213520376791,-1.8643213520376791
2016,315,9.0,0.0,0.0,0.0,0.0,0.0,0.0,0.0,0.0,0.0,0.0,0.0,0.0,True,0.0,5.552434987014947,1.0,0.9147128617889623,0.0,0.0,0.06666036108664515,0.06666036108664515,0.062,0.062,-1.8643213520376791,-1.8643213520376791
2016,315,9.5,0.0,0.0,0.0,0.0,0.0,0.0,0.0,0.0,0.0,0.0,0.0,0.0,True,0.0,5.552434987014947,1.0,0.9147128617889623,0.0,0.0,0.06351222661865702,0.06351222661865702,0.062,0.062,-1.8643213520376791,-1.8643213520376791
2016,315,10.0,0.0,0.0,0.0,0.0,0.0,0.0,0.0,0.0,0.0,0.0,0.0,0.0,True,0.0,5.552434987014947,1.0,0.9147128617889623,0.0,0.0,0.03420162584656712,0.03420162584656712,0.062,0.062,-1.8643213520376791,-1.8643213520376791
2016,315,10.5,0.0,0.0,0.0,0.0,0.0,0.0,0.0,0.0,0.0,0.0,0.0,0.0,True,0.0,5.552434987014947,1.0,0.9147128617889623,0.0,0.0,0.04345593936614609,0.04345593936614609,0.062,0.062,-1.8643213520376791,-1.8643213520376791
2016,315,11.0,0.0,0.0,0.0,0.0,0.0,0.0,0.0,0.0,0.0,0.0,0.0,0.0,True,0.0,5.552434987014947,1.0,0.9147128617889623,0.0,0.0,0.011339170251051342,0.011339170251051342,0.062,0.062,-1.8643213520376791,-1.8643213520376791
2016,315,11.5,0.0,0.0,0.0,0.0,0.0,0.0,0.0,0.0,0.0,0.0,0.0,0.0,True,0.0,5.552434987014947,1.0,0.9147128617889623,0.0,0.0,0.03110299022056484,0.03110299022056484,0.062,0.062,-1.8643213520376791,-1.8643213520376791
2016,315,12.0,0.0,0.0,0.0,0.0,0.0,0.0,0.0,0.0,0.0,0.0,0.0,0.0,True,0.0,5.552434987014947,1.0,0.9147128617889623,0.0,0.0,0.040793123389424035,0.040793123389424035,0.0615,0.0615,-1.9681160423062827,-1.9681160423062827
2016,315,12.5,0.0,0.0,0.0,0.0,0.0,0.0,0.0,0.0,0.0,0.0,0.0,0.0,True,0.0,5.552434987014947,1.0,0.9147128617889623,0.0,0.0,0.008616563392459992,0.008616563392459992,0.061,0.061,-2.0786085639674976,-2.0786085639674976
2016,315,13.0,0.0,0.0,0.0,0.0,0.0,0.0,0.0,0.0,0.0,0.0,0.0,0.0,True,0.0,5.552434987014947,1.0,0.9147128617889623,0.0,0.0,0.010642426243604073,0.010642426243604073,0.061,0.061,-2.0786085639674976,-2.0786085639674976
2016,315,13.5,0.0,0.0,0.0,0.0,0.0,0.0,0.0,0.0,0.0,0.0,0.0,0.0,True,0.0,5.552434987014947,1.0,0.9147128617889623,0.0,0.0,0.020277026466319435,0.020277026466319435,0.061,0.061,-2.0786085639674976,-2.0786085639674976
2016,315,14.0,0.0,0.0,0.0,0.0,0.0,0.0,0.0,0.0,0.0,0.0,0.0,0.0,True,0.0,5.552434987014947,1.0,0.9147128617889623,0.0,0.0,0.021814934687285528,0.021814934687285528,0.061,0.061,-2.0786085639674976,-2.0786085639674976
2016,315,14.5,0.0,0.0,0.0,0.0,0.0,0.0,0.0,0.0,0.0,0.0,0.0,0.0,True,0.0,5.552434987014947,1.0,0.9147128617889623,0.0,0.0,0.038589729534504826,0.038589729534504826,0.061,0.061,-2.0786085639674976,-2.0786085639674976
2016,315,15.0,0.0,0.0,0.0,0.0,0.0,0.0,0.0,0.0,0.0,0.0,0.0,0.0,True,0.0,5.552434987014947,1.0,0.9147128617889623,0.0,0.0,0.009897677300795247,0.009897677300795247,0.061,0.061,-2.0786085639674976,-2.0786085639674976
2016,315,15.5,0.0,0.0,0.0,0.0,0.0,0.0,0.0,0.0,0.0,0.0,0.0,0.0,True,0.0,5.552434987014947,1.0,0.9147128617889623,0.0,0.0,0.0,0.0,0.06,0.06,-2.321697907845493,-2.321697907845493
2016,315,16.0,0.0,0.0,0.0,0.0,0.0,0.0,0.0,0.0,0.0,0.0,0.0,0.0,True,0.0,5.552434987014947,1.0,0.9147128617889623,0.0,0.0,0.00022076642786388002,0.00022076642786388002,0.06,0.06,-2.321697907845493,-2.321697907845493
2016,315,16.5,0.0,0.0,0.0,0.0,0.0,0.0,0.0,0.0,0.0,0.0,0.0,0.0,True,0.0,5.552434987014947,1.0,0.9147128617889623,0.0,0.0,0.0003897162703075074,0.0003897162703075074,0.06,0.06,-2.321697907845493,-2.321697907845493
2016,315,17.0,0.0,0.0,0.0,0.0,0.0,0.0,0.0,0.0,0.0,0.0,0.0,0.0,True,True,5.226028143620038,1.0,0.9147128617889623,0.0,0.0,0.0,0.0,0.06,0.06,-2.321697907845493,-2.321697907845493
2016.0,315.0,17.5,0.0,0.0,0.0,0.0,0.0,0.0,0.0,0.0,0.0,0.0,0.0,0.0,0.0,0.0,5.226028143620038,1.0,0.9147128617889623,0.0,0.0,0.0,0.0,0.06,0.06,-2.321697907845493,-2.321697907845493
2016.0,315.0,18.0,0.0,0.0,0.0,0.0,0.0,0.0,0.0,0.0,0.0,0.0,0.0,0.0,0.0,0.0,5.226028143620038,1.0,0.9147128617889623,0.0,0.0,0.0,0.0,0.06,0.06,-2.321697907845493,-2.321697907845493
2016.0,315.0,18.5,0.0,0.0,0.0,0.0,0.0,0.0,0.0,0.0,0.0,0.0,0.0,0.0,0.0,0.0,5.226028143620038,1.0,0.9147128617889623,0.0,0.0,0.0,0.0,0.06,0.06,-2.321697907845493,-2.321697907845493
2016.0,315.0,19.0,0.0,0.0,0.0,0.0,0.0,0.0,0.0,0.0,0.0,0.0,0.0,0.0,0.0,0.0,5.226028143620038,1.0,0.9147128617889623,0.0,0.0,0.0,0.0,0.06,0.06,-2.321697907845493,-2.321697907845493
2016.0,315.0,19.5,0.0,0.0,0.0,0.0,0.0,0.0,0.0,0.0,0.0,0.0,0.0,0.0,0.0,0.0,5.226028143620038,1.0,0.9147128617889623,0.0,0.0,0.0,0.0,0.06,0.06,-2.321697907845493,-2.321697907845493
2016.0,315.0,20.0,0.0,0.0,0.0,0.0,0.0,0.0,0.0,0.0,0.0,0.0,0.0,0.0,0.0,0.0,5.226028143620038,1.0,0.9147128617889623,0.0,0.0,0.0,0.0,0.06,0.06,-2.321697907845493,-2.321697907845493
2016.0,315.0,20.5,0.0,0.0,0.0,0.0,0.0,0.0,0.0,0.0,0.0,0.0,0.0,0.0,0.0,0.0,5.226028143620038,1.0,0.9147128617889623,0.0,0.0,0.0,0.0,0.06,0.06,-2.321697907845493,-2.321697907845493
2016.0,315.0,21.0,0.0,0.0,0.0,0.0,0.0,0.0,0.0,0.0,0.0,0.0,0.0,0.0,0.0,0.0,5.226028143620038,1.0,0.9147128617889623,0.0,0.0,0.0,0.0,0.06,0.06,-2.321697907845493,-2.321697907845493
2016.0,315.0,21.5,0.0,0.0,0.0,0.0,0.0,0.0,0.0,0.0,0.0,0.0,0.0,0.0,0.0,0.0,5.226028143620038,1.0,0.9147128617889623,0.0,0.0,0.0,0.0,0.06,0.06,-2.321697907845493,-2.321697907845493
2016.0,315.0,22.0,0.0,0.0,0.0,0.0,0.0,0.0,0.0,0.0,0.0,0.0,0.0,0.0,0.0,0.0,5.226028143620038,1.0,0.9147128617889623,0.0,0.0,0.0,0.0,0.06,0.06,-2.321697907845493,-2.321697907845493
2016.0,315.0,22.5,0.0,0.0,0.0,0.0,0.0,0.0,0.0,0.0,0.0,0.0,0.0,0.0,0.0,0.0,5.226028143620038,1.0,0.9147128617889623,0.0,0.0,0.0,0.0,0.06,0.06,-2.321697907845493,-2.321697907845493
2016.0,315.0,23.0,0.0,0.0,0.0,0.0,0.0,0.0,0.0,0.0,0.0,0.0,0.0,0.0,0.0,0.0,5.226028143620038,1.0,0.9147128617889623,0.0,0.0,0.0,0.0,0.06,0.06,-2.321697907845493,-2.321697907845493
2016.0,315.0,23.5,0.0,0.0,0.0,0.0,0.0,0.0,0.0,0.0,0.0,0.0,0.0,0.0,0.0,0.0,5.226028143620038,1.0,0.9147128617889623,0.0,0.0,0.0,0.0,0.06,0.06,-2.321697907845493,-2.321697907845493
2016.0,316.0,0.0,0.0,0.0,0.0,0.0,0.0,0.0,0.0,0.0,0.0,0.0,0.0,0.0,0.0,0.0,5.226028143620038,1.0,0.9147128617889623,0.0,0.0,0.0,0.0,0.06,0.06,-2.321697907845493,-2.321697907845493
2016.0,316.0,0.5,0.0,0.0,0.0,0.0,0.0,0.0,0.0,0.0,0.0,0.0,0.0,0.0,0.0,0.0,5.226028143620038,1.0,0.9147128617889623,0.0,0.0,0.0,0.0,0.06,0.06,-2.321697907845493,-2.321697907845493
2016.0,316.0,1.0,0.0,0.0,0.0,0.0,0.0,0.0,0.0,0.0,0.0,0.0,0.0,0.0,0.0,0.0,5.226028143620038,1.0,0.9147128617889623,0.0,0.0,0.0,0.0,0.06,0.06,-2.321697907845493,-2.321697907845493
2016.0,316.0,1.5,0.0,0.0,0.0,0.0,0.0,0.0,0.0,0.0,0.0,0.0,0.0,0.0,0.0,0.0,5.226028143620038,1.0,0.9147128617889623,0.0,0.0,0.0,0.0,0.06,0.06,-2.321697907845493,-2.321697907845493
2016.0,316.0,2.0,0.0,0.0,0.0,0.0,0.0,0.0,0.0,0.0,0.0,0.0,0.0,0.0,0.0,0.0,5.226028143620038,1.0,0.9147128617889623,0.0,0.0,0.0,0.0,0.06,0.06,-2.321697907845493,-2.321697907845493
2016.0,316.0,2.5,0.0,0.0,0.0,0.0,0.0,0.0,0.0,0.0,0.0,0.0,0.0,0.0,0.0,0.0,5.226028143620038,1.0,0.9147128617889623,0.0,0.0,0.0,0.0,0.06,0.06,-2.321697907845493,-2.321697907845493
2016.0,316.0,3.0,0.0,0.0,0.0,0.0,0.0,0.0,0.0,0.0,0.0,0.0,0.0,0.0,0.0,0.0,5.226028143620038,1.0,0.9147128617889623,0.0,0.0,0.0,0.0,0.06,0.06,-2.321697907845493,-2.321697907845493
2016.0,316.0,3.5,0.0,0.0,0.0,0.0,0.0,0.0,0.0,0.0,0.0,0.0,0.0,0.0,0.0,0.0,5.226028143620038,1.0,0.9147128617889623,0.0,0.0,0.0,0.0,0.06,0.06,-2.321697907845493,-2.321697907845493
2016.0,316.0,4.0,0.0,0.0,0.0,0.0,0.0,0.0,0.0,0.0,0.0,0.0,0.0,0.0,0.0,0.0,5.226028143620038,1.0,0.9147128617889623,0.0,0.0,0.0,0.0,0.06,0.06,-2.321697907845493,-2.321697907845493
2016.0,316.0,4.5,0.0,0.0,0.0,0.0,0.0,0.0,0.0,0.0,0.0,0.0,0.0,0.0,0.0,0.0,5.226028143620038,1.0,0.9147128617889623,0.0,0.0,0.0,0.0,0.06,0.06,-2.321697907845493,-2.321697907845493
2016.0,316.0,5.0,0.0,0.0,0.0,0.0,0.0,0.0,0.0,0.0,0.0,0.0,0.0,0.0,0.0,0.0,5.226028143620038,1.0,0.9147128617889623,0.0,0.0,0.0,0.0,0.06,0.06,-2.321697907845493,-2.321697907845493
2016,316,5.5,0.0,0.0,0.0,0.0,0.0,0.0,0.0,0.0,0.0,0.0,0.0,0.0,True,True,5.226028143620038,1.0,0.9147128617889623,0.0,0.0,0.0,0.0,0.06,0.06,-2.321697907845493,-2.321697907845493
2016,316,6.0,1.559815112635814,0.0,0.06754682622985435,0.0,35.73085885472569,0.0,0.023374609811872744,0.0,0.0,0.0,20253.634117392416,0.0,False,0.0,5.226028143620038,1.0,0.9147128617889623,0.0,0.0,0.004675262795685799,0.004675262795685799,0.06,0.06,-2.321697907845493,-2.321697907845493
2016,316,6.5,0.0,0.0,0.0,0.0,0.0,0.0,0.0,0.0,0.0,0.0,0.0,0.0,True,0.0,5.226028143620038,1.0,0.9147128617889623,0.0,0.0,0.007048781238413022,0.007048781238413022,0.06,0.06,-2.321697907845493,-2.321697907845493
2016,316,7.0,0.0,8.614809537071599,0.0,1.750575915484225,0.0,41.16442460794437,0.0,0.3941255886173708,0.0,-2.427576311520638,0.0,21.81738329,True,False,5.226028143620038,0.8509057695633717,0.8584756065311413,0.0,0.0,0.009403393794382209,0.009403393794382209,0.06,0.06,-2.321697907845493,-2.321697907845493
2016,316,7.5,0.0,0.0,0.0,0.0,0.0,0.0,0.0,0.0,0.0,0.0,0.0,0.0,True,0.0,5.226028143620038,0.8509057695633717,0.8584756065311413,0.0,0.0,0.0046712041478852865,0.0046712041478852865,0.06,0.06,-2.321697907845493,-2.321697907845493
2016,316,8.0,0.0,0.0,0.0,0.0,0.0,0.0,0.0,0.0,0.0,0.0,0.0,0.0,True,0.0,5.226028143620038,0.8509057695633717,0.8584756065311413,0.0,0.0,0.014176050529447683,0.014176050529447683,0.06,0.06,-2.321697907845493,-2.321697907845493
2016,316,8.5,0.0,0.0,0.0,0.0,0.0,0.0,0.0,0.0,0.0,0.0,0.0,0.0,True,0.0,5.226028143620038,0.8509057695633717,0.8584756065311413,0.0,0.0,0.014567305920438556,0.014567305920438556,0.06,0.06,-2.321697907845493,-2.321697907845493
2016,316,9.0,0.0,0.0,0.0,0.0,0.0,0.0,0.0,0.0,0.0,0.0,0.0,0.0,True,0.0,5.226028143620038,0.8509057695633717,0.8584756065311413,0.0,0.0,0.026599349806812826,0.026599349806812826,0.0595,0.0595,-2.4554056988372195,-2.4554056988372195
2016,316,9.5,0.0,0.0,0.0,0.0,0.0,0.0,0.0,0.0,0.0,0.0,0.0,0.0,True,0.0,5.226028143620038,0.8509057695633717,0.8584756065311413,0.0,0.0,0.03135207951170087,0.03135207951170087,0.059,0.059,-2.5980411333999887,-2.5980411333999887
2016,316,10.0,0.0,0.0,0.0,0.0,0.0,0.0,0.0,0.0,0.0,0.0,0.0,0.0,True,0.0,5.226028143620038,0.8509057695633717,0.8584756065311413,0.0,0.0,0.018207874580459686,0.018207874580459686,0.059,0.059,-2.5980411333999887,-2.5980411333999887
2016,316,10.5,0.0,0.0,0.0,0.0,0.0,0.0,0.0,0.0,0.0,0.0,0.0,0.0,True,0.0,5.226028143620038,0.8509057695633717,0.8584756065311413,0.0,0.0,0.025671430115749877,0.025671430115749877,0.059,0.059,-2.5980411333999887,-2.5980411333999887
2016,316,11.0,0.0,0.0,0.0,0.0,0.0,0.0,0.0,0.0,0.0,0.0,0.0,0.0,True,0.0,5.226028143620038,0.8509057695633717,0.8584756065311413,0.0,0.0,0.00717490030577413,0.00717490030577413,0.059,0.059,-2.5980411333999887,-2.5980411333999887
2016,316,11.5,0.0,0.0,0.0,0.0,0.0,0.0,0.0,0.0,0.0,0.0,0.0,0.0,True,0.0,5.226028143620038,0.8509057695633717,0.8584756065311413,0.0,0.0,0.026695562578081825,0.026695562578081825,0.059,0.059,-2.5980411333999887,-2.5980411333999887
2016,316,12.0,0.0,0.0,0.0,0.0,0.0,0.0,0.0,0.0,0.0,0.0,0.0,0.0,True,0.0,5.226028143620038,0.8509057695633717,0.8584756065311413,0.0,0.0,0.03682817082449581,0.03682817082449581,0.059,0.059,-2.5980411333999887,-2.5980411333999887
2016,316,12.5,0.0,0.0,0.0,0.0,0.0,0.0,0.0,0.0,0.0,0.0,0.0,0.0,True,0.0,5.226028143620038,0.8509057695633717,0.8584756065311413,0.0,0.0,0.007028135042083339,0.007028135042083339,0.0585,0.0585,-2.750283687153001,-2.750283687153001
2016,316,13.0,0.0,0.0,0.0,0.0,0.0,0.0,0.0,0.0,0.0,0.0,0.0,0.0,True,0.0,5.226028143620038,0.8509057695633717,0.8584756065311413,0.0,0.0,0.019861145527725953,0.019861145527725953,0.058,0.058,-2.912871007557862,-2.912871007557862
2016,316,13.5,0.0,0.0,0.0,0.0,0.0,0.0,0.0,0.0,0.0,0.0,0.0,0.0,True,0.0,5.226028143620038,0.8509057695633717,0.8584756065311413,0.0,0.0,0.02274679817436419,0.02274679817436419,0.058,0.058,-2.912871007557862,-2.912871007557862
2016,316,14.0,0.0,0.0,0.0,0.0,0.0,0.0,0.0,0.0,0.0,0.0,0.0,0.0,True,0.0,5.226028143620038,0.8509057695633717,0.8584756065311413,0.0,0.0,0.011734236542152462,0.011734236542152462,0.058,0.058,-2.912871007557862,-2.912871007557862
2016,316,14.5,0.0,0.0,0.0,0.0,0.0,0.0,0.0,0.0,0.0,0.0,0.0,0.0,True,0.0,5.226028143620038,0.8509057695633717,0.8584756065311413,0.0,0.0,0.01542760127121468,0.01542760127121468,0.058,0.058,-2.912871007557862,-2.912871007557862
2016,316,15.0,0.0,0.0,0.0,0.0,0.0,0.0,0.0,0.0,0.0,0.0,0.0,0.0,True,0.0,5.226028143620038,0.8509057695633717,0.8584756065311413,0.0,0.0,0.013468305112960774,0.013468305112960774,0.058,0.058,-2.912871007557862,-2.912871007557862
2016,316,15.5,0.7022079730019284,0.0,0.09286309599625552,0.0,25.059041623874123,0.0,0.005913272795176748,0.0,0.0,0.0,29.4687047,0.0,False,0.0,5.226028143620038,0.8509057695633717,0.8584756065311413,0.0,0.0,0.001442061340203638,0.001442061340203638,0.058,0.058,-2.912871007557862,-2.912871007557862
2016,316,16.0,0.0,0.0,0.0,0.0,0.0,0.0,0.0,0.0,0.0,0.0,0.0,0.0,True,0.0,5.226028143620038,0.8509057695633717,0.8584756065311413,0.0,0.0,0.0005071740776657026,0.0005071740776657026,0.0575,0.0575,-3.0866044568329984,-3.0866044568329984
2016,316,16.5,0.0,0.0,0.0,0.0,0.0,0.0,0.0,0.0,0.0,0.0,0.0,0.0,True,True,4.278562860784596,0.8509057695633717,0.8584756065311413,0.0,0.0,0.0,0.0,0.057,0.057,-3.272355237598531,-3.272355237598531
2016,316,17.0,0.0,0.0,0.0,0.0,0.0,0.0,0.0,0.0,0.0,0.0,0.0,0.0,True,True,4.278562860784596,0.8509057695633717,0.8584756065311413,0.0,0.0,0.0,0.0,0.057,0.057,-3.272355237598531,-3.272355237598531
2016.0,316.0,17.5,0.0,0.0,0.0,0.0,0.0,0.0,0.0,0.0,0.0,0.0,0.0,0.0,0.0,0.0,4.278562860784596,0.8509057695633717,0.8584756065311413,0.0,0.0,0.0,0.0,0.057,0.057,-3.272355237598531,-3.272355237598531
2016.0,316.0,18.0,0.0,0.0,0.0,0.0,0.0,0.0,0.0,0.0,0.0,0.0,0.0,0.0,0.0,0.0,4.278562860784596,0.8509057695633717,0.8584756065311413,0.0,0.0,0.0,0.0,0.057,0.057,-3.272355237598531,-3.272355237598531
2016.0,316.0,18.5,0.0,0.0,0.0,0.0,0.0,0.0,0.0,0.0,0.0,0.0,0.0,0.0,0.0,0.0,4.278562860784596,0.8509057695633717,0.8584756065311413,0.0,0.0,0.0,0.0,0.057,0.057,-3.272355237598531,-3.272355237598531
2016.0,316.0,19.0,0.0,0.0,0.0,0.0,0.0,0.0,0.0,0.0,0.0,0.0,0.0,0.0,0.0,0.0,4.278562860784596,0.8509057695633717,0.8584756065311413,0.0,0.0,0.0,0.0,0.057,0.057,-3.272355237598531,-3.272355237598531
2016.0,316.0,19.5,0.0,0.0,0.0,0.0,0.0,0.0,0.0,0.0,0.0,0.0,0.0,0.0,0.0,0.0,4.278562860784596,0.8509057695633717,0.8584756065311413,0.0,0.0,0.0,0.0,0.057,0.057,-3.272355237598531,-3.272355237598531
2016.0,316.0,20.0,0.0,0.0,0.0,0.0,0.0,0.0,0.0,0.0,0.0,0.0,0.0,0.0,0.0,0.0,4.278562860784596,0.8509057695633717,0.8584756065311413,0.0,0.0,0.0,0.0,0.057,0.057,-3.272355237598531,-3.272355237598531
2016.0,316.0,20.5,0.0,0.0,0.0,0.0,0.0,0.0,0.0,0.0,0.0,0.0,0.0,0.0,0.0,0.0,4.278562860784596,0.8509057695633717,0.8584756065311413,0.0,0.0,0.0,0.0,0.057,0.057,-3.272355237598531,-3.272355237598531
2016.0,316.0,21.0,0.0,0.0,0.0,0.0,0.0,0.0,0.0,0.0,0.0,0.0,0.0,0.0,0.0,0.0,4.278562860784596,0.8509057695633717,0.8584756065311413,0.0,0.0,0.0,0.0,0.057,0.057,-3.272355237598531,-3.272355237598531
2016.0,316.0,21.5,0.0,0.0,0.0,0.0,0.0,0.0,0.0,0.0,0.0,0.0,0.0,0.0,0.0,0.0,4.278562860784596,0.8509057695633717,0.8584756065311413,0.0,0.0,0.0,0.0,0.057,0.057,-3.272355237598531,-3.272355237598531
2016.0,316.0,22.0,0.0,0.0,0.0,0.0,0.0,0.0,0.0,0.0,0.0,0.0,0.0,0.0,0.0,0.0,4.278562860784596,0.8509057695633717,0.8584756065311413,0.0,0.0,0.0,0.0,0.057,0.057,-3.272355237598531,-3.272355237598531
2016.0,316.0,22.5,0.0,0.0,0.0,0.0,0.0,0.0,0.0,0.0,0.0,0.0,0.0,0.0,0.0,0.0,4.278562860784596,0.8509057695633717,0.8584756065311413,0.0,0.0,0.0,0.0,0.057,0.057,-3.272355237598531,-3.272355237598531
2016.0,316.0,23.0,0.0,0.0,0.0,0.0,0.0,0.0,0.0,0.0,0.0,0.0,0.0,0.0,0.0,0.0,4.278562860784596,0.8509057695633717,0.8584756065311413,0.0,0.0,0.0,0.0,0.057,0.057,-3.272355237598531,-3.272355237598531
2016.0,316.0,23.5,0.0,0.0,0.0,0.0,0.0,0.0,0.0,0.0,0.0,0.0,0.0,0.0,0.0,0.0,4.278562860784596,0.8509057695633717,0.8584756065311413,0.0,0.0,0.0,0.0,0.057,0.057,-3.272355237598531,-3.272355237598531
2016.0,317.0,0.0,0.0,0.0,0.0,0.0,0.0,0.0,0.0,0.0,0.0,0.0,0.0,0.0,0.0,0.0,4.278562860784596,0.8509057695633717,0.8584756065311413,0.0,0.0,0.0,0.0,0.057,0.057,-3.272355237598531,-3.272355237598531
2016.0,317.0,0.5,0.0,0.0,0.0,0.0,0.0,0.0,0.0,0.0,0.0,0.0,0.0,0.0,0.0,0.0,4.278562860784596,0.8509057695633717,0.8584756065311413,0.0,0.0,0.0,0.0,0.057,0.057,-3.272355237598531,-3.272355237598531
2016.0,317.0,1.0,0.0,0.0,0.0,0.0,0.0,0.0,0.0,0.0,0.0,0.0,0.0,0.0,0.0,0.0,4.278562860784596,0.8509057695633717,0.8584756065311413,0.0,0.0,0.0,0.0,0.057,0.057,-3.272355237598531,-3.272355237598531
2016.0,317.0,1.5,0.0,0.0,0.0,0.0,0.0,0.0,0.0,0.0,0.0,0.0,0.0,0.0,0.0,0.0,4.278562860784596,0.8509057695633717,0.8584756065311413,0.0,0.0,0.0,0.0,0.057,0.057,-3.272355237598531,-3.272355237598531
2016.0,317.0,2.0,0.0,0.0,0.0,0.0,0.0,0.0,0.0,0.0,0.0,0.0,0.0,0.0,0.0,0.0,4.278562860784596,0.8509057695633717,0.8584756065311413,0.0,0.0,0.0,0.0,0.057,0.057,-3.272355237598531,-3.272355237598531
2016.0,317.0,2.5,0.0,0.0,0.0,0.0,0.0,0.0,0.0,0.0,0.0,0.0,0.0,0.0,0.0,0.0,4.278562860784596,0.8509057695633717,0.8584756065311413,0.0,0.0,0.0,0.0,0.057,0.057,-3.272355237598531,-3.272355237598531
2016.0,317.0,3.0,0.0,0.0,0.0,0.0,0.0,0.0,0.0,0.0,0.0,0.0,0.0,0.0,0.0,0.0,4.278562860784596,0.8509057695633717,0.8584756065311413,0.0,0.0,0.0,0.0,0.057,0.057,-3.272355237598531,-3.272355237598531
2016.0,317.0,3.5,0.0,0.0,0.0,0.0,0.0,0.0,0.0,0.0,0.0,0.0,0.0,0.0,0.0,0.0,4.278562860784596,0.8509057695633717,0.8584756065311413,0.0,0.0,0.0,0.0,0.057,0.057,-3.272355237598531,-3.272355237598531
2016.0,317.0,4.0,0.0,0.0,0.0,0.0,0.0,0.0,0.0,0.0,0.0,0.0,0.0,0.0,0.0,0.0,4.278562860784596,0.8509057695633717,0.8584756065311413,0.0,0.0,0.0,0.0,0.057,0.057,-3.272355237598531,-3.272355237598531
2016.0,317.0,4.5,0.0,0.0,0.0,0.0,0.0,0.0,0.0,0.0,0.0,0.0,0.0,0.0,0.0,0.0,4.278562860784596,0.8509057695633717,0.8584756065311413,0.0,0.0,0.0,0.0,0.057,0.057,-3.272355237598531,-3.272355237598531
2016.0,317.0,5.0,0.0,0.0,0.0,0.0,0.0,0.0,0.0,0.0,0.0,0.0,0.0,0.0,0.0,0.0,4.278562860784596,0.8509057695633717,0.8584756065311413,0.0,0.0,0.0,0.0,0.057,0.057,-3.272355237598531,-3.272355237598531
2016.0,317.0,5.5,0.0,0.0,0.0,0.0,0.0,0.0,0.0,0.0,0.0,0.0,0.0,0.0,0.0,0.0,4.278562860784596,0.8509057695633717,0.8584756065311413,0.0,0.0,0.0,0.0,0.057,0.057,-3.272355237598531,-3.272355237598531
2016.0,317.0,6.0,0.0,0.0,0.0,0.0,0.0,0.0,0.0,0.0,0.0,0.0,0.0,0.0,0.0,0.0,4.278562860784596,0.8509057695633717,0.8584756065311413,0.0,0.0,0.0,0.0,0.057,0.057,-3.272355237598531,-3.272355237598531
2016.0,317.0,6.5,0.0,0.0,0.0,0.0,0.0,0.0,0.0,0.0,0.0,0.0,0.0,0.0,0.0,0.0,4.278562860784596,0.8509057695633717,0.8584756065311413,0.0,0.0,0.0,0.0,0.057,0.057,-3.272355237598531,-3.272355237598531
2016,317,7.0,0.0,0.0,0.0,0.0,0.0,0.0,0.0,0.0,0.0,0.0,0.0,0.0,True,0.0,4.278562860784596,0.8509057695633717,0.8584756065311413,0.0,0.0,0.0006024432778319157,0.0006024432778319157,0.057,0.057,-3.272355237598531,-3.272355237598531
2016,317,7.5,1.3203641668971802,0.0,0.056532615819565105,0.0,30.680980520858412,0.0,0.01582964297092821,0.0,0.0,0.0,22.15175343,0.0,False,0.0,4.278562860784596,0.8509057695633717,0.8584756065311413,0.0,0.0,0.0010513137921529417,0.0010513137921529417,0.057,0.057,-3.272355237598531,-3.272355237598531
2016,317,8.0,0.0,0.0,0.0,0.0,0.0,0.0,0.0,0.0,0.0,0.0,0.0,0.0,True,0.0,4.278562860784596,0.8509057695633717,0.8584756065311413,0.0,0.0,0.00465142795771478,0.00465142795771478,0.057,0.057,-3.272355237598531,-3.272355237598531
2016,317,8.5,0.0,0.0,0.0,0.0,0.0,0.0,0.0,0.0,0.0,0.0,0.0,0.0,True,0.0,4.278562860784596,0.8509057695633717,0.8584756065311413,0.0,0.0,0.00723629720257999,0.00723629720257999,0.057,0.057,-3.272355237598531,-3.272355237598531
2016,317,9.0,0.0,0.0,0.0,0.0,0.0,0.0,0.0,0.0,0.0,0.0,0.0,0.0,True,0.0,4.278562860784596,0.8509057695633717,0.8584756065311413,0.0,0.0,0.0179458458594369,0.0179458458594369,0.057,0.057,-3.272355237598531,-3.272355237598531
2016,317,9.5,0.0,0.0,0.0,0.0,0.0,0.0,0.0,0.0,0.0,0.0,0.0,0.0,True,0.0,4.278562860784596,0.8509057695633717,0.8584756065311413,0.0,0.0,0.03119351874429429,0.03119351874429429,0.057,0.057,-3.272355237598531,-3.272355237598531
2016,317,10.0,0.0,0.0,0.0,0.0,0.0,0.0,0.0,0.0,0.0,0.0,0.0,0.0,True,0.0,4.278562860784596,0.8509057695633717,0.8584756065311413,0.0,0.0,0.018895999197189088,0.018895999197189088,0.057,0.057,-3.272355237598531,-3.272355237598531
2016,317,10.5,0.0,0.0,0.0,0.0,0.0,0.0,0.0,0.0,0.0,0.0,0.0,0.0,True,0.0,4.278562860784596,0.8509057695633717,0.8584756065311413,0.0,0.0,0.023869077137171037,0.023869077137171037,0.057,0.057,-3.272355237598531,-3.272355237598531
2016,317,11.0,0.0,0.0,0.0,0.0,0.0,0.0,0.0,0.0,0.0,0.0,0.0,0.0,True,0.0,4.278562860784596,0.8509057695633717,0.8584756065311413,0.0,0.0,0.004349968728217889,0.004349968728217889,0.057,0.057,-3.272355237598531,-3.272355237598531
2016,317,11.5,0.0,0.0,0.0,0.0,0.0,0.0,0.0,0.0,0.0,0.0,0.0,0.0,True,0.0,4.278562860784596,0.8509057695633717,0.8584756065311413,0.0,0.0,0.023364606652493288,0.023364606652493288,0.0565,0.0565,-3.471071168355371,-3.471071168355371
2016,317,12.0,0.0,0.0,0.0,0.0,0.0,0.0,0.0,0.0,0.0,0.0,0.0,0.0,True,0.0,4.278562860784596,0.8509057695633717,0.8584756065311413,0.0,0.0,0.021252707417116823,0.021252707417116823,0.056,0.056,-3.6837841843144643,-3.6837841843144643
2016,317,12.5,0.0,0.0,0.0,0.0,0.0,0.0,0.0,0.0,0.0,0.0,0.0,0.0,True,0.0,4.278562860784596,0.8509057695633717,0.8584756065311413,0.0,0.0,0.002800047337495046,0.002800047337495046,0.056,0.056,-3.6837841843144643,-3.6837841843144643
2016,317,13.0,0.0,0.0,0.0,0.0,0.0,0.0,0.0,0.0,0.0,0.0,0.0,0.0,True,0.0,4.278562860784596,0.8509057695633717,0.8584756065311413,0.0,0.0,0.010929302320238102,0.010929302320238102,0.056,0.056,-3.6837841843144643,-3.6837841843144643
2016,317,13.5,0.0,0.0,0.0,0.0,0.0,0.0,0.0,0.0,0.0,0.0,0.0,0.0,True,0.0,4.278562860784596,0.8509057695633717,0.8584756065311413,0.0,0.0,0.003944086408904913,0.003944086408904913,0.056,0.056,-3.6837841843144643,-3.6837841843144643
2016,317,14.0,0.0,0.0,0.0,0.0,0.0,0.0,0.0,0.0,0.0,0.0,0.0,0.0,True,0.0,4.278562860784596,0.8509057695633717,0.8584756065311413,0.0,0.0,0.006920212781703329,0.006920212781703329,0.056,0.056,-3.6837841843144643,-3.6837841843144643
2016,317,14.5,0.0,0.0,0.0,0.0,0.0,0.0,0.0,0.0,0.0,0.0,0.0,0.0,True,0.0,4.278562860784596,0.8509057695633717,0.8584756065311413,0.0,0.0,0.01779305262105683,0.01779305262105683,0.056,0.056,-3.6837841843144643,-3.6837841843144643
2016,317,15.0,0.0,0.0,0.0,0.0,0.0,0.0,0.0,0.0,0.0,0.0,0.0,0.0,True,0.0,4.278562860784596,0.8509057695633717,0.8584756065311413,0.0,0.0,0.003477984076736189,0.003477984076736189,0.0555,0.0555,-3.9116186486462903,-3.9116186486462903
2016,317,15.5,0.0,0.0,0.0,0.0,0.0,0.0,0.0,0.0,0.0,0.0,0.0,0.0,True,0.0,4.278562860784596,0.8509057695633717,0.8584756065311413,0.0,0.0,0.000149250138748242,0.000149250138748242,0.056,0.056,-3.6837841843144643,-3.6837841843144643
2016,317,16.0,0.0,0.0,0.0,0.0,0.0,0.0,0.0,0.0,0.0,0.0,0.0,0.0,True,0.0,4.278562860784596,0.8509057695633717,0.8584756065311413,0.0,0.0,0.0,0.0,0.0555,0.0555,-3.9116186486462903,-3.9116186486462903
2016,317,16.5,0.0,0.0,0.0,0.0,0.0,0.0,0.0,0.0,0.0,0.0,0.0,0.0,True,True,3.1986630838619625,0.8509057695633717,0.8584756065311413,0.0,0.0,0.0,0.0,0.055,0.055,-4.155800570083817,-4.155800570083817
2016.0,317.0,17.0,0.0,0.0,0.0,0.0,0.0,0.0,0.0,0.0,0.0,0.0,0.0,0.0,0.0,0.0,3.1986630838619625,0.8509057695633717,0.8584756065311413,0.0,0.0,0.0,0.0,0.055,0.055,-4.155800570083817,-4.155800570083817
2016.0,317.0,17.5,0.0,0.0,0.0,0.0,0.0,0.0,0.0,0.0,0.0,0.0,0.0,0.0,0.0,0.0,3.1986630838619625,0.8509057695633717,0.8584756065311413,0.0,0.0,0.0,0.0,0.055,0.055,-4.155800570083817,-4.155800570083817
2016.0,317.0,18.0,0.0,0.0,0.0,0.0,0.0,0.0,0.0,0.0,0.0,0.0,0.0,0.0,0.0,0.0,3.1986630838619625,0.8509057695633717,0.8584756065311413,0.0,0.0,0.0,0.0,0.055,0.055,-4.155800570083817,-4.155800570083817
2016.0,317.0,18.5,0.0,0.0,0.0,0.0,0.0,0.0,0.0,0.0,0.0,0.0,0.0,0.0,0.0,0.0,3.1986630838619625,0.8509057695633717,0.8584756065311413,0.0,0.0,0.0,0.0,0.055,0.055,-4.155800570083817,-4.155800570083817
2016.0,317.0,19.0,0.0,0.0,0.0,0.0,0.0,0.0,0.0,0.0,0.0,0.0,0.0,0.0,0.0,0.0,3.1986630838619625,0.8509057695633717,0.8584756065311413,0.0,0.0,0.0,0.0,0.055,0.055,-4.155800570083817,-4.155800570083817
2016.0,317.0,19.5,0.0,0.0,0.0,0.0,0.0,0.0,0.0,0.0,0.0,0.0,0.0,0.0,0.0,0.0,3.1986630838619625,0.8509057695633717,0.8584756065311413,0.0,0.0,0.0,0.0,0.055,0.055,-4.155800570083817,-4.155800570083817
2016.0,317.0,20.0,0.0,0.0,0.0,0.0,0.0,0.0,0.0,0.0,0.0,0.0,0.0,0.0,0.0,0.0,3.1986630838619625,0.8509057695633717,0.8584756065311413,0.0,0.0,0.0,0.0,0.055,0.055,-4.155800570083817,-4.155800570083817
2016.0,317.0,20.5,0.0,0.0,0.0,0.0,0.0,0.0,0.0,0.0,0.0,0.0,0.0,0.0,0.0,0.0,3.1986630838619625,0.8509057695633717,0.8584756065311413,0.0,0.0,0.0,0.0,0.055,0.055,-4.155800570083817,-4.155800570083817
2016.0,317.0,21.0,0.0,0.0,0.0,0.0,0.0,0.0,0.0,0.0,0.0,0.0,0.0,0.0,0.0,0.0,3.1986630838619625,0.8509057695633717,0.8584756065311413,0.0,0.0,0.0,0.0,0.055,0.055,-4.155800570083817,-4.155800570083817
2016.0,317.0,21.5,0.0,0.0,0.0,0.0,0.0,0.0,0.0,0.0,0.0,0.0,0.0,0.0,0.0,0.0,3.1986630838619625,0.8509057695633717,0.8584756065311413,0.0,0.0,0.0,0.0,0.055,0.055,-4.155800570083817,-4.155800570083817
2016.0,317.0,22.0,0.0,0.0,0.0,0.0,0.0,0.0,0.0,0.0,0.0,0.0,0.0,0.0,0.0,0.0,3.1986630838619625,0.8509057695633717,0.8584756065311413,0.0,0.0,0.0,0.0,0.055,0.055,-4.155800570083817,-4.155800570083817
2016.0,317.0,22.5,0.0,0.0,0.0,0.0,0.0,0.0,0.0,0.0,0.0,0.0,0.0,0.0,0.0,0.0,3.1986630838619625,0.8509057695633717,0.8584756065311413,0.0,0.0,0.0,0.0,0.055,0.055,-4.155800570083817,-4.155800570083817
2016.0,317.0,23.0,0.0,0.0,0.0,0.0,0.0,0.0,0.0,0.0,0.0,0.0,0.0,0.0,0.0,0.0,3.1986630838619625,0.8509057695633717,0.8584756065311413,0.0,0.0,0.0,0.0,0.055,0.055,-4.155800570083817,-4.155800570083817
2016.0,317.0,23.5,0.0,0.0,0.0,0.0,0.0,0.0,0.0,0.0,0.0,0.0,0.0,0.0,0.0,0.0,3.1986630838619625,0.8509057695633717,0.8584756065311413,0.0,0.0,0.0,0.0,0.055,0.055,-4.155800570083817,-4.155800570083817
2016.0,318.0,0.0,0.0,0.0,0.0,0.0,0.0,0.0,0.0,0.0,0.0,0.0,0.0,0.0,0.0,0.0,3.1986630838619625,0.8509057695633717,0.8584756065311413,0.0,0.0,0.0,0.0,0.055,0.055,-4.155800570083817,-4.155800570083817
2016.0,318.0,0.5,0.0,0.0,0.0,0.0,0.0,0.0,0.0,0.0,0.0,0.0,0.0,0.0,0.0,0.0,3.1986630838619625,0.8509057695633717,0.8584756065311413,0.0,0.0,0.0,0.0,0.055,0.055,-4.155800570083817,-4.155800570083817
2016.0,318.0,1.0,0.0,0.0,0.0,0.0,0.0,0.0,0.0,0.0,0.0,0.0,0.0,0.0,0.0,0.0,3.1986630838619625,0.8509057695633717,0.8584756065311413,0.0,0.0,0.0,0.0,0.055,0.055,-4.155800570083817,-4.155800570083817
2016.0,318.0,1.5,0.0,0.0,0.0,0.0,0.0,0.0,0.0,0.0,0.0,0.0,0.0,0.0,0.0,0.0,3.1986630838619625,0.8509057695633717,0.8584756065311413,0.0,0.0,0.0,0.0,0.055,0.055,-4.155800570083817,-4.155800570083817
2016.0,318.0,2.0,0.0,0.0,0.0,0.0,0.0,0.0,0.0,0.0,0.0,0.0,0.0,0.0,0.0,0.0,3.1986630838619625,0.8509057695633717,0.8584756065311413,0.0,0.0,0.0,0.0,0.055,0.055,-4.155800570083817,-4.155800570083817
2016.0,318.0,2.5,0.0,0.0,0.0,0.0,0.0,0.0,0.0,0.0,0.0,0.0,0.0,0.0,0.0,0.0,3.1986630838619625,0.8509057695633717,0.8584756065311413,0.0,0.0,0.0,0.0,0.055,0.055,-4.155800570083817,-4.155800570083817
2016.0,318.0,3.0,0.0,0.0,0.0,0.0,0.0,0.0,0.0,0.0,0.0,0.0,0.0,0.0,0.0,0.0,3.1986630838619625,0.8509057695633717,0.8584756065311413,0.0,0.0,0.0,0.0,0.055,0.055,-4.155800570083817,-4.155800570083817
2016.0,318.0,3.5,0.0,0.0,0.0,0.0,0.0,0.0,0.0,0.0,0.0,0.0,0.0,0.0,0.0,0.0,3.1986630838619625,0.8509057695633717,0.8584756065311413,0.0,0.0,0.0,0.0,0.055,0.055,-4.155800570083817,-4.155800570083817
2016.0,318.0,4.0,0.0,0.0,0.0,0.0,0.0,0.0,0.0,0.0,0.0,0.0,0.0,0.0,0.0,0.0,3.1986630838619625,0.8509057695633717,0.8584756065311413,0.0,0.0,0.0,0.0,0.055,0.055,-4.155800570083817,-4.155800570083817
2016.0,318.0,4.5,0.0,0.0,0.0,0.0,0.0,0.0,0.0,0.0,0.0,0.0,0.0,0.0,0.0,0.0,3.1986630838619625,0.8509057695633717,0.8584756065311413,0.0,0.0,0.0,0.0,0.055,0.055,-4.155800570083817,-4.155800570083817
2016.0,318.0,5.0,0.0,0.0,0.0,0.0,0.0,0.0,0.0,0.0,0.0,0.0,0.0,0.0,0.0,0.0,3.1986630838619625,0.8509057695633717,0.8584756065311413,0.0,0.0,0.0,0.0,0.055,0.055,-4.155800570083817,-4.155800570083817
2016,318,5.5,0.0,0.0,0.0,0.0,0.0,0.0,0.0,0.0,0.0,0.0,0.0,0.0,True,True,3.1986630838619625,0.8509057695633717,0.8584756065311413,0.0,0.0,0.0,0.0,0.055,0.055,-4.155800570083817,-4.155800570083817
2016,318,6.0,4.438976824544947,0.0,0.08006345439569947,0.0,32.12994007050129,0.0,0.031089339501962413,0.0,0.0,0.0,19626.814942410696,0.0,False,0.0,3.1986630838619625,0.8509057695633717,0.8584756065311413,0.0,0.0,0.00210146787011661,0.00210146787011661,0.055,0.055,-4.155800570083817,-4.155800570083817
2016,318,6.5,0.0,0.0,0.0,0.0,0.0,0.0,0.0,0.0,0.0,0.0,0.0,0.0,True,0.0,3.1986630838619625,0.8509057695633717,0.8584756065311413,0.0,0.0,0.0041295433551088705,0.0041295433551088705,0.055,0.055,-4.155800570083817,-4.155800570083817
2016,318,7.0,0.0,0.0,0.0,0.0,0.0,0.0,0.0,0.0,0.0,0.0,0.0,0.0,True,0.0,3.1986630838619625,0.8509057695633717,0.8584756065311413,0.0,0.0,0.0057530730162578024,0.0057530730162578024,0.055,0.055,-4.155800570083817,-4.155800570083817
2016,318,7.5,0.0,0.0,0.0,0.0,0.0,0.0,0.0,0.0,0.0,0.0,0.0,0.0,True,0.0,3.1986630838619625,0.8509057695633717,0.8584756065311413,0.0,0.0,0.004840555260928629,0.004840555260928629,0.055,0.055,-4.155800570083817,-4.155800570083817
2016,318,8.0,0.0,0.0,0.0,0.0,0.0,0.0,0.0,0.0,0.0,0.0,0.0,0.0,True,0.0,3.1986630838619625,0.8509057695633717,0.8584756065311413,0.0,0.0,0.0036427680058221342,0.0036427680058221342,0.055,0.055,-4.155800570083817,-4.155800570083817
2016,318,8.5,0.0,0.0,0.0,0.0,0.0,0.0,0.0,0.0,0.0,0.0,0.0,0.0,True,0.0,3.1986630838619625,0.8509057695633717,0.8584756065311413,0.0,0.0,0.005934401970539288,0.005934401970539288,0.055,0.055,-4.155800570083817,-4.155800570083817
2016,318,9.0,0.0,0.0,0.0,0.0,0.0,0.0,0.0,0.0,0.0,0.0,0.0,0.0,True,0.0,3.1986630838619625,0.8509057695633717,0.8584756065311413,0.0,0.0,0.011276322542963112,0.011276322542963112,0.0545,0.0545,-4.417667835177966,-4.417667835177966
2016,318,9.5,0.0,0.0,0.0,0.0,0.0,0.0,0.0,0.0,0.0,0.0,0.0,0.0,True,0.0,3.1986630838619625,0.8509057695633717,0.8584756065311413,0.0,0.0,0.012393752665224553,0.012393752665224553,0.054,0.054,-4.698681577596776,-4.698681577596776
2016,318,10.0,0.0,0.0,0.0,0.0,0.0,0.0,0.0,0.0,0.0,0.0,0.0,0.0,True,0.0,3.1986630838619625,0.8509057695633717,0.8584756065311413,0.0,0.0,0.0069747553979200485,0.0069747553979200485,0.054,0.054,-4.698681577596776,-4.698681577596776
2016,318,10.5,0.0,0.0,0.0,0.0,0.0,0.0,0.0,0.0,0.0,0.0,0.0,0.0,True,0.0,3.1986630838619625,0.8509057695633717,0.8584756065311413,0.0,0.0,0.005982620376987054,0.005982620376987054,0.054,0.054,-4.698681577596776,-4.698681577596776
2016,318,11.0,0.0,0.0,0.0,0.0,0.0,0.0,0.0,0.0,0.0,0.0,0.0,0.0,True,0.0,3.1986630838619625,0.8509057695633717,0.8584756065311413,0.0,0.0,0.0005876956047306701,0.0005876956047306701,0.054,0.054,-4.698681577596776,-4.698681577596776
2016,318,11.5,0.0,0.0,0.0,0.0,0.0,0.0,0.0,0.0,0.0,0.0,0.0,0.0,True,0.0,3.1986630838619625,0.8509057695633717,0.8584756065311413,0.0,0.0,0.005534978416424893,0.005534978416424893,0.054,0.054,-4.698681577596776,-4.698681577596776
2016,318,12.0,0.0,0.0,0.0,0.0,0.0,0.0,0.0,0.0,0.0,0.0,0.0,0.0,True,0.0,3.1986630838619625,0.8509057695633717,0.8584756065311413,0.0,0.0,0.00041174811047194943,0.00041174811047194943,0.054,0.054,-4.698681577596776,-4.698681577596776
2016,318,12.5,0.0,0.0,0.0,0.0,0.0,0.0,0.0,0.0,0.0,0.0,0.0,0.0,True,0.0,3.1986630838619625,0.8509057695633717,0.8584756065311413,0.0,0.0,0.0005516150751630934,0.0005516150751630934,0.054,0.054,-4.698681577596776,-4.698681577596776
2016,318,13.0,0.0,0.0,0.0,0.0,0.0,0.0,0.0,0.0,0.0,0.0,0.0,0.0,True,0.0,3.1986630838619625,0.8509057695633717,0.8584756065311413,0.0,0.0,0.0015474353931512262,0.0015474353931512262,0.053,0.053,-5.3246865658933755,-5.3246865658933755
2016,318,13.5,0.0,0.0,0.0,0.0,0.0,0.0,0.0,0.0,0.0,0.0,0.0,0.0,True,0.0,3.1986630838619625,0.8509057695633717,0.8584756065311413,0.0,0.0,0.0,0.0,0.053,0.053,-5.3246865658933755,-5.3246865658933755
2016,318,14.0,0.0,0.0,0.0,0.0,0.0,0.0,0.0,0.0,0.0,0.0,0.0,0.0,True,0.0,3.1986630838619625,0.8509057695633717,0.8584756065311413,0.0,0.0,0.0,0.0,0.053,0.053,-5.3246865658933755,-5.3246865658933755
2016,318,14.5,0.0,0.0,0.0,0.0,0.0,0.0,0.0,0.0,0.0,0.0,0.0,0.0,True,0.0,3.1986630838619625,0.8509057695633717,0.8584756065311413,0.0,0.0,0.0,0.0,0.053,0.053,-5.3246865658933755,-5.3246865658933755
2016,318,15.0,0.0,0.0,0.0,0.0,0.0,0.0,0.0,0.0,0.0,0.0,0.0,0.0,True,0.0,3.1986630838619625,0.8509057695633717,0.8584756065311413,0.0,0.0,0.0,0.0,0.053,0.053,-5.3246865658933755,-5.3246865658933755
2016,318,15.5,0.0,0.0,0.0,0.0,0.0,0.0,0.0,0.0,0.0,0.0,0.0,0.0,True,0.0,3.1986630838619625,0.8509057695633717,0.8584756065311413,0.0,0.0,0.0,0.0,0.053,0.053,-5.3246865658933755,-5.3246865658933755
2016,318,16.0,0.0,0.0,0.0,0.0,0.0,0.0,0.0,0.0,0.0,0.0,0.0,0.0,True,True,1.814484606410297,0.8509057695633717,0.8584756065311413,0.0,0.0,0.0,0.0,0.053,0.053,-5.3246865658933755,-5.3246865658933755
2016,318,16.5,0.0,0.0,0.0,0.0,0.0,0.0,0.0,0.0,0.0,0.0,0.0,0.0,True,True,1.814484606410297,0.8509057695633717,0.8584756065311413,0.0,0.0,0.0,0.0,0.053,0.053,-5.3246865658933755,-5.3246865658933755
2016.0,318.0,17.0,0.0,0.0,0.0,0.0,0.0,0.0,0.0,0.0,0.0,0.0,0.0,0.0,0.0,0.0,1.814484606410297,0.8509057695633717,0.8584756065311413,0.0,0.0,0.0,0.0,0.053,0.053,-5.3246865658933755,-5.3246865658933755
2016.0,318.0,17.5,0.0,0.0,0.0,0.0,0.0,0.0,0.0,0.0,0.0,0.0,0.0,0.0,0.0,0.0,1.814484606410297,0.8509057695633717,0.8584756065311413,0.0,0.0,0.0,0.0,0.0525,0.0525,-5.67333745760483,-5.67333745760483
2016.0,318.0,18.0,0.0,0.0,0.0,0.0,0.0,0.0,0.0,0.0,0.0,0.0,0.0,0.0,0.0,0.0,1.814484606410297,0.8509057695633717,0.8584756065311413,0.0,0.0,0.0,0.0,0.052,0.052,-6.048487305117891,-6.048487305117891
2016.0,318.0,18.5,0.0,0.0,0.0,0.0,0.0,0.0,0.0,0.0,0.0,0.0,0.0,0.0,0.0,0.0,1.814484606410297,0.8509057695633717,0.8584756065311413,0.0,0.0,0.0,0.0,0.052,0.052,-6.048487305117891,-6.048487305117891
2016.0,318.0,19.0,0.0,0.0,0.0,0.0,0.0,0.0,0.0,0.0,0.0,0.0,0.0,0.0,0.0,0.0,1.814484606410297,0.8509057695633717,0.8584756065311413,0.0,0.0,0.0,0.0,0.052,0.052,-6.048487305117891,-6.048487305117891
2016.0,318.0,19.5,0.0,0.0,0.0,0.0,0.0,0.0,0.0,0.0,0.0,0.0,0.0,0.0,0.0,0.0,1.814484606410297,0.8509057695633717,0.8584756065311413,0.0,0.0,0.0,0.0,0.052,0.052,-6.048487305117891,-6.048487305117891
2016.0,318.0,20.0,0.0,0.0,0.0,0.0,0.0,0.0,0.0,0.0,0.0,0.0,0.0,0.0,0.0,0.0,1.814484606410297,0.8509057695633717,0.8584756065311413,0.0,0.0,0.0,0.0,0.052,0.052,-6.048487305117891,-6.048487305117891
2016.0,318.0,20.5,0.0,0.0,0.0,0.0,0.0,0.0,0.0,0.0,0.0,0.0,0.0,0.0,0.0,0.0,1.814484606410297,0.8509057695633717,0.8584756065311413,0.0,0.0,0.0,0.0,0.052,0.052,-6.048487305117891,-6.048487305117891
2016.0,318.0,21.0,0.0,0.0,0.0,0.0,0.0,0.0,0.0,0.0,0.0,0.0,0.0,0.0,0.0,0.0,1.814484606410297,0.8509057695633717,0.8584756065311413,0.0,0.0,0.0,0.0,0.052,0.052,-6.048487305117891,-6.048487305117891
2016.0,318.0,21.5,0.0,0.0,0.0,0.0,0.0,0.0,0.0,0.0,0.0,0.0,0.0,0.0,0.0,0.0,1.814484606410297,0.8509057695633717,0.8584756065311413,0.0,0.0,0.0,0.0,0.052,0.052,-6.048487305117891,-6.048487305117891
2016.0,318.0,22.0,0.0,0.0,0.0,0.0,0.0,0.0,0.0,0.0,0.0,0.0,0.0,0.0,0.0,0.0,1.814484606410297,0.8509057695633717,0.8584756065311413,0.0,0.0,0.0,0.0,0.052,0.052,-6.048487305117891,-6.048487305117891
2016.0,318.0,22.5,0.0,0.0,0.0,0.0,0.0,0.0,0.0,0.0,0.0,0.0,0.0,0.0,0.0,0.0,1.814484606410297,0.8509057695633717,0.8584756065311413,0.0,0.0,0.0,0.0,0.052,0.052,-6.048487305117891,-6.048487305117891
2016.0,318.0,23.0,0.0,0.0,0.0,0.0,0.0,0.0,0.0,0.0,0.0,0.0,0.0,0.0,0.0,0.0,1.814484606410297,0.8509057695633717,0.8584756065311413,0.0,0.0,0.0,0.0,0.052,0.052,-6.048487305117891,-6.048487305117891
2016.0,318.0,23.5,0.0,0.0,0.0,0.0,0.0,0.0,0.0,0.0,0.0,0.0,0.0,0.0,0.0,0.0,1.814484606410297,0.8509057695633717,0.8584756065311413,0.0,0.0,0.0,0.0,0.052,0.052,-6.048487305117891,-6.048487305117891
2016.0,319.0,0.0,0.0,0.0,0.0,0.0,0.0,0.0,0.0,0.0,0.0,0.0,0.0,0.0,0.0,0.0,1.814484606410297,0.8509057695633717,0.8584756065311413,0.0,0.0,0.0,0.0,0.052,0.052,-6.048487305117891,-6.048487305117891
2016.0,319.0,0.5,0.0,0.0,0.0,0.0,0.0,0.0,0.0,0.0,0.0,0.0,0.0,0.0,0.0,0.0,1.814484606410297,0.8509057695633717,0.8584756065311413,0.0,0.0,0.0,0.0,0.052,0.052,-6.048487305117891,-6.048487305117891
2016.0,319.0,1.0,0.0,0.0,0.0,0.0,0.0,0.0,0.0,0.0,0.0,0.0,0.0,0.0,0.0,0.0,1.814484606410297,0.8509057695633717,0.8584756065311413,0.0,0.0,0.0,0.0,0.052,0.052,-6.048487305117891,-6.048487305117891
2016.0,319.0,1.5,0.0,0.0,0.0,0.0,0.0,0.0,0.0,0.0,0.0,0.0,0.0,0.0,0.0,0.0,1.814484606410297,0.8509057695633717,0.8584756065311413,0.0,0.0,0.0,0.0,0.052,0.052,-6.048487305117891,-6.048487305117891
2016.0,319.0,2.0,0.0,0.0,0.0,0.0,0.0,0.0,0.0,0.0,0.0,0.0,0.0,0.0,0.0,0.0,1.814484606410297,0.8509057695633717,0.8584756065311413,0.0,0.0,0.0,0.0,0.052,0.052,-6.048487305117891,-6.048487305117891
2016.0,319.0,2.5,0.0,0.0,0.0,0.0,0.0,0.0,0.0,0.0,0.0,0.0,0.0,0.0,0.0,0.0,1.814484606410297,0.8509057695633717,0.8584756065311413,0.0,0.0,0.0,0.0,0.052,0.052,-6.048487305117891,-6.048487305117891
2016.0,319.0,3.0,0.0,0.0,0.0,0.0,0.0,0.0,0.0,0.0,0.0,0.0,0.0,0.0,0.0,0.0,1.814484606410297,0.8509057695633717,0.8584756065311413,0.0,0.0,0.0,0.0,0.052,0.052,-6.048487305117891,-6.048487305117891
2016.0,319.0,3.5,0.0,0.0,0.0,0.0,0.0,0.0,0.0,0.0,0.0,0.0,0.0,0.0,0.0,0.0,1.814484606410297,0.8509057695633717,0.8584756065311413,0.0,0.0,0.0,0.0,0.052,0.052,-6.048487305117891,-6.048487305117891
2016.0,319.0,4.0,0.0,0.0,0.0,0.0,0.0,0.0,0.0,0.0,0.0,0.0,0.0,0.0,0.0,0.0,1.814484606410297,0.8509057695633717,0.8584756065311413,0.0,0.0,0.0,0.0,0.052,0.052,-6.048487305117891,-6.048487305117891
2016.0,319.0,4.5,0.0,0.0,0.0,0.0,0.0,0.0,0.0,0.0,0.0,0.0,0.0,0.0,0.0,0.0,1.814484606410297,0.8509057695633717,0.8584756065311413,0.0,0.0,0.0,0.0,0.052,0.052,-6.048487305117891,-6.048487305117891
2016.0,319.0,5.0,0.0,0.0,0.0,0.0,0.0,0.0,0.0,0.0,0.0,0.0,0.0,0.0,0.0,0.0,1.814484606410297,0.8509057695633717,0.8584756065311413,0.0,0.0,0.0,0.0,0.052,0.052,-6.048487305117891,-6.048487305117891
2016,319,5.5,0.0,0.0,0.0,0.0,0.0,0.0,0.0,0.0,0.0,0.0,0.0,0.0,True,True,1.1365260456957729,0.8509057695633717,0.8584756065311413,0.0,0.0,0.0,0.0,0.052,0.052,-6.048487305117891,-6.048487305117891
2016,319,6.0,0.0,0.0,0.0,0.0,0.0,0.0,0.0,0.0,0.0,0.0,0.0,0.0,True,True,1.1365260456957729,0.8509057695633717,0.8584756065311413,0.0,0.0,0.0,0.0,0.052,0.052,-6.048487305117891,-6.048487305117891
2016,319,6.5,0.0,0.0,0.0,0.0,0.0,0.0,0.0,0.0,0.0,0.0,0.0,0.0,True,0.0,1.1365260456957729,0.8509057695633717,0.8584756065311413,0.0,0.0,0.0,0.0,0.052,0.052,-6.048487305117891,-6.048487305117891
2016,319,7.0,0.0,0.0,0.0,0.0,0.0,0.0,0.0,0.0,0.0,0.0,0.0,0.0,True,0.0,1.1365260456957729,0.8509057695633717,0.8584756065311413,0.0,0.0,0.0,0.0,0.052,0.052,-6.048487305117891,-6.048487305117891
2016,319,7.5,0.0,0.0,0.0,0.0,0.0,0.0,0.0,0.0,0.0,0.0,0.0,0.0,True,0.0,1.1365260456957729,0.8509057695633717,0.8584756065311413,0.0,0.0,0.0,0.0,0.052,0.052,-6.048487305117891,-6.048487305117891
2016,319,8.0,0.0,0.0,0.0,0.0,0.0,0.0,0.0,0.0,0.0,0.0,0.0,0.0,True,0.0,1.1365260456957729,0.8509057695633717,0.8584756065311413,0.0,0.0,0.0,0.0,0.052,0.052,-6.048487305117891,-6.048487305117891
2016,319,8.5,0.0,0.0,0.0,0.0,0.0,0.0,0.0,0.0,0.0,0.0,0.0,0.0,True,0.0,1.1365260456957729,0.8509057695633717,0.8584756065311413,0.0,0.0,0.0,0.0,0.052,0.052,-6.048487305117891,-6.048487305117891
2016,319,9.0,0.0,0.0,0.0,0.0,0.0,0.0,0.0,0.0,0.0,0.0,0.0,0.0,True,0.0,1.1365260456957729,0.8509057695633717,0.8584756065311413,0.0,0.0,0.0,0.0,0.052,0.052,-6.048487305117891,-6.048487305117891
2016,319,9.5,0.0,0.0,0.0,0.0,0.0,0.0,0.0,0.0,0.0,0.0,0.0,0.0,True,0.0,1.1365260456957729,0.8509057695633717,0.8584756065311413,0.0,0.0,0.0,0.0,0.052,0.052,-6.048487305117891,-6.048487305117891
2016,319,10.0,0.0,0.0,0.0,0.0,0.0,0.0,0.0,0.0,0.0,0.0,0.0,0.0,True,0.0,1.1365260456957729,0.8509057695633717,0.8584756065311413,0.0,0.0,0.0,0.0,0.052,0.052,-6.048487305117891,-6.048487305117891
2016,319,10.5,0.0,0.0,0.0,0.0,0.0,0.0,0.0,0.0,0.0,0.0,0.0,0.0,True,0.0,1.1365260456957729,0.8509057695633717,0.8584756065311413,0.0,0.0,0.0,0.0,0.0515,0.0515,-6.452434612407716,-6.452434612407716
2016,319,11.0,0.0,0.0,0.0,0.0,0.0,0.0,0.0,0.0,0.0,0.0,0.0,0.0,True,0.0,1.1365260456957729,0.8509057695633717,0.8584756065311413,0.0,0.0,0.0,0.0,0.051,0.051,-6.8877024241280935,-6.8877024241280935
2016,319,11.5,0.0,0.0,0.0,0.0,0.0,0.0,0.0,0.0,0.0,0.0,0.0,0.0,True,0.0,1.1365260456957729,0.8509057695633717,0.8584756065311413,0.0,0.0,0.0,0.0,0.051,0.051,-6.8877024241280935,-6.8877024241280935
2016,319,12.0,0.0,0.0,0.0,0.0,0.0,0.0,0.0,0.0,0.0,0.0,0.0,0.0,True,0.0,1.1365260456957729,0.8509057695633717,0.8584756065311413,0.0,0.0,0.0,0.0,0.051,0.051,-6.8877024241280935,-6.8877024241280935
2016,319,12.5,0.0,0.0,0.0,0.0,0.0,0.0,0.0,0.0,0.0,0.0,0.0,0.0,True,0.0,1.1365260456957729,0.8509057695633717,0.8584756065311413,0.0,0.0,0.0,0.0,0.051,0.051,-6.8877024241280935,-6.8877024241280935
2016,319,13.0,0.0,0.0,0.0,0.0,0.0,0.0,0.0,0.0,0.0,0.0,0.0,0.0,True,0.0,1.1365260456957729,0.8509057695633717,0.8584756065311413,0.0,0.0,0.0,0.0,0.051,0.051,-6.8877024241280935,-6.8877024241280935
2016,319,13.5,0.0,0.0,0.0,0.0,0.0,0.0,0.0,0.0,0.0,0.0,0.0,0.0,True,0.0,1.1365260456957729,0.8509057695633717,0.8584756065311413,0.0,0.0,0.0,0.0,0.051,0.051,-6.8877024241280935,-6.8877024241280935
2016,319,14.0,0.0,0.0,0.0,0.0,0.0,0.0,0.0,0.0,0.0,0.0,0.0,0.0,True,0.0,1.1365260456957729,0.8509057695633717,0.8584756065311413,0.0,0.0,0.0,0.0,0.051,0.051,-6.8877024241280935,-6.8877024241280935
2016,319,14.5,0.0,0.0,0.0,0.0,0.0,0.0,0.0,0.0,0.0,0.0,0.0,0.0,True,0.0,1.1365260456957729,0.8509057695633717,0.8584756065311413,0.0,0.0,0.0,0.0,0.051,0.051,-6.8877024241280935,-6.8877024241280935
2016,319,15.0,0.0,0.0,0.0,0.0,0.0,0.0,0.0,0.0,0.0,0.0,0.0,0.0,True,0.0,1.1365260456957729,0.8509057695633717,0.8584756065311413,0.0,0.0,0.0,0.0,0.051,0.051,-6.8877024241280935,-6.8877024241280935
2016.0,319.0,15.5,0.0,0.0,0.0,0.0,0.0,0.0,0.0,0.0,0.0,0.0,0.0,0.0,0.0,0.0,1.1365260456957729,0.8509057695633717,0.8584756065311413,0.0,0.0,0.0,0.0,0.05,0.05,-7.863564046704504,-7.863564046704504
2016.0,319.0,16.0,0.0,0.0,0.0,0.0,0.0,0.0,0.0,0.0,0.0,0.0,0.0,0.0,0.0,0.0,1.1365260456957729,0.8509057695633717,0.8584756065311413,0.0,0.0,0.0,0.0,0.05,0.05,-7.863564046704504,-7.863564046704504
2016.0,319.0,16.5,0.0,0.0,0.0,0.0,0.0,0.0,0.0,0.0,0.0,0.0,0.0,0.0,0.0,0.0,1.1365260456957729,0.8509057695633717,0.8584756065311413,0.0,0.0,0.0,0.0,0.05,0.05,-7.863564046704504,-7.863564046704504
2016.0,319.0,17.0,0.0,0.0,0.0,0.0,0.0,0.0,0.0,0.0,0.0,0.0,0.0,0.0,0.0,0.0,1.1365260456957729,0.8509057695633717,0.8584756065311413,0.0,0.0,0.0,0.0,0.05,0.05,-7.863564046704504,-7.863564046704504
2016.0,319.0,17.5,0.0,0.0,0.0,0.0,0.0,0.0,0.0,0.0,0.0,0.0,0.0,0.0,0.0,0.0,1.1365260456957729,0.8509057695633717,0.8584756065311413,0.0,0.0,0.0,0.0,0.05,0.05,-7.863564046704504,-7.863564046704504
2016.0,319.0,18.0,0.0,0.0,0.0,0.0,0.0,0.0,0.0,0.0,0.0,0.0,0.0,0.0,0.0,0.0,1.1365260456957729,0.8509057695633717,0.8584756065311413,0.0,0.0,0.0,0.0,0.05,0.05,-7.863564046704504,-7.863564046704504
2016.0,319.0,18.5,0.0,0.0,0.0,0.0,0.0,0.0,0.0,0.0,0.0,0.0,0.0,0.0,0.0,0.0,1.1365260456957729,0.8509057695633717,0.8584756065311413,0.0,0.0,0.0,0.0,0.05,0.05,-7.863564046704504,-7.863564046704504
2016.0,319.0,19.0,0.0,0.0,0.0,0.0,0.0,0.0,0.0,0.0,0.0,0.0,0.0,0.0,0.0,0.0,1.1365260456957729,0.8509057695633717,0.8584756065311413,0.0,0.0,0.0,0.0,0.05,0.05,-7.863564046704504,-7.863564046704504
2016.0,319.0,19.5,0.0,0.0,0.0,0.0,0.0,0.0,0.0,0.0,0.0,0.0,0.0,0.0,0.0,0.0,1.1365260456957729,0.8509057695633717,0.8584756065311413,0.0,0.0,0.0,0.0,0.05,0.05,-7.863564046704504,-7.863564046704504
2016.0,319.0,20.0,0.0,0.0,0.0,0.0,0.0,0.0,0.0,0.0,0.0,0.0,0.0,0.0,0.0,0.0,1.1365260456957729,0.8509057695633717,0.8584756065311413,0.0,0.0,0.0,0.0,0.05,0.05,-7.863564046704504,-7.863564046704504
2016.0,319.0,20.5,0.0,0.0,0.0,0.0,0.0,0.0,0.0,0.0,0.0,0.0,0.0,0.0,0.0,0.0,1.1365260456957729,0.8509057695633717,0.8584756065311413,0.0,0.0,0.0,0.0,0.05,0.05,-7.863564046704504,-7.863564046704504
2016.0,319.0,21.0,0.0,0.0,0.0,0.0,0.0,0.0,0.0,0.0,0.0,0.0,0.0,0.0,0.0,0.0,1.1365260456957729,0.8509057695633717,0.8584756065311413,0.0,0.0,0.0,0.0,0.05,0.05,-7.863564046704504,-7.863564046704504
2016.0,319.0,21.5,0.0,0.0,0.0,0.0,0.0,0.0,0.0,0.0,0.0,0.0,0.0,0.0,0.0,0.0,1.1365260456957729,0.8509057695633717,0.8584756065311413,0.0,0.0,0.0,0.0,0.05,0.05,-7.863564046704504,-7.863564046704504
2016.0,319.0,22.0,0.0,0.0,0.0,0.0,0.0,0.0,0.0,0.0,0.0,0.0,0.0,0.0,0.0,0.0,1.1365260456957729,0.8509057695633717,0.8584756065311413,0.0,0.0,0.0,0.0,0.05,0.05,-7.863564046704504,-7.863564046704504
2016.0,319.0,22.5,0.0,0.0,0.0,0.0,0.0,0.0,0.0,0.0,0.0,0.0,0.0,0.0,0.0,0.0,1.1365260456957729,0.8509057695633717,0.8584756065311413,0.0,0.0,0.0,0.0,0.05,0.05,-7.863564046704504,-7.863564046704504
2016.0,319.0,23.0,0.0,0.0,0.0,0.0,0.0,0.0,0.0,0.0,0.0,0.0,0.0,0.0,0.0,0.0,1.1365260456957729,0.8509057695633717,0.8584756065311413,0.0,0.0,0.0,0.0,0.05,0.05,-7.863564046704504,-7.863564046704504
2016.0,319.0,23.5,0.0,0.0,0.0,0.0,0.0,0.0,0.0,0.0,0.0,0.0,0.0,0.0,0.0,0.0,1.1365260456957729,0.8509057695633717,0.8584756065311413,0.0,0.0,0.0,0.0,0.05,0.05,-7.863564046704504,-7.863564046704504
2016.0,320.0,0.0,0.0,0.0,0.0,0.0,0.0,0.0,0.0,0.0,0.0,0.0,0.0,0.0,0.0,0.0,1.1365260456957729,0.8509057695633717,0.8584756065311413,0.0,0.0,0.0,0.0,0.05,0.05,-7.863564046704504,-7.863564046704504
2016.0,320.0,0.5,0.0,0.0,0.0,0.0,0.0,0.0,0.0,0.0,0.0,0.0,0.0,0.0,0.0,0.0,1.1365260456957729,0.8509057695633717,0.8584756065311413,0.0,0.0,0.0,0.0,0.05,0.05,-7.863564046704504,-7.863564046704504
2016.0,320.0,1.0,0.0,0.0,0.0,0.0,0.0,0.0,0.0,0.0,0.0,0.0,0.0,0.0,0.0,0.0,1.1365260456957729,0.8509057695633717,0.8584756065311413,0.0,0.0,0.0,0.0,0.05,0.05,-7.863564046704504,-7.863564046704504
2016.0,320.0,1.5,0.0,0.0,0.0,0.0,0.0,0.0,0.0,0.0,0.0,0.0,0.0,0.0,0.0,0.0,1.1365260456957729,0.8509057695633717,0.8584756065311413,0.0,0.0,0.0,0.0,0.05,0.05,-7.863564046704504,-7.863564046704504
2016.0,320.0,2.0,0.0,0.0,0.0,0.0,0.0,0.0,0.0,0.0,0.0,0.0,0.0,0.0,0.0,0.0,1.1365260456957729,0.8509057695633717,0.8584756065311413,0.0,0.0,0.0,0.0,0.05,0.05,-7.863564046704504,-7.863564046704504
2016.0,320.0,2.5,0.0,0.0,0.0,0.0,0.0,0.0,0.0,0.0,0.0,0.0,0.0,0.0,0.0,0.0,1.1365260456957729,0.8509057695633717,0.8584756065311413,0.0,0.0,0.0,0.0,0.05,0.05,-7.863564046704504,-7.863564046704504
2016.0,320.0,3.0,0.0,0.0,0.0,0.0,0.0,0.0,0.0,0.0,0.0,0.0,0.0,0.0,0.0,0.0,1.1365260456957729,0.8509057695633717,0.8584756065311413,0.0,0.0,0.0,0.0,0.05,0.05,-7.863564046704504,-7.863564046704504
2016.0,320.0,3.5,0.0,0.0,0.0,0.0,0.0,0.0,0.0,0.0,0.0,0.0,0.0,0.0,0.0,0.0,1.1365260456957729,0.8509057695633717,0.8584756065311413,0.0,0.0,0.0,0.0,0.05,0.05,-7.863564046704504,-7.863564046704504
2016.0,320.0,4.0,0.0,0.0,0.0,0.0,0.0,0.0,0.0,0.0,0.0,0.0,0.0,0.0,0.0,0.0,1.1365260456957729,0.8509057695633717,0.8584756065311413,0.0,0.0,0.0,0.0,0.05,0.05,-7.863564046704504,-7.863564046704504
2016.0,320.0,4.5,0.0,0.0,0.0,0.0,0.0,0.0,0.0,0.0,0.0,0.0,0.0,0.0,0.0,0.0,1.1365260456957729,0.8509057695633717,0.8584756065311413,0.0,0.0,0.0,0.0,0.051,0.051,-6.8877024241280935,-6.8877024241280935
2016.0,320.0,5.0,0.0,0.0,0.0,0.0,0.0,0.0,0.0,0.0,0.0,0.0,0.0,0.0,0.0,0.0,1.1365260456957729,0.8509057695633717,0.8584756065311413,0.0,0.0,0.0,0.0,0.0505,0.0505,-7.357062769630571,-7.357062769630571
2016.0,320.0,5.5,0.0,0.0,0.0,0.0,0.0,0.0,0.0,0.0,0.0,0.0,0.0,0.0,0.0,0.0,1.1365260456957729,0.8509057695633717,0.8584756065311413,0.0,0.0,0.0,0.0,0.0505,0.0505,-7.357062769630571,-7.357062769630571
2016,320,6.0,0.23268139917339448,0.0,1e-14,0.0,12.378230170887212,0.0,0.0009866508222000014,0.0,0.0,0.0,26.831402941088008,0.0,False,0.0,6.010651,1.0,1.0,0.0,0.0,0.0,0.0,0.051,0.051,-6.8877024241280935,-6.8877024241280935
2016,320,6.5,0.0,0.0,0.0,0.0,0.0,0.0,0.0,0.0,0.0,0.0,0.0,0.0,True,0.0,6.010651,1.0,1.0,0.0,0.0,0.0,0.0,0.051,0.051,-6.8877024241280935,-6.8877024241280935
2016,320,7.0,0.0,0.0,0.0,0.0,0.0,0.0,0.0,0.0,0.0,0.0,0.0,0.0,True,0.0,6.010651,1.0,1.0,0.0,0.0,0.0,0.0,0.051,0.051,-6.8877024241280935,-6.8877024241280935
2016,320,7.5,0.0,0.0,0.0,0.0,0.0,0.0,0.0,0.0,0.0,0.0,0.0,0.0,True,0.0,6.010651,1.0,1.0,0.0,0.0,0.0,0.0,0.0505,0.0505,-7.357062769630571,-7.357062769630571
2016.0,320.0,8.0,0.0,0.0,0.0,0.0,0.0,0.0,0.0,0.0,0.0,0.0,0.0,0.0,0.0,0.0,6.010651,1.0,1.0,0.0,0.0,0.0,0.0,0.05,0.05,-7.863564046704504,-7.863564046704504
2016.0,320.0,8.5,0.0,0.0,0.0,0.0,0.0,0.0,0.0,0.0,0.0,0.0,0.0,0.0,0.0,0.0,6.010651,1.0,1.0,0.0,0.0,0.0,0.0,0.05,0.05,-7.863564046704504,-7.863564046704504
2016.0,320.0,9.0,0.0,0.0,0.0,0.0,0.0,0.0,0.0,0.0,0.0,0.0,0.0,0.0,0.0,0.0,6.010651,1.0,1.0,0.0,0.0,0.0,0.0,0.05,0.05,-7.863564046704504,-7.863564046704504
2016.0,320.0,9.5,0.0,0.0,0.0,0.0,0.0,0.0,0.0,0.0,0.0,0.0,0.0,0.0,0.0,0.0,6.010651,1.0,1.0,0.0,0.0,0.0,0.0,0.05,0.05,-7.863564046704504,-7.863564046704504
2016.0,320.0,10.0,0.0,0.0,0.0,0.0,0.0,0.0,0.0,0.0,0.0,0.0,0.0,0.0,0.0,0.0,6.010651,1.0,1.0,0.0,0.0,0.0,0.0,0.05,0.05,-7.863564046704504,-7.863564046704504
2016.0,320.0,10.5,0.0,0.0,0.0,0.0,0.0,0.0,0.0,0.0,0.0,0.0,0.0,0.0,0.0,0.0,6.010651,1.0,1.0,0.0,0.0,0.0,0.0,0.05,0.05,-7.863564046704504,-7.863564046704504
2016.0,320.0,11.0,0.0,0.0,0.0,0.0,0.0,0.0,0.0,0.0,0.0,0.0,0.0,0.0,0.0,0.0,6.010651,1.0,1.0,0.0,0.0,0.0,0.0,0.05,0.05,-7.863564046704504,-7.863564046704504
2016.0,320.0,11.5,0.0,0.0,0.0,0.0,0.0,0.0,0.0,0.0,0.0,0.0,0.0,0.0,0.0,0.0,6.010651,1.0,1.0,0.0,0.0,0.0,0.0,0.05,0.05,-7.863564046704504,-7.863564046704504
2016.0,320.0,12.0,0.0,0.0,0.0,0.0,0.0,0.0,0.0,0.0,0.0,0.0,0.0,0.0,0.0,0.0,6.010651,1.0,1.0,0.0,0.0,0.0,0.0,0.05,0.05,-7.863564046704504,-7.863564046704504
2016.0,320.0,12.5,0.0,0.0,0.0,0.0,0.0,0.0,0.0,0.0,0.0,0.0,0.0,0.0,0.0,0.0,6.010651,1.0,1.0,0.0,0.0,0.0,0.0,0.05,0.05,-7.863564046704504,-7.863564046704504
2016.0,320.0,13.0,0.0,0.0,0.0,0.0,0.0,0.0,0.0,0.0,0.0,0.0,0.0,0.0,0.0,0.0,6.010651,1.0,1.0,0.0,0.0,0.0,0.0,0.05,0.05,-7.863564046704504,-7.863564046704504
2016.0,320.0,13.5,0.0,0.0,0.0,0.0,0.0,0.0,0.0,0.0,0.0,0.0,0.0,0.0,0.0,0.0,6.010651,1.0,1.0,0.0,0.0,0.0,0.0,0.05,0.05,-7.863564046704504,-7.863564046704504
2016.0,320.0,14.0,0.0,0.0,0.0,0.0,0.0,0.0,0.0,0.0,0.0,0.0,0.0,0.0,0.0,0.0,6.010651,1.0,1.0,0.0,0.0,0.0,0.0,0.0495,0.0495,-8.213147767034087,-8.213147767034087
2016.0,320.0,14.5,0.0,0.0,0.0,0.0,0.0,0.0,0.0,0.0,0.0,0.0,0.0,0.0,0.0,0.0,6.010651,1.0,1.0,0.0,0.0,0.0,0.0,0.049,0.049,-8.578272630895233,-8.578272630895233
2016.0,320.0,15.0,0.0,0.0,0.0,0.0,0.0,0.0,0.0,0.0,0.0,0.0,0.0,0.0,0.0,0.0,6.010651,1.0,1.0,0.0,0.0,0.0,0.0,0.049,0.049,-8.578272630895233,-8.578272630895233
2016.0,320.0,15.5,0.0,0.0,0.0,0.0,0.0,0.0,0.0,0.0,0.0,0.0,0.0,0.0,0.0,0.0,6.010651,1.0,1.0,0.0,0.0,0.0,0.0,0.049,0.049,-8.578272630895233,-8.578272630895233
2016.0,320.0,16.0,0.0,0.0,0.0,0.0,0.0,0.0,0.0,0.0,0.0,0.0,0.0,0.0,0.0,0.0,6.010651,1.0,1.0,0.0,0.0,0.0,0.0,0.049,0.049,-8.578272630895233,-8.578272630895233
2016.0,320.0,16.5,0.0,0.0,0.0,0.0,0.0,0.0,0.0,0.0,0.0,0.0,0.0,0.0,0.0,0.0,6.010651,1.0,1.0,0.0,0.0,0.0,0.0,0.049,0.049,-8.578272630895233,-8.578272630895233
2016.0,320.0,17.0,0.0,0.0,0.0,0.0,0.0,0.0,0.0,0.0,0.0,0.0,0.0,0.0,0.0,0.0,6.010651,1.0,1.0,0.0,0.0,0.0,0.0,0.049,0.049,-8.578272630895233,-8.578272630895233
2016.0,320.0,17.5,0.0,0.0,0.0,0.0,0.0,0.0,0.0,0.0,0.0,0.0,0.0,0.0,0.0,0.0,6.010651,1.0,1.0,0.0,0.0,0.0,0.0,0.049,0.049,-8.578272630895233,-8.578272630895233
2016.0,320.0,18.0,0.0,0.0,0.0,0.0,0.0,0.0,0.0,0.0,0.0,0.0,0.0,0.0,0.0,0.0,6.010651,1.0,1.0,0.0,0.0,0.0,0.0,0.049,0.049,-8.578272630895233,-8.578272630895233
2016.0,320.0,18.5,0.0,0.0,0.0,0.0,0.0,0.0,0.0,0.0,0.0,0.0,0.0,0.0,0.0,0.0,6.010651,1.0,1.0,0.0,0.0,0.0,0.0,0.049,0.049,-8.578272630895233,-8.578272630895233
2016.0,320.0,19.0,0.0,0.0,0.0,0.0,0.0,0.0,0.0,0.0,0.0,0.0,0.0,0.0,0.0,0.0,6.010651,1.0,1.0,0.0,0.0,0.0,0.0,0.049,0.049,-8.578272630895233,-8.578272630895233
2016.0,320.0,19.5,0.0,0.0,0.0,0.0,0.0,0.0,0.0,0.0,0.0,0.0,0.0,0.0,0.0,0.0,6.010651,1.0,1.0,0.0,0.0,0.0,0.0,0.049,0.049,-8.578272630895233,-8.578272630895233
2016.0,320.0,20.0,0.0,0.0,0.0,0.0,0.0,0.0,0.0,0.0,0.0,0.0,0.0,0.0,0.0,0.0,6.010651,1.0,1.0,0.0,0.0,0.0,0.0,0.049,0.049,-8.578272630895233,-8.578272630895233
2016.0,320.0,20.5,0.0,0.0,0.0,0.0,0.0,0.0,0.0,0.0,0.0,0.0,0.0,0.0,0.0,0.0,6.010651,1.0,1.0,0.0,0.0,0.0,0.0,0.049,0.049,-8.578272630895233,-8.578272630895233
2016.0,320.0,21.0,0.0,0.0,0.0,0.0,0.0,0.0,0.0,0.0,0.0,0.0,0.0,0.0,0.0,0.0,6.010651,1.0,1.0,0.0,0.0,0.0,0.0,0.049,0.049,-8.578272630895233,-8.578272630895233
2016.0,320.0,21.5,0.0,0.0,0.0,0.0,0.0,0.0,0.0,0.0,0.0,0.0,0.0,0.0,0.0,0.0,6.010651,1.0,1.0,0.0,0.0,0.0,0.0,0.049,0.049,-8.578272630895233,-8.578272630895233
2016.0,320.0,22.0,0.0,0.0,0.0,0.0,0.0,0.0,0.0,0.0,0.0,0.0,0.0,0.0,0.0,0.0,6.010651,1.0,1.0,0.0,0.0,0.0,0.0,0.049,0.049,-8.578272630895233,-8.578272630895233
2016.0,320.0,22.5,0.0,0.0,0.0,0.0,0.0,0.0,0.0,0.0,0.0,0.0,0.0,0.0,0.0,0.0,6.010651,1.0,1.0,0.0,0.0,0.0,0.0,0.049,0.049,-8.578272630895233,-8.578272630895233
2016.0,320.0,23.0,0.0,0.0,0.0,0.0,0.0,0.0,0.0,0.0,0.0,0.0,0.0,0.0,0.0,0.0,6.010651,1.0,1.0,0.0,0.0,0.0,0.0,0.049,0.049,-8.578272630895233,-8.578272630895233
2016.0,320.0,23.5,0.0,0.0,0.0,0.0,0.0,0.0,0.0,0.0,0.0,0.0,0.0,0.0,0.0,0.0,6.010651,1.0,1.0,0.0,0.0,0.0,0.0,0.049,0.049,-8.578272630895233,-8.578272630895233
