year,doy,hod,A(uso),A(pmax),E(uso),E(pmax),Ci(uso),Ci(pmax),gs(uso),gs(pmax),Pleaf(uso),Pleaf(pmax),Tleaf(uso),Tleaf(pmax),Rublim(uso),Rublim(pmax),ksc(pmax),VCsun(pmax),VCsha(pmax),Eci(uso),Eci(pmax),Es(uso),Es(pmax),sw(uso),sw(pmax),Ps(uso),Ps(pmax)
[-],[-],[h],[umol m-2 s-1],[umol m-2 s-1],[mmol m-2 s-1],[mmol m-2 s-1],[Pa],[Pa],[mol m-2 s-1],[mol m-2 s-1],[MPa],[MPa],[degC],[degC],[-],[-],[mmol m-2 s-1 MPa-1],[-],[-],[mmol m-2 s-1],[mmol m-2 s-1],[mmol m-2 s-1],[mmol m-2 s-1],[m3 m-3],[m3 m-3],[MPa],[MPa]
2016.0,303.0,0.0,0.0,0.0,0.0,0.0,0.0,0.0,0.0,0.0,0.0,0.0,0.0,0.0,0.0,0.0,5.087467,1.0,1.0,0.0,0.0,0.0,0.0,0.079,0.079,-0.36844676716639596,-0.36844676716639596
2016.0,303.0,0.5,0.0,0.0,0.0,0.0,0.0,0.0,0.0,0.0,0.0,0.0,0.0,0.0,0.0,0.0,5.087467,1.0,1.0,0.0,0.0,0.0,0.0,0.079,0.079,-0.36844676716639596,-0.36844676716639596
2016.0,303.0,1.0,0.0,0.0,0.0,0.0,0.0,0.0,0.0,0.0,0.0,0.0,0.0,0.0,0.0,0.0,5.087467,1.0,1.0,0.0,0.0,0.0,0.0,0.079,0.079,-0.36844676716639596,-0.36844676716639596
2016.0,303.0,1.5,0.0,0.0,0.0,0.0,0.0,0.0,0.0,0.0,0.0,0.0,0.0,0.0,0.0,0.0,5.087467,1.0,1.0,0.0,0.0,0.0,0.0,0.079,0.079,-0.36844676716639596,-0.36844676716639596
2016.0,303.0,2.0,0.0,0.0,0.0,0.0,0.0,0.0,0.0,0.0,0.0,0.0,0.0,0.0,0.0,0.0,5.087467,1.0,1.0,0.0,0.0,0.0,0.0,0.079,0.079,-0.36844676716639596,-0.36844676716639596
2016.0,303.0,2.5,0.0,0.0,0.0,0.0,0.0,0.0,0.0,0.0,0.0,0.0,0.0,0.0,0.0,0.0,5.087467,1.0,1.0,0.0,0.0,0.0,0.0,0.079,0.079,-0.36844676716639596,-0.36844676716639596
2016.0,303.0,3.0,0.0,0.0,0.0,0.0,0.0,0.0,0.0,0.0,0.0,0.0,0.0,0.0,0.0,0.0,5.087467,1.0,1.0,0.0,0.0,0.0,0.0,0.079,0.079,-0.36844676716639596,-0.36844676716639596
2016.0,303.0,3.5,0.0,0.0,0.0,0.0,0.0,0.0,0.0,0.0,0.0,0.0,0.0,0.0,0.0,0.0,5.087467,1.0,1.0,0.0,0.0,0.0,0.0,0.079,0.079,-0.36844676716639596,-0.36844676716639596
2016.0,303.0,4.0,0.0,0.0,0.0,0.0,0.0,0.0,0.0,0.0,0.0,0.0,0.0,0.0,0.0,0.0,5.087467,1.0,1.0,0.0,0.0,0.0,0.0,0.079,0.079,-0.36844676716639596,-0.36844676716639596
2016,303,4.5,0.0,0.0,0.0,0.0,0.0,0.0,0.0,0.0,0.0,0.0,0.0,0.0,False,0.0,5.087467,1.0,1.0,0.0,0.0,0.0,0.0,0.079,0.079,-0.36844676716639596,-0.36844676716639596
2016,303,5.0,0.0,-1.5122497733844567,0.0,0.211368939397629,0.0,4.979477866362141,0.0,0.05841784342662356,0.0,-0.36844676716639596,0.0,15.376331898206011,False,False,5.081387900675947,0.9988050832911439,0.9988050832911439,0.0,0.0,0.0,0.0,0.079,0.079,-0.36844676716639596,-0.36844676716639596
2016,303,5.5,-0.6621806106857488,-0.9620415055207069,0.816775386,0.4078479143680872,38.08049746749482,24.519407584569567,0.006752236473678314,0.10846526136128097,0.0,-0.40473170045040385,15.91995624572738,15.955085684034437,False,False,5.081387900675947,0.9984766554096351,0.9984766554096351,0.0,0.0,0.0,0.0,0.079,0.079,-0.36844676716639596,-0.36844676716639596
2016,303,6.0,0.0863765876516821,-0.1975436222497473,0.772665818,0.3858222808575332,38.1341084801966,25.75432658216042,0.019825594394475104,0.1026647017068901,0.0,-0.40473170045040385,16.466156863424963,16.4992103151583,False,False,5.081387900675947,0.9984766554096351,0.9984766554096351,0.0,0.0,0.0,0.0,0.079,0.079,-0.36844676716639596,-0.36844676716639596
2016,303,6.5,0.86571322569926,0.6058126310620634,0.549410072,0.27434194986627647,38.095938513370584,25.7685374031878,0.03573909574381939,0.07045580472488809,0.0,-0.40473170045040385,16.676362759067384,16.700244384060333,False,False,5.081387900675947,0.9984766554096351,0.9984766554096351,0.0,0.0,0.0010955051793837415,0.0010955051793837415,0.079,0.079,-0.36844676716639596,-0.36844676716639596
2016,303,7.0,1.6583335918262772,1.4570459183057056,0.793334058,0.39614274193183274,37.95426580611805,27.672814169681367,0.05229380830517884,0.09891259397050044,0.0,-0.40473170045040385,16.800538855106034,16.8346193118138,False,False,5.081387900675947,0.9984766554096351,0.9984766554096351,0.0,0.0,0.0037576692453297664,0.0037576692453297664,0.079,0.079,-0.36844676716639596,-0.36844676716639596
2016,303,7.5,3.989295947510324,3.942402136789957,0.801089586,0.40001538057134145,37.89335270601501,39.329006389683556,0.052425095746470966,0.09497241608772784,0.0,-0.40473170045040385,16.875617570141568,16.91090192952601,False,False,5.081387900675947,0.9984766554096351,0.9984766554096351,0.0,0.0,0.012926667406619952,0.012926667406619952,0.079,0.079,-0.36844676716639596,-0.36844676716639596
2016,303,8.0,6.975327038979662,6.919836509177656,1.4196844420000003,0.7089040006043005,37.4933361545601,39.304512106801305,0.08579265070101637,0.1472265887896791,0.0,-0.40473170045040385,17.688366642306338,17.750649969761298,False,False,5.081387900675947,0.9984766554096351,0.9984766554096351,0.0,0.0,0.026694187482986752,0.026694187482986752,0.079,0.079,-0.36844676716639596,-0.36844676716639596
2016,303,8.5,6.379775552894481,6.389544139966364,1.59938729,0.7986366652010336,37.32900494958371,40.17339603584259,0.0766983026931077,0.15533940745510452,0.0,-0.4410166337344118,17.894664034649548,17.963602417574904,False,False,5.081387900675947,0.9980981297404197,0.9980981297404197,0.0,0.0,0.02532378578158132,0.02532378578158132,0.079,0.079,-0.36844676716639596,-0.36844676716639596
2016,303,9.0,29.29796580800938,28.306633193520454,4.011924074,2.003310694996898,35.591453778917646,34.09195416529897,0.291273712582745,0.22719452562762799,0.0,-0.5135865003024276,21.298476413392862,21.492816826840773,False,False,5.081387900675947,0.997180730645845,0.997180730645845,0.0,0.0,0.17338668263239818,0.17338668263239818,0.079,0.079,-0.36844676716639596,-0.36844676716639596
2016,303,9.5,31.419116311157037,29.522605630541086,3.851369272,1.9231393991181538,35.05692633274569,32.07335555158395,0.29830565803253617,0.18912752482689332,0.0,-0.5135865003024276,21.756739256981334,21.947959804971553,False,False,5.081387900675947,0.997180730645845,0.997180730645845,0.0,0.0,0.19174274154198329,0.19174274154198329,0.079,0.079,-0.36844676716639596,-0.36844676716639596
2016,303,10.0,27.415071587298144,24.379079914515003,3.716209728,1.8556489493908381,33.29200583976902,27.33074166928389,0.2136162958978338,0.11322413594934826,0.0,-0.5135865003024276,22.923221375333206,23.099547086492343,False,False,5.081387900675947,0.997180730645845,0.997180730645845,0.0,0.0,0.1505523284922212,0.1505523284922212,0.079,0.079,-0.36844676716639596,-0.36844676716639596
2016,303,10.5,27.529950959095977,25.457618633498257,5.023393556,2.508376990763883,32.743330391931934,29.335069074986787,0.2036890175736393,0.13508983627142124,0.0,-0.5498714335864354,23.819132548296576,24.050765911335375,False,False,5.081387900675947,0.9966370706011456,0.9966370706011456,0.0,0.0,0.15845465896823913,0.15845465896823913,0.079,0.079,-0.36844676716639596,-0.36844676716639596
2016,303,11.0,11.39225825220521,10.136270679102521,2.435446542,1.2161137685283652,32.95527916398267,32.37803694788963,0.08403980864440053,0.06671101670667867,0.0,-0.4410166337344118,22.74449524232355,22.854895591898202,False,False,5.081387900675947,0.9980981297404197,0.9980981297404197,0.0,0.0,0.06012637956333703,0.06012637956333703,0.079,0.079,-0.36844676716639596,-0.36844676716639596
2016,303,11.5,9.93721525991404,9.633976342448323,3.346470614,1.6710237401962942,33.023370964929015,35.90694533591184,0.07240526192052552,0.09146446266807157,0.0,-0.4773015670184197,23.000155881137395,23.147804392671965,False,False,5.081387900675947,0.9976669678194982,0.9976669678194982,0.0,0.0,0.053143924239172025,0.053143924239172025,0.079,0.079,-0.36844676716639596,-0.36844676716639596
2016,303,12.0,2.1993143006886853,2.0664570394980357,2.259478174,1.1282458759428309,33.51762166868306,25.915287337426555,0.04103495308041255,0.07073889951593437,0.0,-0.4410166337344118,21.82827450500603,21.926830170167534,False,False,5.081387900675947,0.9980981297404197,0.9980981297404197,0.0,0.0,0.011320249356269609,0.011320249356269609,0.079,0.079,-0.36844676716639596,-0.36844676716639596
2016,303,12.5,1.0631696265597728,0.9081137999831991,2.077581136,1.0374175664104563,34.24272291017387,25.189021230336188,0.02790179754738606,0.07858946838383615,0.0,-0.4410166337344118,21.223019858275144,21.312691083587154,False,False,5.081387900675947,0.9980981297404197,0.9980981297404197,0.0,0.0,0.006006901378786957,0.006006901378786957,0.079,0.079,-0.36844676716639596,-0.36844676716639596
2016,303,13.0,4.3496371872155475,4.253581809970865,2.18924801,1.0931772066316712,34.04068351251721,29.832527706648268,0.07331134957283814,0.07870441644389901,0.0,-0.4410166337344118,21.923370735867966,22.019274070493008,False,False,5.081387900675947,0.9980981297404197,0.9980981297404197,0.0,0.0,0.02215169310092474,0.02215169310092474,0.079,0.079,-0.36844676716639596,-0.36844676716639596
2016,303,13.5,15.58724263504431,16.0313216287763,5.499007592,2.7458696918805985,34.51282086759599,38.40246857744758,0.13498601505468671,0.23814857064124556,0.0,-0.5861563668704434,22.91997696703281,23.147102438016116,False,False,5.081387900675947,0.996033724943549,0.996033724943549,0.0,0.0,0.07642429635914266,0.07642429635914266,0.079,0.079,-0.36844676716639596,-0.36844676716639596
2016,303,14.0,5.40286929167252,5.548368392153911,3.516295118,1.755823761049267,37.03109845247958,40.64082933869744,0.09135004593394899,0.14400143570778087,0.0,-0.5135865003024276,21.69826797775935,21.84581313828368,False,False,5.081387900675947,0.997180730645845,0.997180730645845,0.0,0.0,0.025882483332093715,0.025882483332093715,0.079,0.079,-0.36844676716639596,-0.36844676716639596
2016,303,14.5,0.21441149576750718,-0.00012813017397750315,3.5806429800000004,1.787955166770577,35.19391171928697,24.75887012667208,0.019851096249239468,0.1825573949910383,0.0,-0.5135865003024276,20.794181158698805,20.936906497607133,False,False,5.081387900675947,0.997180730645845,0.997180730645845,0.0,0.0,0.002226543372062344,0.002226543372062344,0.079,0.079,-0.36844676716639596,-0.36844676716639596
2016,303,15.0,-0.35685488791375375,-0.5819385972555684,2.118744968,1.0579722786561538,35.54668977371454,23.96110427039052,0.012092711725923801,0.11705468943097455,0.0,-0.4410166337344118,20.448823444553682,20.53703530640609,False,False,5.081387900675947,0.9980981297404197,0.9980981297404197,0.0,0.0,0.0,0.0,0.079,0.079,-0.36844676716639596,-0.36844676716639596
2016,303,15.5,4.914587343599296,5.076153888603321,3.43202515,1.7137444681594767,36.16521968311488,41.52197903717784,0.10036951470942176,0.23232552743901996,0.0,-0.5135865003024276,21.14914577133426,21.287175168038893,False,False,5.081387900675947,0.997180730645845,0.997180730645845,0.0,0.0,0.02202344789704047,0.02202344789704047,0.079,0.079,-0.36844676716639596,-0.36844676716639596
2016,303,16.0,3.238620434941277,1.6861330303209914,0.271415406,0.13552833393594405,36.06112722546001,18.59515482719531,0.07091937896805153,0.016937955322624713,0.0,-0.36844676716639596,20.80208129758539,20.814662455081663,False,False,5.081387900675947,0.9988050832911439,0.9988050832911439,0.0,0.0,0.013740076464294286,0.013740076464294286,0.079,0.079,-0.36844676716639596,-0.36844676716639596
2016,303,16.5,1.2888399744190266,0.9257311433245357,1.627938406,0.8128933547549487,35.56347098450565,25.455071519367714,0.038045781457650606,0.09054860325798998,0.0,-0.4410166337344118,21.249426713034197,21.31996544642598,False,False,5.081387900675947,0.9980981297404197,0.9980981297404197,0.0,0.0,0.0063624682932957345,0.0063624682932957345,0.079,0.079,-0.36844676716639596,-0.36844676716639596
2016,303,17.0,0.0880139475641375,-0.3619328348832256,1.119269376,0.5588950015416727,35.44701456453947,23.477162066432445,0.020988461226218124,0.059636781185461715,0.0,-0.40473170045040385,21.32345498407011,21.37285183456019,False,False,5.081387900675947,0.9984766554096351,0.9984766554096351,0.0,0.0,0.0018132174902111193,0.0018132174902111193,0.079,0.079,-0.36844676716639596,-0.36844676716639596
2016,303,17.5,-1.150802995810418,-1.59856269736989,1.038198046,0.5184129137825455,35.75081052542133,23.19428269124958,0.006519569369682868,0.06115095186906574,0.0,-0.40473170045040385,20.916160336938933,20.961851263715722,False,False,5.081387900675947,0.9984766554096351,0.9984766554096351,0.0,0.0,0.0,0.0,0.079,0.079,-0.36844676716639596,-0.36844676716639596
2016,303,18.0,0.0,0.0,0.0,0.0,0.0,0.0,0.0,0.0,0.0,0.0,0.0,0.0,False,0.0,5.081387900675947,0.9984766554096351,0.9984766554096351,0.0,0.0,0.0,0.0,0.079,0.079,-0.36844676716639596,-0.36844676716639596
2016,303,18.5,0.0,0.0,0.0,0.0,0.0,0.0,0.0,0.0,0.0,0.0,0.0,0.0,False,0.0,5.081387900675947,0.9984766554096351,0.9984766554096351,0.0,0.0,0.0,0.0,0.079,0.079,-0.36844676716639596,-0.36844676716639596
2016.0,303.0,19.0,0.0,0.0,0.0,0.0,0.0,0.0,0.0,0.0,0.0,0.0,0.0,0.0,0.0,0.0,5.081387900675947,0.9984766554096351,0.9984766554096351,0.0,0.0,0.0,0.0,0.079,0.079,-0.36844676716639596,-0.36844676716639596
2016.0,303.0,19.5,0.0,0.0,0.0,0.0,0.0,0.0,0.0,0.0,0.0,0.0,0.0,0.0,0.0,0.0,5.081387900675947,0.9984766554096351,0.9984766554096351,0.0,0.0,0.0,0.0,0.079,0.079,-0.36844676716639596,-0.36844676716639596
2016.0,303.0,20.0,0.0,0.0,0.0,0.0,0.0,0.0,0.0,0.0,0.0,0.0,0.0,0.0,0.0,0.0,5.081387900675947,0.9984766554096351,0.9984766554096351,0.0,0.0,0.0,0.0,0.079,0.079,-0.36844676716639596,-0.36844676716639596
2016.0,303.0,20.5,0.0,0.0,0.0,0.0,0.0,0.0,0.0,0.0,0.0,0.0,0.0,0.0,0.0,0.0,5.081387900675947,0.9984766554096351,0.9984766554096351,0.0,0.0,0.0,0.0,0.079,0.079,-0.36844676716639596,-0.36844676716639596
2016.0,303.0,21.0,0.0,0.0,0.0,0.0,0.0,0.0,0.0,0.0,0.0,0.0,0.0,0.0,0.0,0.0,5.081387900675947,0.9984766554096351,0.9984766554096351,0.0,0.0,0.0,0.0,0.079,0.079,-0.36844676716639596,-0.36844676716639596
2016.0,303.0,21.5,0.0,0.0,0.0,0.0,0.0,0.0,0.0,0.0,0.0,0.0,0.0,0.0,0.0,0.0,5.081387900675947,0.9984766554096351,0.9984766554096351,0.0,0.0,0.0,0.0,0.079,0.079,-0.36844676716639596,-0.36844676716639596
2016.0,303.0,22.0,0.0,0.0,0.0,0.0,0.0,0.0,0.0,0.0,0.0,0.0,0.0,0.0,0.0,0.0,5.081387900675947,0.9984766554096351,0.9984766554096351,0.0,0.0,0.0,0.0,0.079,0.079,-0.36844676716639596,-0.36844676716639596
2016.0,303.0,22.5,0.0,0.0,0.0,0.0,0.0,0.0,0.0,0.0,0.0,0.0,0.0,0.0,0.0,0.0,5.081387900675947,0.9984766554096351,0.9984766554096351,0.0,0.0,0.0,0.0,0.079,0.079,-0.36844676716639596,-0.36844676716639596
2016.0,303.0,23.0,0.0,0.0,0.0,0.0,0.0,0.0,0.0,0.0,0.0,0.0,0.0,0.0,0.0,0.0,5.081387900675947,0.9984766554096351,0.9984766554096351,0.0,0.0,0.0,0.0,0.079,0.079,-0.36844676716639596,-0.36844676716639596
2016.0,303.0,23.5,0.0,0.0,0.0,0.0,0.0,0.0,0.0,0.0,0.0,0.0,0.0,0.0,0.0,0.0,5.081387900675947,0.9984766554096351,0.9984766554096351,0.0,0.0,0.0,0.0,0.079,0.079,-0.36844676716639596,-0.36844676716639596
2016.0,304.0,0.0,0.0,0.0,0.0,0.0,0.0,0.0,0.0,0.0,0.0,0.0,0.0,0.0,0.0,0.0,5.081387900675947,0.9984766554096351,0.9984766554096351,0.0,0.0,0.0,0.0,0.079,0.079,-0.36844676716639596,-0.36844676716639596
2016.0,304.0,0.5,0.0,0.0,0.0,0.0,0.0,0.0,0.0,0.0,0.0,0.0,0.0,0.0,0.0,0.0,5.081387900675947,0.9984766554096351,0.9984766554096351,0.0,0.0,0.0,0.0,0.079,0.079,-0.36844676716639596,-0.36844676716639596
2016.0,304.0,1.0,0.0,0.0,0.0,0.0,0.0,0.0,0.0,0.0,0.0,0.0,0.0,0.0,0.0,0.0,5.081387900675947,0.9984766554096351,0.9984766554096351,0.0,0.0,0.0,0.0,0.079,0.079,-0.36844676716639596,-0.36844676716639596
2016.0,304.0,1.5,0.0,0.0,0.0,0.0,0.0,0.0,0.0,0.0,0.0,0.0,0.0,0.0,0.0,0.0,5.081387900675947,0.9984766554096351,0.9984766554096351,0.0,0.0,0.0,0.0,0.079,0.079,-0.36844676716639596,-0.36844676716639596
2016.0,304.0,2.0,0.0,0.0,0.0,0.0,0.0,0.0,0.0,0.0,0.0,0.0,0.0,0.0,0.0,0.0,5.081387900675947,0.9984766554096351,0.9984766554096351,0.0,0.0,0.0,0.0,0.079,0.079,-0.36844676716639596,-0.36844676716639596
2016.0,304.0,2.5,0.0,0.0,0.0,0.0,0.0,0.0,0.0,0.0,0.0,0.0,0.0,0.0,0.0,0.0,5.081387900675947,0.9984766554096351,0.9984766554096351,0.0,0.0,0.0,0.0,0.079,0.079,-0.36844676716639596,-0.36844676716639596
2016.0,304.0,3.0,0.0,0.0,0.0,0.0,0.0,0.0,0.0,0.0,0.0,0.0,0.0,0.0,0.0,0.0,5.081387900675947,0.9984766554096351,0.9984766554096351,0.0,0.0,0.0,0.0,0.079,0.079,-0.36844676716639596,-0.36844676716639596
2016.0,304.0,3.5,0.0,0.0,0.0,0.0,0.0,0.0,0.0,0.0,0.0,0.0,0.0,0.0,0.0,0.0,5.081387900675947,0.9984766554096351,0.9984766554096351,0.0,0.0,0.0,0.0,0.079,0.079,-0.36844676716639596,-0.36844676716639596
2016.0,304.0,4.0,0.0,0.0,0.0,0.0,0.0,0.0,0.0,0.0,0.0,0.0,0.0,0.0,0.0,0.0,5.081387900675947,0.9984766554096351,0.9984766554096351,0.0,0.0,0.0,0.0,0.079,0.079,-0.36844676716639596,-0.36844676716639596
2016,304,4.5,0.0,0.0,0.0,0.0,0.0,0.0,0.0,0.0,0.0,0.0,0.0,0.0,False,0.0,5.081387900675947,0.9984766554096351,0.9984766554096351,0.0,0.0,0.0,0.0,0.079,0.079,-0.36844676716639596,-0.36844676716639596
2016,304,5.0,-0.6271656000163832,-0.9461926226497485,0.33205963,0.16581036826364243,38.825992238707904,27.95244133362009,3.9206820423585656e-08,0.05807655571298522,0.0,-0.36844676716639596,15.973458811600693,15.988262087187046,False,False,5.081387900675947,0.9988050832911439,0.9988050832911439,0.0,0.0,0.0,0.0,0.079,0.079,-0.36844676716639596,-0.36844676716639596
2016,304,5.5,1.0236355016478325,1.0856744844150332,0.924636378,0.46170712876521747,38.39710602480909,42.61972740817154,0.01460479225243041,0.13905654531581468,0.0,-0.40473170045040385,16.862324677236696,16.901655689725473,False,False,5.081387900675947,0.9984766554096351,0.9984766554096351,0.0,0.0,0.0027304933170583974,0.0027304933170583974,0.079,0.079,-0.36844676716639596,-0.36844676716639596
2016,304,6.0,2.6672087365629156,2.670095857745891,0.962031286,0.480379869762565,38.0692629077156,39.211813959570826,0.036251878498857734,0.12530469795873556,0.0,-0.40473170045040385,17.24822120263783,17.29016745856297,False,False,5.081387900675947,0.9984766554096351,0.9984766554096351,0.0,0.0,0.007872079852609416,0.007872079852609416,0.079,0.079,-0.36844676716639596,-0.36844676716639596
2016,304,6.5,6.297084274696293,6.447120316088453,1.886859596,0.9421828376865553,37.39522354831092,40.59468550687224,0.07759549975179898,0.19805681326480587,0.0,-0.4410166337344118,18.59098962287545,18.670362516287653,False,False,5.081387900675947,0.9980981297404197,0.9980981297404197,0.0,0.0,0.023983317571574094,0.023983317571574094,0.079,0.079,-0.36844676716639596,-0.36844676716639596
2016,304,7.0,13.277662138643468,13.34251073906064,2.574599474,1.2855982731635285,37.1070435107589,38.19742017182249,0.15433116244282707,0.23114473079952125,0.0,-0.4773015670184197,20.072575138164623,20.185818228376764,False,False,5.081387900675947,0.9976669678194982,0.9976669678194982,0.0,0.0,0.05542012257701167,0.05542012257701167,0.079,0.079,-0.36844676716639596,-0.36844676716639596
2016,304,7.5,15.927850047024922,16.052089273367297,3.541383478,1.76835136101898,36.256878657548256,37.94231376863151,0.16699281492923085,0.24733551120332975,0.0,-0.5135865003024276,20.972260269699248,21.125909796340878,False,False,5.081387900675947,0.997180730645845,0.997180730645845,0.0,0.0,0.07065269230503174,0.07065269230503174,0.079,0.079,-0.36844676716639596,-0.36844676716639596
2016,304,8.0,11.987259567805893,12.08515822369148,2.764492024,1.3804190547382775,35.166030169827685,36.561715455219144,0.1109799131946893,0.13851360983535976,0.0,-0.4773015670184197,21.574653009588246,21.696506194029553,False,False,5.081387900675947,0.9976669678194982,0.9976669678194982,0.0,0.0,0.054082141233056366,0.054082141233056366,0.079,0.079,-0.36844676716639596,-0.36844676716639596
2016,304,8.5,16.272279699281754,16.16936977166366,3.726418406,1.8607465418282718,34.29069227830317,34.6041349576582,0.1354421493108302,0.143217133651439,0.0,-0.5135865003024276,22.91961694634302,23.08513811871397,False,False,5.081387900675947,0.997180730645845,0.997180730645845,0.0,0.0,0.07941925516975748,0.07941925516975748,0.079,0.079,-0.36844676716639596,-0.36844676716639596
2016,304,9.0,16.302670734246263,15.926743733408621,3.536651784,1.765988641032058,33.61861615715386,32.65747746724235,0.1275316719793458,0.11374010319948935,0.0,-0.5135865003024276,23.7061349522199,23.865460836782045,False,False,5.081387900675947,0.997180730645845,0.997180730645845,0.0,0.0,0.08264825000012048,0.08264825000012048,0.079,0.079,-0.36844676716639596,-0.36844676716639596
2016,304,9.5,14.051704799696033,13.442836838659979,3.1628060380000003,1.5793128297687131,32.731299478154796,30.674696745564056,0.10035337403394179,0.08075797354903101,0.0,-0.4773015670184197,24.54175715752422,24.685360928751454,False,False,5.081387900675947,0.9976669678194982,0.9976669678194982,0.0,0.0,0.0733015130342407,0.0733015130342407,0.079,0.079,-0.36844676716639596,-0.36844676716639596
2016,304,10.0,17.05994431048018,16.225367142819678,4.145713332,2.0701169072988854,32.054150139078146,30.113576244434206,0.11685032682673,0.09286710229713845,0.0,-0.5135865003024276,25.815535932294228,26.003463348295085,False,False,5.081387900675947,0.997180730645845,0.997180730645845,0.0,0.0,0.09701425891342502,0.09701425891342502,0.079,0.079,-0.36844676716639596,-0.36844676716639596
2016,304,10.5,13.407341484110965,14.034273611721824,6.779049842,3.385044881184765,32.23108667050043,36.90818680318171,0.09275300260025614,0.1619055945826154,0.0,-0.637869048160141,26.32260871848672,26.606424645644335,False,False,5.080682136536089,0.9950664084902981,0.9950664084902981,0.0,0.0,0.07899795184777839,0.07899795184777839,0.0785,0.0785,-0.38443698515145974,-0.38443698515145974
2016,304,11.0,8.573113074533143,9.055635859690081,6.953103724,3.4719567959879485,32.23648442771221,39.651410293291015,0.05907594306976072,0.16644972565597022,0.0,-0.6540714183285221,26.209568981576425,26.49363376572683,False,False,5.079889180521075,0.9947365127009076,0.9947365127009076,0.0,0.0,0.058626151827894296,0.058626151827894296,0.078,0.078,-0.4012300667322298,-0.4012300667322298
2016,304,11.5,8.173980117127996,8.640659618340763,6.628694172,3.309966411052076,31.85728443472873,39.28076419362782,0.054512958626576034,0.1440393666788127,0.0,-0.6540714183285221,26.984865566096936,27.259894089338598,False,False,5.079889180521075,0.9947365127009076,0.9947365127009076,0.0,0.0,0.05960036074678477,0.05960036074678477,0.078,0.078,-0.4012300667322298,-0.4012300667322298
2016,304,12.0,7.577306031812688,8.059765544667094,6.5407229760000005,3.266038950175989,31.764898642460775,39.47932344148169,0.05010279347995021,0.13900703688220942,0.0,-0.6540714183285221,27.019135987817158,27.291037440896762,False,False,5.079889180521075,0.9947365127009076,0.9947365127009076,0.0,0.0,0.05578266272172023,0.05578266272172023,0.078,0.078,-0.4012300667322298,-0.4012300667322298
2016,304,12.5,6.282706279038144,6.619859659991577,7.337525686,3.6639137257955614,31.450030098462157,33.14606028513448,0.08394361028460719,0.14556254418926984,0.0,-0.6901916114137068,27.504065594469214,27.80466004227553,False,False,5.079889180521075,0.9939536117481474,0.9939536117481474,0.0,0.0,0.04932490874371636,0.04932490874371636,0.078,0.078,-0.4012300667322298,-0.4012300667322298
2016,304,13.0,3.788276468222499,3.7480342779938027,6.095017098,3.043480562791018,31.628535480071246,27.031096234253706,0.05804347264408803,0.12472171973836291,0.0,-0.6179512252433375,27.151738913520955,27.40478473690421,False,False,5.079889180521075,0.9954542538550969,0.9954542538550969,0.0,0.0,0.03232742702229466,0.03232742702229466,0.078,0.078,-0.4012300667322298,-0.4012300667322298
2016,304,13.5,2.860768904617762,2.5406922644399415,3.392334918,1.6939255820624544,31.6384012515835,23.949296092516555,0.04908721211914761,0.06792457279961589,0.0,-0.5095906459877836,27.54518322548543,27.69430860331445,False,False,5.079889180521075,0.9972370490096331,0.9972370490096331,0.0,0.0,0.026429593508015395,0.026429593508015395,0.078,0.078,-0.4012300667322298,-0.4012300667322298
2016,304,14.0,2.3361160888415418,1.6327189106684656,1.8659383340000002,0.9317360328257531,31.578621268795438,20.622835515994016,0.04386876033033323,0.03633964608305054,0.0,-0.47347045290259904,27.51715205117896,27.60196349473361,False,False,5.079889180521075,0.9977150505716607,0.9977150505716607,0.0,0.0,0.021392281496688665,0.021392281496688665,0.078,0.078,-0.4012300667322298,-0.4012300667322298
2016,304,14.5,3.1041257446952746,2.0327102847337586,1.750706122,0.8741960798132352,31.557691319551992,19.699459081554863,0.052500172717572444,0.033520148391262515,0.0,-0.47347045290259904,27.57229682991452,27.65242217043957,False,False,5.079889180521075,0.9977150505716607,0.9977150505716607,0.0,0.0,0.024488875094076826,0.024488875094076826,0.078,0.078,-0.4012300667322298,-0.4012300667322298
2016,304,15.0,0.726973450680239,0.22064352507369178,2.077664454,1.0374591703484692,31.480207096649828,20.9745757923316,0.027443903530772022,0.03971223240262352,0.0,-0.47347045290259904,27.14346008326157,27.236916297108365,False,False,5.079889180521075,0.9977150505716607,0.9977150505716607,0.0,0.0,0.010707316583510113,0.010707316583510113,0.078,0.078,-0.4012300667322298,-0.4012300667322298
2016,304,15.5,0.0,0.0,0.0,0.0,0.0,0.0,0.0,0.0,0.0,0.0,0.0,0.0,False,0.0,5.079889180521075,0.9977150505716607,0.9977150505716607,0.0,0.0,0.0,0.0,0.078,0.078,-0.4012300667322298,-0.4012300667322298
2016,304,16.0,0.0,0.0,0.0,0.0,0.0,0.0,0.0,0.0,0.0,0.0,0.0,0.0,False,0.0,5.079889180521075,0.9977150505716607,0.9977150505716607,0.0,0.0,0.0,0.0,0.078,0.078,-0.4012300667322298,-0.4012300667322298
2016,304,16.5,0.0,0.0,0.0,0.0,0.0,0.0,0.0,0.0,0.0,0.0,0.0,0.0,False,0.0,5.079889180521075,0.9977150505716607,0.9977150505716607,0.0,0.0,0.0,0.0,0.078,0.078,-0.4012300667322298,-0.4012300667322298
2016,304,17.0,0.0,0.0,0.0,0.0,0.0,0.0,0.0,0.0,0.0,0.0,0.0,0.0,False,0.0,5.079889180521075,0.9977150505716607,0.9977150505716607,0.0,0.0,0.0,0.0,0.078,0.078,-0.4012300667322298,-0.4012300667322298
2016,304,17.5,0.0,0.0,0.0,0.0,0.0,0.0,0.0,0.0,0.0,0.0,0.0,0.0,False,0.0,5.079889180521075,0.9977150505716607,0.9977150505716607,0.0,0.0,0.0,0.0,0.078,0.078,-0.4012300667322298,-0.4012300667322298
2016,304,18.0,0.0,0.0,0.0,0.0,0.0,0.0,0.0,0.0,0.0,0.0,0.0,0.0,False,0.0,5.079889180521075,0.9977150505716607,0.9977150505716607,0.0,0.0,0.0,0.0,0.078,0.078,-0.4012300667322298,-0.4012300667322298
2016.0,304.0,18.5,0.0,0.0,0.0,0.0,0.0,0.0,0.0,0.0,0.0,0.0,0.0,0.0,0.0,0.0,5.079889180521075,0.9977150505716607,0.9977150505716607,0.0,0.0,0.0,0.0,0.078,0.078,-0.4012300667322298,-0.4012300667322298
2016.0,304.0,19.0,0.0,0.0,0.0,0.0,0.0,0.0,0.0,0.0,0.0,0.0,0.0,0.0,0.0,0.0,5.079889180521075,0.9977150505716607,0.9977150505716607,0.0,0.0,0.0,0.0,0.078,0.078,-0.4012300667322298,-0.4012300667322298
2016.0,304.0,19.5,0.0,0.0,0.0,0.0,0.0,0.0,0.0,0.0,0.0,0.0,0.0,0.0,0.0,0.0,5.079889180521075,0.9977150505716607,0.9977150505716607,0.0,0.0,0.0,0.0,0.078,0.078,-0.4012300667322298,-0.4012300667322298
2016.0,304.0,20.0,0.0,0.0,0.0,0.0,0.0,0.0,0.0,0.0,0.0,0.0,0.0,0.0,0.0,0.0,5.079889180521075,0.9977150505716607,0.9977150505716607,0.0,0.0,0.0,0.0,0.078,0.078,-0.4012300667322298,-0.4012300667322298
2016.0,304.0,20.5,0.0,0.0,0.0,0.0,0.0,0.0,0.0,0.0,0.0,0.0,0.0,0.0,0.0,0.0,5.079889180521075,0.9977150505716607,0.9977150505716607,0.0,0.0,0.0,0.0,0.078,0.078,-0.4012300667322298,-0.4012300667322298
2016.0,304.0,21.0,0.0,0.0,0.0,0.0,0.0,0.0,0.0,0.0,0.0,0.0,0.0,0.0,0.0,0.0,5.079889180521075,0.9977150505716607,0.9977150505716607,0.0,0.0,0.0,0.0,0.078,0.078,-0.4012300667322298,-0.4012300667322298
2016.0,304.0,21.5,0.0,0.0,0.0,0.0,0.0,0.0,0.0,0.0,0.0,0.0,0.0,0.0,0.0,0.0,5.079889180521075,0.9977150505716607,0.9977150505716607,0.0,0.0,0.0,0.0,0.078,0.078,-0.4012300667322298,-0.4012300667322298
2016.0,304.0,22.0,0.0,0.0,0.0,0.0,0.0,0.0,0.0,0.0,0.0,0.0,0.0,0.0,0.0,0.0,5.079889180521075,0.9977150505716607,0.9977150505716607,0.0,0.0,0.0,0.0,0.078,0.078,-0.4012300667322298,-0.4012300667322298
2016.0,304.0,22.5,0.0,0.0,0.0,0.0,0.0,0.0,0.0,0.0,0.0,0.0,0.0,0.0,0.0,0.0,5.079889180521075,0.9977150505716607,0.9977150505716607,0.0,0.0,0.0,0.0,0.078,0.078,-0.4012300667322298,-0.4012300667322298
2016.0,304.0,23.0,0.0,0.0,0.0,0.0,0.0,0.0,0.0,0.0,0.0,0.0,0.0,0.0,0.0,0.0,5.079889180521075,0.9977150505716607,0.9977150505716607,0.0,0.0,0.0,0.0,0.078,0.078,-0.4012300667322298,-0.4012300667322298
2016.0,304.0,23.5,0.0,0.0,0.0,0.0,0.0,0.0,0.0,0.0,0.0,0.0,0.0,0.0,0.0,0.0,5.079889180521075,0.9977150505716607,0.9977150505716607,0.0,0.0,0.0,0.0,0.078,0.078,-0.4012300667322298,-0.4012300667322298
2016.0,305.0,0.0,0.0,0.0,0.0,0.0,0.0,0.0,0.0,0.0,0.0,0.0,0.0,0.0,0.0,0.0,5.079889180521075,0.9977150505716607,0.9977150505716607,0.0,0.0,0.0,0.0,0.078,0.078,-0.4012300667322298,-0.4012300667322298
2016.0,305.0,0.5,0.0,0.0,0.0,0.0,0.0,0.0,0.0,0.0,0.0,0.0,0.0,0.0,0.0,0.0,5.079889180521075,0.9977150505716607,0.9977150505716607,0.0,0.0,0.0,0.0,0.078,0.078,-0.4012300667322298,-0.4012300667322298
2016.0,305.0,1.0,0.0,0.0,0.0,0.0,0.0,0.0,0.0,0.0,0.0,0.0,0.0,0.0,0.0,0.0,5.079889180521075,0.9977150505716607,0.9977150505716607,0.0,0.0,0.0,0.0,0.078,0.078,-0.4012300667322298,-0.4012300667322298
2016.0,305.0,1.5,0.0,0.0,0.0,0.0,0.0,0.0,0.0,0.0,0.0,0.0,0.0,0.0,0.0,0.0,5.079889180521075,0.9977150505716607,0.9977150505716607,0.0,0.0,0.0,0.0,0.078,0.078,-0.4012300667322298,-0.4012300667322298
2016.0,305.0,2.0,0.0,0.0,0.0,0.0,0.0,0.0,0.0,0.0,0.0,0.0,0.0,0.0,0.0,0.0,5.079889180521075,0.9977150505716607,0.9977150505716607,0.0,0.0,0.0,0.0,0.078,0.078,-0.4012300667322298,-0.4012300667322298
2016.0,305.0,2.5,0.0,0.0,0.0,0.0,0.0,0.0,0.0,0.0,0.0,0.0,0.0,0.0,0.0,0.0,5.079889180521075,0.9977150505716607,0.9977150505716607,0.0,0.0,0.0,0.0,0.078,0.078,-0.4012300667322298,-0.4012300667322298
2016.0,305.0,3.0,0.0,0.0,0.0,0.0,0.0,0.0,0.0,0.0,0.0,0.0,0.0,0.0,0.0,0.0,5.079889180521075,0.9977150505716607,0.9977150505716607,0.0,0.0,0.0,0.0,0.078,0.078,-0.4012300667322298,-0.4012300667322298
2016.0,305.0,3.5,0.0,0.0,0.0,0.0,0.0,0.0,0.0,0.0,0.0,0.0,0.0,0.0,0.0,0.0,5.079889180521075,0.9977150505716607,0.9977150505716607,0.0,0.0,0.0,0.0,0.078,0.078,-0.4012300667322298,-0.4012300667322298
2016.0,305.0,4.0,0.0,0.0,0.0,0.0,0.0,0.0,0.0,0.0,0.0,0.0,0.0,0.0,0.0,0.0,5.079889180521075,0.9977150505716607,0.9977150505716607,0.0,0.0,0.0,0.0,0.078,0.078,-0.4012300667322298,-0.4012300667322298
2016,305,4.5,0.0,0.0,0.0,0.0,0.0,0.0,0.0,0.0,0.0,0.0,0.0,0.0,False,0.0,5.079889180521075,0.9977150505716607,0.9977150505716607,0.0,0.0,0.0,0.0,0.078,0.078,-0.4012300667322298,-0.4012300667322298
2016,305,5.0,0.0,-1.3389334390392393,0.0,0.024987290815804843,0.0,13.664464999096559,0.0,0.002204932919985019,0.0,-0.4012300667322298,0.0,16.463796455277645,False,False,5.079889180521075,0.9985104926520555,0.9985104926520555,0.0,0.0,0.0,0.0,0.078,0.078,-0.4012300667322298,-0.4012300667322298
2016,305,5.5,0.359674045401303,-0.403922117722121,0.01238681,0.006185218985252043,35.25023141896835,11.756598354388064,0.011345694814353357,0.0006036219845445665,0.0,-0.4012300667322298,15.220416655460381,15.220977827860079,False,False,5.079889180521075,0.9985104926520555,0.9985104926520555,0.0,0.0,0.0,0.0,0.078,0.078,-0.4012300667322298,-0.4012300667322298
2016,305,6.0,1.6114182332448181,1.4130219262911283,0.5977999380000001,0.2985049036757724,34.84159749857848,31.624522324151272,0.014098422455678064,0.02604612631040783,0.0,-0.4373502598174144,15.722947803914849,15.749751284375641,False,False,5.079889180521075,0.9981387265661085,0.9981387265661085,0.0,0.0,0.0,0.0,0.078,0.078,-0.4012300667322298,-0.4012300667322298
2016,305,6.5,13.978867795154187,10.984339656471914,1.502657368,0.7503356296643336,34.15783242631733,22.8407432843122,0.11617962543776048,0.0564384801559046,0.0,-0.47347045290259904,17.641506036581887,17.711374331840148,False,False,5.079889180521075,0.9977150505716607,0.9977150505716607,0.0,0.0,0.05070118599079741,0.05070118599079741,0.078,0.078,-0.4012300667322298,-0.4012300667322298
2016,305,7.0,0.0,0.0,0.0,0.0,0.0,0.0,0.0,0.0,0.0,0.0,0.0,0.0,False,0.0,5.079889180521075,0.9977150505716607,0.9977150505716607,0.0,0.0,0.08028020621353589,0.08028020621353589,0.078,0.078,-0.4012300667322298,-0.4012300667322298
2016,305,7.5,22.13116591146312,18.648240428784707,5.219538312,2.6063197434717087,31.45562915729176,26.989986729052102,0.14521982076768747,0.10437083720536744,0.0,-0.5818310321581528,22.239309028508558,22.478706172726913,False,False,5.079889180521075,0.9961088524884774,0.9961088524884774,0.0,0.0,0.11596865060490984,0.11596865060490984,0.078,0.078,-0.4012300667322298,-0.4012300667322298
2016,305,8.0,18.044674805164227,17.817953188279667,7.564602302,3.777301966705851,30.74964376258141,31.8907050876274,0.11121324033270161,0.1298833790304374,0.0,-0.6901916114137068,23.595475184073642,23.922777865733977,False,False,5.079889180521075,0.9939536117481474,0.9939536117481474,0.0,0.0,0.08507179436147215,0.08507179436147215,0.078,0.078,-0.4012300667322298,-0.4012300667322298
2016,305,8.5,21.554323074256388,21.756443358391532,14.775178756,7.377824972862574,29.4548471064005,34.198398784677224,0.1214808687216251,0.19820425844961792,0.0,-0.943032963009999,28.77713045875489,29.37904211133823,False,False,5.079889180521075,0.9864931176387925,0.9864931176387925,0.0,0.0,0.15082757810482997,0.15082757810482997,0.078,0.078,-0.4012300667322298,-0.4012300667322298
2016,305,9.0,20.99915819435006,14.008598596765333,4.778172702000001,2.3859286217535796,28.759925088562518,22.48420847391693,0.11275447721752596,0.05186156301488401,0.0,-0.5818310321581528,30.423398694050945,30.65152006661622,False,False,5.079889180521075,0.9961088524884774,0.9961088524884774,0.0,0.0,0.16759760063903384,0.16759760063903384,0.078,0.078,-0.4012300667322298,-0.4012300667322298
2016,305,9.5,17.740082747410554,18.490966975822207,16.526906744,8.252531310359878,28.092917904554803,34.661874140516304,0.09086858841141218,0.1642678630640385,0.0,-1.0314080574220896,33.179831894045144,33.85577303728482,False,False,5.078997610611962,0.9830006464020931,0.9830006464020931,0.0,0.0,0.19569891014085675,0.19569891014085675,0.0775,0.0775,-0.4188718631064196,-0.4188718631064196
2016,305,10.0,14.171993790871738,14.680387006292193,11.155250102,5.570252931636571,28.208482605843347,33.05301648051669,0.07183965927255528,0.10735021962144324,0.0,-0.8686717068337324,34.844520217453606,35.330598558773346,False,False,5.077994424191939,0.9890645592276042,0.9890645592276042,0.0,0.0,0.1776002378119559,0.1776002378119559,0.077,0.077,-0.4374111645545728,-0.4374111645545728
2016,305,10.5,10.354739540378521,12.039766980594912,14.860226372,7.42029257583167,27.06031830602881,35.747373923229915,0.04933454844407657,0.1166459637547485,0.0,-0.9764868424035222,36.857914421081375,37.488032402573936,False,False,5.077994424191939,0.9852278503193198,0.9852278503193198,0.0,0.0,0.21008849721281464,0.21008849721281464,0.077,0.077,-0.4374111645545728,-0.4374111645545728
2016,305,11.0,6.316396604206792,8.295412853964304,10.455361932,5.220771378546041,26.90460288759099,35.60164019729885,0.029680611114529225,0.07808566721201807,0.0,-0.8327333283104691,38.22482413668692,38.687673963551646,False,False,5.077994424191939,0.9901912980739346,0.9901912980739346,0.0,0.0,0.16312989134185682,0.16312989134185682,0.077,0.077,-0.4374111645545728,-0.4374111645545728
2016,305,11.5,1.3986804278466423,4.9648905375085945,10.455200702,5.220690870097377,26.084608503737954,38.043172919236056,0.006236573052050309,0.0652989975694549,0.0,-0.8327333283104691,40.11702311409819,40.593378163714874,False,False,5.077994424191939,0.9901912980739346,0.9901912980739346,0.0,0.0,0.21925047451311538,0.21925047451311538,0.077,0.077,-0.4374111645545728,-0.4374111645545728
2016,305,12.0,0.0,1.2420933857127006,0.0,5.7171926767959125,0.0,42.361749769232546,0.0,0.059923375750741026,0.0,-0.8686717068337324,0.0,42.415749536432756,True,False,5.077994424191939,0.9890645592276042,0.9890645592276042,0.0,0.0,0.18611307341337424,0.18611307341337424,0.077,0.077,-0.4374111645545728,-0.4374111645545728
2016,305,12.5,0.0,-3.5314734192743997,0.0,6.02900945047555,0.0,31.361290700162776,0.0,0.06340719139918188,0.0,-0.9046100853569957,0.0,43.1508641855772,True,True,5.077994424191939,0.9878627684042173,0.9878627684042173,0.0,0.0,0.2215567228681027,0.2215567228681027,0.077,0.077,-0.4374111645545728,-0.4374111645545728
2016,305,13.0,0.0,-8.254589576387296,0.0,6.112246161338312,0.0,19.22684072645199,0.0,0.06704037089487962,0.0,-0.9046100853569957,0.0,43.41442001227724,False,True,5.077994424191939,0.9878627684042173,0.9878627684042173,0.0,0.0,0.21809466757951446,0.21809466757951446,0.077,0.077,-0.4374111645545728,-0.4374111645545728
2016,305,13.5,0.0,-1.3374919090501303,0.0,4.532917400653851,0.0,36.62404835908782,0.0,0.05399938357317944,0.0,-0.7608565712639426,0.0,42.931554480723385,True,False,5.077994424191939,0.9922261459062455,0.9922261459062455,0.0,0.0,0.19648331725000498,0.19648331725000498,0.077,0.077,-0.4374111645545728,-0.4374111645545728
2016,305,14.0,2.423387381151442,4.303795591112158,5.357651264,2.6752849453937215,26.91416125309125,35.23679810926056,0.011350214327421924,0.039227331163745785,0.0,-0.6530414356941526,39.304131818108594,39.55561042537377,False,False,5.077994424191939,0.9947578725144912,0.9947578725144912,0.0,0.0,0.12045705450380659,0.12045705450380659,0.077,0.077,-0.4374111645545728,-0.4374111645545728
2016,305,14.5,6.338142898156705,7.783137311044371,8.342695974,4.165834587482215,27.799857566450044,35.16270061088841,0.03125842564674124,0.07316073831839731,0.0,-0.7608565712639426,37.672524386813734,38.04774206000613,False,False,5.077994424191939,0.9922261459062455,0.9922261459062455,0.0,0.0,0.14047528641415713,0.14047528641415713,0.077,0.077,-0.4374111645545728,-0.4374111645545728
2016,305,15.0,0.0,0.0,0.0,0.0,0.0,0.0,0.0,0.0,0.0,0.0,0.0,0.0,False,0.0,5.077994424191939,0.9922261459062455,0.9922261459062455,0.0,0.0,0.004563740403554736,0.004563740403554736,0.077,0.077,-0.4374111645545728,-0.4374111645545728
2016,305,15.5,-1.8121915748598632,0.0,3.700968778,0.0,30.08429002046811,0.0,0.007437564188290418,0.0,0.0,0.0,30.741285124218948,0.0,False,0.0,5.077994424191939,0.9922261459062455,0.9922261459062455,0.0,0.0,0.00610048946873681,0.00610048946873681,0.077,0.077,-0.4374111645545728,-0.4374111645545728
2016,305,16.0,-0.5652444374333023,-1.0933300412182134,3.144423358,1.5701336382467788,31.048639461287213,22.09504867974898,0.016423140041146023,0.055177384755490985,0.0,-0.5452263001243627,27.824959841211054,27.96377110705931,False,False,5.077994424191939,0.9967099536596594,0.9967099536596594,0.0,0.0,0.004787244610745798,0.004787244610745798,0.077,0.077,-0.4374111645545728,-0.4374111645545728
2016,305,16.5,-1.1090749909479596,-1.6144881172866192,3.1581912260000005,1.5770084735385161,31.490097637222938,22.730257576110315,0.009933280785324272,0.06145857798015063,0.0,-0.5452263001243627,26.014922539105967,26.15332309038846,False,False,5.077994424191939,0.9967099536596594,0.9967099536596594,0.0,0.0,0.0,0.0,0.077,0.077,-0.4374111645545728,-0.4374111645545728
2016,305,17.0,-1.7487346230194585,0.0,2.725242044,0.0,31.601151391036307,0.0,0.0038321536712250396,0.0,0.0,0.0,24.89106053545877,0.0,False,0.0,5.077994424191939,0.9967099536596594,0.9967099536596594,0.0,0.0,0.0,0.0,0.077,0.077,-0.4374111645545728,-0.4374111645545728
2016,305,17.5,-1.9495647068471507,0.0,2.409765558,0.0,31.664291632554736,0.0,0.002049157665361217,0.0,0.0,0.0,23.819307231558568,0.0,False,0.0,5.077994424191939,0.9967099536596594,0.9967099536596594,0.0,0.0,0.0,0.0,0.077,0.077,-0.4374111645545728,-0.4374111645545728
2016,305,18.0,0.0,0.0,0.0,0.0,0.0,0.0,0.0,0.0,0.0,0.0,0.0,0.0,False,0.0,5.077994424191939,0.9967099536596594,0.9967099536596594,0.0,0.0,0.0,0.0,0.077,0.077,-0.4374111645545728,-0.4374111645545728
2016,305,18.5,0.0,0.0,0.0,0.0,0.0,0.0,0.0,0.0,0.0,0.0,0.0,0.0,False,0.0,5.077994424191939,0.9967099536596594,0.9967099536596594,0.0,0.0,0.0,0.0,0.077,0.077,-0.4374111645545728,-0.4374111645545728
2016.0,305.0,19.0,0.0,0.0,0.0,0.0,0.0,0.0,0.0,0.0,0.0,0.0,0.0,0.0,0.0,0.0,5.077994424191939,0.9967099536596594,0.9967099536596594,0.0,0.0,0.0,0.0,0.077,0.077,-0.4374111645545728,-0.4374111645545728
2016.0,305.0,19.5,0.0,0.0,0.0,0.0,0.0,0.0,0.0,0.0,0.0,0.0,0.0,0.0,0.0,0.0,5.077994424191939,0.9967099536596594,0.9967099536596594,0.0,0.0,0.0,0.0,0.0765,0.0765,-0.4568999096561373,-0.4568999096561373
2016.0,305.0,20.0,0.0,0.0,0.0,0.0,0.0,0.0,0.0,0.0,0.0,0.0,0.0,0.0,0.0,0.0,5.077994424191939,0.9967099536596594,0.9967099536596594,0.0,0.0,0.0,0.0,0.077,0.077,-0.4374111645545728,-0.4374111645545728
2016.0,305.0,20.5,0.0,0.0,0.0,0.0,0.0,0.0,0.0,0.0,0.0,0.0,0.0,0.0,0.0,0.0,5.077994424191939,0.9967099536596594,0.9967099536596594,0.0,0.0,0.0,0.0,0.076,0.076,-0.47739341090022597,-0.47739341090022597
2016.0,305.0,21.0,0.0,0.0,0.0,0.0,0.0,0.0,0.0,0.0,0.0,0.0,0.0,0.0,0.0,0.0,5.077994424191939,0.9967099536596594,0.9967099536596594,0.0,0.0,0.0,0.0,0.076,0.076,-0.47739341090022597,-0.47739341090022597
2016.0,305.0,21.5,0.0,0.0,0.0,0.0,0.0,0.0,0.0,0.0,0.0,0.0,0.0,0.0,0.0,0.0,5.077994424191939,0.9967099536596594,0.9967099536596594,0.0,0.0,0.0,0.0,0.076,0.076,-0.47739341090022597,-0.47739341090022597
2016.0,305.0,22.0,0.0,0.0,0.0,0.0,0.0,0.0,0.0,0.0,0.0,0.0,0.0,0.0,0.0,0.0,5.077994424191939,0.9967099536596594,0.9967099536596594,0.0,0.0,0.0,0.0,0.076,0.076,-0.47739341090022597,-0.47739341090022597
2016.0,305.0,22.5,0.0,0.0,0.0,0.0,0.0,0.0,0.0,0.0,0.0,0.0,0.0,0.0,0.0,0.0,5.077994424191939,0.9967099536596594,0.9967099536596594,0.0,0.0,0.0,0.0,0.076,0.076,-0.47739341090022597,-0.47739341090022597
2016.0,305.0,23.0,0.0,0.0,0.0,0.0,0.0,0.0,0.0,0.0,0.0,0.0,0.0,0.0,0.0,0.0,5.077994424191939,0.9967099536596594,0.9967099536596594,0.0,0.0,0.0,0.0,0.076,0.076,-0.47739341090022597,-0.47739341090022597
2016.0,305.0,23.5,0.0,0.0,0.0,0.0,0.0,0.0,0.0,0.0,0.0,0.0,0.0,0.0,0.0,0.0,5.077994424191939,0.9967099536596594,0.9967099536596594,0.0,0.0,0.0,0.0,0.076,0.076,-0.47739341090022597,-0.47739341090022597
2016.0,306.0,0.0,0.0,0.0,0.0,0.0,0.0,0.0,0.0,0.0,0.0,0.0,0.0,0.0,0.0,0.0,5.077994424191939,0.9967099536596594,0.9967099536596594,0.0,0.0,0.0,0.0,0.076,0.076,-0.47739341090022597,-0.47739341090022597
2016.0,306.0,0.5,0.0,0.0,0.0,0.0,0.0,0.0,0.0,0.0,0.0,0.0,0.0,0.0,0.0,0.0,5.077994424191939,0.9967099536596594,0.9967099536596594,0.0,0.0,0.0,0.0,0.076,0.076,-0.47739341090022597,-0.47739341090022597
2016.0,306.0,1.0,0.0,0.0,0.0,0.0,0.0,0.0,0.0,0.0,0.0,0.0,0.0,0.0,0.0,0.0,5.077994424191939,0.9967099536596594,0.9967099536596594,0.0,0.0,0.0,0.0,0.076,0.076,-0.47739341090022597,-0.47739341090022597
2016.0,306.0,1.5,0.0,0.0,0.0,0.0,0.0,0.0,0.0,0.0,0.0,0.0,0.0,0.0,0.0,0.0,5.077994424191939,0.9967099536596594,0.9967099536596594,0.0,0.0,0.0,0.0,0.076,0.076,-0.47739341090022597,-0.47739341090022597
2016.0,306.0,2.0,0.0,0.0,0.0,0.0,0.0,0.0,0.0,0.0,0.0,0.0,0.0,0.0,0.0,0.0,5.077994424191939,0.9967099536596594,0.9967099536596594,0.0,0.0,0.0,0.0,0.076,0.076,-0.47739341090022597,-0.47739341090022597
2016.0,306.0,2.5,0.0,0.0,0.0,0.0,0.0,0.0,0.0,0.0,0.0,0.0,0.0,0.0,0.0,0.0,5.077994424191939,0.9967099536596594,0.9967099536596594,0.0,0.0,0.0,0.0,0.076,0.076,-0.47739341090022597,-0.47739341090022597
2016.0,306.0,3.0,0.0,0.0,0.0,0.0,0.0,0.0,0.0,0.0,0.0,0.0,0.0,0.0,0.0,0.0,5.077994424191939,0.9967099536596594,0.9967099536596594,0.0,0.0,0.0,0.0,0.076,0.076,-0.47739341090022597,-0.47739341090022597
2016.0,306.0,3.5,0.0,0.0,0.0,0.0,0.0,0.0,0.0,0.0,0.0,0.0,0.0,0.0,0.0,0.0,5.077994424191939,0.9967099536596594,0.9967099536596594,0.0,0.0,0.0,0.0,0.076,0.076,-0.47739341090022597,-0.47739341090022597
2016.0,306.0,4.0,0.0,0.0,0.0,0.0,0.0,0.0,0.0,0.0,0.0,0.0,0.0,0.0,0.0,0.0,5.077994424191939,0.9967099536596594,0.9967099536596594,0.0,0.0,0.0,0.0,0.076,0.076,-0.47739341090022597,-0.47739341090022597
2016,306,4.5,0.0,0.0,0.0,0.0,0.0,0.0,0.0,0.0,0.0,0.0,0.0,0.0,False,0.0,5.077994424191939,0.9967099536596594,0.9967099536596594,0.0,0.0,0.0,0.0,0.076,0.076,-0.47739341090022597,-0.47739341090022597
2016,306,5.0,-0.38976845706030155,-0.5670785077581677,0.390018474,0.1947514872661993,36.419379087511125,27.816213194422165,2.303111766825864e-08,0.025564064657835586,0.0,-0.47739341090022597,11.553358737251678,11.570769039684764,False,False,5.075591873186377,0.9976658075986294,0.9976658075986294,0.0,0.0,0.0,0.0,0.076,0.076,-0.47739341090022597,-0.47739341090022597
2016,306,5.5,0.8166882582536242,0.8271005500764362,0.736828426,0.3679272685516755,36.31367552892109,37.41631536004185,0.008528864599307307,0.05046089231289241,0.0,-0.513130873612707,11.71094793010149,11.743401947137173,False,False,5.075591873186377,0.9971871874610839,0.9971871874610839,0.0,0.0,0.0,0.0,0.076,0.076,-0.47739341090022597,-0.47739341090022597
2016,306,6.0,2.2224129877421506,2.2307289662205525,1.22230318,0.6103438120605664,35.92644592238808,37.94010406754805,0.022132095214071962,0.07564209683542845,0.0,-0.513130873612707,13.234056534970865,13.287502485923081,False,False,5.075591873186377,0.9971871874610839,0.9971871874610839,0.0,0.0,0.0007709891927690418,0.0007709891927690418,0.076,0.076,-0.47739341090022597,-0.47739341090022597
2016,306,6.5,14.942359429223707,13.65235462081086,2.27441973,1.1357067795847213,35.02465462690828,29.023636099166666,0.13538025225769013,0.1080812898211383,0.0,-0.5488683363251882,16.630180884200236,16.734628788616558,False,False,5.075591873186377,0.9966528920520932,0.9966528920520932,0.0,0.0,0.04444280173006938,0.04444280173006938,0.076,0.076,-0.47739341090022597,-0.47739341090022597
2016,306,7.0,16.216928623432537,3.729756605536555,0.25545464,0.1275584988547274,33.50292977011626,6.719275958858617,0.12658110250936697,0.00792124021612263,0.0,-0.47739341090022597,19.27960630403714,19.291914516667166,False,False,5.075591873186377,0.9976658075986294,0.9976658075986294,0.0,0.0,0.05223595196889377,0.05223595196889377,0.076,0.076,-0.47739341090022597,-0.47739341090022597
2016,306,7.5,13.369283254838415,13.267914064486103,3.41369851,1.7045932596026427,33.497970940069486,33.270144354573546,0.10384029777779828,0.10942041124772284,0.0,-0.6203432617501504,19.219682368109183,19.370171816506343,False,False,5.075591873186377,0.9954086967722665,0.9954086967722665,0.0,0.0,0.041748252727786477,0.041748252727786477,0.076,0.076,-0.47739341090022597,-0.47739341090022597
2016,306,8.0,14.349638444367969,14.227106291375714,4.220714218,2.10756778480471,32.51537340728541,32.57495256171778,0.10185511647853462,0.10637178648276144,0.0,-0.6203432617501504,21.001369732106557,21.187223224704717,False,False,5.075591873186377,0.9954086967722665,0.9954086967722665,0.0,0.0,0.049263439005276057,0.049263439005276057,0.076,0.076,-0.47739341090022597,-0.47739341090022597
2016,306,8.5,21.440771200193605,20.64611015612692,7.736161242,3.8629680593299986,30.81560916342753,30.96789966588555,0.13350108249152143,0.1350556287172139,0.0,-0.7632931126000749,24.95597220497363,25.29396653089656,False,False,5.075591873186377,0.9921618320957164,0.9921618320957164,0.0,0.0,0.09895506859043783,0.09895506859043783,0.076,0.076,-0.47739341090022597,-0.47739341090022597
2016,306,9.0,24.134048395780805,23.95799326646938,11.909701242000002,5.946979910945452,30.12838055376773,32.93443809377278,0.14318914493576868,0.18284465885047507,0.0,-0.9062429634499993,26.54872346356192,27.047929693596164,False,False,5.075591873186377,0.9878063564893548,0.9878063564893548,0.0,0.0,0.130449711886992,0.130449711886992,0.076,0.076,-0.47739341090022597,-0.47739341090022597
2016,306,9.5,23.108597966568997,22.760261925820032,11.404416038,5.694671234478489,29.641390351606578,32.00253046017221,0.13216146499901205,0.15607789227709046,0.0,-0.9062429634499993,28.037967413250556,28.52228659242177,False,False,5.075591873186377,0.9878063564893548,0.9878063564893548,0.0,0.0,0.13523741200448736,0.13523741200448736,0.076,0.076,-0.47739341090022597,-0.47739341090022597
2016,306,10.0,20.356917961778592,18.89525285258806,8.854691456,4.421493968358298,28.99919386816893,29.414255531250227,0.11097874950275044,0.10294686192925359,0.0,-0.7990305753125561,31.115068979346624,31.510180192778293,False,False,5.075591873186377,0.9911811895305365,0.9911811895305365,0.0,0.0,0.14989001958520604,0.14989001958520604,0.076,0.076,-0.47739341090022597,-0.47739341090022597
2016,306,10.5,17.89185532374034,18.87426537148747,14.949873642,7.465056966048362,28.45805987955952,34.412965429343515,0.09380867978928296,0.15928501342948742,0.0,-1.0491928142999238,33.13215230971414,33.7458219553108,False,False,5.075591873186377,0.9822387802000422,0.9822387802000422,0.0,0.0,0.16451209742190573,0.16451209742190573,0.076,0.076,-0.47739341090022597,-0.47739341090022597
2016,306,11.0,14.02294902307331,15.57929385285578,15.366063918,7.6728770582748895,27.88747233682939,35.318811020208834,0.07054858153520434,0.14492864604627098,0.0,-1.0491928142999238,34.85096170277197,35.4798944450999,False,False,5.075591873186377,0.9822387802000422,0.9822387802000422,0.0,0.0,0.15631316235030648,0.15631316235030648,0.076,0.076,-0.47739341090022597,-0.47739341090022597
2016,306,11.5,0.7806361817435619,4.692253859205364,16.42550695,8.20189842498023,25.357084147227347,39.91810164751935,0.0033424879588395996,0.09136530476059865,0.0,-1.084930277012405,40.214095623248596,40.91704305727022,False,False,5.075591873186377,0.9806467397744556,0.9806467397744556,0.0,0.0,0.19941179494665898,0.19941179494665898,0.076,0.076,-0.47739341090022597,-0.47739341090022597
2016,306,12.0,0.0,-0.4948517245481865,0.0,7.726271191198133,0.0,38.46238011227859,0.0,0.07994050198628919,0.0,-1.0491928142999238,0.0,42.86937106344092,True,False,5.075591873186377,0.9822387802000422,0.9822387802000422,0.0,0.0,0.16717699190051274,0.16717699190051274,0.076,0.076,-0.47739341090022597,-0.47739341090022597
2016,306,12.5,0.0,0.0,0.0,0.0,0.0,0.0,0.0,0.0,0.0,0.0,0.0,0.0,False,0.0,5.075591873186377,0.9822387802000422,0.9822387802000422,0.0,0.0,0.1815758094185674,0.1815758094185674,0.076,0.076,-0.47739341090022597,-0.47739341090022597
2016,306,13.0,0.0,0.0,0.0,0.0,0.0,0.0,0.0,0.0,0.0,0.0,0.0,0.0,False,0.0,5.075591873186377,0.9822387802000422,0.9822387802000422,0.0,0.0,0.17939076528907114,0.17939076528907114,0.076,0.076,-0.47739341090022597,-0.47739341090022597
2016,306,13.5,0.0,-7.564898221004309,0.0,2.8215998005825553,0.0,20.78536908132958,0.0,0.03236237251763362,0.0,-0.6918181871751127,0.0,43.379778108285564,False,True,5.075591873186377,0.9939167911700776,0.9939167911700776,0.0,0.0,0.15967444426363303,0.15967444426363303,0.076,0.076,-0.47739341090022597,-0.47739341090022597
2016,306,14.0,0.0,-0.9994183629145104,0.0,3.7662118752221456,0.0,35.43757404359004,0.0,0.04179520255193999,0.0,-0.7632931126000749,0.0,42.17836501697215,False,False,5.075591873186377,0.9921618320957164,0.9921618320957164,0.0,0.0,0.08378768243137188,0.08378768243137188,0.076,0.076,-0.47739341090022597,-0.47739341090022597
2016,306,14.5,2.9115205109451354,4.928406638945148,7.354745208000001,3.672512107008429,25.998990893360855,34.99928563927824,0.012902875122794288,0.0453684451224396,0.0,-0.8057554553649094,39.11505205212633,39.455025260357246,False,False,5.072536233447374,0.9909887636608034,0.9909887636608034,0.0,0.0,0.10537702678233307,0.10537702678233307,0.075,0.075,-0.521634281110708,-0.521634281110708
2016,306,15.0,0.0,0.0,0.0,0.0,0.0,0.0,0.0,0.0,0.0,0.0,0.0,0.0,False,0.0,5.072536233447374,0.9909887636608034,0.9909887636608034,0.0,0.0,0.0002773860477353109,0.0002773860477353109,0.075,0.075,-0.521634281110708,-0.521634281110708
2016,306,15.5,0.0,0.0,0.0,0.0,0.0,0.0,0.0,0.0,0.0,0.0,0.0,0.0,False,0.0,5.072536233447374,0.9909887636608034,0.9909887636608034,0.0,0.0,0.0,0.0,0.075,0.075,-0.521634281110708,-0.521634281110708
2016,306,16.0,0.0,0.0,0.0,0.0,0.0,0.0,0.0,0.0,0.0,0.0,0.0,0.0,False,0.0,5.072536233447374,0.9909887636608034,0.9909887636608034,0.0,0.0,0.0,0.0,0.075,0.075,-0.521634281110708,-0.521634281110708
2016,306,16.5,-3.0981321978639627,0.0,4.305621976,0.0,27.71297128048515,0.0,0.0007215787625660161,0.0,0.0,0.0,31.274910504795557,0.0,False,0.0,5.072536233447374,0.9909887636608034,0.9909887636608034,0.0,0.0,0.0,0.0,0.075,0.075,-0.521634281110708,-0.521634281110708
2016,306,17.0,0.0,0.0,0.0,0.0,0.0,0.0,0.0,0.0,0.0,0.0,0.0,0.0,False,0.0,5.072536233447374,0.9909887636608034,0.9909887636608034,0.0,0.0,0.0,0.0,0.075,0.075,-0.521634281110708,-0.521634281110708
2016,306,17.5,0.0,0.0,0.0,0.0,0.0,0.0,0.0,0.0,0.0,0.0,0.0,0.0,False,0.0,5.072536233447374,0.9909887636608034,0.9909887636608034,0.0,0.0,0.0,0.0,0.075,0.075,-0.521634281110708,-0.521634281110708
2016,306,18.0,0.0,0.0,0.0,0.0,0.0,0.0,0.0,0.0,0.0,0.0,0.0,0.0,False,0.0,5.072536233447374,0.9909887636608034,0.9909887636608034,0.0,0.0,0.0,0.0,0.075,0.075,-0.521634281110708,-0.521634281110708
2016,306,18.5,0.0,0.0,0.0,0.0,0.0,0.0,0.0,0.0,0.0,0.0,0.0,0.0,False,0.0,5.072536233447374,0.9909887636608034,0.9909887636608034,0.0,0.0,0.0,0.0,0.075,0.075,-0.521634281110708,-0.521634281110708
2016.0,306.0,19.0,0.0,0.0,0.0,0.0,0.0,0.0,0.0,0.0,0.0,0.0,0.0,0.0,0.0,0.0,5.072536233447374,0.9909887636608034,0.9909887636608034,0.0,0.0,0.0,0.0,0.075,0.075,-0.521634281110708,-0.521634281110708
2016.0,306.0,19.5,0.0,0.0,0.0,0.0,0.0,0.0,0.0,0.0,0.0,0.0,0.0,0.0,0.0,0.0,5.072536233447374,0.9909887636608034,0.9909887636608034,0.0,0.0,0.0,0.0,0.075,0.075,-0.521634281110708,-0.521634281110708
2016.0,306.0,20.0,0.0,0.0,0.0,0.0,0.0,0.0,0.0,0.0,0.0,0.0,0.0,0.0,0.0,0.0,5.072536233447374,0.9909887636608034,0.9909887636608034,0.0,0.0,0.0,0.0,0.075,0.075,-0.521634281110708,-0.521634281110708
2016.0,306.0,20.5,0.0,0.0,0.0,0.0,0.0,0.0,0.0,0.0,0.0,0.0,0.0,0.0,0.0,0.0,5.072536233447374,0.9909887636608034,0.9909887636608034,0.0,0.0,0.0,0.0,0.075,0.075,-0.521634281110708,-0.521634281110708
2016.0,306.0,21.0,0.0,0.0,0.0,0.0,0.0,0.0,0.0,0.0,0.0,0.0,0.0,0.0,0.0,0.0,5.072536233447374,0.9909887636608034,0.9909887636608034,0.0,0.0,0.0,0.0,0.075,0.075,-0.521634281110708,-0.521634281110708
2016.0,306.0,21.5,0.0,0.0,0.0,0.0,0.0,0.0,0.0,0.0,0.0,0.0,0.0,0.0,0.0,0.0,5.072536233447374,0.9909887636608034,0.9909887636608034,0.0,0.0,0.0,0.0,0.075,0.075,-0.521634281110708,-0.521634281110708
2016.0,306.0,22.0,0.0,0.0,0.0,0.0,0.0,0.0,0.0,0.0,0.0,0.0,0.0,0.0,0.0,0.0,5.072536233447374,0.9909887636608034,0.9909887636608034,0.0,0.0,0.0,0.0,0.075,0.075,-0.521634281110708,-0.521634281110708
2016.0,306.0,22.5,0.0,0.0,0.0,0.0,0.0,0.0,0.0,0.0,0.0,0.0,0.0,0.0,0.0,0.0,5.072536233447374,0.9909887636608034,0.9909887636608034,0.0,0.0,0.0,0.0,0.075,0.075,-0.521634281110708,-0.521634281110708
2016.0,306.0,23.0,0.0,0.0,0.0,0.0,0.0,0.0,0.0,0.0,0.0,0.0,0.0,0.0,0.0,0.0,5.072536233447374,0.9909887636608034,0.9909887636608034,0.0,0.0,0.0,0.0,0.075,0.075,-0.521634281110708,-0.521634281110708
2016.0,306.0,23.5,0.0,0.0,0.0,0.0,0.0,0.0,0.0,0.0,0.0,0.0,0.0,0.0,0.0,0.0,5.072536233447374,0.9909887636608034,0.9909887636608034,0.0,0.0,0.0,0.0,0.075,0.075,-0.521634281110708,-0.521634281110708
2016.0,307.0,0.0,0.0,0.0,0.0,0.0,0.0,0.0,0.0,0.0,0.0,0.0,0.0,0.0,0.0,0.0,5.072536233447374,0.9909887636608034,0.9909887636608034,0.0,0.0,0.0,0.0,0.075,0.075,-0.521634281110708,-0.521634281110708
2016.0,307.0,0.5,0.0,0.0,0.0,0.0,0.0,0.0,0.0,0.0,0.0,0.0,0.0,0.0,0.0,0.0,5.072536233447374,0.9909887636608034,0.9909887636608034,0.0,0.0,0.0,0.0,0.075,0.075,-0.521634281110708,-0.521634281110708
2016.0,307.0,1.0,0.0,0.0,0.0,0.0,0.0,0.0,0.0,0.0,0.0,0.0,0.0,0.0,0.0,0.0,5.072536233447374,0.9909887636608034,0.9909887636608034,0.0,0.0,0.0,0.0,0.075,0.075,-0.521634281110708,-0.521634281110708
2016.0,307.0,1.5,0.0,0.0,0.0,0.0,0.0,0.0,0.0,0.0,0.0,0.0,0.0,0.0,0.0,0.0,5.072536233447374,0.9909887636608034,0.9909887636608034,0.0,0.0,0.0,0.0,0.075,0.075,-0.521634281110708,-0.521634281110708
2016.0,307.0,2.0,0.0,0.0,0.0,0.0,0.0,0.0,0.0,0.0,0.0,0.0,0.0,0.0,0.0,0.0,5.072536233447374,0.9909887636608034,0.9909887636608034,0.0,0.0,0.0,0.0,0.075,0.075,-0.521634281110708,-0.521634281110708
2016.0,307.0,2.5,0.0,0.0,0.0,0.0,0.0,0.0,0.0,0.0,0.0,0.0,0.0,0.0,0.0,0.0,5.072536233447374,0.9909887636608034,0.9909887636608034,0.0,0.0,0.0,0.0,0.075,0.075,-0.521634281110708,-0.521634281110708
2016.0,307.0,3.0,0.0,0.0,0.0,0.0,0.0,0.0,0.0,0.0,0.0,0.0,0.0,0.0,0.0,0.0,5.072536233447374,0.9909887636608034,0.9909887636608034,0.0,0.0,0.0,0.0,0.075,0.075,-0.521634281110708,-0.521634281110708
2016.0,307.0,3.5,0.0,0.0,0.0,0.0,0.0,0.0,0.0,0.0,0.0,0.0,0.0,0.0,0.0,0.0,5.072536233447374,0.9909887636608034,0.9909887636608034,0.0,0.0,0.0,0.0,0.075,0.075,-0.521634281110708,-0.521634281110708
2016.0,307.0,4.0,0.0,0.0,0.0,0.0,0.0,0.0,0.0,0.0,0.0,0.0,0.0,0.0,0.0,0.0,5.072536233447374,0.9909887636608034,0.9909887636608034,0.0,0.0,0.0,0.0,0.075,0.075,-0.521634281110708,-0.521634281110708
2016,307,4.5,0.0,0.0,0.0,0.0,0.0,0.0,0.0,0.0,0.0,0.0,0.0,0.0,False,0.0,5.072536233447374,0.9909887636608034,0.9909887636608034,0.0,0.0,0.0,0.0,0.075,0.075,-0.521634281110708,-0.521634281110708
2016,307,5.0,0.0,-0.9711163050558137,0.0,0.19377631289015992,0.0,26.914004650118706,0.0,0.018342725436323287,0.0,-0.521634281110708,0.0,14.460193409925315,False,False,5.072536233447374,0.9970651865549935,0.9970651865549935,0.0,0.0,0.0,0.0,0.075,0.075,-0.521634281110708,-0.521634281110708
2016,307,5.5,0.2987423174700521,0.08774980265718157,0.8385403,0.4187159876884318,34.916341036732625,23.7196374816805,0.01064768650574818,0.03768501917131292,0.0,-0.5571494278924831,15.056936258829722,15.094282028756364,False,False,5.072536233447374,0.9965209085252117,0.9965209085252117,0.0,0.0,0.0,0.0,0.075,0.075,-0.521634281110708,-0.521634281110708
2016,307,6.0,0.9154384134251321,0.702997374794122,1.5532394520000001,0.7755932437126974,34.114274241191055,26.224784863131454,0.020056253220169053,0.0571066619706749,0.0,-0.5926645746742584,17.322245846902682,17.390830402477054,False,False,5.072536233447374,0.9959190247424068,0.9959190247424068,0.0,0.0,0.0,0.0,0.075,0.075,-0.521634281110708,-0.521634281110708
2016,307,6.5,14.001608047018209,12.285026716230943,3.210978936,1.6033674429648637,33.138119617178425,28.326871714395367,0.10522987271503212,0.09469605986686652,0.0,-0.6281797214560335,20.87960970722485,21.026088238438504,False,False,5.072536233447374,0.9952575017940267,0.9952575017940267,0.0,0.0,0.043690856147421006,0.043690856147421006,0.075,0.075,-0.521634281110708,-0.521634281110708
2016,307,7.0,17.75448413333268,16.13423090604148,4.392360142,2.1932773119441373,33.16468167416896,30.86897732891515,0.1346612686652718,0.1320693138177528,0.0,-0.6992100150195839,23.9413419659545,24.142803976004615,False,False,5.072536233447374,0.9937477439305747,0.9937477439305747,0.0,0.0,0.06913955409202985,0.06913955409202985,0.075,0.075,-0.521634281110708,-0.521634281110708
2016,307,7.5,21.007284181312713,16.801948510787124,4.02209449,2.0083891817203647,31.9404337331637,26.29164857336155,0.14340194498912906,0.08864588109975763,0.0,-0.6636948682378088,24.606515387529996,24.795993680321835,False,False,5.072536233447374,0.994534374719143,0.994534374719143,0.0,0.0,0.0878057528745044,0.0878057528745044,0.075,0.075,-0.521634281110708,-0.521634281110708
2016,307,8.0,17.372273856316674,18.22670037723201,12.379179008000001,6.181408532310995,31.072419562582873,36.84401934829919,0.10974953276319041,0.2370534480516247,0.0,-0.9833311892737854,26.041376950354746,26.53021314826835,False,False,5.072536233447374,0.9849605308137402,0.9849605308137402,0.0,0.0,0.07349000898348046,0.07349000898348046,0.075,0.075,-0.521634281110708,-0.521634281110708
2016,307,8.5,22.72776292732125,22.969101831780037,14.341603704,7.161323981633836,30.025945645848154,34.63356645487262,0.13367329044053827,0.21833851407157268,0.0,-1.0543614828373358,27.996290817740622,28.57767254000055,False,False,5.072536233447374,0.9820135902728204,0.9820135902728204,0.0,0.0,0.12183190383436826,0.12183190383436826,0.075,0.075,-0.521634281110708,-0.521634281110708
2016,307,9.0,22.713759865807507,22.81888430709645,14.980198246,7.4801992275653335,29.181894936460605,33.7249872480667,0.12579517393771494,0.18891266318776373,0.0,-1.089876629619111,29.299627407487698,29.91409580017834,False,False,5.072536233447374,0.9804199047625518,0.9804199047625518,0.0,0.0,0.1361089299200735,0.1361089299200735,0.075,0.075,-0.521634281110708,-0.521634281110708
2016,307,9.5,19.2976078781485,16.81736266045371,9.251286504,4.61952939639397,27.85547135631399,28.140174911246017,0.09751064145772348,0.08491448207332145,0.0,-0.8994630445403811,32.14254964754822,32.56179372438781,False,False,5.0707063804328305,0.9880395516226796,0.9880395516226796,0.0,0.0,0.14841249264667025,0.14841249264667025,0.0745,0.0745,-0.5455114336333129,-0.5455114336333129
2016,307,10.0,13.45580112908244,14.668971165412124,15.333410534,7.656571945768157,26.726423948267776,33.58072036491644,0.06304229308366971,0.11440270565316388,0.0,-1.1349546045648247,34.85463834632378,35.501556095887594,False,False,5.06863803586291,0.9782791536808922,0.9782791536808922,0.0,0.0,0.12860849054057724,0.12860849054057724,0.074,0.074,-0.5706534997675224,-0.5706534997675224
2016,307,10.5,10.302702619191919,12.102023600301358,16.97658071,8.47707111937259,26.12904632132504,35.31092215191241,0.04649328363953691,0.11199438202026607,0.0,-1.2054922426644874,36.708794211842246,37.42439790865967,False,False,5.06863803586291,0.9746592713868225,0.9746592713868225,0.0,0.0,0.15669530010452845,0.15669530010452845,0.074,0.074,-0.5706534997675224,-0.5706534997675224
2016,307,11.0,5.264396341484206,7.881872005503085,15.533417284000002,7.756443143217587,25.55465150787073,37.07043405381022,0.02288761440740411,0.09096314069894887,0.0,-1.170223423614656,38.58568921884637,39.247303440026386,False,False,5.06863803586291,0.9765108149646283,0.9765108149646283,0.0,0.0,0.11929422814544556,0.11929422814544556,0.074,0.074,-0.5706534997675224,-0.5706534997675224
2016,307,11.5,0.0,1.0286766640016642,0.0,6.897537780443383,0.0,42.742343882724875,0.0,0.0642482437778229,0.0,-1.0996857855149933,0.0,42.514539515655756,True,False,5.06863803586291,0.9799653698095895,0.9799653698095895,0.0,0.0,0.15204490603133858,0.15204490603133858,0.074,0.074,-0.5706534997675224,-0.5706534997675224
2016,307,12.0,0.0,0.0,0.0,0.0,0.0,0.0,0.0,0.0,0.0,0.0,0.0,0.0,False,0.0,5.06863803586291,0.9799653698095895,0.9799653698095895,0.0,0.0,0.12888759459224158,0.12888759459224158,0.074,0.074,-0.5706534997675224,-0.5706534997675224
2016,307,12.5,0.0,0.0,0.0,0.0,0.0,0.0,0.0,0.0,0.0,0.0,0.0,0.0,False,0.0,5.06863803586291,0.9799653698095895,0.9799653698095895,0.0,0.0,0.15331138929478233,0.15331138929478233,0.074,0.074,-0.5706534997675224,-0.5706534997675224
2016,307,13.0,0.0,0.0,0.0,0.0,0.0,0.0,0.0,0.0,0.0,0.0,0.0,0.0,True,0.0,5.06863803586291,0.9799653698095895,0.9799653698095895,0.0,0.0,0.14574695249137334,0.14574695249137334,0.074,0.074,-0.5706534997675224,-0.5706534997675224
2016,307,13.5,0.0,-7.821658377581391,0.0,3.8497638378554386,0.0,20.08143155280422,0.0,0.034563487570664284,0.0,-0.8528040521661735,0.0,43.38231329444501,False,True,5.06863803586291,0.9895712001348559,0.9895712001348559,0.0,0.0,0.1390233078230305,0.1390233078230305,0.074,0.074,-0.5706534997675224,-0.5706534997675224
2016,307,14.0,0.0,-2.2530397515586404,0.0,2.912870344826054,0.0,33.757007438336444,0.0,0.02666355572854497,0.0,-0.7822664140665108,0.0,42.6365331043267,False,False,5.06863803586291,0.9916499479005232,0.9916499479005232,0.0,0.0,0.06907735557310085,0.06907735557310085,0.074,0.074,-0.5706534997675224,-0.5706534997675224
2016,307,14.5,1.3474072903115797,3.526250158914082,5.709111248,2.850782669633714,26.55756533362949,34.47022255215725,0.011484874411712575,0.030362400946012093,0.0,-0.7822664140665108,39.86523770742953,40.13683853680724,False,False,5.06863803586291,0.9916499479005232,0.9916499479005232,0.0,0.0,0.09998926568140215,0.09998926568140215,0.074,0.074,-0.5706534997675224,-0.5706534997675224
2016,307,15.0,0.0,0.0,0.0,0.0,0.0,0.0,0.0,0.0,0.0,0.0,0.0,0.0,False,0.0,5.06863803586291,0.9916499479005232,0.9916499479005232,0.0,0.0,0.0,0.0,0.074,0.074,-0.5706534997675224,-0.5706534997675224
2016,307,15.5,0.0,0.0,0.0,0.0,0.0,0.0,0.0,0.0,0.0,0.0,0.0,0.0,False,0.0,5.06863803586291,0.9916499479005232,0.9916499479005232,0.0,0.0,0.0,0.0,0.074,0.074,-0.5706534997675224,-0.5706534997675224
2016,307,16.0,0.0,0.0,0.0,0.0,0.0,0.0,0.0,0.0,0.0,0.0,0.0,0.0,False,0.0,5.06863803586291,0.9916499479005232,0.9916499479005232,0.0,0.0,0.0,0.0,0.074,0.074,-0.5706534997675224,-0.5706534997675224
2016,307,16.5,0.0,0.0,0.0,0.0,0.0,0.0,0.0,0.0,0.0,0.0,0.0,0.0,False,0.0,5.06863803586291,0.9916499479005232,0.9916499479005232,0.0,0.0,0.0,0.0,0.074,0.074,-0.5706534997675224,-0.5706534997675224
2016,307,17.0,0.0,0.0,0.0,0.0,0.0,0.0,0.0,0.0,0.0,0.0,0.0,0.0,False,0.0,5.06863803586291,0.9916499479005232,0.9916499479005232,0.0,0.0,0.0,0.0,0.074,0.074,-0.5706534997675224,-0.5706534997675224
2016,307,17.5,0.0,0.0,0.0,0.0,0.0,0.0,0.0,0.0,0.0,0.0,0.0,0.0,False,0.0,5.06863803586291,0.9916499479005232,0.9916499479005232,0.0,0.0,0.0,0.0,0.074,0.074,-0.5706534997675224,-0.5706534997675224
2016,307,18.0,0.0,0.0,0.0,0.0,0.0,0.0,0.0,0.0,0.0,0.0,0.0,0.0,False,0.0,5.06863803586291,0.9916499479005232,0.9916499479005232,0.0,0.0,0.0,0.0,0.073,0.073,-0.6250425172123373,-0.6250425172123373
2016,307,18.5,0.0,0.0,0.0,0.0,0.0,0.0,0.0,0.0,0.0,0.0,0.0,0.0,False,0.0,5.06863803586291,0.9916499479005232,0.9916499479005232,0.0,0.0,0.0,0.0,0.073,0.073,-0.6250425172123373,-0.6250425172123373
2016.0,307.0,19.0,0.0,0.0,0.0,0.0,0.0,0.0,0.0,0.0,0.0,0.0,0.0,0.0,0.0,0.0,5.06863803586291,0.9916499479005232,0.9916499479005232,0.0,0.0,0.0,0.0,0.073,0.073,-0.6250425172123373,-0.6250425172123373
2016.0,307.0,19.5,0.0,0.0,0.0,0.0,0.0,0.0,0.0,0.0,0.0,0.0,0.0,0.0,0.0,0.0,5.06863803586291,0.9916499479005232,0.9916499479005232,0.0,0.0,0.0,0.0,0.073,0.073,-0.6250425172123373,-0.6250425172123373
2016.0,307.0,20.0,0.0,0.0,0.0,0.0,0.0,0.0,0.0,0.0,0.0,0.0,0.0,0.0,0.0,0.0,5.06863803586291,0.9916499479005232,0.9916499479005232,0.0,0.0,0.0,0.0,0.073,0.073,-0.6250425172123373,-0.6250425172123373
2016.0,307.0,20.5,0.0,0.0,0.0,0.0,0.0,0.0,0.0,0.0,0.0,0.0,0.0,0.0,0.0,0.0,5.06863803586291,0.9916499479005232,0.9916499479005232,0.0,0.0,0.0,0.0,0.073,0.073,-0.6250425172123373,-0.6250425172123373
2016.0,307.0,21.0,0.0,0.0,0.0,0.0,0.0,0.0,0.0,0.0,0.0,0.0,0.0,0.0,0.0,0.0,5.06863803586291,0.9916499479005232,0.9916499479005232,0.0,0.0,0.0,0.0,0.073,0.073,-0.6250425172123373,-0.6250425172123373
2016.0,307.0,21.5,0.0,0.0,0.0,0.0,0.0,0.0,0.0,0.0,0.0,0.0,0.0,0.0,0.0,0.0,5.06863803586291,0.9916499479005232,0.9916499479005232,0.0,0.0,0.0,0.0,0.073,0.073,-0.6250425172123373,-0.6250425172123373
2016.0,307.0,22.0,0.0,0.0,0.0,0.0,0.0,0.0,0.0,0.0,0.0,0.0,0.0,0.0,0.0,0.0,5.06863803586291,0.9916499479005232,0.9916499479005232,0.0,0.0,0.0,0.0,0.073,0.073,-0.6250425172123373,-0.6250425172123373
2016.0,307.0,22.5,0.0,0.0,0.0,0.0,0.0,0.0,0.0,0.0,0.0,0.0,0.0,0.0,0.0,0.0,5.06863803586291,0.9916499479005232,0.9916499479005232,0.0,0.0,0.0,0.0,0.073,0.073,-0.6250425172123373,-0.6250425172123373
2016.0,307.0,23.0,0.0,0.0,0.0,0.0,0.0,0.0,0.0,0.0,0.0,0.0,0.0,0.0,0.0,0.0,5.06863803586291,0.9916499479005232,0.9916499479005232,0.0,0.0,0.0,0.0,0.073,0.073,-0.6250425172123373,-0.6250425172123373
2016.0,307.0,23.5,0.0,0.0,0.0,0.0,0.0,0.0,0.0,0.0,0.0,0.0,0.0,0.0,0.0,0.0,5.06863803586291,0.9916499479005232,0.9916499479005232,0.0,0.0,0.0,0.0,0.073,0.073,-0.6250425172123373,-0.6250425172123373
2016.0,308.0,0.0,0.0,0.0,0.0,0.0,0.0,0.0,0.0,0.0,0.0,0.0,0.0,0.0,0.0,0.0,5.06863803586291,0.9916499479005232,0.9916499479005232,0.0,0.0,0.0,0.0,0.073,0.073,-0.6250425172123373,-0.6250425172123373
2016.0,308.0,0.5,0.0,0.0,0.0,0.0,0.0,0.0,0.0,0.0,0.0,0.0,0.0,0.0,0.0,0.0,5.06863803586291,0.9916499479005232,0.9916499479005232,0.0,0.0,0.0,0.0,0.073,0.073,-0.6250425172123373,-0.6250425172123373
2016.0,308.0,1.0,0.0,0.0,0.0,0.0,0.0,0.0,0.0,0.0,0.0,0.0,0.0,0.0,0.0,0.0,5.06863803586291,0.9916499479005232,0.9916499479005232,0.0,0.0,0.0,0.0,0.073,0.073,-0.6250425172123373,-0.6250425172123373
2016.0,308.0,1.5,0.0,0.0,0.0,0.0,0.0,0.0,0.0,0.0,0.0,0.0,0.0,0.0,0.0,0.0,5.06863803586291,0.9916499479005232,0.9916499479005232,0.0,0.0,0.0,0.0,0.073,0.073,-0.6250425172123373,-0.6250425172123373
2016.0,308.0,2.0,0.0,0.0,0.0,0.0,0.0,0.0,0.0,0.0,0.0,0.0,0.0,0.0,0.0,0.0,5.06863803586291,0.9916499479005232,0.9916499479005232,0.0,0.0,0.0,0.0,0.073,0.073,-0.6250425172123373,-0.6250425172123373
2016.0,308.0,2.5,0.0,0.0,0.0,0.0,0.0,0.0,0.0,0.0,0.0,0.0,0.0,0.0,0.0,0.0,5.06863803586291,0.9916499479005232,0.9916499479005232,0.0,0.0,0.0,0.0,0.073,0.073,-0.6250425172123373,-0.6250425172123373
2016.0,308.0,3.0,0.0,0.0,0.0,0.0,0.0,0.0,0.0,0.0,0.0,0.0,0.0,0.0,0.0,0.0,5.06863803586291,0.9916499479005232,0.9916499479005232,0.0,0.0,0.0,0.0,0.073,0.073,-0.6250425172123373,-0.6250425172123373
2016.0,308.0,3.5,0.0,0.0,0.0,0.0,0.0,0.0,0.0,0.0,0.0,0.0,0.0,0.0,0.0,0.0,5.06863803586291,0.9916499479005232,0.9916499479005232,0.0,0.0,0.0,0.0,0.073,0.073,-0.6250425172123373,-0.6250425172123373
2016.0,308.0,4.0,0.0,0.0,0.0,0.0,0.0,0.0,0.0,0.0,0.0,0.0,0.0,0.0,0.0,0.0,5.06863803586291,0.9916499479005232,0.9916499479005232,0.0,0.0,0.0,0.0,0.073,0.073,-0.6250425172123373,-0.6250425172123373
2016,308,4.5,0.0,0.0,0.0,0.0,0.0,0.0,0.0,0.0,0.0,0.0,0.0,0.0,False,0.0,5.06863803586291,0.9916499479005232,0.9916499479005232,0.0,0.0,0.0,0.0,0.073,0.073,-0.6250425172123373,-0.6250425172123373
2016,308,5.0,-0.8053189113529498,-1.1228238723212742,0.801627052,0.4002837583786323,34.89639997605161,13.933717401750211,0.0020741306695442443,0.03622456818446077,0.0,-0.6600380246167173,15.447809951131042,15.483767589330458,False,False,5.063649459685206,0.9946117330215112,0.9946117330215112,0.0,0.0,0.0,0.0,0.073,0.073,-0.6250425172123373,-0.6250425172123373
2016,308,5.5,0.12169842021521193,-0.1324158913859007,1.125092806,0.5618028680379932,34.74738443843389,24.074063449490332,0.010036100802451672,0.04845931274018846,0.0,-0.6600380246167173,16.018682636067037,16.068624278359557,False,False,5.063649459685206,0.9946117330215112,0.9946117330215112,0.0,0.0,0.0,0.0,0.073,0.073,-0.6250425172123373,-0.6250425172123373
2016,308,6.0,0.8045893855432968,0.5559798179077664,1.602217948,0.8000501235169645,34.07308770841013,25.60492841884224,0.019607113697535067,0.05833224393929252,0.0,-0.6950335320210974,17.878126668593872,17.948856158150015,False,False,5.063649459685206,0.99384360472187,0.99384360472187,0.0,0.0,0.0,0.0,0.073,0.073,-0.6250425172123373,-0.6250425172123373
2016,308,6.5,14.195311496848754,12.162890447234583,3.1233663440000003,1.5596190470997828,33.04207072190151,27.707759890649445,0.10576830678140026,0.08977707008800742,0.0,-0.7300290394254775,21.209914916132355,21.35316109691933,False,False,5.063649459685206,0.9930122405056216,0.9930122405056216,0.0,0.0,0.039699477676380455,0.039699477676380455,0.073,0.073,-0.6250425172123373,-0.6250425172123373
2016,308,7.0,17.740549384507887,16.549496609101332,4.976161334,2.484792093907465,33.19527793175568,32.15657265317885,0.13495967247048268,0.1518141085700811,0.0,-0.8000200542342376,24.288626722585846,24.513902037914384,False,False,5.063649459685206,0.9911530347226176,0.9911530347226176,0.0,0.0,0.06177494905117202,0.06177494905117202,0.073,0.073,-0.6250425172123373,-0.6250425172123373
2016,308,7.5,20.973117863336565,15.090999791322016,3.018491918,1.5072511419843733,32.21894934991189,24.140892285063046,0.1457123588820941,0.06922710400622517,0.0,-0.7300290394254775,25.114862794558434,25.260867631438778,False,False,5.063649459685206,0.9930122405056216,0.9930122405056216,0.0,0.0,0.07898515854756158,0.07898515854756158,0.073,0.073,-0.6250425172123373,-0.6250425172123373
2016,308,8.0,18.45041161900259,19.15043857111121,10.98139379,5.483439671266201,31.72860627877637,36.73549791025356,0.12317191008244263,0.24411276999808823,0.0,-1.0449886060648979,26.154314156692607,26.592475876941553,False,False,5.063649459685206,0.9824206943207384,0.9824206943207384,0.0,0.0,0.06985283121774404,0.06985283121774404,0.073,0.073,-0.6250425172123373,-0.6250425172123373
2016,308,8.5,22.106121592022276,22.00002076411387,11.331078056,5.658050710016866,30.48667246903876,33.74662776789093,0.1344544839566666,0.1875428906836346,0.0,-1.0449886060648979,27.97643776459773,28.451073318686326,False,False,5.063649459685206,0.9824206943207384,0.9824206943207384,0.0,0.0,0.10041866583418427,0.10041866583418427,0.073,0.073,-0.6250425172123373,-0.6250425172123373
2016,308,9.0,22.746253119852632,21.77304571415822,11.083630486,5.534490454566231,29.540961381373613,31.664192743244143,0.12921134454554456,0.1476417604127988,0.0,-1.0449886060648979,29.278788952858548,29.756930397323856,False,False,5.063649459685206,0.9824206943207384,0.9824206943207384,0.0,0.0,0.11763293012365311,0.11763293012365311,0.073,0.073,-0.6250425172123373,-0.6250425172123373
2016,308,9.5,22.008569539242156,22.57817049869846,15.586900038,7.783149175313368,29.340851259268526,34.72877631284447,0.12315622126713395,0.2031377377161292,0.0,-1.2199661430867983,30.69894187049741,31.326982984620734,False,False,5.063649459685206,0.9738750989400539,0.9738750989400539,0.0,0.0,0.12017447724720738,0.12017447724720738,0.073,0.073,-0.6250425172123373,-0.6250425172123373
2016,308,10.0,17.251157404021768,17.349016354769603,11.364210002,5.674594787258508,28.37582978650171,32.1098328398612,0.08990422454358497,0.11694651611014995,0.0,-1.0449886060648979,33.03561692074343,33.52719402114309,False,False,5.063649459685206,0.9824206943207384,0.9824206943207384,0.0,0.0,0.10224070193287166,0.10224070193287166,0.073,0.073,-0.6250425172123373,-0.6250425172123373
2016,308,10.5,12.821335984105161,12.574846700494476,8.890678652,4.439463783663869,27.471591079349267,30.81804016061355,0.06279154190608,0.07390435219697195,0.0,-0.9749975912561379,35.89551272790709,36.303742132165915,False,False,5.063649459685206,0.9852856333587916,0.9852856333587916,0.0,0.0,0.1260286089701243,0.1260286089701243,0.073,0.073,-0.6250425172123373,-0.6250425172123373
2016,308,11.0,6.534667607207647,6.022359546595904,4.174951954,2.0847168955038393,26.569109217929835,27.719689482885386,0.030114965079208793,0.028378832903048226,0.0,-0.7650245468298575,38.20830454445698,38.411105371773,False,False,5.063649459685206,0.9921159340174588,0.9921159340174588,0.0,0.0,0.10239163165018332,0.10239163165018332,0.073,0.073,-0.6250425172123373,-0.6250425172123373
2016,308,11.5,0.0,2.171621792858324,0.0,4.899286930841381,0.0,40.80382457600031,0.0,0.05315630642571667,0.0,-1.009993098660518,0.0,41.90711708880619,True,False,5.063649459685206,0.9838914991654641,0.9838914991654641,0.0,0.0,0.13201814194707376,0.13201814194707376,0.073,0.073,-0.6250425172123373,-0.6250425172123373
2016,308,12.0,0.0,-1.6044764895128196,0.0,4.501773097521826,0.0,36.72290949337072,0.0,0.04432630171430339,0.0,-0.9749975912561379,0.0,43.17130940209678,True,False,5.063649459685206,0.9852856333587916,0.9852856333587916,0.0,0.0,0.11292959157263367,0.11292959157263367,0.073,0.073,-0.6250425172123373,-0.6250425172123373
2016,308,12.5,0.0,0.0,0.0,0.0,0.0,0.0,0.0,0.0,0.0,0.0,0.0,0.0,False,0.0,5.063649459685206,0.9852856333587916,0.9852856333587916,0.0,0.0,0.13229311215016523,0.13229311215016523,0.073,0.073,-0.6250425172123373,-0.6250425172123373
2016,308,13.0,0.0,0.0,0.0,0.0,0.0,0.0,0.0,0.0,0.0,0.0,0.0,0.0,True,0.0,5.063649459685206,0.9852856333587916,0.9852856333587916,0.0,0.0,0.12703499482462008,0.12703499482462008,0.072,0.072,-0.6854755862964091,-0.6854755862964091
2016,308,13.5,0.0,-3.8435307478339618,0.0,6.3478711083905175,0.0,30.478734769508073,0.0,0.06222854382277032,0.0,-1.171161117258348,0.0,43.16985819784898,False,True,5.057245406168423,0.9764626692487085,0.9764626692487085,0.0,0.0,0.12105078578822168,0.12105078578822168,0.072,0.072,-0.6854755862964091,-0.6854755862964091
2016,308,14.0,0.0,-0.5017117758127219,0.0,5.11877334991553,0.0,36.478560876748716,0.0,0.0508882735765747,0.0,-1.0670856463379326,0.0,42.20336068642746,True,False,5.057245406168423,0.9814519406864189,0.9814519406864189,0.0,0.0,0.06611742405059194,0.06611742405059194,0.072,0.072,-0.6854755862964091,-0.6854755862964091
2016,308,14.5,0.919296084120786,3.774200633188717,9.590831282,4.789077391981921,27.114781159771127,37.89638956656266,0.007829624009222018,0.05143624815568234,0.0,-1.0323938226977942,40.114054917590416,40.55215523264158,False,False,5.057245406168423,0.9829589430563825,0.9829589430563825,0.0,0.0,0.09193105106921744,0.09193105106921744,0.072,0.072,-0.6854755862964091,-0.6854755862964091
2016,308,15.0,0.0,0.0,0.0,0.0,0.0,0.0,0.0,0.0,0.0,0.0,0.0,0.0,False,0.0,5.057245406168423,0.9829589430563825,0.9829589430563825,0.0,0.0,0.0,0.0,0.072,0.072,-0.6854755862964091,-0.6854755862964091
2016,308,15.5,0.0,0.0,0.0,0.0,0.0,0.0,0.0,0.0,0.0,0.0,0.0,0.0,False,0.0,5.057245406168423,0.9829589430563825,0.9829589430563825,0.0,0.0,0.0,0.0,0.072,0.072,-0.6854755862964091,-0.6854755862964091
2016,308,16.0,0.0,0.0,0.0,0.0,0.0,0.0,0.0,0.0,0.0,0.0,0.0,0.0,False,0.0,5.057245406168423,0.9829589430563825,0.9829589430563825,0.0,0.0,0.0,0.0,0.072,0.072,-0.6854755862964091,-0.6854755862964091
2016,308,16.5,0.0,0.0,0.0,0.0,0.0,0.0,0.0,0.0,0.0,0.0,0.0,0.0,False,0.0,5.057245406168423,0.9829589430563825,0.9829589430563825,0.0,0.0,0.0,0.0,0.072,0.072,-0.6854755862964091,-0.6854755862964091
2016,308,17.0,0.0,0.0,0.0,0.0,0.0,0.0,0.0,0.0,0.0,0.0,0.0,0.0,False,0.0,5.057245406168423,0.9829589430563825,0.9829589430563825,0.0,0.0,0.0,0.0,0.072,0.072,-0.6854755862964091,-0.6854755862964091
2016,308,17.5,0.0,0.0,0.0,0.0,0.0,0.0,0.0,0.0,0.0,0.0,0.0,0.0,False,0.0,5.057245406168423,0.9829589430563825,0.9829589430563825,0.0,0.0,0.0,0.0,0.072,0.072,-0.6854755862964091,-0.6854755862964091
2016,308,18.0,0.0,0.0,0.0,0.0,0.0,0.0,0.0,0.0,0.0,0.0,0.0,0.0,False,0.0,5.057245406168423,0.9829589430563825,0.9829589430563825,0.0,0.0,0.0,0.0,0.072,0.072,-0.6854755862964091,-0.6854755862964091
2016,308,18.5,0.0,0.0,0.0,0.0,0.0,0.0,0.0,0.0,0.0,0.0,0.0,0.0,False,0.0,5.057245406168423,0.9829589430563825,0.9829589430563825,0.0,0.0,0.0,0.0,0.072,0.072,-0.6854755862964091,-0.6854755862964091
2016.0,308.0,19.0,0.0,0.0,0.0,0.0,0.0,0.0,0.0,0.0,0.0,0.0,0.0,0.0,0.0,0.0,5.057245406168423,0.9829589430563825,0.9829589430563825,0.0,0.0,0.0,0.0,0.072,0.072,-0.6854755862964091,-0.6854755862964091
2016.0,308.0,19.5,0.0,0.0,0.0,0.0,0.0,0.0,0.0,0.0,0.0,0.0,0.0,0.0,0.0,0.0,5.057245406168423,0.9829589430563825,0.9829589430563825,0.0,0.0,0.0,0.0,0.072,0.072,-0.6854755862964091,-0.6854755862964091
2016.0,308.0,20.0,0.0,0.0,0.0,0.0,0.0,0.0,0.0,0.0,0.0,0.0,0.0,0.0,0.0,0.0,5.057245406168423,0.9829589430563825,0.9829589430563825,0.0,0.0,0.0,0.0,0.072,0.072,-0.6854755862964091,-0.6854755862964091
2016.0,308.0,20.5,0.0,0.0,0.0,0.0,0.0,0.0,0.0,0.0,0.0,0.0,0.0,0.0,0.0,0.0,5.057245406168423,0.9829589430563825,0.9829589430563825,0.0,0.0,0.0,0.0,0.072,0.072,-0.6854755862964091,-0.6854755862964091
2016.0,308.0,21.0,0.0,0.0,0.0,0.0,0.0,0.0,0.0,0.0,0.0,0.0,0.0,0.0,0.0,0.0,5.057245406168423,0.9829589430563825,0.9829589430563825,0.0,0.0,0.0,0.0,0.072,0.072,-0.6854755862964091,-0.6854755862964091
2016.0,308.0,21.5,0.0,0.0,0.0,0.0,0.0,0.0,0.0,0.0,0.0,0.0,0.0,0.0,0.0,0.0,5.057245406168423,0.9829589430563825,0.9829589430563825,0.0,0.0,0.0,0.0,0.072,0.072,-0.6854755862964091,-0.6854755862964091
2016.0,308.0,22.0,0.0,0.0,0.0,0.0,0.0,0.0,0.0,0.0,0.0,0.0,0.0,0.0,0.0,0.0,5.057245406168423,0.9829589430563825,0.9829589430563825,0.0,0.0,0.0,0.0,0.072,0.072,-0.6854755862964091,-0.6854755862964091
2016.0,308.0,22.5,0.0,0.0,0.0,0.0,0.0,0.0,0.0,0.0,0.0,0.0,0.0,0.0,0.0,0.0,5.057245406168423,0.9829589430563825,0.9829589430563825,0.0,0.0,0.0,0.0,0.072,0.072,-0.6854755862964091,-0.6854755862964091
2016.0,308.0,23.0,0.0,0.0,0.0,0.0,0.0,0.0,0.0,0.0,0.0,0.0,0.0,0.0,0.0,0.0,5.057245406168423,0.9829589430563825,0.9829589430563825,0.0,0.0,0.0,0.0,0.072,0.072,-0.6854755862964091,-0.6854755862964091
2016.0,308.0,23.5,0.0,0.0,0.0,0.0,0.0,0.0,0.0,0.0,0.0,0.0,0.0,0.0,0.0,0.0,5.057245406168423,0.9829589430563825,0.9829589430563825,0.0,0.0,0.0,0.0,0.072,0.072,-0.6854755862964091,-0.6854755862964091
2016.0,309.0,0.0,0.0,0.0,0.0,0.0,0.0,0.0,0.0,0.0,0.0,0.0,0.0,0.0,0.0,0.0,5.057245406168423,0.9829589430563825,0.9829589430563825,0.0,0.0,0.0,0.0,0.072,0.072,-0.6854755862964091,-0.6854755862964091
2016.0,309.0,0.5,0.0,0.0,0.0,0.0,0.0,0.0,0.0,0.0,0.0,0.0,0.0,0.0,0.0,0.0,5.057245406168423,0.9829589430563825,0.9829589430563825,0.0,0.0,0.0,0.0,0.072,0.072,-0.6854755862964091,-0.6854755862964091
2016.0,309.0,1.0,0.0,0.0,0.0,0.0,0.0,0.0,0.0,0.0,0.0,0.0,0.0,0.0,0.0,0.0,5.057245406168423,0.9829589430563825,0.9829589430563825,0.0,0.0,0.0,0.0,0.072,0.072,-0.6854755862964091,-0.6854755862964091
2016.0,309.0,1.5,0.0,0.0,0.0,0.0,0.0,0.0,0.0,0.0,0.0,0.0,0.0,0.0,0.0,0.0,5.057245406168423,0.9829589430563825,0.9829589430563825,0.0,0.0,0.0,0.0,0.072,0.072,-0.6854755862964091,-0.6854755862964091
2016.0,309.0,2.0,0.0,0.0,0.0,0.0,0.0,0.0,0.0,0.0,0.0,0.0,0.0,0.0,0.0,0.0,5.057245406168423,0.9829589430563825,0.9829589430563825,0.0,0.0,0.0,0.0,0.072,0.072,-0.6854755862964091,-0.6854755862964091
2016.0,309.0,2.5,0.0,0.0,0.0,0.0,0.0,0.0,0.0,0.0,0.0,0.0,0.0,0.0,0.0,0.0,5.057245406168423,0.9829589430563825,0.9829589430563825,0.0,0.0,0.0,0.0,0.072,0.072,-0.6854755862964091,-0.6854755862964091
2016.0,309.0,3.0,0.0,0.0,0.0,0.0,0.0,0.0,0.0,0.0,0.0,0.0,0.0,0.0,0.0,0.0,5.057245406168423,0.9829589430563825,0.9829589430563825,0.0,0.0,0.0,0.0,0.072,0.072,-0.6854755862964091,-0.6854755862964091
2016.0,309.0,3.5,0.0,0.0,0.0,0.0,0.0,0.0,0.0,0.0,0.0,0.0,0.0,0.0,0.0,0.0,5.057245406168423,0.9829589430563825,0.9829589430563825,0.0,0.0,0.0,0.0,0.072,0.072,-0.6854755862964091,-0.6854755862964091
2016.0,309.0,4.0,0.0,0.0,0.0,0.0,0.0,0.0,0.0,0.0,0.0,0.0,0.0,0.0,0.0,0.0,5.057245406168423,0.9829589430563825,0.9829589430563825,0.0,0.0,0.0,0.0,0.072,0.072,-0.6854755862964091,-0.6854755862964091
2016,309,4.5,0.0,0.0,0.0,0.0,0.0,0.0,0.0,0.0,0.0,0.0,0.0,0.0,False,0.0,5.057245406168423,0.9829589430563825,0.9829589430563825,0.0,0.0,0.0,0.0,0.072,0.072,-0.6854755862964091,-0.6854755862964091
2016,309,5.0,-0.12248183255697259,-0.2657494335431976,1.027418028,0.5130300289239776,38.80032151600922,26.155376380169184,0.004466800367209401,0.19396557542260984,0.0,-0.7201674099365476,10.047416123422781,10.091205200713581,False,False,5.057245406168423,0.9932530154823674,0.9932530154823674,0.0,0.0,0.0,0.0,0.072,0.072,-0.6854755862964091,-0.6854755862964091
2016,309,5.5,0.9285549693828955,0.9549731601374735,1.413326374,0.7057291684317616,38.416563160555235,42.26946949035364,0.013457657078543413,0.22147426870362372,0.0,-0.7548592335766862,11.107396571304939,11.166326601329157,False,False,5.057245406168423,0.9923830787115823,0.9923830787115823,0.0,0.0,0.0,0.0,0.072,0.072,-0.6854755862964091,-0.6854755862964091
2016,309,6.0,2.0007165392475077,2.0402156692157423,1.502013198,0.7500139703740297,37.811153844663096,41.56552856422947,0.02606171694023934,0.1857210217804563,0.0,-0.7548592335766862,12.859799321972197,12.922736640160648,False,False,5.057245406168423,0.9923830787115823,0.9923830787115823,0.0,0.0,0.0008403449892708334,0.0008403449892708334,0.072,0.072,-0.6854755862964091,-0.6854755862964091
2016,309,6.5,16.00295402769892,15.524480029963572,2.46245108,1.2295981911622442,36.79046662765599,34.629073864406855,0.18191110717503703,0.20756434739236426,0.0,-0.7895510572168246,16.835871906070576,16.950868000301845,False,False,5.057245406168423,0.9914481653832536,0.9914481653832536,0.0,0.0,0.03401160242674071,0.03401160242674071,0.072,0.072,-0.6854755862964091,-0.6854755862964091
2016,309,7.0,20.336728084048424,19.828337096216316,3.387078012,1.6913006031699964,36.04066925888638,34.85458159811269,0.2132838370736514,0.2324587728581663,0.0,-0.8242428808569631,17.640728689821074,17.798410284838297,False,False,5.057245406168423,0.9904467051009351,0.9904467051009351,0.0,0.0,0.047374459436890747,0.047374459436890747,0.072,0.072,-0.6854755862964091,-0.6854755862964091
2016,309,7.5,23.937634582489984,23.827972265142698,6.207921434,3.099858116216353,34.86418940776397,36.309128360684284,0.2189014383627101,0.31007158119284667,0.0,-0.9283183517773785,18.7946570724996,19.06638947072458,False,False,5.057245406168423,0.987028110570822,0.987028110570822,0.0,0.0,0.062197400231707015,0.062197400231707015,0.072,0.072,-0.6854755862964091,-0.6854755862964091
2016,309,8.0,22.89083651891501,22.86524136685967,6.851921532000001,3.4214325678026603,33.82050912609073,35.43137110418695,0.1818705879359664,0.24075720214451668,0.0,-0.9283183517773785,20.280764593568147,20.57283436887408,False,False,5.057245406168423,0.987028110570822,0.987028110570822,0.0,0.0,0.05764771969138395,0.05764771969138395,0.072,0.072,-0.6854755862964091,-0.6854755862964091
2016,309,8.5,25.17913611107972,24.14619451154296,7.694991566,3.842410428946399,31.6847044062772,31.49222083983789,0.16908886052849942,0.16516021319048474,0.0,-0.9944143644310137,23.157337234376563,23.49472128623975,False,False,5.053383788052633,0.9845215104871207,0.9845215104871207,0.0,0.0,0.07573959871660156,0.07573959871660156,0.0715,0.0715,-0.7181951340120418,-0.7181951340120418
2016,309,9.0,27.25620895984584,22.92776906620682,6.54869839,3.270021386500438,30.44621341531346,26.19232522228635,0.16629302708643057,0.10446645856413998,0.0,-0.9932000247791959,24.794550577409847,25.094724641235644,False,False,5.048998194705527,0.9845699838478392,0.9845699838478392,0.0,0.0,0.09475200293354603,0.09475200293354603,0.071,0.071,-0.752722736959751,-0.752722736959751
2016,309,9.5,27.291032667281808,22.705754566004813,7.601988346,3.7959702815611105,29.512219805365923,25.745789309483875,0.15545800931915382,0.09935337552387624,0.0,-1.0275539230391164,26.137600034123096,26.48374930920398,False,False,5.048998194705527,0.9831631082106086,0.9831631082106086,0.0,0.0,0.08602882490253366,0.08602882490253366,0.071,0.071,-0.752722736959751,-0.752722736959751
2016,309,10.0,25.074570713273914,22.502132747785584,9.31889883,4.653290876743815,28.882852545986562,27.290825795358764,0.13631277522262372,0.10749329794677648,0.0,-1.096261719558958,27.130115069215385,27.5437205089896,False,False,5.048998194705527,0.9801247440796245,0.9801247440796245,0.0,0.0,0.0786408921159892,0.0786408921159892,0.071,0.071,-0.752722736959751,-0.752722736959751
2016,309,10.5,26.56754921241671,23.85437318431986,10.832013406000002,5.408848199600692,28.524689999227483,27.867763169639034,0.14130581868068123,0.11650340569264486,0.0,-1.1649695160787994,27.89448863616388,28.37253434783917,False,False,5.048998194705527,0.9767794884518554,0.9767794884518554,0.0,0.0,0.09362638853013769,0.09362638853013769,0.071,0.071,-0.752722736959751,-0.752722736959751
2016,309,11.0,22.239177947939748,21.153370025644747,11.527737602,5.756250517517768,27.99727068287131,28.925600345199513,0.11365554075762069,0.11130410572995167,0.0,-1.19932341433872,29.13201119858722,29.633161731030476,False,False,5.048998194705527,0.9749891725256685,0.9749891725256685,0.0,0.0,0.07683318974783238,0.07683318974783238,0.071,0.071,-0.752722736959751,-0.752722736959751
2016,309,11.5,25.194124644426203,22.57747432464194,11.822288124,5.903331120254896,27.766800537795923,27.734354339527712,0.12740121753239814,0.10887529591529932,0.0,-1.19932341433872,29.375403793818727,29.896314851767332,False,False,5.048998194705527,0.9749891725256685,0.9749891725256685,0.0,0.0,0.09922177125211691,0.09922177125211691,0.071,0.071,-0.752722736959751,-0.752722736959751
2016,309,12.0,22.026201069926266,20.40790246825531,11.34891684,5.666958312980873,27.59278811786467,27.94118652051765,0.10972550852527745,0.10069194045897582,0.0,-1.1649695160787994,29.84277735082538,30.340879320533695,False,False,5.048998194705527,0.9767794884518554,0.9767794884518554,0.0,0.0,0.08134035500055072,0.08134035500055072,0.071,0.071,-0.752722736959751,-0.752722736959751
2016,309,12.5,23.643444936342334,22.2232430428171,13.430495212,6.706371855756168,27.575088294636608,29.294172644116035,0.11793317870553671,0.11965527995403225,0.0,-1.2680312108585614,30.011838266901734,30.59274694633409,False,False,5.048998194705527,0.9711683635477956,0.9711683635477956,0.0,0.0,0.09547898465165025,0.09547898465165025,0.071,0.071,-0.752722736959751,-0.752722736959751
2016,309,13.0,23.156976691850225,21.87067412491644,13.600601462000002,6.791312563412943,27.556379326318606,29.52990107380734,0.1153017504835386,0.1207920689977384,0.0,-1.2680312108585614,30.045032660707378,30.631839523954902,False,False,5.048998194705527,0.9711683635477956,0.9711683635477956,0.0,0.0,0.09302421591940571,0.09302421591940571,0.071,0.071,-0.752722736959751,-0.752722736959751
2016,309,13.5,21.655131926662026,19.782578289464894,12.083081628,6.033555522838871,27.5617973399948,28.611864618375225,0.1055855988899157,0.1029267634014151,0.0,-1.19932341433872,30.558000386870425,31.088036737823742,False,False,5.048998194705527,0.9749891725256685,0.9749891725256685,0.0,0.0,0.08779841925366097,0.08779841925366097,0.071,0.071,-0.752722736959751,-0.752722736959751
2016,309,14.0,15.16137254966197,15.642980845492712,11.497987124000002,5.741394939580759,27.633423679743476,31.437824535117496,0.07509846840346923,0.10273906859214918,0.0,-1.19932341433872,29.95803950657642,30.451344987580907,False,False,5.048998194705527,0.9749891725256685,0.9749891725256685,0.0,0.0,0.050159783418745135,0.050159783418745135,0.071,0.071,-0.752722736959751,-0.752722736959751
2016,309,14.5,19.08766531427904,16.879592303982104,8.698301710000003,4.343402447937954,27.94200747918397,27.00193921103577,0.09687935478418547,0.08196226413296069,0.0,-1.096261719558958,29.4608029665428,29.850003611959032,False,False,5.048998194705527,0.9801247440796245,0.9801247440796245,0.0,0.0,0.06463755115030136,0.06463755115030136,0.071,0.071,-0.752722736959751,-0.752722736959751
2016,309,15.0,-1.3245909690946633,0.0,6.433517004,0.0,27.687089686831975,0.0,0.006646860273084595,0.0,0.0,0.0,29.00245776425592,0.0,False,0.0,5.048998194705527,0.9801247440796245,0.9801247440796245,0.0,0.0,0.0,0.0,0.071,0.071,-0.752722736959751,-0.752722736959751
2016,309,15.5,-0.4887996027935333,-0.836485046726309,6.387577196,3.1895672689305963,27.433339643665036,21.74181872098228,0.014403819175869557,0.053322398161486484,0.0,-0.9932000247791959,29.309161000222254,29.589914196881992,False,False,5.048998194705527,0.9845699838478392,0.9845699838478392,0.0,0.0,0.0,0.0,0.071,0.071,-0.752722736959751,-0.752722736959751
2016,309,16.0,-0.3723817672102292,-0.7911315502222465,6.793140664,3.392080980047363,27.771139712671946,22.16560343650735,0.015335953163348851,0.06088978390961852,0.0,-0.9932000247791959,28.51138490618016,28.807997558256552,False,False,5.048998194705527,0.9845699838478392,0.9845699838478392,0.0,0.0,0.0,0.0,0.071,0.071,-0.752722736959751,-0.752722736959751
2016,309,16.5,-1.5834347082499767,-2.1014397409368417,7.51186153,3.750966435259801,27.844915265832533,22.692808423484596,0.007099501659258541,0.06878580577325821,0.0,-1.062537996061661,28.34156076599998,28.666839175703522,False,False,5.044013592615464,0.9816538670246664,0.9816538670246664,0.0,0.0,0.0,0.0,0.0705,0.0705,-0.7891721114701507,-0.7891721114701507
2016,309,17.0,-2.3854741406311453,0.0,5.391562158,0.0,28.06863135570528,0.0,0.0018943642713819353,0.0,0.0,0.0,27.58758191157697,0.0,False,0.0,5.044013592615464,0.9816538670246664,0.9816538670246664,0.0,0.0,0.0,0.0,0.07,0.07,-0.8276650068290242,-0.8276650068290242
2016,309,17.5,-2.795062431209375,0.0,4.87886548,0.0,28.14029825365673,0.0,0.00014712119903100194,0.0,0.0,0.0,26.977180834345365,0.0,False,0.0,5.044013592615464,0.9816538670246664,0.9816538670246664,0.0,0.0,0.0,0.0,0.07,0.07,-0.8276650068290242,-0.8276650068290242
2016,309,18.0,0.0,0.0,0.0,0.0,0.0,0.0,0.0,0.0,0.0,0.0,0.0,0.0,False,0.0,5.044013592615464,0.9816538670246664,0.9816538670246664,0.0,0.0,0.0,0.0,0.07,0.07,-0.8276650068290242,-0.8276650068290242
2016,309,18.5,0.0,0.0,0.0,0.0,0.0,0.0,0.0,0.0,0.0,0.0,0.0,0.0,False,0.0,5.044013592615464,0.9816538670246664,0.9816538670246664,0.0,0.0,0.0,0.0,0.07,0.07,-0.8276650068290242,-0.8276650068290242
2016.0,309.0,19.0,0.0,0.0,0.0,0.0,0.0,0.0,0.0,0.0,0.0,0.0,0.0,0.0,0.0,0.0,5.044013592615464,0.9816538670246664,0.9816538670246664,0.0,0.0,0.0,0.0,0.07,0.07,-0.8276650068290242,-0.8276650068290242
2016.0,309.0,19.5,0.0,0.0,0.0,0.0,0.0,0.0,0.0,0.0,0.0,0.0,0.0,0.0,0.0,0.0,5.044013592615464,0.9816538670246664,0.9816538670246664,0.0,0.0,0.0,0.0,0.07,0.07,-0.8276650068290242,-0.8276650068290242
2016.0,309.0,20.0,0.0,0.0,0.0,0.0,0.0,0.0,0.0,0.0,0.0,0.0,0.0,0.0,0.0,0.0,5.044013592615464,0.9816538670246664,0.9816538670246664,0.0,0.0,0.0,0.0,0.07,0.07,-0.8276650068290242,-0.8276650068290242
2016.0,309.0,20.5,0.0,0.0,0.0,0.0,0.0,0.0,0.0,0.0,0.0,0.0,0.0,0.0,0.0,0.0,5.044013592615464,0.9816538670246664,0.9816538670246664,0.0,0.0,0.0,0.0,0.07,0.07,-0.8276650068290242,-0.8276650068290242
2016.0,309.0,21.0,0.0,0.0,0.0,0.0,0.0,0.0,0.0,0.0,0.0,0.0,0.0,0.0,0.0,0.0,5.044013592615464,0.9816538670246664,0.9816538670246664,0.0,0.0,0.0,0.0,0.07,0.07,-0.8276650068290242,-0.8276650068290242
2016.0,309.0,21.5,0.0,0.0,0.0,0.0,0.0,0.0,0.0,0.0,0.0,0.0,0.0,0.0,0.0,0.0,5.044013592615464,0.9816538670246664,0.9816538670246664,0.0,0.0,0.0,0.0,0.07,0.07,-0.8276650068290242,-0.8276650068290242
2016.0,309.0,22.0,0.0,0.0,0.0,0.0,0.0,0.0,0.0,0.0,0.0,0.0,0.0,0.0,0.0,0.0,5.044013592615464,0.9816538670246664,0.9816538670246664,0.0,0.0,0.0,0.0,0.07,0.07,-0.8276650068290242,-0.8276650068290242
2016.0,309.0,22.5,0.0,0.0,0.0,0.0,0.0,0.0,0.0,0.0,0.0,0.0,0.0,0.0,0.0,0.0,5.044013592615464,0.9816538670246664,0.9816538670246664,0.0,0.0,0.0,0.0,0.07,0.07,-0.8276650068290242,-0.8276650068290242
2016.0,309.0,23.0,0.0,0.0,0.0,0.0,0.0,0.0,0.0,0.0,0.0,0.0,0.0,0.0,0.0,0.0,5.044013592615464,0.9816538670246664,0.9816538670246664,0.0,0.0,0.0,0.0,0.07,0.07,-0.8276650068290242,-0.8276650068290242
2016.0,309.0,23.5,0.0,0.0,0.0,0.0,0.0,0.0,0.0,0.0,0.0,0.0,0.0,0.0,0.0,0.0,5.044013592615464,0.9816538670246664,0.9816538670246664,0.0,0.0,0.0,0.0,0.07,0.07,-0.8276650068290242,-0.8276650068290242
2016.0,310.0,0.0,0.0,0.0,0.0,0.0,0.0,0.0,0.0,0.0,0.0,0.0,0.0,0.0,0.0,0.0,5.044013592615464,0.9816538670246664,0.9816538670246664,0.0,0.0,0.0,0.0,0.07,0.07,-0.8276650068290242,-0.8276650068290242
2016.0,310.0,0.5,0.0,0.0,0.0,0.0,0.0,0.0,0.0,0.0,0.0,0.0,0.0,0.0,0.0,0.0,5.044013592615464,0.9816538670246664,0.9816538670246664,0.0,0.0,0.0,0.0,0.07,0.07,-0.8276650068290242,-0.8276650068290242
2016.0,310.0,1.0,0.0,0.0,0.0,0.0,0.0,0.0,0.0,0.0,0.0,0.0,0.0,0.0,0.0,0.0,5.044013592615464,0.9816538670246664,0.9816538670246664,0.0,0.0,0.0,0.0,0.07,0.07,-0.8276650068290242,-0.8276650068290242
2016.0,310.0,1.5,0.0,0.0,0.0,0.0,0.0,0.0,0.0,0.0,0.0,0.0,0.0,0.0,0.0,0.0,5.044013592615464,0.9816538670246664,0.9816538670246664,0.0,0.0,0.0,0.0,0.07,0.07,-0.8276650068290242,-0.8276650068290242
2016.0,310.0,2.0,0.0,0.0,0.0,0.0,0.0,0.0,0.0,0.0,0.0,0.0,0.0,0.0,0.0,0.0,5.044013592615464,0.9816538670246664,0.9816538670246664,0.0,0.0,0.0,0.0,0.07,0.07,-0.8276650068290242,-0.8276650068290242
2016.0,310.0,2.5,0.0,0.0,0.0,0.0,0.0,0.0,0.0,0.0,0.0,0.0,0.0,0.0,0.0,0.0,5.044013592615464,0.9816538670246664,0.9816538670246664,0.0,0.0,0.0,0.0,0.07,0.07,-0.8276650068290242,-0.8276650068290242
2016.0,310.0,3.0,0.0,0.0,0.0,0.0,0.0,0.0,0.0,0.0,0.0,0.0,0.0,0.0,0.0,0.0,5.044013592615464,0.9816538670246664,0.9816538670246664,0.0,0.0,0.0,0.0,0.07,0.07,-0.8276650068290242,-0.8276650068290242
2016.0,310.0,3.5,0.0,0.0,0.0,0.0,0.0,0.0,0.0,0.0,0.0,0.0,0.0,0.0,0.0,0.0,5.044013592615464,0.9816538670246664,0.9816538670246664,0.0,0.0,0.0,0.0,0.07,0.07,-0.8276650068290242,-0.8276650068290242
2016.0,310.0,4.0,0.0,0.0,0.0,0.0,0.0,0.0,0.0,0.0,0.0,0.0,0.0,0.0,0.0,0.0,5.044013592615464,0.9816538670246664,0.9816538670246664,0.0,0.0,0.0,0.0,0.07,0.07,-0.8276650068290242,-0.8276650068290242
2016,310,4.5,0.0,0.0,0.0,0.0,0.0,0.0,0.0,0.0,0.0,0.0,0.0,0.0,False,0.0,5.044013592615464,0.9816538670246664,0.9816538670246664,0.0,0.0,0.0,0.0,0.07,0.07,-0.8276650068290242,-0.8276650068290242
2016,310,5.0,-1.6719184050882872,-2.115527749958491,0.236378768,0.11803316943943502,31.66492287223466,6.786155781269396,0.0009737760572266242,0.004682041778022572,0.0,-0.8276650068290242,19.690552832034577,19.701406468139385,False,False,5.038343708215051,0.9903442534791972,0.9903442534791972,0.0,0.0,0.0,0.0,0.07,0.07,-0.8276650068290242,-0.8276650068290242
2016,310,5.5,-0.5026873735563143,-1.0046380796421097,0.753605612,0.3763047740891226,31.6944781853042,15.57083538957727,0.006587804594222222,0.014986991720669864,0.0,-0.8616423107679938,19.52806867528981,19.56232897503532,False,False,5.038343708215051,0.9892907990110336,0.9892907990110336,0.0,0.0,0.0,0.0,0.07,0.07,-0.8276650068290242,-0.8276650068290242
2016,310,6.0,0.829575292835864,0.25631690686541186,1.032542224,0.5155887405198891,31.82602695383668,18.445137692865302,0.018195758607874854,0.021313187262088924,0.0,-0.8616423107679938,20.069987515367146,20.11676813380882,False,False,5.038343708215051,0.9892907990110336,0.9892907990110336,0.0,0.0,0.0,0.0,0.07,0.07,-0.8276650068290242,-0.8276650068290242
2016,310,6.5,14.021964516787742,9.580055135841842,2.8705228780000005,1.4333644096103788,31.008816652176506,22.873942093989065,0.08778316445150842,0.05067509158530813,0.0,-0.929596918645933,23.03684858895659,23.170321404897784,False,False,5.038343708215051,0.9869821421438798,0.9869821421438798,0.0,0.0,0.029943153989525073,0.029943153989525073,0.07,0.07,-0.8276650068290242,-0.8276650068290242
2016,310,7.0,17.237818294099004,14.54306631581133,5.659023674,2.825771983780777,30.69050035427816,27.84084661308062,0.10576985574363597,0.09508753633049252,0.0,-1.0315288304628416,24.86329068010796,25.120002714690706,False,False,5.038343708215051,0.982995540335057,0.982995540335057,0.0,0.0,0.04307163878673226,0.04307163878673226,0.07,0.07,-0.8276650068290242,-0.8276650068290242
2016,310,7.5,20.748695266739524,19.4995399354096,9.611333874000001,4.799315138527262,30.264422197044986,31.28905251876933,0.12385404333109476,0.1509577352387707,0.0,-1.2014153501576894,25.02585412925583,25.442928778829483,False,False,5.038343708215051,0.9748775868992494,0.9748775868992494,0.0,0.0,0.05561755327333012,0.05561755327333012,0.07,0.07,-0.8276650068290242,-0.8276650068290242
2016,310,8.5,22.59203169872037,22.78796226154659,13.435117108,6.708679749304794,29.53835491783886,33.14979093930673,0.1280587642764715,0.18296385933612064,0.0,-1.3373245659135677,24.754629835737262,25.31072859548152,False,False,5.038343708215051,0.9669846996429123,0.9669846996429123,0.0,0.0,0.04676727683056712,0.04676727683056712,0.07,0.07,-0.8276650068290242,-0.8276650068290242
2016,310,9.0,26.956773450535763,26.470519379874354,14.220395486,7.100799974957204,29.404469539184753,32.146519500505704,0.15229783436322514,0.1891076789935251,0.0,-1.3713018698525374,24.774083170569952,25.36819600745946,False,False,5.038343708215051,0.9648100813917914,0.9648100813917914,0.0,0.0,0.06291826382998733,0.06291826382998733,0.07,0.07,-0.8276650068290242,-0.8276650068290242
2016,310,9.5,27.48081186322321,26.304456697029472,13.346818588,6.664588842745829,28.994215433188863,30.604845291465484,0.15102537034837285,0.16141761652776604,0.0,-1.3373245659135677,25.654082213384722,26.22213291390822,False,False,5.038343708215051,0.9669846996429123,0.9669846996429123,0.0,0.0,0.06812729797726172,0.06812729797726172,0.07,0.07,-0.8276650068290242,-0.8276650068290242
2016,310,10.0,26.84194828616211,26.256806985864785,13.30365071,6.6430334319048905,29.069840462781062,30.95753516071845,0.14805803926549538,0.16352281378569508,0.0,-1.3373245659135677,25.31303955473122,25.87509632344514,False,False,5.038343708215051,0.9669846996429123,0.9669846996429123,0.0,0.0,0.06216851329491025,0.06216851329491025,0.07,0.07,-0.8276650068290242,-0.8276650068290242
2016,310,10.5,29.541285788340957,28.284205317239028,13.334131134,6.6582535004458085,29.420219393294683,30.541658940196896,0.16288783909687676,0.16792412593832468,0.0,-1.3373245659135677,25.127818738203377,25.69492789121595,False,False,5.038343708215051,0.9669846996429123,0.9669846996429123,0.0,0.0,0.07259814830518184,0.07259814830518184,0.07,0.07,-0.8276650068290242,-0.8276650068290242
2016,310,11.0,25.972940219282336,25.933349325835458,13.855792032,6.918739201782411,29.06166505899889,31.722575951303035,0.14300024758834434,0.17033731682869532,0.0,-1.4482238077355531,25.683632024732677,26.262399881724498,False,False,5.024536111889907,0.9595828333465599,0.9595828333465599,0.0,0.0,0.059627888619856045,0.059627888619856045,0.069,0.069,-0.9113123600460743,-0.9113123600460743
2016,310,11.5,30.059504984055717,29.654510982087643,14.992375504,7.486279809036262,29.326232026540197,31.948380259769692,0.16957917828518726,0.19665161487448013,0.0,-1.4817807732161457,25.30821856309793,25.931913161550405,False,False,5.024536111889907,0.9571688820398511,0.9571688820398511,0.0,0.0,0.07629350961882973,0.07629350961882973,0.069,0.069,-0.9113123600460743,-0.9113123600460743
2016,310,12.0,27.732557657901538,28.178917644574106,15.680803261999998,7.830038729917109,29.520015815679052,33.37138541678474,0.15801167243241449,0.21555490857696913,0.0,-1.5153377386967382,24.879293669201314,25.516422456462756,False,False,5.024536111889907,0.9546730016754088,0.9546730016754088,0.0,0.0,0.06317312108410886,0.06317312108410886,0.069,0.069,-0.9113123600460743,-0.9113123600460743
2016,310,12.5,29.893381573939944,29.91037645930769,15.908866668,7.943919713691985,29.49169933802405,32.86692172845925,0.17056326593626833,0.21757514966054134,0.0,-1.5153377386967382,25.06404099501036,25.715461218622806,False,False,5.024536111889907,0.9546730016754088,0.9546730016754088,0.0,0.0,0.07443183312306059,0.07443183312306059,0.069,0.069,-0.9113123600460743,-0.9113123600460743
2016,310,13.0,29.324651958267197,28.933059386592586,14.540019278,7.260400642636506,29.444337435436267,32.008590668510955,0.16663594530042022,0.19534179466200322,0.0,-1.4817807732161457,24.94302860664007,25.54882319373842,False,False,5.024536111889907,0.9571688820398511,0.9571688820398511,0.0,0.0,0.07146278471276679,0.07146278471276679,0.069,0.069,-0.9113123600460743,-0.9113123600460743
2016,310,13.5,28.15141727128808,27.65420053852027,13.950203024,6.965882304819825,29.39683063149691,31.804130252880565,0.15919413992143686,0.18478146211071128,0.0,-1.4482238077355531,25.21425133934595,25.798675517333493,False,False,5.024536111889907,0.9595828333465599,0.9595828333465599,0.0,0.0,0.06790692614256741,0.06790692614256741,0.069,0.069,-0.9113123600460743,-0.9113123600460743
2016,310,14.0,19.250370151356893,19.99440875748199,12.828777246,6.405910527369727,29.470705733349995,34.20505279765476,0.10811330456431396,0.17069314237575178,0.0,-1.4146668422549609,25.040401854591348,25.568516072314317,False,False,5.024536111889907,0.9619153877824377,0.9619153877824377,0.0,0.0,0.03784932439147941,0.03784932439147941,0.069,0.069,-0.9113123600460743,-0.9113123600460743
2016,310,14.5,22.740138053521747,20.09670351278236,7.192122826,3.5913083875218703,29.482749803847053,26.31996755922674,0.12844686828871704,0.09337252793065287,0.0,-1.1797680838908138,25.182065831449357,25.504417540368465,False,False,5.024536111889907,0.9760179949056559,0.9760179949056559,0.0,0.0,0.04169838036852456,0.04169838036852456,0.069,0.069,-0.9113123600460743,-0.9113123600460743
2016,310,15.0,-0.39167340597529754,-0.638694636204836,8.878031842,4.433148736503634,29.582160218462946,23.821254185212503,0.010993208130636744,0.11641881047585215,0.0,-1.2468820148519986,24.97533268580827,25.34231101156134,False,False,5.024536111889907,0.9723788839778682,0.9723788839778682,0.0,0.0,0.0,0.0,0.069,0.069,-0.9113123600460743,-0.9113123600460743
2016,310,15.5,2.621587722500642,2.4538726927601044,6.952137444,3.4714742945690142,29.746108083138054,25.141409480416854,0.038622718387933394,0.09381998359053842,0.0,-1.1797680838908138,24.68184966555154,24.978199889586428,False,False,5.024536111889907,0.9760179949056559,0.9760179949056559,0.0,0.0,0.002178442418324154,0.002178442418324154,0.069,0.069,-0.9113123600460743,-0.9113123600460743
2016,310,16.0,1.5516947543284942,1.285628092326568,6.003040786,2.9975531907577126,29.882543089216924,24.339518139450046,0.02866134832655032,0.08305631056383045,0.0,-1.1462111184102213,24.167662656755027,24.42607844902755,False,False,5.024536111889907,0.9777237400852744,0.9777237400852744,0.0,0.0,0.0003703919462830654,0.0003703919462830654,0.069,0.069,-0.9113123600460743,-0.9113123600460743
2016,310,16.5,1.809096333870319,1.5431071969007697,6.059016442000001,3.025504026380697,30.01134304634776,25.32762439809335,0.029778063017002122,0.08656270625325854,0.0,-1.1462111184102213,23.663622458991217,23.92480588963375,False,False,5.024536111889907,0.9777237400852744,0.9777237400852744,0.0,0.0,0.0003942172467201431,0.0003942172467201431,0.069,0.069,-0.9113123600460743,-0.9113123600460743
2016,310,17.0,-0.7919585651539517,-1.1994749791835342,3.26287864,1.629282996243695,29.98802648307344,22.485278185120464,0.007872590447429436,0.045544882040502055,0.0,-1.045540221968444,22.776754184799632,22.921803227979176,False,False,5.024536111889907,0.9823968902927939,0.9823968902927939,0.0,0.0,0.0,0.0,0.069,0.069,-0.9113123600460743,-0.9113123600460743
2016,310,17.5,-1.3364188870873537,-1.755931748749934,3.06070982,1.528332192631627,30.098641124505463,22.586798439410842,0.003440923261594882,0.04388003565552255,0.0,-1.0119832564878517,21.78924871042244,21.925826915217627,False,False,5.024536111889907,0.9838099240535099,0.9838099240535099,0.0,0.0,0.0,0.0,0.069,0.069,-0.9113123600460743,-0.9113123600460743
2016,310,18.0,-1.7738167119576225,0.0,2.499239802,0.0,30.5767405087754,0.0,0.0005468847765506498,0.0,0.0,0.0,20.437675137892313,0.0,False,0.0,5.024536111889907,0.9838099240535099,0.9838099240535099,0.0,0.0,0.0,0.0,0.069,0.069,-0.9113123600460743,-0.9113123600460743
2016,310,18.5,0.0,0.0,0.0,0.0,0.0,0.0,0.0,0.0,0.0,0.0,0.0,0.0,False,0.0,5.024536111889907,0.9838099240535099,0.9838099240535099,0.0,0.0,0.0,0.0,0.0685,0.0685,-0.9567564343146642,-0.9567564343146642
2016.0,310.0,19.0,0.0,0.0,0.0,0.0,0.0,0.0,0.0,0.0,0.0,0.0,0.0,0.0,0.0,0.0,5.024536111889907,0.9838099240535099,0.9838099240535099,0.0,0.0,0.0,0.0,0.068,0.068,-1.0048248172265413,-1.0048248172265413
2016.0,310.0,19.5,0.0,0.0,0.0,0.0,0.0,0.0,0.0,0.0,0.0,0.0,0.0,0.0,0.0,0.0,5.024536111889907,0.9838099240535099,0.9838099240535099,0.0,0.0,0.0,0.0,0.068,0.068,-1.0048248172265413,-1.0048248172265413
2016.0,310.0,20.0,0.0,0.0,0.0,0.0,0.0,0.0,0.0,0.0,0.0,0.0,0.0,0.0,0.0,0.0,5.024536111889907,0.9838099240535099,0.9838099240535099,0.0,0.0,0.0,0.0,0.068,0.068,-1.0048248172265413,-1.0048248172265413
2016.0,310.0,20.5,0.0,0.0,0.0,0.0,0.0,0.0,0.0,0.0,0.0,0.0,0.0,0.0,0.0,0.0,5.024536111889907,0.9838099240535099,0.9838099240535099,0.0,0.0,0.0,0.0,0.068,0.068,-1.0048248172265413,-1.0048248172265413
2016.0,310.0,21.0,0.0,0.0,0.0,0.0,0.0,0.0,0.0,0.0,0.0,0.0,0.0,0.0,0.0,0.0,5.024536111889907,0.9838099240535099,0.9838099240535099,0.0,0.0,0.0,0.0,0.068,0.068,-1.0048248172265413,-1.0048248172265413
2016.0,310.0,21.5,0.0,0.0,0.0,0.0,0.0,0.0,0.0,0.0,0.0,0.0,0.0,0.0,0.0,0.0,5.024536111889907,0.9838099240535099,0.9838099240535099,0.0,0.0,0.0,0.0,0.068,0.068,-1.0048248172265413,-1.0048248172265413
2016.0,310.0,22.0,0.0,0.0,0.0,0.0,0.0,0.0,0.0,0.0,0.0,0.0,0.0,0.0,0.0,0.0,5.024536111889907,0.9838099240535099,0.9838099240535099,0.0,0.0,0.0,0.0,0.068,0.068,-1.0048248172265413,-1.0048248172265413
2016.0,310.0,22.5,0.0,0.0,0.0,0.0,0.0,0.0,0.0,0.0,0.0,0.0,0.0,0.0,0.0,0.0,5.024536111889907,0.9838099240535099,0.9838099240535099,0.0,0.0,0.0,0.0,0.068,0.068,-1.0048248172265413,-1.0048248172265413
2016.0,310.0,23.0,0.0,0.0,0.0,0.0,0.0,0.0,0.0,0.0,0.0,0.0,0.0,0.0,0.0,0.0,5.024536111889907,0.9838099240535099,0.9838099240535099,0.0,0.0,0.0,0.0,0.068,0.068,-1.0048248172265413,-1.0048248172265413
2016.0,310.0,23.5,0.0,0.0,0.0,0.0,0.0,0.0,0.0,0.0,0.0,0.0,0.0,0.0,0.0,0.0,5.024536111889907,0.9838099240535099,0.9838099240535099,0.0,0.0,0.0,0.0,0.068,0.068,-1.0048248172265413,-1.0048248172265413
2016.0,311.0,0.0,0.0,0.0,0.0,0.0,0.0,0.0,0.0,0.0,0.0,0.0,0.0,0.0,0.0,0.0,5.024536111889907,0.9838099240535099,0.9838099240535099,0.0,0.0,0.0,0.0,0.068,0.068,-1.0048248172265413,-1.0048248172265413
2016.0,311.0,0.5,0.0,0.0,0.0,0.0,0.0,0.0,0.0,0.0,0.0,0.0,0.0,0.0,0.0,0.0,5.024536111889907,0.9838099240535099,0.9838099240535099,0.0,0.0,0.0,0.0,0.068,0.068,-1.0048248172265413,-1.0048248172265413
2016.0,311.0,1.0,0.0,0.0,0.0,0.0,0.0,0.0,0.0,0.0,0.0,0.0,0.0,0.0,0.0,0.0,5.024536111889907,0.9838099240535099,0.9838099240535099,0.0,0.0,0.0,0.0,0.068,0.068,-1.0048248172265413,-1.0048248172265413
2016.0,311.0,1.5,0.0,0.0,0.0,0.0,0.0,0.0,0.0,0.0,0.0,0.0,0.0,0.0,0.0,0.0,5.024536111889907,0.9838099240535099,0.9838099240535099,0.0,0.0,0.0,0.0,0.068,0.068,-1.0048248172265413,-1.0048248172265413
2016.0,311.0,2.0,0.0,0.0,0.0,0.0,0.0,0.0,0.0,0.0,0.0,0.0,0.0,0.0,0.0,0.0,5.024536111889907,0.9838099240535099,0.9838099240535099,0.0,0.0,0.0,0.0,0.068,0.068,-1.0048248172265413,-1.0048248172265413
2016.0,311.0,2.5,0.0,0.0,0.0,0.0,0.0,0.0,0.0,0.0,0.0,0.0,0.0,0.0,0.0,0.0,5.024536111889907,0.9838099240535099,0.9838099240535099,0.0,0.0,0.0,0.0,0.068,0.068,-1.0048248172265413,-1.0048248172265413
2016.0,311.0,3.0,0.0,0.0,0.0,0.0,0.0,0.0,0.0,0.0,0.0,0.0,0.0,0.0,0.0,0.0,5.024536111889907,0.9838099240535099,0.9838099240535099,0.0,0.0,0.0,0.0,0.068,0.068,-1.0048248172265413,-1.0048248172265413
2016.0,311.0,3.5,0.0,0.0,0.0,0.0,0.0,0.0,0.0,0.0,0.0,0.0,0.0,0.0,0.0,0.0,5.024536111889907,0.9838099240535099,0.9838099240535099,0.0,0.0,0.0,0.0,0.068,0.068,-1.0048248172265413,-1.0048248172265413
2016.0,311.0,4.0,0.0,0.0,0.0,0.0,0.0,0.0,0.0,0.0,0.0,0.0,0.0,0.0,0.0,0.0,5.024536111889907,0.9838099240535099,0.9838099240535099,0.0,0.0,0.0,0.0,0.068,0.068,-1.0048248172265413,-1.0048248172265413
2016,311,4.5,0.0,0.0,0.0,0.0,0.0,0.0,0.0,0.0,0.0,0.0,0.0,0.0,False,0.0,5.024536111889907,0.9838099240535099,0.9838099240535099,0.0,0.0,0.0,0.0,0.068,0.068,-1.0048248172265413,-1.0048248172265413
2016,311,5.0,-0.5289738184671063,-0.8119131264973082,0.32559005,0.1625798537855317,33.60820934409969,8.999607834633913,0.001982608744856938,0.010260903260643597,0.0,-1.0048248172265413,13.127956248576407,13.142610721729632,False,False,5.0065873942235175,0.9841021856699056,0.9841021856699056,0.0,0.0,0.0,0.0,0.068,0.068,-1.0048248172265413,-1.0048248172265413
2016,311,5.5,0.4591441265456092,0.2191421460419284,0.54412692,0.2717038653188931,33.40712697242022,19.32111272592862,0.009740361700470521,0.016237280248930865,0.0,-1.0379118708620056,13.930617628519595,13.955015469773759,False,False,5.0065873942235175,0.9827243630756931,0.9827243630756931,0.0,0.0,0.0,0.0,0.068,0.068,-1.0048248172265413,-1.0048248172265413
2016,311,6.0,2.029104324829715,1.6019431056697448,0.751618556,0.3753125592657775,32.89399298597852,28.303145288143508,0.014646266634978257,0.019907373476811208,0.0,-1.0379118708620056,15.509327640352106,15.54311206469909,False,False,5.0065873942235175,0.9827243630756931,0.9827243630756931,0.0,0.0,0.0,0.0,0.068,0.068,-1.0048248172265413,-1.0048248172265413
2016,311,6.5,16.23685019224074,11.444630590766836,2.233730422,1.1153890157425081,32.30690996801457,21.021116791253014,0.1134726594193893,0.05315822046238642,0.0,-1.1040859781329346,18.02251970748435,18.126154424162834,False,False,5.0065873942235175,0.9797594403992976,0.9797594403992976,0.0,0.0,0.023140436161336875,0.023140436161336875,0.068,0.068,-1.0048248172265413,-1.0048248172265413
2016,311,7.0,19.968560806198273,18.286005185143956,5.114339608,2.553789913660425,32.624038617522686,29.729254186989028,0.14440338315821302,0.1359232316728649,0.0,-1.203347139039328,19.449356946736184,19.679876644474948,False,False,5.0065873942235175,0.974774280810239,0.974774280810239,0.0,0.0,0.03280199048359809,0.03280199048359809,0.068,0.068,-1.0048248172265413,-1.0048248172265413
2016,311,7.5,23.42086723241455,21.597167449169838,6.452251802,3.221861830718087,31.86282115964163,29.636207114686385,0.15921204877335027,0.14398453414951334,0.0,-1.2364341926747926,19.665503199219792,19.954054373972717,False,False,5.0065873942235175,0.9729655453237807,0.9729655453237807,0.0,0.0,0.04115430354921939,0.04115430354921939,0.068,0.068,-1.0048248172265413,-1.0048248172265413
2016,311,8.0,24.434753656015623,23.46505744337416,8.169253028,4.0792277369325385,31.54322526967976,31.188869827307798,0.15803426407791338,0.16346186536172208,0.0,-1.3026082999457214,20.50920284739412,20.8647711691864,False,False,5.0065873942235175,0.9691226183529907,0.9691226183529907,0.0,0.0,0.04289418230294648,0.04289418230294648,0.068,0.068,-1.0048248172265413,-1.0048248172265413
2016,311,8.5,23.04878372244836,22.98716075454943,9.939415686,4.9631392265933805,30.786304717267974,32.76238011231251,0.14336133214109656,0.17574474494941386,0.0,-1.3687824072166503,21.518292513066122,21.93914785058979,False,False,5.0065873942235175,0.9649741396691697,0.9649741396691697,0.0,0.0,0.03018036449500821,0.03018036449500821,0.068,0.068,-1.0048248172265413,-1.0048248172265413
2016,311,9.0,28.780958762220116,27.911697711984846,11.456427804,5.720642744699416,30.44382865385525,31.61729116213445,0.175890655606678,0.18971789336083655,0.0,-1.4349565144875793,22.267178508352444,22.756470475512835,False,False,5.0065873942235175,0.9605147447497486,0.9605147447497486,0.0,0.0,0.04593438879604434,0.04593438879604434,0.068,0.068,-1.0048248172265413,-1.0048248172265413
2016,311,9.5,29.923717701776944,28.890844979049803,11.905666538,5.944965225341921,30.150418866452924,31.15782753673792,0.179133258633842,0.18487485685989508,0.0,-1.4680435681230437,22.68766081611745,23.196553881053458,False,False,5.0065873942235175,0.958166955997571,0.958166955997571,0.0,0.0,0.049839363370463755,0.049839363370463755,0.068,0.068,-1.0048248172265413,-1.0048248172265413
2016,311,10.0,28.358332964686532,27.51499419414237,11.746453398,5.865463873805117,29.78550795376973,30.702790395355812,0.16485795148828483,0.16781207571398438,0.0,-1.4680435681230437,23.57702911833931,24.078380625349507,False,False,5.0065873942235175,0.958166955997571,0.958166955997571,0.0,0.0,0.04593726812188775,0.04593726812188775,0.068,0.068,-1.0048248172265413,-1.0048248172265413
2016,311,10.5,29.87147567377083,28.357291844294025,12.059847984,6.021954055151436,29.437040690246114,29.8213914689878,0.1697685089023704,0.15972778045824843,0.0,-1.4680435681230437,24.457183084547523,24.976210048835213,False,False,5.0065873942235175,0.958166955997571,0.958166955997571,0.0,0.0,0.05350628505444032,0.05350628505444032,0.068,0.068,-1.0048248172265413,-1.0048248172265413
2016,311,11.0,26.88901549354356,26.227688211007433,11.784839244,5.88463142892578,29.42987526707401,30.464444597964004,0.1520654532279791,0.15546829831971948,0.0,-1.4680435681230437,24.593411322048752,25.09604481395339,False,False,5.0065873942235175,0.958166955997571,0.958166955997571,0.0,0.0,0.04394682102679403,0.04394682102679403,0.068,0.068,-1.0048248172265413,-1.0048248172265413
2016,311,11.5,29.339978357294136,27.78516239562545,12.588554776,6.285958047100139,29.066778884296305,29.704161355443755,0.1624160960788179,0.15395721588153133,0.0,-1.501130621758508,25.875032012884894,26.416129112614662,False,False,5.0065873942235175,0.9557397232423107,0.9557397232423107,0.0,0.0,0.05662201671618692,0.05662201671618692,0.068,0.068,-1.0048248172265413,-1.0048248172265413
2016,311,12.0,26.508336291966664,26.3404465080207,14.050139736,7.015784616099812,29.002832933904976,31.56058866079711,0.1454843295562921,0.17064542779995617,0.0,-1.5342176753939727,26.1722071073876,26.759469465980438,False,False,5.0065873942235175,0.9532325609103434,0.9532325609103434,0.0,0.0,0.04781351000112031,0.04781351000112031,0.068,0.068,-1.0048248172265413,-1.0048248172265413
2016,311,12.5,28.471233425863275,27.956428048833004,14.578481744,7.279606457121655,29.031493865285626,31.477288688096493,0.15703017963837346,0.17868328065414402,0.0,-1.5673047290294373,26.1687659370533,26.778996635097776,False,False,5.0065873942235175,0.9506450250929299,0.9506450250929299,0.0,0.0,0.054884428437899695,0.054884428437899695,0.068,0.068,-1.0048248172265413,-1.0048248172265413
2016,311,13.0,27.643077281459853,26.893041247632482,13.950975578,6.966268071265579,28.927402755249858,30.997732358983818,0.15122469331149596,0.16659994070277345,0.0,-1.5342176753939727,26.376629098945017,26.96522216414145,False,False,5.0065873942235175,0.9532325609103434,0.9532325609103434,0.0,0.0,0.0530775388603372,0.0530775388603372,0.068,0.068,-1.0048248172265413,-1.0048248172265413
2016,311,13.5,26.925576716663095,25.709968518331713,12.813072782,6.3980686739073755,28.87008460691416,30.147394345500025,0.14660347089800077,0.15032033390970462,0.0,-1.548161794340585,26.300068255355384,26.848075372393453,False,False,4.995665851847684,0.9521518996003634,0.9521518996003634,0.0,0.0,0.05070322182549795,0.05070322182549795,0.0675,0.0675,-1.0556900527908526,-1.0556900527908526
2016,311,14.0,17.322930253656928,17.90147262710242,11.30372245,5.644390985391698,29.026582348113052,33.038515265860994,0.0941346792243715,0.1352457237227453,0.0,-1.4824988954672873,26.19035348986381,26.666350473857996,False,False,4.995665851847684,0.9571163296655557,0.9571163296655557,0.0,0.0,0.0265934448363605,0.0265934448363605,0.0675,0.0675,-1.0556900527908526,-1.0556900527908526
2016,311,14.5,21.398710192618005,18.076603906861198,6.247316408,3.1195295684391855,29.207474214615466,24.63769714105517,0.11836474787153271,0.07598361622618578,0.0,-1.3374634480484022,25.935774659037435,26.219100496983867,False,False,4.983186950905903,0.9669759769242394,0.9669759769242394,0.0,0.0,0.03427507815560701,0.03427507815560701,0.067,0.067,-1.1095374308689805,-1.1095374308689805
2016,311,15.0,-0.4077621765377841,-0.6493474590946371,8.14286378,4.066050552674758,29.19259043449197,23.586065964945504,0.011360225389887662,0.09790344424966424,0.0,-1.435146026839583,25.724518207682515,26.066492671858164,False,False,4.983186950905903,0.9605015225802204,0.9605015225802204,0.0,0.0,0.0,0.0,0.067,0.067,-1.1095374308689805,-1.1095374308689805
2016,311,15.5,0.945434766381483,0.6881467626980404,6.12565652,3.058780025255652,29.381648693583628,23.45458032208204,0.023879507370115287,0.07602950403820477,0.0,-1.3374634480484022,25.479163362529448,25.743350687757513,False,False,4.983186950905903,0.9669759769242394,0.9669759769242394,0.0,0.0,0.00015001104580930863,0.00015001104580930863,0.067,0.067,-1.1095374308689805,-1.1095374308689805
2016,311,16.0,3.3747742678088435,3.1408395320269227,6.243577322000001,3.117662496471933,29.36894614948313,25.537769997418287,0.04387854011169981,0.07764828679276718,0.0,-1.3374634480484022,25.063283080477863,25.334354446342964,False,False,4.983186950905903,0.9669759769242394,0.9669759769242394,0.0,0.0,0.0029020369289998777,0.0029020369289998777,0.067,0.067,-1.1095374308689805,-1.1095374308689805
2016,311,16.5,1.3980963186609487,1.0291403647251873,5.831737648,2.9120148300828625,29.43963027957181,23.89077755307599,0.027094343990793586,0.07359612087936276,0.0,-1.3374634480484022,25.15675069160494,25.410473933882187,False,False,4.983186950905903,0.9669759769242394,0.9669759769242394,0.0,0.0,0.0003142463779923578,0.0003142463779923578,0.067,0.067,-1.1095374308689805,-1.1095374308689805
2016,311,17.0,-1.2820551099895958,-1.7466570087110864,3.54845181,1.7718808558025816,29.383215323416717,22.237420098719745,0.005937759173004352,0.043680188822665625,0.0,-1.2397808692572214,24.507939720970782,24.66604543520743,False,False,4.983186950905903,0.9727784384113021,0.9727784384113021,0.0,0.0,0.0,0.0,0.067,0.067,-1.1095374308689805,-1.1095374308689805
2016,311,17.5,-1.9166634515721146,-2.428469450610711,3.311392186,1.6535077083173524,29.256443897582542,22.30058379638076,0.0022974807796251645,0.03983133392749132,0.0,-1.2397808692572214,24.37382281441291,24.52236108647471,False,False,4.983186950905903,0.9727784384113021,0.9727784384113021,0.0,0.0,0.0,0.0,0.067,0.067,-1.1095374308689805,-1.1095374308689805
2016,311,18.0,-2.0732233218806164,0.0,2.311413176,0.0,30.243495736780808,0.0,0.0008113391251870896,0.0,0.0,0.0,22.67160558518089,0.0,False,0.0,4.983186950905903,0.9727784384113021,0.9727784384113021,0.0,0.0,0.0,0.0,0.067,0.067,-1.1095374308689805,-1.1095374308689805
2016,311,18.5,0.0,0.0,0.0,0.0,0.0,0.0,0.0,0.0,0.0,0.0,0.0,0.0,False,0.0,4.983186950905903,0.9727784384113021,0.9727784384113021,0.0,0.0,0.0,0.0,0.067,0.067,-1.1095374308689805,-1.1095374308689805
2016.0,311.0,19.0,0.0,0.0,0.0,0.0,0.0,0.0,0.0,0.0,0.0,0.0,0.0,0.0,0.0,0.0,4.983186950905903,0.9727784384113021,0.9727784384113021,0.0,0.0,0.0,0.0,0.067,0.067,-1.1095374308689805,-1.1095374308689805
2016.0,311.0,19.5,0.0,0.0,0.0,0.0,0.0,0.0,0.0,0.0,0.0,0.0,0.0,0.0,0.0,0.0,4.983186950905903,0.9727784384113021,0.9727784384113021,0.0,0.0,0.0,0.0,0.067,0.067,-1.1095374308689805,-1.1095374308689805
2016.0,311.0,20.0,0.0,0.0,0.0,0.0,0.0,0.0,0.0,0.0,0.0,0.0,0.0,0.0,0.0,0.0,4.983186950905903,0.9727784384113021,0.9727784384113021,0.0,0.0,0.0,0.0,0.067,0.067,-1.1095374308689805,-1.1095374308689805
2016.0,311.0,20.5,0.0,0.0,0.0,0.0,0.0,0.0,0.0,0.0,0.0,0.0,0.0,0.0,0.0,0.0,4.983186950905903,0.9727784384113021,0.9727784384113021,0.0,0.0,0.0,0.0,0.067,0.067,-1.1095374308689805,-1.1095374308689805
2016.0,311.0,21.0,0.0,0.0,0.0,0.0,0.0,0.0,0.0,0.0,0.0,0.0,0.0,0.0,0.0,0.0,4.983186950905903,0.9727784384113021,0.9727784384113021,0.0,0.0,0.0,0.0,0.067,0.067,-1.1095374308689805,-1.1095374308689805
2016.0,311.0,21.5,0.0,0.0,0.0,0.0,0.0,0.0,0.0,0.0,0.0,0.0,0.0,0.0,0.0,0.0,4.983186950905903,0.9727784384113021,0.9727784384113021,0.0,0.0,0.0,0.0,0.067,0.067,-1.1095374308689805,-1.1095374308689805
2016.0,311.0,22.0,0.0,0.0,0.0,0.0,0.0,0.0,0.0,0.0,0.0,0.0,0.0,0.0,0.0,0.0,4.983186950905903,0.9727784384113021,0.9727784384113021,0.0,0.0,0.0,0.0,0.067,0.067,-1.1095374308689805,-1.1095374308689805
2016.0,311.0,22.5,0.0,0.0,0.0,0.0,0.0,0.0,0.0,0.0,0.0,0.0,0.0,0.0,0.0,0.0,4.983186950905903,0.9727784384113021,0.9727784384113021,0.0,0.0,0.0,0.0,0.067,0.067,-1.1095374308689805,-1.1095374308689805
2016.0,311.0,23.0,0.0,0.0,0.0,0.0,0.0,0.0,0.0,0.0,0.0,0.0,0.0,0.0,0.0,0.0,4.983186950905903,0.9727784384113021,0.9727784384113021,0.0,0.0,0.0,0.0,0.067,0.067,-1.1095374308689805,-1.1095374308689805
2016.0,311.0,23.5,0.0,0.0,0.0,0.0,0.0,0.0,0.0,0.0,0.0,0.0,0.0,0.0,0.0,0.0,4.983186950905903,0.9727784384113021,0.9727784384113021,0.0,0.0,0.0,0.0,0.067,0.067,-1.1095374308689805,-1.1095374308689805
2016.0,312.0,0.0,0.0,0.0,0.0,0.0,0.0,0.0,0.0,0.0,0.0,0.0,0.0,0.0,0.0,0.0,4.983186950905903,0.9727784384113021,0.9727784384113021,0.0,0.0,0.0,0.0,0.067,0.067,-1.1095374308689805,-1.1095374308689805
2016.0,312.0,0.5,0.0,0.0,0.0,0.0,0.0,0.0,0.0,0.0,0.0,0.0,0.0,0.0,0.0,0.0,4.983186950905903,0.9727784384113021,0.9727784384113021,0.0,0.0,0.0,0.0,0.067,0.067,-1.1095374308689805,-1.1095374308689805
2016.0,312.0,1.0,0.0,0.0,0.0,0.0,0.0,0.0,0.0,0.0,0.0,0.0,0.0,0.0,0.0,0.0,4.983186950905903,0.9727784384113021,0.9727784384113021,0.0,0.0,0.0,0.0,0.067,0.067,-1.1095374308689805,-1.1095374308689805
2016.0,312.0,1.5,0.0,0.0,0.0,0.0,0.0,0.0,0.0,0.0,0.0,0.0,0.0,0.0,0.0,0.0,4.983186950905903,0.9727784384113021,0.9727784384113021,0.0,0.0,0.0,0.0,0.067,0.067,-1.1095374308689805,-1.1095374308689805
2016.0,312.0,2.0,0.0,0.0,0.0,0.0,0.0,0.0,0.0,0.0,0.0,0.0,0.0,0.0,0.0,0.0,4.983186950905903,0.9727784384113021,0.9727784384113021,0.0,0.0,0.0,0.0,0.067,0.067,-1.1095374308689805,-1.1095374308689805
2016.0,312.0,2.5,0.0,0.0,0.0,0.0,0.0,0.0,0.0,0.0,0.0,0.0,0.0,0.0,0.0,0.0,4.983186950905903,0.9727784384113021,0.9727784384113021,0.0,0.0,0.0,0.0,0.067,0.067,-1.1095374308689805,-1.1095374308689805
2016.0,312.0,3.0,0.0,0.0,0.0,0.0,0.0,0.0,0.0,0.0,0.0,0.0,0.0,0.0,0.0,0.0,4.983186950905903,0.9727784384113021,0.9727784384113021,0.0,0.0,0.0,0.0,0.067,0.067,-1.1095374308689805,-1.1095374308689805
2016.0,312.0,3.5,0.0,0.0,0.0,0.0,0.0,0.0,0.0,0.0,0.0,0.0,0.0,0.0,0.0,0.0,4.983186950905903,0.9727784384113021,0.9727784384113021,0.0,0.0,0.0,0.0,0.067,0.067,-1.1095374308689805,-1.1095374308689805
2016.0,312.0,4.0,0.0,0.0,0.0,0.0,0.0,0.0,0.0,0.0,0.0,0.0,0.0,0.0,0.0,0.0,4.983186950905903,0.9727784384113021,0.9727784384113021,0.0,0.0,0.0,0.0,0.067,0.067,-1.1095374308689805,-1.1095374308689805
2016,312,4.5,0.0,-0.8581112191075294,0.0,0.30492047878925393,0.0,3.245653284729479,0.0,0.07656243385468857,0.0,-1.1420982904660408,0.0,8.935310468138075,False,False,4.983186950905903,0.9779276454877466,0.9779276454877466,0.0,0.0,0.0,0.0,0.067,0.067,-1.1095374308689805,-1.1095374308689805
2016,312,5.0,0.09865544730899414,0.04773932327725969,0.8136101800000001,0.40626740314337034,38.03350472611613,31.169128278059148,0.004166102022545122,0.10617006015839392,0.0,-1.1420982904660408,8.93644611901916,8.97174217771924,False,False,4.983186950905903,0.9779276454877466,0.9779276454877466,0.0,0.0,0.0,0.0,0.067,0.067,-1.1095374308689805,-1.1095374308689805
2016,312,5.5,1.1007251687779767,1.1206626670212458,0.9132405,0.4560167209072447,37.923150990280874,40.78727618881988,0.014578546381700561,0.11247052668643372,0.0,-1.1420982904660408,9.586578292700704,9.625835909333954,False,False,4.983186950905903,0.9779276454877466,0.9779276454877466,0.0,0.0,0.0,0.0,0.067,0.067,-1.1095374308689805,-1.1095374308689805
2016,312,6.0,2.484092993308826,2.5208761005004052,1.544382248,0.7711704951327928,37.45113407412712,40.965664295797055,0.03058896619065058,0.16498446115524518,0.0,-1.174659150063101,11.444067999594491,11.50938639770672,False,False,4.983186950905903,0.9762825440560096,0.9762825440560096,0.0,0.0,0.0004998951229603591,0.0004998951229603591,0.067,0.067,-1.1095374308689805,-1.1095374308689805
2016,312,6.5,16.46420267189846,15.63048787137171,2.367440468,1.1821556743929698,36.061719845798194,31.945481583924426,0.16955734792142405,0.15562694003273142,0.0,-1.2072200096601613,15.274100415536255,15.3840284659464,False,False,4.983186950905903,0.974566410836638,0.974566410836638,0.0,0.0,0.016588892828468656,0.016588892828468656,0.067,0.067,-1.1095374308689805,-1.1095374308689805
2016,312,7.0,20.410473361754633,14.81123099125111,1.534095262,0.7660338004464108,34.33500543172802,21.03338435119528,0.17475718356145203,0.06079190768338884,0.0,-1.174659150063101,17.251146169980863,17.325224176816395,False,False,4.983186950905903,0.9762825440560096,0.9762825440560096,0.0,0.0,0.023177107939328322,0.023177107939328322,0.067,0.067,-1.1095374308689805,-1.1095374308689805
2016,312,7.5,23.62885554304379,21.552911685516236,4.362098738,2.1781666086604687,33.280055779486986,29.08319969104644,0.1827082017182396,0.13574733568121408,0.0,-1.2723417288542818,18.68044620397625,18.880964721339527,False,False,4.983186950905903,0.9709178569964608,0.9709178569964608,0.0,0.0,0.02981208257881812,0.02981208257881812,0.067,0.067,-1.1095374308689805,-1.1095374308689805
2016,312,8.0,25.118979236277134,22.521114637649408,5.12391119,2.5585693791325927,32.192477517420755,27.859158350445668,0.1761069031054202,0.12204194730480547,0.0,-1.3049025884513419,20.5114962698852,20.745273501660428,False,False,4.983186950905903,0.9689839345545642,0.9689839345545642,0.0,0.0,0.033920951020556235,0.033920951020556235,0.067,0.067,-1.1095374308689805,-1.1095374308689805
2016,312,8.5,22.119046477208656,20.91486286667803,6.20037636,3.096090565495067,31.459518501260398,29.377724268549326,0.14215487986916317,0.11986417201520186,0.0,-1.3374634480484022,21.915954507020317,22.190568828705235,False,False,4.983186950905903,0.9669759769242394,0.9669759769242394,0.0,0.0,0.028887573671406118,0.028887573671406118,0.067,0.067,-1.1095374308689805,-1.1095374308689805
2016,312,9.0,29.118831671829756,27.522310844893486,8.830818274,4.409573154319431,31.140970398071858,30.444519319042268,0.18800481677418057,0.16854291944798738,0.0,-1.435146026839583,21.97537063238658,22.363436865533487,False,False,4.983186950905903,0.9605015225802204,0.9605015225802204,0.0,0.0,0.04590726448835275,0.04590726448835275,0.067,0.067,-1.1095374308689805,-1.1095374308689805
2016,312,9.5,30.537607165162896,29.97611022342536,11.11822698,5.551765837938701,31.174915695708098,32.6463307804407,0.19813057519071747,0.21757665423640243,0.0,-1.5328286056307636,21.936033422418657,22.408837703872933,False,False,4.983186950905903,0.9533394306307565,0.9533394306307565,0.0,0.0,0.04952254381770426,0.04952254381770426,0.067,0.067,-1.1095374308689805,-1.1095374308689805
2016,312,10.0,30.239837344528436,30.051995308160098,11.363708014,5.674344125005033,31.632881370233648,33.54413249557639,0.19721115630922276,0.2346277507372323,0.0,-1.5328286056307636,21.80715533794212,22.283091254007104,False,False,4.983186950905903,0.9533394306307565,0.9533394306307565,0.0,0.0,0.04659081807952481,0.04659081807952481,0.067,0.067,-1.1095374308689805,-1.1095374308689805
2016,312,10.5,31.583005556589047,31.650983073758336,12.13992026,6.061937276150835,31.512233595918133,34.08895704456131,0.2110064145274807,0.2598139100061879,0.0,-1.7065495722676813,21.88469703703464,22.388226032972966,False,False,4.9525953550413755,0.9388663174495306,0.9388663174495306,0.0,0.0,0.03397512319740386,0.03397512319740386,0.066,0.066,-1.226989877831571,-1.226989877831571
2016,312,11.0,28.80453264760996,29.29129691786301,12.13992026,6.061937276150835,31.68488020734479,35.12727195592615,0.1943200290032583,0.27096554396291367,0.0,-1.7065495722676813,21.58232199411649,22.07621767647837,False,False,4.9525953550413755,0.9388663174495306,0.9388663174495306,0.0,0.0,0.034930892830368016,0.034930892830368016,0.066,0.066,-1.226989877831571,-1.226989877831571
2016,312,11.5,32.502387266133475,32.541093684327166,12.13992026,6.061937276150835,31.543056030269987,33.99658762920755,0.217979194439611,0.26169813261244906,0.0,-1.7065495722676813,21.815706670111837,22.320364770403323,False,False,4.9525953550413755,0.9388663174495306,0.9388663174495306,0.0,0.0,0.04447525637241644,0.04447525637241644,0.066,0.066,-1.226989877831571,-1.226989877831571
2016,312,12.0,27.825430499439705,27.69292430536817,12.13992026,6.061937276150835,30.214251278916862,32.31543156050629,0.1668395315168255,0.19101276205806905,0.0,-1.7065495722676813,24.29898427540062,24.807973241596244,False,False,4.9525953550413755,0.9388663174495306,0.9388663174495306,0.0,0.0,0.030417881366573158,0.030417881366573158,0.066,0.066,-1.226989877831571,-1.226989877831571
2016,312,12.5,27.886749991937474,25.928508603046645,11.452590224,5.718726490823443,29.01961958405591,29.0741937457056,0.15360103605798292,0.13743374026594657,0.0,-1.6745789259719408,26.98070659714886,27.47918074838432,False,False,4.9525953550413755,0.9416984944806993,0.9416984944806993,0.0,0.0,0.037356245638324535,0.037356245638324535,0.066,0.066,-1.226989877831571,-1.226989877831571
2016,312,13.0,27.527763813528516,25.6084236522209,11.416609798000001,5.700760056043815,29.009636594843286,29.09684990302484,0.15144977060035092,0.13679071971553142,0.0,-1.6745789259719408,26.766278961245114,27.26293550063827,False,False,4.9525953550413755,0.9416984944806993,0.9416984944806993,0.0,0.0,0.0360633744262704,0.0360633744262704,0.066,0.066,-1.226989877831571,-1.226989877831571
2016,312,13.5,26.66333274739475,25.73046272582665,13.093300986,6.537997582769614,28.98362281592457,30.759316284680025,0.1462689278828925,0.1574629286687545,0.0,-1.738520218563422,26.67424722780016,27.230878264358036,False,False,4.9525953550413755,0.9359575763244655,0.9359575763244655,0.0,0.0,0.03414861514308884,0.03414861514308884,0.066,0.066,-1.226989877831571,-1.226989877831571
2016,312,14.0,18.084428212090405,18.95139549938319,12.598873342,6.29111051091639,29.957374905762855,35.46980233158442,0.10500584454396872,0.1862528806876949,0.0,-1.7065495722676813,24.076866531257792,24.590026657276916,False,False,4.9525953550413755,0.9388663174495306,0.9388663174495306,0.0,0.0,0.01658643331056936,0.01658643331056936,0.066,0.066,-1.226989877831571,-1.226989877831571
2016,312,14.5,23.891485743282146,22.78540360850265,9.808824922,4.89793014751722,29.62764509344641,29.742060303859915,0.13652543469908385,0.1335174311194128,0.0,-1.6106376333804593,24.489030224269094,24.914490259811878,False,False,4.9525953550413755,0.9471339984913509,0.9471339984913509,0.0,0.0,0.024701330994719113,0.024701330994719113,0.066,0.066,-1.226989877831571,-1.226989877831571
2016,312,15.0,-0.06506607593329217,-0.26745405008325074,5.122986454,2.5581076222586643,29.537157788105333,23.251225709218875,0.01314527960574683,0.06515228096381151,0.0,-1.4188137556060152,24.271000103002265,24.493624631285815,False,False,4.9525953550413755,0.9616315234498971,0.9616315234498971,0.0,0.0,0.0,0.0,0.066,0.066,-1.226989877831571,-1.226989877831571
2016,312,15.5,1.7304366940839024,1.4662320803602795,4.882778300000001,2.4381622905281266,29.33296873957636,22.983151465251026,0.029589113975827076,0.059577821657081795,0.0,-1.4188137556060152,24.526750238641704,24.741069215579955,False,False,4.9525953550413755,0.9616315234498971,0.9616315234498971,0.0,0.0,0.0002716346542905781,0.0002716346542905781,0.066,0.066,-1.226989877831571,-1.226989877831571
2016,312,16.0,1.5416429048440474,1.1303750548286653,3.896891188,1.945870273256713,29.210103305754632,21.72191099086128,0.02776634427136342,0.04616414339692838,0.0,-1.3868431093102744,24.61216273218724,24.785558363726587,False,False,4.9525953550413755,0.9637881093100458,0.9637881093100458,0.0,0.0,0.0,0.0,0.066,0.066,-1.226989877831571,-1.226989877831571
2016,312,16.5,0.8493998743402462,0.4351553005945892,4.185113262,2.089790834246469,29.329180680611167,22.265355980912403,0.021827796592785994,0.05100962878954498,0.0,-1.3868431093102744,24.467165249607056,24.652661594862533,False,False,4.9525953550413755,0.9637881093100458,0.9637881093100458,0.0,0.0,0.0,0.0,0.066,0.066,-1.226989877831571,-1.226989877831571
2016,312,17.0,-1.1092704477237167,-1.5893595373326028,2.882163332,1.4391769438365236,29.286475984448074,21.40331426121916,0.007136652492293144,0.03460616664337781,0.0,-1.3229018167187931,24.538342438453512,24.66781761219074,False,False,4.9525953550413755,0.9678831552734685,0.9678831552734685,0.0,0.0,0.0,0.0,0.066,0.066,-1.226989877831571,-1.226989877831571
2016,312,17.5,-2.0319100833077153,0.0,2.133110782,0.0,29.277040757895357,0.0,0.00179126138568588,0.0,0.0,0.0,24.557492150078108,0.0,False,0.0,4.9525953550413755,0.9678831552734685,0.9678831552734685,0.0,0.0,0.0,0.0,0.066,0.066,-1.226989877831571,-1.226989877831571
2016,312,18.0,0.0,0.0,0.0,0.0,0.0,0.0,0.0,0.0,0.0,0.0,0.0,0.0,False,0.0,4.9525953550413755,0.9678831552734685,0.9678831552734685,0.0,0.0,0.0,0.0,0.066,0.066,-1.226989877831571,-1.226989877831571
2016,312,18.5,0.0,0.0,0.0,0.0,0.0,0.0,0.0,0.0,0.0,0.0,0.0,0.0,False,0.0,4.9525953550413755,0.9678831552734685,0.9678831552734685,0.0,0.0,0.0,0.0,0.066,0.066,-1.226989877831571,-1.226989877831571
2016.0,312.0,19.0,0.0,0.0,0.0,0.0,0.0,0.0,0.0,0.0,0.0,0.0,0.0,0.0,0.0,0.0,4.9525953550413755,0.9678831552734685,0.9678831552734685,0.0,0.0,0.0,0.0,0.066,0.066,-1.226989877831571,-1.226989877831571
2016.0,312.0,19.5,0.0,0.0,0.0,0.0,0.0,0.0,0.0,0.0,0.0,0.0,0.0,0.0,0.0,0.0,4.9525953550413755,0.9678831552734685,0.9678831552734685,0.0,0.0,0.0,0.0,0.065,0.065,-1.3589616101865312,-1.3589616101865312
2016.0,312.0,20.0,0.0,0.0,0.0,0.0,0.0,0.0,0.0,0.0,0.0,0.0,0.0,0.0,0.0,0.0,4.9525953550413755,0.9678831552734685,0.9678831552734685,0.0,0.0,0.0,0.0,0.0655,0.0655,-1.2910391583979828,-1.2910391583979828
2016.0,312.0,20.5,0.0,0.0,0.0,0.0,0.0,0.0,0.0,0.0,0.0,0.0,0.0,0.0,0.0,0.0,4.9525953550413755,0.9678831552734685,0.9678831552734685,0.0,0.0,0.0,0.0,0.066,0.066,-1.226989877831571,-1.226989877831571
2016.0,312.0,21.0,0.0,0.0,0.0,0.0,0.0,0.0,0.0,0.0,0.0,0.0,0.0,0.0,0.0,0.0,4.9525953550413755,0.9678831552734685,0.9678831552734685,0.0,0.0,0.0,0.0,0.066,0.066,-1.226989877831571,-1.226989877831571
2016.0,312.0,21.5,0.0,0.0,0.0,0.0,0.0,0.0,0.0,0.0,0.0,0.0,0.0,0.0,0.0,0.0,4.9525953550413755,0.9678831552734685,0.9678831552734685,0.0,0.0,0.0,0.0,0.0655,0.0655,-1.2910391583979828,-1.2910391583979828
2016.0,312.0,22.0,0.0,0.0,0.0,0.0,0.0,0.0,0.0,0.0,0.0,0.0,0.0,0.0,0.0,0.0,4.9525953550413755,0.9678831552734685,0.9678831552734685,0.0,0.0,0.0,0.0,0.065,0.065,-1.3589616101865312,-1.3589616101865312
2016.0,312.0,22.5,0.0,0.0,0.0,0.0,0.0,0.0,0.0,0.0,0.0,0.0,0.0,0.0,0.0,0.0,4.9525953550413755,0.9678831552734685,0.9678831552734685,0.0,0.0,0.0,0.0,0.065,0.065,-1.3589616101865312,-1.3589616101865312
2016.0,312.0,23.0,0.0,0.0,0.0,0.0,0.0,0.0,0.0,0.0,0.0,0.0,0.0,0.0,0.0,0.0,4.9525953550413755,0.9678831552734685,0.9678831552734685,0.0,0.0,0.0,0.0,0.065,0.065,-1.3589616101865312,-1.3589616101865312
2016.0,312.0,23.5,0.0,0.0,0.0,0.0,0.0,0.0,0.0,0.0,0.0,0.0,0.0,0.0,0.0,0.0,4.9525953550413755,0.9678831552734685,0.9678831552734685,0.0,0.0,0.0,0.0,0.065,0.065,-1.3589616101865312,-1.3589616101865312
2016.0,313.0,0.0,0.0,0.0,0.0,0.0,0.0,0.0,0.0,0.0,0.0,0.0,0.0,0.0,0.0,0.0,4.9525953550413755,0.9678831552734685,0.9678831552734685,0.0,0.0,0.0,0.0,0.065,0.065,-1.3589616101865312,-1.3589616101865312
2016.0,313.0,0.5,0.0,0.0,0.0,0.0,0.0,0.0,0.0,0.0,0.0,0.0,0.0,0.0,0.0,0.0,4.9525953550413755,0.9678831552734685,0.9678831552734685,0.0,0.0,0.0,0.0,0.065,0.065,-1.3589616101865312,-1.3589616101865312
2016.0,313.0,1.0,0.0,0.0,0.0,0.0,0.0,0.0,0.0,0.0,0.0,0.0,0.0,0.0,0.0,0.0,4.9525953550413755,0.9678831552734685,0.9678831552734685,0.0,0.0,0.0,0.0,0.065,0.065,-1.3589616101865312,-1.3589616101865312
2016.0,313.0,1.5,0.0,0.0,0.0,0.0,0.0,0.0,0.0,0.0,0.0,0.0,0.0,0.0,0.0,0.0,4.9525953550413755,0.9678831552734685,0.9678831552734685,0.0,0.0,0.0,0.0,0.065,0.065,-1.3589616101865312,-1.3589616101865312
2016.0,313.0,2.0,0.0,0.0,0.0,0.0,0.0,0.0,0.0,0.0,0.0,0.0,0.0,0.0,0.0,0.0,4.9525953550413755,0.9678831552734685,0.9678831552734685,0.0,0.0,0.0,0.0,0.065,0.065,-1.3589616101865312,-1.3589616101865312
2016.0,313.0,2.5,0.0,0.0,0.0,0.0,0.0,0.0,0.0,0.0,0.0,0.0,0.0,0.0,0.0,0.0,4.9525953550413755,0.9678831552734685,0.9678831552734685,0.0,0.0,0.0,0.0,0.065,0.065,-1.3589616101865312,-1.3589616101865312
2016.0,313.0,3.0,0.0,0.0,0.0,0.0,0.0,0.0,0.0,0.0,0.0,0.0,0.0,0.0,0.0,0.0,4.9525953550413755,0.9678831552734685,0.9678831552734685,0.0,0.0,0.0,0.0,0.065,0.065,-1.3589616101865312,-1.3589616101865312
2016.0,313.0,3.5,0.0,0.0,0.0,0.0,0.0,0.0,0.0,0.0,0.0,0.0,0.0,0.0,0.0,0.0,4.9525953550413755,0.9678831552734685,0.9678831552734685,0.0,0.0,0.0,0.0,0.065,0.065,-1.3589616101865312,-1.3589616101865312
2016.0,313.0,4.0,0.0,0.0,0.0,0.0,0.0,0.0,0.0,0.0,0.0,0.0,0.0,0.0,0.0,0.0,4.9525953550413755,0.9678831552734685,0.9678831552734685,0.0,0.0,0.0,0.0,0.065,0.065,-1.3589616101865312,-1.3589616101865312
2016,313,4.5,0.0,0.0,0.0,0.0,0.0,0.0,0.0,0.0,0.0,0.0,0.0,0.0,False,0.0,4.9525953550413755,0.9678831552734685,0.9678831552734685,0.0,0.0,0.0,0.0,0.065,0.065,-1.3589616101865312,-1.3589616101865312
2016,313,5.0,-0.27691483664203903,-0.5169441189660076,1.083667102,0.5411173928544526,36.39944866393273,22.778799186844477,0.004368937247174333,0.07827599448999281,0.0,-1.3902690819478247,14.038200729478561,14.085927233542023,False,False,4.91250562077253,0.9635605066335531,0.9635605066335531,0.0,0.0,0.0,0.0,0.065,0.065,-1.3589616101865312,-1.3589616101865312
2016,313,5.5,1.4696723952707607,1.5038015757043663,1.3667824,0.6824879407360209,36.267792700213505,38.67841200245438,0.015278928702187201,0.09375242087089411,0.0,-1.4215765537091185,14.887492119887767,14.947130870168458,False,False,4.91250562077253,0.9614417188553311,0.9614417188553311,0.0,0.0,9.139887841767746e-05,9.139887841767746e-05,0.065,0.065,-1.3589616101865312,-1.3589616101865312
2016,313,6.0,3.9411681420013225,4.082190003050469,2.226101716,1.1115797042907214,36.1578484160581,41.019519276060635,0.04055433153750222,0.15308816316567175,0.0,-1.452884025470412,16.237441602515034,16.331564131122946,False,False,4.91250562077253,0.9592524758919763,0.9592524758919763,0.0,0.0,0.0024115920461111285,0.0024115920461111285,0.065,0.065,-1.3589616101865312,-1.3589616101865312
2016,313,6.5,3.6557518673994416,3.585108887202007,1.4739233200000001,0.7359875950038568,35.310406291781405,36.806511568973825,0.033911576486377076,0.0756760676824913,0.0,-1.4215765537091185,17.948000379161872,18.01309147935375,False,False,4.91250562077253,0.9614417188553311,0.9614417188553311,0.0,0.0,0.0021841823181829837,0.0021841823181829837,0.065,0.065,-1.3589616101865312,-1.3589616101865312
2016,313,7.0,1.7744077661665687,0.46286912856553897,0.19891718,0.09932713250859566,34.73626007020563,13.749409723179621,0.037340266338688255,0.008332671209514687,0.0,-1.3589616101865312,18.29364291458681,18.3026875824594,False,False,4.91250562077253,0.9656093338340139,0.9656093338340139,0.0,0.0,0.000479285336406321,0.000479285336406321,0.065,0.065,-1.3589616101865312,-1.3589616101865312
2016,313,7.5,1.506403181643246,1.0576539593175545,0.53402355,0.2666588572870411,34.539576446389034,19.429670620694285,0.0339188204986188,0.021503436835782635,0.0,-1.3902690819478247,18.12393718868153,18.14792767565448,False,False,4.91250562077253,0.9635605066335531,0.9635605066335531,0.0,0.0,0.0002765719228646643,0.0002765719228646643,0.065,0.065,-1.3589616101865312,-1.3589616101865312
2016,313,8.0,2.8907117659122634,2.2072260153198417,0.666907158,0.33301284310182233,34.04873400854621,20.393040583897445,0.051215826511208234,0.023566414250976567,0.0,-1.3902690819478247,18.776181372155193,18.806293871881877,False,False,4.91250562077253,0.9635605066335531,0.9635605066335531,0.0,0.0,0.001954384661651431,0.001954384661651431,0.065,0.065,-1.3589616101865312,-1.3589616101865312
2016,313,8.5,4.616835388260185,4.331990632568777,1.2956749,0.6469811832259106,35.14001884584267,35.74901976253152,0.07584125714888172,0.047740108693052175,0.0,-1.4215765537091185,19.298985530116504,19.35695809886702,False,False,4.91250562077253,0.9614417188553311,0.9614417188553311,0.0,0.0,0.00427327680203113,0.00427327680203113,0.065,0.065,-1.3589616101865312,-1.3589616101865312
2016,313,9.0,2.9044651007740927,1.4317726995560087,0.306316564,0.15295584796650408,34.0856710605821,15.51227603673103,0.05194170414915504,0.01074300000399536,0.0,-1.3589616101865312,19.377684720826586,19.39166034121389,False,False,4.91250562077253,0.9656093338340139,0.9656093338340139,0.0,0.0,0.002504730022881801,0.002504730022881801,0.065,0.065,-1.3589616101865312,-1.3589616101865312
2016,313,9.5,2.0183383209999692,1.8734714494886207,1.6805003,0.8391395654152889,34.52685780313216,25.583292849775923,0.0413633402464374,0.06837103923559679,0.0,-1.4215765537091185,19.147306521258077,19.220552032096343,False,False,4.91250562077253,0.9614417188553311,0.9614417188553311,0.0,0.0,0.0017491783513514606,0.0017491783513514606,0.065,0.065,-1.3589616101865312,-1.3589616101865312
2016,313,10.0,4.921806962792816,4.715992219022843,1.4206834120000003,0.709402825419543,33.941845838632176,36.47603442602562,0.03949548821697244,0.0491993519399588,0.0,-1.4215765537091185,20.37440144546573,20.438009857713904,False,False,4.91250562077253,0.9614417188553311,0.9614417188553311,0.0,0.0,0.00566434847060207,0.00566434847060207,0.065,0.065,-1.3589616101865312,-1.3589616101865312
2016,313,10.5,12.583224679695064,9.685970628055774,1.530487318,0.7642322128119411,33.36314029251683,27.97271058484216,0.09662501474585027,0.04607922104433257,0.0,-1.4215765537091185,21.275781949109437,21.346584665593184,False,False,4.91250562077253,0.9614417188553311,0.9614417188553311,0.0,0.0,0.016717830007526274,0.016717830007526274,0.065,0.065,-1.3589616101865312,-1.3589616101865312
2016,313,11.0,19.343728471573755,19.41416969655276,6.762608924,3.3768352874194156,31.83351383293933,33.45205458371299,0.13041680708415088,0.14793097624545765,0.0,-1.6094213842768803,24.3459189183862,24.637677014102273,False,False,4.91250562077253,0.9472344415788331,0.9472344415788331,0.0,0.0,0.018563919244487817,0.018563919244487817,0.065,0.065,-1.3589616101865312,-1.3589616101865312
2016,313,11.5,15.256038036712445,15.946527614430975,8.676420932,4.332476519188122,30.814387927776473,35.3785072053231,0.0941935774568641,0.1512758252657369,0.0,-1.7033437995607614,26.44769451719239,26.811109354104723,False,False,4.91250562077253,0.9391537572593753,0.9391537572593753,0.0,0.0,0.016122415454757632,0.016122415454757632,0.065,0.065,-1.3589616101865312,-1.3589616101865312
2016,313,12.0,20.144285477179608,20.41400013098849,9.236682604,4.612237097606896,30.549353648262112,33.18691065063581,0.12266165839286314,0.15253286340884323,0.0,-1.734651271322055,26.99635324573555,27.388373592329142,False,False,4.91250562077253,0.936313657307867,0.936313657307867,0.0,0.0,0.022841344371505125,0.022841344371505125,0.065,0.065,-1.3589616101865312,-1.3589616101865312
2016,313,12.5,22.191202389411142,22.567467031520348,12.832263728,6.4076514642742355,29.37525657685566,33.11296421453101,0.12439730348029962,0.16638503948932346,0.0,-1.8598811583672297,29.5841223542171,30.118018918843596,False,False,4.91250562077253,0.9242165868192079,0.9242165868192079,0.0,0.0,0.031916947510143914,0.031916947510143914,0.065,0.065,-1.3589616101865312,-1.3589616101865312
2016,313,13.0,5.297985521415236,5.422058695418796,7.535186724,3.7626136174450036,29.50338005537593,28.020156075383653,0.0645331968035576,0.09678657436407366,0.0,-1.640728856038174,28.42531365638795,28.74566201356876,False,False,4.91250562077253,0.9446139401669841,0.9446139401669841,0.0,0.0,0.007675407523292787,0.007675407523292787,0.065,0.065,-1.3589616101865312,-1.3589616101865312
2016,313,13.5,6.349715855986324,5.087285095781375,3.2200302,1.6078870932972198,29.531767377067727,25.59183789520852,0.07500020051820806,0.0406016747389361,0.0,-1.4841914972317058,28.4294212574042,28.57608132846609,False,False,4.91250562077253,0.9569923161521736,0.9569923161521736,0.0,0.0,0.00870333054122398,0.00870333054122398,0.065,0.065,-1.3589616101865312,-1.3589616101865312
2016,313,14.0,3.802584300331225,3.382646672822609,4.935312438,2.4643946415314475,29.421372190645563,23.2079337741204,0.05260350615342459,0.061356575208836465,0.0,-1.5468064407542932,29.258098691332183,29.47603485903888,False,False,4.91250562077253,0.9522575659586197,0.9522575659586197,0.0,0.0,0.006281253408384158,0.006281253408384158,0.065,0.065,-1.3589616101865312,-1.3589616101865312
2016,313,14.5,3.6699202595596896,2.7382851209852297,2.491648238,1.2441774747693233,30.635934210908374,20.84797554820554,0.054767437816596716,0.03959803659391912,0.0,-1.452884025470412,27.678811512710386,27.7918869265133,False,False,4.91250562077253,0.9592524758919763,0.9592524758919763,0.0,0.0,0.005207827332739491,0.005207827332739491,0.065,0.065,-1.3589616101865312,-1.3589616101865312
2016,313,15.0,-0.008943033109537701,-0.41516149823178417,1.208383902,0.6033933718304668,31.677180402319465,20.108275775723055,0.016983723901981117,0.023966832291660738,0.0,-1.3902690819478247,25.053053817780082,25.1078573225938,False,False,4.91250562077253,0.9635605066335531,0.9635605066335531,0.0,0.0,0.00047490568115937773,0.00047490568115937773,0.065,0.065,-1.3589616101865312,-1.3589616101865312
2016,313,15.5,-1.420074060153222,0.0,2.740314336,0.0,32.37297495720458,0.0,0.001505565670382059,0.0,0.0,0.0,23.807003093235664,0.0,False,0.0,4.91250562077253,0.9635605066335531,0.9635605066335531,0.0,0.0,0.0,0.0,0.065,0.065,-1.3589616101865312,-1.3589616101865312
2016,313,16.0,0.0,0.0,0.0,0.0,0.0,0.0,0.0,0.0,0.0,0.0,0.0,0.0,False,0.0,4.91250562077253,0.9635605066335531,0.9635605066335531,0.0,0.0,0.0,0.0,0.065,0.065,-1.3589616101865312,-1.3589616101865312
2016,313,16.5,0.0,0.0,0.0,0.0,0.0,0.0,0.0,0.0,0.0,0.0,0.0,0.0,False,0.0,4.91250562077253,0.9635605066335531,0.9635605066335531,0.0,0.0,0.0,0.0,0.065,0.065,-1.3589616101865312,-1.3589616101865312
2016,313,17.0,0.0,0.0,0.0,0.0,0.0,0.0,0.0,0.0,0.0,0.0,0.0,0.0,False,0.0,4.91250562077253,0.9635605066335531,0.9635605066335531,0.0,0.0,0.0,0.0,0.065,0.065,-1.3589616101865312,-1.3589616101865312
2016,313,17.5,0.0,0.0,0.0,0.0,0.0,0.0,0.0,0.0,0.0,0.0,0.0,0.0,False,0.0,4.91250562077253,0.9635605066335531,0.9635605066335531,0.0,0.0,0.0,0.0,0.065,0.065,-1.3589616101865312,-1.3589616101865312
2016,313,18.0,-1.1726537851854828,0.0,4.138581676,0.0,39.596505195324,0.0,7.795240256453882e-05,0.0,0.0,0.0,14.776728934602836,0.0,False,0.0,4.91250562077253,0.9635605066335531,0.9635605066335531,0.0,0.0,0.0,0.0,0.065,0.065,-1.3589616101865312,-1.3589616101865312
2016,313,18.5,0.0,0.0,0.0,0.0,0.0,0.0,0.0,0.0,0.0,0.0,0.0,0.0,False,0.0,4.91250562077253,0.9635605066335531,0.9635605066335531,0.0,0.0,0.0,0.0,0.065,0.065,-1.3589616101865312,-1.3589616101865312
2016.0,313.0,19.0,0.0,0.0,0.0,0.0,0.0,0.0,0.0,0.0,0.0,0.0,0.0,0.0,0.0,0.0,4.91250562077253,0.9635605066335531,0.9635605066335531,0.0,0.0,0.0,0.0,0.065,0.065,-1.3589616101865312,-1.3589616101865312
2016.0,313.0,19.5,0.0,0.0,0.0,0.0,0.0,0.0,0.0,0.0,0.0,0.0,0.0,0.0,0.0,0.0,4.91250562077253,0.9635605066335531,0.9635605066335531,0.0,0.0,0.0,0.0,0.065,0.065,-1.3589616101865312,-1.3589616101865312
2016.0,313.0,20.0,0.0,0.0,0.0,0.0,0.0,0.0,0.0,0.0,0.0,0.0,0.0,0.0,0.0,0.0,4.91250562077253,0.9635605066335531,0.9635605066335531,0.0,0.0,0.0,0.0,0.065,0.065,-1.3589616101865312,-1.3589616101865312
2016.0,313.0,20.5,0.0,0.0,0.0,0.0,0.0,0.0,0.0,0.0,0.0,0.0,0.0,0.0,0.0,0.0,4.91250562077253,0.9635605066335531,0.9635605066335531,0.0,0.0,0.0,0.0,0.065,0.065,-1.3589616101865312,-1.3589616101865312
2016.0,313.0,21.0,0.0,0.0,0.0,0.0,0.0,0.0,0.0,0.0,0.0,0.0,0.0,0.0,0.0,0.0,4.91250562077253,0.9635605066335531,0.9635605066335531,0.0,0.0,0.0,0.0,0.065,0.065,-1.3589616101865312,-1.3589616101865312
2016.0,313.0,21.5,0.0,0.0,0.0,0.0,0.0,0.0,0.0,0.0,0.0,0.0,0.0,0.0,0.0,0.0,4.91250562077253,0.9635605066335531,0.9635605066335531,0.0,0.0,0.0,0.0,0.065,0.065,-1.3589616101865312,-1.3589616101865312
2016.0,313.0,22.0,0.0,0.0,0.0,0.0,0.0,0.0,0.0,0.0,0.0,0.0,0.0,0.0,0.0,0.0,4.91250562077253,0.9635605066335531,0.9635605066335531,0.0,0.0,0.0,0.0,0.065,0.065,-1.3589616101865312,-1.3589616101865312
2016.0,313.0,22.5,0.0,0.0,0.0,0.0,0.0,0.0,0.0,0.0,0.0,0.0,0.0,0.0,0.0,0.0,4.91250562077253,0.9635605066335531,0.9635605066335531,0.0,0.0,0.0,0.0,0.065,0.065,-1.3589616101865312,-1.3589616101865312
2016.0,313.0,23.0,0.0,0.0,0.0,0.0,0.0,0.0,0.0,0.0,0.0,0.0,0.0,0.0,0.0,0.0,4.91250562077253,0.9635605066335531,0.9635605066335531,0.0,0.0,0.0,0.0,0.065,0.065,-1.3589616101865312,-1.3589616101865312
2016.0,313.0,23.5,0.0,0.0,0.0,0.0,0.0,0.0,0.0,0.0,0.0,0.0,0.0,0.0,0.0,0.0,4.91250562077253,0.9635605066335531,0.9635605066335531,0.0,0.0,0.0,0.0,0.065,0.065,-1.3589616101865312,-1.3589616101865312
2016.0,314.0,0.0,0.0,0.0,0.0,0.0,0.0,0.0,0.0,0.0,0.0,0.0,0.0,0.0,0.0,0.0,4.91250562077253,0.9635605066335531,0.9635605066335531,0.0,0.0,0.0,0.0,0.065,0.065,-1.3589616101865312,-1.3589616101865312
2016.0,314.0,0.5,0.0,0.0,0.0,0.0,0.0,0.0,0.0,0.0,0.0,0.0,0.0,0.0,0.0,0.0,4.91250562077253,0.9635605066335531,0.9635605066335531,0.0,0.0,0.0,0.0,0.065,0.065,-1.3589616101865312,-1.3589616101865312
2016.0,314.0,1.0,0.0,0.0,0.0,0.0,0.0,0.0,0.0,0.0,0.0,0.0,0.0,0.0,0.0,0.0,4.91250562077253,0.9635605066335531,0.9635605066335531,0.0,0.0,0.0,0.0,0.065,0.065,-1.3589616101865312,-1.3589616101865312
2016.0,314.0,1.5,0.0,0.0,0.0,0.0,0.0,0.0,0.0,0.0,0.0,0.0,0.0,0.0,0.0,0.0,4.91250562077253,0.9635605066335531,0.9635605066335531,0.0,0.0,0.0,0.0,0.065,0.065,-1.3589616101865312,-1.3589616101865312
2016.0,314.0,2.0,0.0,0.0,0.0,0.0,0.0,0.0,0.0,0.0,0.0,0.0,0.0,0.0,0.0,0.0,4.91250562077253,0.9635605066335531,0.9635605066335531,0.0,0.0,0.0,0.0,0.065,0.065,-1.3589616101865312,-1.3589616101865312
2016.0,314.0,2.5,0.0,0.0,0.0,0.0,0.0,0.0,0.0,0.0,0.0,0.0,0.0,0.0,0.0,0.0,4.91250562077253,0.9635605066335531,0.9635605066335531,0.0,0.0,0.0,0.0,0.065,0.065,-1.3589616101865312,-1.3589616101865312
2016.0,314.0,3.0,0.0,0.0,0.0,0.0,0.0,0.0,0.0,0.0,0.0,0.0,0.0,0.0,0.0,0.0,4.91250562077253,0.9635605066335531,0.9635605066335531,0.0,0.0,0.0,0.0,0.065,0.065,-1.3589616101865312,-1.3589616101865312
2016.0,314.0,3.5,0.0,0.0,0.0,0.0,0.0,0.0,0.0,0.0,0.0,0.0,0.0,0.0,0.0,0.0,4.91250562077253,0.9635605066335531,0.9635605066335531,0.0,0.0,0.0,0.0,0.065,0.065,-1.3589616101865312,-1.3589616101865312
2016.0,314.0,4.0,0.0,0.0,0.0,0.0,0.0,0.0,0.0,0.0,0.0,0.0,0.0,0.0,0.0,0.0,4.91250562077253,0.9635605066335531,0.9635605066335531,0.0,0.0,0.0,0.0,0.065,0.065,-1.3589616101865312,-1.3589616101865312
2016,314,4.5,0.0,0.0,0.0,0.0,0.0,0.0,0.0,0.0,0.0,0.0,0.0,0.0,False,0.0,4.91250562077253,0.9635605066335531,0.9635605066335531,0.0,0.0,0.0,0.0,0.065,0.065,-1.3589616101865312,-1.3589616101865312
2016,314,5.0,0.0,0.0,0.0,0.0,0.0,0.0,0.0,0.0,0.0,0.0,0.0,0.0,False,0.0,4.91250562077253,0.9635605066335531,0.9635605066335531,0.0,0.0,0.0,0.0,0.065,0.065,-1.3589616101865312,-1.3589616101865312
2016,314,5.5,-1.1853764912451135,-1.4922387173825333,0.984403284,0.4915510838820697,36.81984439651296,23.48984318826027,0.0026543105965746434,0.08100204266726678,0.0,-1.3902690819478247,17.65703692991452,17.699794953407167,False,False,4.91250562077253,0.9635605066335531,0.9635605066335531,0.0,0.0,0.0,0.0,0.065,0.065,-1.3589616101865312,-1.3589616101865312
2016,314,6.0,-1.0178663876411567,-1.301069517091734,0.9482033060000001,0.4734750181967716,37.054104286280435,23.66736305047923,0.004162242982833978,0.08581629279075911,0.0,-1.3902690819478247,17.809441818769102,17.850054237875455,False,False,4.91250562077253,0.9635605066335531,0.9635605066335531,0.0,0.0,0.0,0.0,0.065,0.065,-1.3589616101865312,-1.3589616101865312
2016,314,6.5,-0.035674418644226935,-0.3263801370362225,1.180008348,0.5892243472536915,37.25179160304448,25.000857578770344,0.019319141163565864,0.11499350913907291,0.0,-1.3902690819478247,18.059979219415816,18.109700684479744,False,False,4.91250562077253,0.9635605066335531,0.9635605066335531,0.0,0.0,0.0,0.0,0.065,0.065,-1.3589616101865312,-1.3589616101865312
2016,314,7.0,0.5903018753623385,0.32486217505685344,1.07326799,0.5359247092682698,37.42925703770169,25.38711154389012,0.03159691336301705,0.11059370212036243,0.0,-1.3902690819478247,18.29178319287199,18.33712387752189,False,False,4.91250562077253,0.9635605066335531,0.9635605066335531,0.0,0.0,0.00041773317508039045,0.00041773317508039045,0.065,0.065,-1.3589616101865312,-1.3589616101865312
2016,314,7.5,3.7322798100460446,3.7864860658068933,1.792630398,0.8951305115077672,39.18696862766886,41.69864409159981,0.09368699682998878,0.19670416310784639,0.0,-1.4215765537091185,18.46610917813218,18.54028964861886,False,False,4.91250562077253,0.9614417188553311,0.9614417188553311,0.0,0.0,0.003574330885176865,0.003574330885176865,0.065,0.065,-1.3589616101865312,-1.3589616101865312
2016,314,8.0,9.121629881161033,9.170167052675527,2.640376092,1.318443112669363,37.09445317556511,40.23770721550245,0.10593348551658549,0.24261727211349107,0.0,-1.452884025470412,19.32260745693243,19.43391504420397,False,False,4.91250562077253,0.9592524758919763,0.9592524758919763,0.0,0.0,0.010016261084831678,0.010016261084831678,0.065,0.065,-1.3589616101865312,-1.3589616101865312
2016,314,8.5,14.804828355279582,15.216973534432146,5.355968918,2.674444884198066,35.76627871309686,40.061287942066095,0.14815889294655923,0.3430560477861851,0.0,-1.5781139125155867,20.904729688855053,21.11697905317747,False,False,4.91250562077253,0.9497822187559118,0.9497822187559118,0.0,0.0,0.01790136724190811,0.01790136724190811,0.065,0.065,-1.3589616101865312,-1.3589616101865312
2016,314,9.0,7.8760115584056205,8.02873753138492,3.242649946,1.6191820176886307,36.3358207447384,40.98845079897485,0.08382800914526421,0.23823911729938976,0.0,-1.4841914972317058,19.723972613479873,19.856464761074292,False,False,4.91250562077253,0.9569923161521736,0.9569923161521736,0.0,0.0,0.009268850560917733,0.009268850560917733,0.065,0.065,-1.3589616101865312,-1.3589616101865312
2016,314,9.5,26.971817522837547,27.28719237188412,6.97546469,3.483122501398121,34.85351771730262,37.48199545976485,0.2478611273916389,0.3445880354324443,0.0,-1.640728856038174,22.441698025736034,22.734719432760023,False,False,4.91250562077253,0.9446139401669841,0.9446139401669841,0.0,0.0,0.03930996576003195,0.03930996576003195,0.065,0.065,-1.3589616101865312,-1.3589616101865312
2016,314,10.0,16.765441680123814,16.49564905368016,3.0861579580000003,1.5410394438364905,34.555173236181204,33.719574961648725,0.14459469500065175,0.12756163201111076,0.0,-1.4841914972317058,21.135250079914826,21.273962608308203,False,False,4.91250562077253,0.9569923161521736,0.9569923161521736,0.0,0.0,0.02031480164997904,0.02031480164997904,0.065,0.065,-1.3589616101865312,-1.3589616101865312
2016,314,10.5,6.018282087414459,6.093158078405802,2.684868836,1.3406600809521383,33.834463565184464,38.82058736405646,0.047871664346800576,0.0919394278034999,0.0,-1.452884025470412,21.69091499686415,21.807943597707812,False,False,4.91250562077253,0.9592524758919763,0.9592524758919763,0.0,0.0,0.008073013325812149,0.008073013325812149,0.065,0.065,-1.3589616101865312,-1.3589616101865312
2016,314,11.0,7.603847188068356,7.6083032640057695,2.978483408,1.4872733272262841,33.57798707747068,37.91746122080694,0.05914236026941758,0.095866631262409,0.0,-1.4841914972317058,22.764469104726764,22.894761789988493,False,False,4.91250562077253,0.9569923161521736,0.9569923161521736,0.0,0.0,0.011146476230226687,0.011146476230226687,0.065,0.065,-1.3589616101865312,-1.3589616101865312
2016,314,11.5,8.233925286948848,7.95023126045721,2.277056294,1.137023319170671,33.92278353467482,36.25418157562097,0.06530030441740298,0.07779799003770348,0.0,-1.452884025470412,22.216412193852147,22.317875226504395,False,False,4.91250562077253,0.9592524758919763,0.9592524758919763,0.0,0.0,0.009705783706730645,0.009705783706730645,0.065,0.065,-1.3589616101865312,-1.3589616101865312
2016,314,12.0,22.225277184355352,21.668929677685924,5.262172346,2.627608585111702,32.81601286163682,32.16095547451164,0.1641841189071191,0.14422417926858597,0.0,-1.5781139125155867,24.30776208525661,24.542333842802677,False,False,4.91250562077253,0.9497822187559118,0.9497822187559118,0.0,0.0,0.027456782494669072,0.027456782494669072,0.065,0.065,-1.3589616101865312,-1.3589616101865312
2016,314,12.5,17.58492748359235,17.533471167904274,5.336224722,2.6645858344550133,32.387902754779184,33.34125000797178,0.12408655192705176,0.13152460650138018,0.0,-1.5781139125155867,24.14164236885851,24.375328483551122,False,False,4.91250562077253,0.9497822187559118,0.9497822187559118,0.0,0.0,0.016524904544840797,0.016524904544840797,0.065,0.065,-1.3589616101865312,-1.3589616101865312
2016,314,13.0,9.515719947373862,9.889482583218403,6.597813296,3.294546381156049,32.63940432812859,39.39305905064215,0.06801399044956599,0.1742802764497955,0.0,-1.6094213842768803,23.9600571645703,24.2307013150458,False,False,4.91250562077253,0.9472344415788331,0.9472344415788331,0.0,0.0,0.009864997156601364,0.009864997156601364,0.065,0.065,-1.3589616101865312,-1.3589616101865312
2016,314,13.5,4.766236420720055,4.848852806761841,4.661998152,2.3279181224996863,33.43042709644613,31.675219438144826,0.07564822221144496,0.14716010090469595,0.0,-1.5468064407542932,22.843354455826393,23.036475869207962,False,False,4.91250562077253,0.9522575659586197,0.9522575659586197,0.0,0.0,0.004664271331837867,0.004664271331837867,0.065,0.065,-1.3589616101865312,-1.3589616101865312
2016,314,14.0,2.91807048477142,2.814244404147763,4.089721074,2.042157781647589,34.146513276085315,27.56017745093166,0.05513369796463349,0.15531722581628854,0.0,-1.6603186099808538,21.830272129828007,21.99805051677808,False,False,4.859865340624669,0.942937129817367,0.942937129817367,0.0,0.0,0.0027054269909599824,0.0027054269909599824,0.064,0.064,-1.5075137161482992,-1.5075137161482992
2016,314,14.5,2.260952234232416,2.1009608178260524,3.196617622,1.5961962768610838,34.91213622057725,26.692989265215566,0.04954018187855311,0.14894623654160327,0.0,-1.629757631214343,20.98863301491889,21.120491715552674,False,False,4.859865340624669,0.9455405489506958,0.9455405489506958,0.0,0.0,0.001956307438862876,0.001956307438862876,0.064,0.064,-1.5075137161482992,-1.5075137161482992
2016,314,15.0,0.0,0.0,0.0,0.0,0.0,0.0,0.0,0.0,0.0,0.0,0.0,0.0,False,0.0,4.859865340624669,0.9455405489506958,0.9455405489506958,0.0,0.0,0.0,0.0,0.064,0.064,-1.5075137161482992,-1.5075137161482992
2016,314,15.5,0.0,0.0,0.0,0.0,0.0,0.0,0.0,0.0,0.0,0.0,0.0,0.0,False,0.0,4.859865340624669,0.9455405489506958,0.9455405489506958,0.0,0.0,0.0,0.0,0.064,0.064,-1.5075137161482992,-1.5075137161482992
2016,314,16.0,-0.9399394980360434,-1.152830030657665,1.763030826,0.8803502868421967,38.339713804224225,23.458773194159527,0.002992517145599492,0.2714278169540265,0.0,-1.568635673681321,18.257419069025367,18.32347490985004,False,False,4.859865340624669,0.9505392526400802,0.9505392526400802,0.0,0.0,0.0,0.0,0.064,0.064,-1.5075137161482992,-1.5075137161482992
2016,314,16.5,-0.9682943353337203,-1.1966926632080814,1.021835626,0.51024251714058,38.85744677808186,23.51097989117134,0.003837860334956161,0.19341436161720163,0.0,-1.53807469491481,17.911096322870456,17.951016317285454,False,False,4.859865340624669,0.9529350736660653,0.9529350736660653,0.0,0.0,0.0,0.0,0.064,0.064,-1.5075137161482992,-1.5075137161482992
2016,314,17.0,-0.677728125749143,-0.9468819730333988,1.259806198,0.6290705366117502,38.61674600767265,24.373725603819068,0.010194930868771407,0.21895992612635828,0.0,-1.568635673681321,17.42303551170938,17.472680545788794,False,False,4.859865340624669,0.9505392526400802,0.9505392526400802,0.0,0.0,0.0,0.0,0.064,0.064,-1.5075137161482992,-1.5075137161482992
2016,314,17.5,-0.7769527572298021,-1.0824882005107235,1.238549516,0.6184562434184367,38.22243914355439,24.505735360645907,0.008416069252701663,0.18321789321685517,0.0,-1.568635673681321,17.481762653068564,17.53234712327932,False,False,4.859865340624669,0.9505392526400802,0.9505392526400802,0.0,0.0,0.0,0.0,0.064,0.064,-1.5075137161482992,-1.5075137161482992
2016,314,18.0,-1.368548314532955,0.0,0.9644438,0.0,38.301072144422626,0.0,0.0008843342291098933,0.0,0.0,0.0,17.251713288338667,0.0,False,0.0,4.859865340624669,0.9505392526400802,0.9505392526400802,0.0,0.0,0.0,0.0,0.064,0.064,-1.5075137161482992,-1.5075137161482992
2016,314,18.5,0.0,0.0,0.0,0.0,0.0,0.0,0.0,0.0,0.0,0.0,0.0,0.0,False,0.0,4.859865340624669,0.9505392526400802,0.9505392526400802,0.0,0.0,0.0,0.0,0.064,0.064,-1.5075137161482992,-1.5075137161482992
2016.0,314.0,19.0,0.0,0.0,0.0,0.0,0.0,0.0,0.0,0.0,0.0,0.0,0.0,0.0,0.0,0.0,4.859865340624669,0.9505392526400802,0.9505392526400802,0.0,0.0,0.0,0.0,0.064,0.064,-1.5075137161482992,-1.5075137161482992
2016.0,314.0,19.5,0.0,0.0,0.0,0.0,0.0,0.0,0.0,0.0,0.0,0.0,0.0,0.0,0.0,0.0,4.859865340624669,0.9505392526400802,0.9505392526400802,0.0,0.0,0.0,0.0,0.064,0.064,-1.5075137161482992,-1.5075137161482992
2016.0,314.0,20.0,0.0,0.0,0.0,0.0,0.0,0.0,0.0,0.0,0.0,0.0,0.0,0.0,0.0,0.0,4.859865340624669,0.9505392526400802,0.9505392526400802,0.0,0.0,0.0,0.0,0.064,0.064,-1.5075137161482992,-1.5075137161482992
2016.0,314.0,20.5,0.0,0.0,0.0,0.0,0.0,0.0,0.0,0.0,0.0,0.0,0.0,0.0,0.0,0.0,4.859865340624669,0.9505392526400802,0.9505392526400802,0.0,0.0,0.0,0.0,0.064,0.064,-1.5075137161482992,-1.5075137161482992
2016.0,314.0,21.0,0.0,0.0,0.0,0.0,0.0,0.0,0.0,0.0,0.0,0.0,0.0,0.0,0.0,0.0,4.859865340624669,0.9505392526400802,0.9505392526400802,0.0,0.0,0.0,0.0,0.064,0.064,-1.5075137161482992,-1.5075137161482992
2016.0,314.0,21.5,0.0,0.0,0.0,0.0,0.0,0.0,0.0,0.0,0.0,0.0,0.0,0.0,0.0,0.0,4.859865340624669,0.9505392526400802,0.9505392526400802,0.0,0.0,0.0,0.0,0.064,0.064,-1.5075137161482992,-1.5075137161482992
2016.0,314.0,22.0,0.0,0.0,0.0,0.0,0.0,0.0,0.0,0.0,0.0,0.0,0.0,0.0,0.0,0.0,4.859865340624669,0.9505392526400802,0.9505392526400802,0.0,0.0,0.0,0.0,0.064,0.064,-1.5075137161482992,-1.5075137161482992
2016.0,314.0,22.5,0.0,0.0,0.0,0.0,0.0,0.0,0.0,0.0,0.0,0.0,0.0,0.0,0.0,0.0,4.859865340624669,0.9505392526400802,0.9505392526400802,0.0,0.0,0.0,0.0,0.064,0.064,-1.5075137161482992,-1.5075137161482992
2016.0,314.0,23.0,0.0,0.0,0.0,0.0,0.0,0.0,0.0,0.0,0.0,0.0,0.0,0.0,0.0,0.0,4.859865340624669,0.9505392526400802,0.9505392526400802,0.0,0.0,0.0,0.0,0.064,0.064,-1.5075137161482992,-1.5075137161482992
2016.0,314.0,23.5,0.0,0.0,0.0,0.0,0.0,0.0,0.0,0.0,0.0,0.0,0.0,0.0,0.0,0.0,4.859865340624669,0.9505392526400802,0.9505392526400802,0.0,0.0,0.0,0.0,0.064,0.064,-1.5075137161482992,-1.5075137161482992
2016.0,315.0,0.0,0.0,0.0,0.0,0.0,0.0,0.0,0.0,0.0,0.0,0.0,0.0,0.0,0.0,0.0,4.859865340624669,0.9505392526400802,0.9505392526400802,0.0,0.0,0.0,0.0,0.064,0.064,-1.5075137161482992,-1.5075137161482992
2016.0,315.0,0.5,0.0,0.0,0.0,0.0,0.0,0.0,0.0,0.0,0.0,0.0,0.0,0.0,0.0,0.0,4.859865340624669,0.9505392526400802,0.9505392526400802,0.0,0.0,0.0,0.0,0.064,0.064,-1.5075137161482992,-1.5075137161482992
2016.0,315.0,1.0,0.0,0.0,0.0,0.0,0.0,0.0,0.0,0.0,0.0,0.0,0.0,0.0,0.0,0.0,4.859865340624669,0.9505392526400802,0.9505392526400802,0.0,0.0,0.0,0.0,0.064,0.064,-1.5075137161482992,-1.5075137161482992
2016.0,315.0,1.5,0.0,0.0,0.0,0.0,0.0,0.0,0.0,0.0,0.0,0.0,0.0,0.0,0.0,0.0,4.859865340624669,0.9505392526400802,0.9505392526400802,0.0,0.0,0.0,0.0,0.064,0.064,-1.5075137161482992,-1.5075137161482992
2016.0,315.0,2.0,0.0,0.0,0.0,0.0,0.0,0.0,0.0,0.0,0.0,0.0,0.0,0.0,0.0,0.0,4.859865340624669,0.9505392526400802,0.9505392526400802,0.0,0.0,0.0,0.0,0.064,0.064,-1.5075137161482992,-1.5075137161482992
2016.0,315.0,2.5,0.0,0.0,0.0,0.0,0.0,0.0,0.0,0.0,0.0,0.0,0.0,0.0,0.0,0.0,4.859865340624669,0.9505392526400802,0.9505392526400802,0.0,0.0,0.0,0.0,0.064,0.064,-1.5075137161482992,-1.5075137161482992
2016.0,315.0,3.0,0.0,0.0,0.0,0.0,0.0,0.0,0.0,0.0,0.0,0.0,0.0,0.0,0.0,0.0,4.859865340624669,0.9505392526400802,0.9505392526400802,0.0,0.0,0.0,0.0,0.064,0.064,-1.5075137161482992,-1.5075137161482992
2016.0,315.0,3.5,0.0,0.0,0.0,0.0,0.0,0.0,0.0,0.0,0.0,0.0,0.0,0.0,0.0,0.0,4.859865340624669,0.9505392526400802,0.9505392526400802,0.0,0.0,0.0,0.0,0.064,0.064,-1.5075137161482992,-1.5075137161482992
2016.0,315.0,4.0,0.0,0.0,0.0,0.0,0.0,0.0,0.0,0.0,0.0,0.0,0.0,0.0,0.0,0.0,4.859865340624669,0.9505392526400802,0.9505392526400802,0.0,0.0,0.0,0.0,0.064,0.064,-1.5075137161482992,-1.5075137161482992
2016,315,4.5,0.0,0.0,0.0,0.0,0.0,0.0,0.0,0.0,0.0,0.0,0.0,0.0,False,0.0,4.859865340624669,0.9505392526400802,0.9505392526400802,0.0,0.0,0.0,0.0,0.064,0.064,-1.5075137161482992,-1.5075137161482992
2016,315,5.0,-0.5064288769686957,-0.7741148443691709,0.680379372,0.33974004678107295,39.303903158777416,27.58675285060314,0.0013803184276262243,0.16227505194625516,0.0,-1.53807469491481,14.556478094472698,14.585519705842575,False,False,4.859865340624669,0.9529350736660653,0.9529350736660653,0.0,0.0,0.0,0.0,0.064,0.064,-1.5075137161482992,-1.5075137161482992
2016,315,5.5,0.659169302456992,0.5233034687745011,0.6741128380000001,0.33661092111687635,39.444608982103404,31.633331436808383,0.02840390947016971,0.16737669752475798,0.0,-1.53807469491481,14.973471948559766,15.00192693619439,False,False,4.859865340624669,0.9529350736660653,0.9529350736660653,0.0,0.0,0.0,0.0,0.064,0.064,-1.5075137161482992,-1.5075137161482992
2016,315,6.0,0.8522764333561992,0.6620548989640332,0.931069574,0.4649194752882568,39.04829081278416,29.250004748741276,0.03714547181962054,0.18749514412362764,0.0,-1.53807469491481,15.418227264548154,15.456690700109526,False,False,4.859865340624669,0.9529350736660653,0.9529350736660653,0.0,0.0,0.0001530243090137295,0.0001530243090137295,0.064,0.064,-1.5075137161482992,-1.5075137161482992
2016,315,6.5,3.178335589998831,3.2292766165090687,1.498106012,0.7480629594982587,38.546935651013094,41.87959126249326,0.047259741967873616,0.25326953582029793,0.0,-1.568635673681321,16.096178008070027,16.157552553489424,False,False,4.859865340624669,0.9505392526400802,0.9505392526400802,0.0,0.0,0.0022597031948404455,0.0022597031948404455,0.064,0.064,-1.5075137161482992,-1.5075137161482992
2016,315,7.0,6.411535123984118,6.440494383991733,1.581332596,0.789621249924484,38.58548865539296,40.893006123907114,0.09535615988176498,0.2617883387451776,0.0,-1.568635673681321,16.648787448516373,16.715890540769415,False,False,4.859865340624669,0.9505392526400802,0.9505392526400802,0.0,0.0,0.005511401378422781,0.005511401378422781,0.064,0.064,-1.5075137161482992,-1.5075137161482992
2016,315,7.5,13.836729682961263,13.869193590195755,1.8141779420000002,0.9058900434804344,37.854153175075126,38.49643816366667,0.18373562176313019,0.21819070187623074,0.0,-1.568635673681321,17.236719999348367,17.318293827133893,False,False,4.859865340624669,0.9505392526400802,0.9505392526400802,0.0,0.0,0.013877368129146748,0.013877368129146748,0.064,0.064,-1.5075137161482992,-1.5075137161482992
2016,315,8.0,22.13865810638209,22.186989419806537,3.354467432,1.6750168643755787,37.31372556378944,38.37275713182736,0.274668534953681,0.34279999750795065,0.0,-1.629757631214343,18.47509315661217,18.627381847646653,False,False,4.859865340624669,0.9455405489506958,0.9455405489506958,0.0,0.0,0.02549913415300231,0.02549913415300231,0.064,0.064,-1.5075137161482992,-1.5075137161482992
2016,315,8.5,24.376142606233962,24.531456429817865,4.639769272,2.3168183727984406,36.39160882294335,38.209902989973166,0.27050188761473604,0.3626537375067157,0.0,-1.6908795887473647,19.833172182879572,20.03646717017697,False,False,4.859865340624669,0.940264026207143,0.940264026207143,0.0,0.0,0.030597254021934098,0.030597254021934098,0.064,0.064,-1.5075137161482992,-1.5075137161482992
2016,315,9.0,30.432706225268745,30.322783086916324,5.82234937,2.907326895471415,35.54722336005098,36.86082173276766,0.3061858474286261,0.3485911070998955,0.0,-1.7214405675138755,21.24713834663119,21.51133234085146,False,False,4.859865340624669,0.9375210471070988,0.9375210471070988,0.0,0.0,0.04642619342943166,0.04642619342943166,0.064,0.064,-1.5075137161482992,-1.5075137161482992
2016,315,9.5,31.540014855289083,30.87795950009647,5.52715994,2.7599272609665073,34.90683518282631,34.942061996533084,0.29432135559195705,0.26795803025282694,0.0,-1.7214405675138755,22.2389298716545,22.49637896457486,False,False,4.859865340624669,0.9375210471070988,0.9375210471070988,0.0,0.0,0.05111203112362908,0.05111203112362908,0.064,0.064,-1.5075137161482992,-1.5075137161482992
2016,315,10.0,30.907104679223245,29.26256755246475,5.963588884000001,2.9778533121566286,33.28994100222725,31.756409429351045,0.2423463929634857,0.18557019312156559,0.0,-1.7520015462803864,23.78969682152239,24.064757142386448,False,False,4.859865340624669,0.9347080325993704,0.9347080325993704,0.0,0.0,0.05285467619663468,0.05285467619663468,0.064,0.064,-1.5075137161482992,-1.5075137161482992
2016,315,10.5,29.295292475627456,27.885477595045085,6.61314278,3.3022009924297278,32.56900706748313,31.4283031953462,0.2139648340822693,0.17259521982109577,0.0,-1.7825625250468973,24.682843231433168,24.98119915004277,False,False,4.859865340624669,0.931824853965321,0.931824853965321,0.0,0.0,0.05013064082108233,0.05013064082108233,0.064,0.064,-1.5075137161482992,-1.5075137161482992
2016,315,11.0,26.248803026709986,25.316663554235067,7.01321016,3.5019702917211544,31.987664151540017,31.54486269171198,0.18120403402685475,0.15933406593557914,0.0,-1.7825625250468973,25.541476965010318,25.852168217948392,False,False,4.859865340624669,0.931824853965321,0.931824853965321,0.0,0.0,0.04431334836070237,0.04431334836070237,0.064,0.064,-1.5075137161482992,-1.5075137161482992
2016,315,11.5,29.483250001866754,25.145751975084615,6.132764032,3.0623290841465445,31.032826414085612,26.629960399358104,0.1889500879384296,0.11000761702403758,0.0,-1.7520015462803864,26.689229250078085,26.975126346429107,False,False,4.859865340624669,0.9347080325993704,0.9347080325993704,0.0,0.0,0.048789729852311656,0.048789729852311656,0.064,0.064,-1.5075137161482992,-1.5075137161482992
2016,315,12.0,25.274335083836903,23.834729574231098,8.362478450000001,4.175712751927339,30.377557509527843,29.818834073276438,0.15300541697095374,0.13187590692316356,0.0,-1.8436844825799192,27.570386927556868,27.940131246215444,False,False,4.859865340624669,0.9258476460089563,0.9258476460089563,0.0,0.0,0.03224382049286647,0.03224382049286647,0.064,0.064,-1.5075137161482992,-1.5075137161482992
2016,315,12.5,25.978145867376533,22.279390021266458,6.496008042,3.243711033730908,30.144833273993495,26.06547965914735,0.15466788877916535,0.09610988653963491,0.0,-1.7520015462803864,27.451540366380762,27.74954122837392,False,False,4.859865340624669,0.9347080325993704,0.9347080325993704,0.0,0.0,0.033396958167442405,0.033396958167442405,0.064,0.064,-1.5075137161482992,-1.5075137161482992
2016,315,13.0,18.360055271247596,18.46660767909568,8.851743368,4.420021872647798,29.826582371355265,31.987424653378994,0.1057067143183367,0.1239725007820194,0.0,-1.8436844825799192,27.515934870195927,27.89706621705301,False,False,4.859865340624669,0.9258476460089563,0.9258476460089563,0.0,0.0,0.02107324557622495,0.02107324557622495,0.064,0.064,-1.5075137161482992,-1.5075137161482992
2016,315,13.5,21.943021344004144,19.234161982231196,6.452070696,3.2217713974047846,29.706917452613958,26.504833508457033,0.12586151884832622,0.08678132183255374,0.0,-1.7520015462803864,28.111439920589554,28.404850362798236,False,False,4.859865340624669,0.9347080325993704,0.9347080325993704,0.0,0.0,0.027587573207036756,0.027587573207036756,0.064,0.064,-1.5075137161482992,-1.5075137161482992
2016,315,14.0,16.139371837626747,15.948249932792374,7.95355069,3.9715191181549154,29.184826495583877,30.565174070669066,0.08857761999232976,0.0963253323288581,0.0,-1.8131235038134084,28.729881964361923,29.078873720766104,False,False,4.859865340624669,0.9288714137818329,0.9288714137818329,0.0,0.0,0.019807894603746348,0.019807894603746348,0.064,0.064,-1.5075137161482992,-1.5075137161482992
2016,315,14.5,17.041071545919536,16.32961863918309,7.450076436,3.7201147198936675,29.37401452108118,29.67612618282577,0.09487900725210377,0.09377210340077749,0.0,-1.8131235038134084,28.73398923494006,29.063953815739517,False,False,4.859865340624669,0.9288714137818329,0.9288714137818329,0.0,0.0,0.021185827656390422,0.021185827656390422,0.064,0.064,-1.5075137161482992,-1.5075137161482992
2016,315,15.0,1.189019230542097,0.4314994907407166,2.555554,1.2760881226592478,29.143708239810458,18.903981501877812,0.029158062904809493,0.02958700756116886,0.0,-1.5991966524478318,28.879571761654063,28.995910335968887,False,False,4.859865340624669,0.9480745056038853,0.9480745056038853,0.0,0.0,0.002389275885592544,0.002389275885592544,0.064,0.064,-1.5075137161482992,-1.5075137161482992
2016,315,15.5,0.040692858033572366,-0.8619101483958518,1.74692689,0.8723089613770862,28.575841542455635,16.762188940923757,0.019334276773903248,0.017939852812096674,0.0,-1.568635673681321,29.01889338066465,29.099303260950308,False,False,4.859865340624669,0.9505392526400802,0.9505392526400802,0.0,0.0,0.0006613006554994788,0.0006613006554994788,0.064,0.064,-1.5075137161482992,-1.5075137161482992
2016,315,16.0,2.2769205994854422,1.7575937468533542,5.451287366,2.722041115529164,29.372148132780538,22.82902506042995,0.038574459141171615,0.0675706785948522,0.0,-1.7214405675138755,28.109234458555388,28.347937102900815,False,False,4.859865340624669,0.9375210471070988,0.9375210471070988,0.0,0.0,0.0028533084642106046,0.0028533084642106046,0.064,0.064,-1.5075137161482992,-1.5075137161482992
2016,315,16.5,1.463705423359625,0.9224158886929317,3.5472537620000004,1.7712826235511105,31.216756123085567,23.07451694966866,0.03282011542522476,0.06508966350626269,0.0,-1.6603186099808538,26.037324152087454,26.193565065747066,False,False,4.859865340624669,0.942937129817367,0.942937129817367,0.0,0.0,0.0017901762306940605,0.0017901762306940605,0.064,0.064,-1.5075137161482992,-1.5075137161482992
2016,315,17.0,-0.8211052508486335,-1.3636965819223208,2.3892788140000003,1.193060415184643,32.132385524569415,22.51496488496688,0.011910378633321183,0.053773327078685276,0.0,-1.5991966524478318,24.897270196216766,25.003063640366225,False,False,4.859865340624669,0.9480745056038853,0.9480745056038853,0.0,0.0,0.0,0.0,0.064,0.064,-1.5075137161482992,-1.5075137161482992
2016,315,17.5,-1.638817690620068,-2.1686989001569033,1.846464616,0.9220120433331359,32.971696606769164,22.680007414794694,0.004461573055060165,0.05099479588729949,0.0,-1.568635673681321,23.80560533159851,23.887616619228766,False,False,4.859865340624669,0.9505392526400802,0.9505392526400802,0.0,0.0,0.0,0.0,0.064,0.064,-1.5075137161482992,-1.5075137161482992
2016,315,18.0,-2.1451784350630207,0.0,0.807679194,0.0,33.87805386874812,0.0,0.00015288184213721942,0.0,0.0,0.0,22.289053032940842,0.0,False,0.0,4.859865340624669,0.9505392526400802,0.9505392526400802,0.0,0.0,0.0,0.0,0.0635,0.0635,-1.5887406165480027,-1.5887406165480027
2016,315,18.5,0.0,0.0,0.0,0.0,0.0,0.0,0.0,0.0,0.0,0.0,0.0,0.0,False,0.0,4.859865340624669,0.9505392526400802,0.9505392526400802,0.0,0.0,0.0,0.0,0.063,0.063,-1.6750389044446923,-1.6750389044446923
2016.0,315.0,19.0,0.0,0.0,0.0,0.0,0.0,0.0,0.0,0.0,0.0,0.0,0.0,0.0,0.0,0.0,4.859865340624669,0.9505392526400802,0.9505392526400802,0.0,0.0,0.0,0.0,0.063,0.063,-1.6750389044446923,-1.6750389044446923
2016.0,315.0,19.5,0.0,0.0,0.0,0.0,0.0,0.0,0.0,0.0,0.0,0.0,0.0,0.0,0.0,0.0,4.859865340624669,0.9505392526400802,0.9505392526400802,0.0,0.0,0.0,0.0,0.063,0.063,-1.6750389044446923,-1.6750389044446923
2016.0,315.0,20.0,0.0,0.0,0.0,0.0,0.0,0.0,0.0,0.0,0.0,0.0,0.0,0.0,0.0,0.0,4.859865340624669,0.9505392526400802,0.9505392526400802,0.0,0.0,0.0,0.0,0.063,0.063,-1.6750389044446923,-1.6750389044446923
2016.0,315.0,20.5,0.0,0.0,0.0,0.0,0.0,0.0,0.0,0.0,0.0,0.0,0.0,0.0,0.0,0.0,4.859865340624669,0.9505392526400802,0.9505392526400802,0.0,0.0,0.0,0.0,0.063,0.063,-1.6750389044446923,-1.6750389044446923
2016.0,315.0,21.0,0.0,0.0,0.0,0.0,0.0,0.0,0.0,0.0,0.0,0.0,0.0,0.0,0.0,0.0,4.859865340624669,0.9505392526400802,0.9505392526400802,0.0,0.0,0.0,0.0,0.063,0.063,-1.6750389044446923,-1.6750389044446923
2016.0,315.0,21.5,0.0,0.0,0.0,0.0,0.0,0.0,0.0,0.0,0.0,0.0,0.0,0.0,0.0,0.0,4.859865340624669,0.9505392526400802,0.9505392526400802,0.0,0.0,0.0,0.0,0.063,0.063,-1.6750389044446923,-1.6750389044446923
2016.0,315.0,22.0,0.0,0.0,0.0,0.0,0.0,0.0,0.0,0.0,0.0,0.0,0.0,0.0,0.0,0.0,4.859865340624669,0.9505392526400802,0.9505392526400802,0.0,0.0,0.0,0.0,0.063,0.063,-1.6750389044446923,-1.6750389044446923
2016.0,315.0,22.5,0.0,0.0,0.0,0.0,0.0,0.0,0.0,0.0,0.0,0.0,0.0,0.0,0.0,0.0,4.859865340624669,0.9505392526400802,0.9505392526400802,0.0,0.0,0.0,0.0,0.063,0.063,-1.6750389044446923,-1.6750389044446923
2016.0,315.0,23.0,0.0,0.0,0.0,0.0,0.0,0.0,0.0,0.0,0.0,0.0,0.0,0.0,0.0,0.0,4.859865340624669,0.9505392526400802,0.9505392526400802,0.0,0.0,0.0,0.0,0.063,0.063,-1.6750389044446923,-1.6750389044446923
2016.0,315.0,23.5,0.0,0.0,0.0,0.0,0.0,0.0,0.0,0.0,0.0,0.0,0.0,0.0,0.0,0.0,4.859865340624669,0.9505392526400802,0.9505392526400802,0.0,0.0,0.0,0.0,0.063,0.063,-1.6750389044446923,-1.6750389044446923
2016.0,316.0,0.0,0.0,0.0,0.0,0.0,0.0,0.0,0.0,0.0,0.0,0.0,0.0,0.0,0.0,0.0,4.859865340624669,0.9505392526400802,0.9505392526400802,0.0,0.0,0.0,0.0,0.063,0.063,-1.6750389044446923,-1.6750389044446923
2016.0,316.0,0.5,0.0,0.0,0.0,0.0,0.0,0.0,0.0,0.0,0.0,0.0,0.0,0.0,0.0,0.0,4.859865340624669,0.9505392526400802,0.9505392526400802,0.0,0.0,0.0,0.0,0.063,0.063,-1.6750389044446923,-1.6750389044446923
2016.0,316.0,1.0,0.0,0.0,0.0,0.0,0.0,0.0,0.0,0.0,0.0,0.0,0.0,0.0,0.0,0.0,4.859865340624669,0.9505392526400802,0.9505392526400802,0.0,0.0,0.0,0.0,0.063,0.063,-1.6750389044446923,-1.6750389044446923
2016.0,316.0,1.5,0.0,0.0,0.0,0.0,0.0,0.0,0.0,0.0,0.0,0.0,0.0,0.0,0.0,0.0,4.859865340624669,0.9505392526400802,0.9505392526400802,0.0,0.0,0.0,0.0,0.063,0.063,-1.6750389044446923,-1.6750389044446923
2016.0,316.0,2.0,0.0,0.0,0.0,0.0,0.0,0.0,0.0,0.0,0.0,0.0,0.0,0.0,0.0,0.0,4.859865340624669,0.9505392526400802,0.9505392526400802,0.0,0.0,0.0,0.0,0.063,0.063,-1.6750389044446923,-1.6750389044446923
2016.0,316.0,2.5,0.0,0.0,0.0,0.0,0.0,0.0,0.0,0.0,0.0,0.0,0.0,0.0,0.0,0.0,4.859865340624669,0.9505392526400802,0.9505392526400802,0.0,0.0,0.0,0.0,0.063,0.063,-1.6750389044446923,-1.6750389044446923
2016.0,316.0,3.0,0.0,0.0,0.0,0.0,0.0,0.0,0.0,0.0,0.0,0.0,0.0,0.0,0.0,0.0,4.859865340624669,0.9505392526400802,0.9505392526400802,0.0,0.0,0.0,0.0,0.063,0.063,-1.6750389044446923,-1.6750389044446923
2016.0,316.0,3.5,0.0,0.0,0.0,0.0,0.0,0.0,0.0,0.0,0.0,0.0,0.0,0.0,0.0,0.0,4.859865340624669,0.9505392526400802,0.9505392526400802,0.0,0.0,0.0,0.0,0.063,0.063,-1.6750389044446923,-1.6750389044446923
2016.0,316.0,4.0,0.0,0.0,0.0,0.0,0.0,0.0,0.0,0.0,0.0,0.0,0.0,0.0,0.0,0.0,4.859865340624669,0.9505392526400802,0.9505392526400802,0.0,0.0,0.0,0.0,0.063,0.063,-1.6750389044446923,-1.6750389044446923
2016,316,4.5,0.0,0.0,0.0,0.0,0.0,0.0,0.0,0.0,0.0,0.0,0.0,0.0,False,0.0,4.859865340624669,0.9505392526400802,0.9505392526400802,0.0,0.0,0.0,0.0,0.063,0.063,-1.6750389044446923,-1.6750389044446923
2016,316,5.0,-1.0282485193869229,-1.305182838698672,1.5465914960000002,0.7722736591171222,38.395668820150995,23.824520478554106,0.00250389745579633,0.25259698790778323,0.0,-1.7344771917435795,15.446611194630686,15.51093354398958,False,False,4.790655467624218,0.9363296524175091,0.9363296524175091,0.0,0.0,0.0,0.0,0.063,0.063,-1.6750389044446923,-1.6750389044446923
2016,316,5.5,0.8661221366579657,0.788081065140279,1.585843306,0.7918736239520962,38.17910987228926,34.666937224629756,0.026791369412957254,0.22570364659723233,0.0,-1.7344771917435795,16.45536163369187,16.521027395645604,False,False,4.790655467624218,0.9363296524175091,0.9363296524175091,0.0,0.0,0.00022538408382850636,0.00022538408382850636,0.063,0.063,-1.6750389044446923,-1.6750389044446923
2016,316,6.0,5.220928418846027,5.341039350480524,1.780279886,0.8889634175344211,38.24734197465145,41.63285204129559,0.07388890101665954,0.2673790542911545,0.0,-1.7344771917435795,17.040526645663164,17.113311496060412,False,False,4.790655467624218,0.9363296524175091,0.9363296524175091,0.0,0.0,0.003220008367199373,0.003220008367199373,0.063,0.063,-1.6750389044446923,-1.6750389044446923
2016,316,6.5,8.466210710730493,8.680442003828428,3.831478296,1.9132070563769321,37.90027428947016,42.15266750846446,0.11381081840753024,0.549088967886406,0.0,-1.8236346226919102,18.23474424335189,18.376300134444858,False,False,4.790655467624218,0.9278393584265412,0.9278393584265412,0.0,0.0,0.005804821465516057,0.005804821465516057,0.063,0.063,-1.6750389044446923,-1.6750389044446923
2016,316,7.0,12.350373892906326,12.654031118061635,4.787628368,2.390650205830626,37.406458694431706,41.598003157910725,0.15472167977959972,0.5679918743531227,0.0,-1.853353766341354,19.233565875427942,19.411240077384623,False,False,4.790655467624218,0.924876294588467,0.924876294588467,0.0,0.0,0.009062226816411037,0.009062226816411037,0.063,0.063,-1.6750389044446923,-1.6750389044446923
2016,316,7.5,5.808209060734073,5.9826931588285905,5.249607788,2.621334609593961,37.050484209380535,42.59485074342884,0.06796389021937546,0.544809312447171,0.0,-1.8830729099907975,18.86583111436239,19.051083395561662,False,False,4.790655467624218,0.9218466873216367,0.9218466873216367,0.0,0.0,0.003923970824280542,0.003923970824280542,0.063,0.063,-1.6750389044446923,-1.6750389044446923
2016,316,8.0,14.776309773326478,15.250452288486791,6.671247518,3.331214962015981,35.69055449964533,40.68575846102601,0.14644871611487237,0.4298539793025379,0.0,-1.9425111972896847,20.735818740937127,20.987277774049403,False,False,4.790655467624218,0.9155878946879439,0.9155878946879439,0.0,0.0,0.011817626418473526,0.011817626418473526,0.063,0.063,-1.6750389044446923,-1.6750389044446923
2016,316,8.5,15.335217282231621,15.601356538518917,4.268875172,2.1316164338942376,35.14561219807917,38.00941694950872,0.14249327097149492,0.21962821360303786,0.0,-1.853353766341354,20.210265335887847,20.391066373195656,False,False,4.790655467624218,0.924876294588467,0.924876294588467,0.0,0.0,0.011843577440787442,0.011843577440787442,0.063,0.063,-1.6750389044446923,-1.6750389044446923
2016,316,9.0,24.099403296948935,24.461303847972076,7.641748604000001,3.815824134380369,34.42846310575963,37.436503832952376,0.20402882241634132,0.31725865401508613,0.0,-1.9722303409391282,22.27779607260298,22.591173531829405,False,False,4.790655467624218,0.9123588061040293,0.9123588061040293,0.0,0.0,0.022302083811547985,0.022302083811547985,0.063,0.063,-1.6750389044446923,-1.6750389044446923
2016,316,9.5,25.428971834488365,25.268071148262827,7.309577432,3.6499580688309803,32.799574483924644,34.00084064309692,0.18849212476055455,0.20524096324613278,0.0,-1.9722303409391282,23.086225132376562,23.401240909168834,False,False,4.790655467624218,0.9123588061040293,0.9123588061040293,0.0,0.0,0.024923686329770926,0.024923686329770926,0.063,0.063,-1.6750389044446923,-1.6750389044446923
2016,316,10.0,26.361273519838605,25.815890637751572,7.728787506,3.8592860643773483,32.03900199392382,32.472883928267514,0.182784058610965,0.17990059463502,0.0,-1.9722303409391282,24.140466623859293,24.476598382293187,False,False,4.790655467624218,0.9123588061040293,0.9123588061040293,0.0,0.0,0.02765204040518866,0.02765204040518866,0.063,0.063,-1.6750389044446923,-1.6750389044446923
2016,316,10.5,27.20102022668219,26.94332667495191,9.356988438,4.672310508637935,31.584105137587763,33.098498682971574,0.18171376028430303,0.1976173760098079,0.0,-2.061387771887459,24.999604331823207,25.398593870188698,False,False,4.790655467624218,0.9022739467406345,0.9022739467406345,0.0,0.0,0.03043481251303716,0.03043481251303716,0.063,0.063,-1.6750389044446923,-1.6750389044446923
2016,316,11.0,26.503648909337095,26.21577016484693,10.015918774,5.001340212345807,31.270277042346788,32.827805756430905,0.16774879885549226,0.18775868261255307,0.0,-2.0911069155369026,25.622798205544925,26.04765530155658,False,False,4.790655467624218,0.8987802875931163,0.8987802875931163,0.0,0.0,0.030161717218143636,0.030161717218143636,0.063,0.063,-1.6750389044446923,-1.6750389044446923
2016,316,11.5,29.609208727646944,28.294057332965423,9.975556872,4.981185935132281,30.67066738907942,31.01929087187041,0.1844306739993451,0.17040274789031362,0.0,-2.0911069155369026,26.14361601600684,26.5778040288536,False,False,4.790655467624218,0.8987802875931163,0.8987802875931163,0.0,0.0,0.03812574790307029,0.03812574790307029,0.063,0.063,-1.6750389044446923,-1.6750389044446923
2016,316,12.0,26.09200266042521,25.24903624584561,10.253366534,5.119907171325364,30.033294821082386,30.872452578546884,0.15411868618927127,0.1521681060174016,0.0,-2.0911069155369026,27.050389190668824,27.49286024629783,False,False,4.790655467624218,0.8987802875931163,0.8987802875931163,0.0,0.0,0.032744009349732685,0.032744009349732685,0.063,0.063,-1.6750389044446923,-1.6750389044446923
2016,316,12.5,26.988209279574967,25.900521020938438,11.51974986,5.752261925340467,29.59995759082119,30.893713771397532,0.1547014626900148,0.15614839665089483,0.0,-2.15054520283579,27.974419077889788,28.470050522146572,False,False,4.790655467624218,0.8915960930484526,0.8915960930484526,0.0,0.0,0.037885618006578706,0.037885618006578706,0.063,0.063,-1.6750389044446923,-1.6750389044446923
2016,316,13.0,26.752554397254865,26.135618922278034,12.620342736,6.301831019535691,29.90451237224905,32.114466343321055,0.15253252176780116,0.17564747224735952,0.0,-2.1802643464852336,27.8431776246458,28.375646536904625,False,False,4.790655467624218,0.8879060509236552,0.8879060509236552,0.0,0.0,0.03675080646466761,0.03675080646466761,0.063,0.063,-1.6750389044446923,-1.6750389044446923
2016,316,13.5,23.792449586125436,24.339441500378495,13.487385918,6.734779611654224,30.03826254983468,34.23756528749976,0.14014178450661058,0.2042741480328147,0.0,-2.209983490134677,27.75277464842525,28.301913924748995,False,False,4.790655467624218,0.8841510881053256,0.8841510881053256,0.0,0.0,0.030466271421412044,0.030466271421412044,0.063,0.063,-1.6750389044446923,-1.6750389044446923
2016,316,14.0,19.209974978045317,20.159438820039547,12.93047992,6.456694652586446,30.21564412666864,35.576260055515235,0.11391754418057465,0.2027511658377461,0.0,-2.209983490134677,27.467552463647053,27.986419118869026,False,False,4.790655467624218,0.8841510881053256,0.8841510881053256,0.0,0.0,0.02254523391122273,0.02254523391122273,0.063,0.063,-1.6750389044446923,-1.6750389044446923
2016,316,14.5,13.964129656120056,14.929660655006883,10.433666692000001,5.209938096180556,30.829075217105853,37.08881221858179,0.08615668571588309,0.18460496656817715,0.0,-2.0911069155369026,26.972870979685013,27.394298773058686,False,False,4.790655467624218,0.8987802875931163,0.8987802875931163,0.0,0.0,0.015386400298838828,0.015386400298838828,0.063,0.063,-1.6750389044446923,-1.6750389044446923
2016,316,15.0,2.649752084017476,2.2917452120106536,4.011119448,2.00290891374642,31.36678981960162,23.743924472710965,0.046536719347638034,0.07600804947811717,0.0,-1.8236346226919102,26.800240455216564,26.974842046999953,False,False,4.790655467624218,0.9278393584265412,0.9278393584265412,0.0,0.0,0.0018921609361323684,0.0018921609361323684,0.063,0.063,-1.6750389044446923,-1.6750389044446923
2016,316,15.5,3.1119756886752388,2.3643143214564146,2.282653098,1.1398180224362844,31.899133203391145,21.74725022969635,0.05292854037141001,0.04818639189897683,0.0,-1.764196335393023,26.24200651954355,26.34474353902331,False,False,4.790655467624218,0.9335659729045216,0.9335659729045216,0.0,0.0,0.0019506523798647427,0.0019506523798647427,0.063,0.063,-1.6750389044446923,-1.6750389044446923
2016,316,16.0,2.29640051503714,1.4650833744152716,1.758387558,0.8780317214175866,32.114140881761166,20.481700367434506,0.04396155537223793,0.038897038703209964,0.0,-1.7344771917435795,25.645019846405717,25.724687530291284,False,False,4.790655467624218,0.9363296524175091,0.9363296524175091,0.0,0.0,0.001384519391029944,0.001384519391029944,0.063,0.063,-1.6750389044446923,-1.6750389044446923
2016,316,16.5,1.1326121496752597,0.48968938480595914,1.659042708,0.828424949996453,32.50039590234621,20.990271694995826,0.03112692332575929,0.04030159510994053,0.0,-1.7344771917435795,24.665718553534468,24.74042367544534,False,False,4.790655467624218,0.9363296524175091,0.9363296524175091,0.0,0.0,0.0007000306589300197,0.0007000306589300197,0.063,0.063,-1.6750389044446923,-1.6750389044446923
2016,316,17.0,-0.6800512593765211,-1.1728422249184394,2.775253558,1.3857927098122826,33.24556216172656,23.63386718866222,0.01290016499791773,0.0827080283439687,0.0,-1.7939154790424667,23.841418708409005,23.961394826363772,False,False,4.790655467624218,0.9307359010684796,0.9307359010684796,0.0,0.0,0.0,0.0,0.063,0.063,-1.6750389044446923,-1.6750389044446923
2016,316,17.5,-1.1954752750820958,-1.7494057365241167,0.568440098,0.28384438657960614,33.559605947372894,19.02857224738041,0.006991608724806325,0.017786699223477347,0.0,-1.7047580480941358,22.736108893884918,22.761967262817073,False,False,4.790655467624218,0.9390270461097232,0.9390270461097232,0.0,0.0,0.0,0.0,0.063,0.063,-1.6750389044446923,-1.6750389044446923
2016,316,18.0,-1.9053411318456448,0.0,1.436852774,0.0,34.25406482677033,0.0,0.0010747133727068052,0.0,0.0,0.0,21.719817181228144,0.0,False,0.0,4.790655467624218,0.9390270461097232,0.9390270461097232,0.0,0.0,0.0,0.0,0.062,0.062,-1.8643213520376791,-1.8643213520376791
2016,316,18.5,0.0,0.0,0.0,0.0,0.0,0.0,0.0,0.0,0.0,0.0,0.0,0.0,False,0.0,4.790655467624218,0.9390270461097232,0.9390270461097232,0.0,0.0,0.0,0.0,0.062,0.062,-1.8643213520376791,-1.8643213520376791
2016.0,316.0,19.0,0.0,0.0,0.0,0.0,0.0,0.0,0.0,0.0,0.0,0.0,0.0,0.0,0.0,0.0,4.790655467624218,0.9390270461097232,0.9390270461097232,0.0,0.0,0.0,0.0,0.062,0.062,-1.8643213520376791,-1.8643213520376791
2016.0,316.0,19.5,0.0,0.0,0.0,0.0,0.0,0.0,0.0,0.0,0.0,0.0,0.0,0.0,0.0,0.0,4.790655467624218,0.9390270461097232,0.9390270461097232,0.0,0.0,0.0,0.0,0.062,0.062,-1.8643213520376791,-1.8643213520376791
2016.0,316.0,20.0,0.0,0.0,0.0,0.0,0.0,0.0,0.0,0.0,0.0,0.0,0.0,0.0,0.0,0.0,4.790655467624218,0.9390270461097232,0.9390270461097232,0.0,0.0,0.0,0.0,0.062,0.062,-1.8643213520376791,-1.8643213520376791
2016.0,316.0,20.5,0.0,0.0,0.0,0.0,0.0,0.0,0.0,0.0,0.0,0.0,0.0,0.0,0.0,0.0,4.790655467624218,0.9390270461097232,0.9390270461097232,0.0,0.0,0.0,0.0,0.062,0.062,-1.8643213520376791,-1.8643213520376791
2016.0,316.0,21.0,0.0,0.0,0.0,0.0,0.0,0.0,0.0,0.0,0.0,0.0,0.0,0.0,0.0,0.0,4.790655467624218,0.9390270461097232,0.9390270461097232,0.0,0.0,0.0,0.0,0.062,0.062,-1.8643213520376791,-1.8643213520376791
2016.0,316.0,21.5,0.0,0.0,0.0,0.0,0.0,0.0,0.0,0.0,0.0,0.0,0.0,0.0,0.0,0.0,4.790655467624218,0.9390270461097232,0.9390270461097232,0.0,0.0,0.0,0.0,0.062,0.062,-1.8643213520376791,-1.8643213520376791
2016.0,316.0,22.0,0.0,0.0,0.0,0.0,0.0,0.0,0.0,0.0,0.0,0.0,0.0,0.0,0.0,0.0,4.790655467624218,0.9390270461097232,0.9390270461097232,0.0,0.0,0.0,0.0,0.062,0.062,-1.8643213520376791,-1.8643213520376791
2016.0,316.0,22.5,0.0,0.0,0.0,0.0,0.0,0.0,0.0,0.0,0.0,0.0,0.0,0.0,0.0,0.0,4.790655467624218,0.9390270461097232,0.9390270461097232,0.0,0.0,0.0,0.0,0.062,0.062,-1.8643213520376791,-1.8643213520376791
2016.0,316.0,23.0,0.0,0.0,0.0,0.0,0.0,0.0,0.0,0.0,0.0,0.0,0.0,0.0,0.0,0.0,4.790655467624218,0.9390270461097232,0.9390270461097232,0.0,0.0,0.0,0.0,0.062,0.062,-1.8643213520376791,-1.8643213520376791
2016.0,316.0,23.5,0.0,0.0,0.0,0.0,0.0,0.0,0.0,0.0,0.0,0.0,0.0,0.0,0.0,0.0,4.790655467624218,0.9390270461097232,0.9390270461097232,0.0,0.0,0.0,0.0,0.062,0.062,-1.8643213520376791,-1.8643213520376791
2016.0,317.0,0.0,0.0,0.0,0.0,0.0,0.0,0.0,0.0,0.0,0.0,0.0,0.0,0.0,0.0,0.0,4.790655467624218,0.9390270461097232,0.9390270461097232,0.0,0.0,0.0,0.0,0.062,0.062,-1.8643213520376791,-1.8643213520376791
2016.0,317.0,0.5,0.0,0.0,0.0,0.0,0.0,0.0,0.0,0.0,0.0,0.0,0.0,0.0,0.0,0.0,4.790655467624218,0.9390270461097232,0.9390270461097232,0.0,0.0,0.0,0.0,0.062,0.062,-1.8643213520376791,-1.8643213520376791
2016.0,317.0,1.0,0.0,0.0,0.0,0.0,0.0,0.0,0.0,0.0,0.0,0.0,0.0,0.0,0.0,0.0,4.790655467624218,0.9390270461097232,0.9390270461097232,0.0,0.0,0.0,0.0,0.062,0.062,-1.8643213520376791,-1.8643213520376791
2016.0,317.0,1.5,0.0,0.0,0.0,0.0,0.0,0.0,0.0,0.0,0.0,0.0,0.0,0.0,0.0,0.0,4.790655467624218,0.9390270461097232,0.9390270461097232,0.0,0.0,0.0,0.0,0.062,0.062,-1.8643213520376791,-1.8643213520376791
2016.0,317.0,2.0,0.0,0.0,0.0,0.0,0.0,0.0,0.0,0.0,0.0,0.0,0.0,0.0,0.0,0.0,4.790655467624218,0.9390270461097232,0.9390270461097232,0.0,0.0,0.0,0.0,0.062,0.062,-1.8643213520376791,-1.8643213520376791
2016.0,317.0,2.5,0.0,0.0,0.0,0.0,0.0,0.0,0.0,0.0,0.0,0.0,0.0,0.0,0.0,0.0,4.790655467624218,0.9390270461097232,0.9390270461097232,0.0,0.0,0.0,0.0,0.062,0.062,-1.8643213520376791,-1.8643213520376791
2016.0,317.0,3.0,0.0,0.0,0.0,0.0,0.0,0.0,0.0,0.0,0.0,0.0,0.0,0.0,0.0,0.0,4.790655467624218,0.9390270461097232,0.9390270461097232,0.0,0.0,0.0,0.0,0.062,0.062,-1.8643213520376791,-1.8643213520376791
2016.0,317.0,3.5,0.0,0.0,0.0,0.0,0.0,0.0,0.0,0.0,0.0,0.0,0.0,0.0,0.0,0.0,4.790655467624218,0.9390270461097232,0.9390270461097232,0.0,0.0,0.0,0.0,0.062,0.062,-1.8643213520376791,-1.8643213520376791
2016.0,317.0,4.0,0.0,0.0,0.0,0.0,0.0,0.0,0.0,0.0,0.0,0.0,0.0,0.0,0.0,0.0,4.790655467624218,0.9390270461097232,0.9390270461097232,0.0,0.0,0.0,0.0,0.062,0.062,-1.8643213520376791,-1.8643213520376791
2016,317,4.5,0.0,0.0,0.0,0.0,0.0,0.0,0.0,0.0,0.0,0.0,0.0,0.0,False,0.0,4.790655467624218,0.9390270461097232,0.9390270461097232,0.0,0.0,0.0,0.0,0.062,0.062,-1.8643213520376791,-1.8643213520376791
2016,317,5.0,0.0,0.0,0.0,0.0,0.0,0.0,0.0,0.0,0.0,0.0,0.0,0.0,False,0.0,4.790655467624218,0.9390270461097232,0.9390270461097232,0.0,0.0,0.0,0.0,0.062,0.062,-1.8643213520376791,-1.8643213520376791
2016,317,5.5,0.0,0.0,0.0,0.0,0.0,0.0,0.0,0.0,0.0,0.0,0.0,0.0,False,0.0,4.790655467624218,0.9390270461097232,0.9390270461097232,0.0,0.0,0.0,0.0,0.062,0.062,-1.8643213520376791,-1.8643213520376791
2016,317,6.0,-0.897335935077812,-1.202888700845197,0.956067718,0.4774020268786069,38.252481394731575,24.09421773950378,0.007365835591544816,0.13992637698274057,0.0,-1.893089327608766,18.022613318920705,18.062190598292833,False,False,4.699629002928962,0.9208106080089093,0.9208106080089093,0.0,0.0,0.0,0.0,0.062,0.062,-1.8643213520376791,-1.8643213520376791
2016,317,6.5,-0.13699770751820417,-0.42976565340767414,0.99460552,0.4966454595767983,38.270390005967556,25.038774274085768,0.020801363766267886,0.14503804371971954,0.0,-1.893089327608766,18.02182166496248,18.0628000291552,False,False,4.699629002928962,0.9208106080089093,0.9208106080089093,0.0,0.0,0.0,0.0,0.062,0.062,-1.8643213520376791,-1.8643213520376791
2016,317,7.0,1.8127843738957923,1.5783860384359787,1.4563178460000001,0.7271964928533304,37.941949202115964,28.12179689960508,0.059420373701642125,0.18682080024584363,0.0,-1.921857303179853,18.771395257179854,18.831171882613933,False,False,4.699629002928962,0.9177928846497261,0.9177928846497261,0.0,0.0,0.0012213081541450081,0.0012213081541450081,0.062,0.062,-1.8643213520376791,-1.8643213520376791
2016,317,7.5,2.329448287129421,2.1098145396330223,1.5310489800000002,0.7645126726289314,38.044415917180345,28.283597393772794,0.07416414706046802,0.20425265698252087,0.0,-1.921857303179853,19.383517146814917,19.44583609502328,False,False,4.699629002928962,0.9177928846497261,0.9177928846497261,0.0,0.0,0.0017851059433933087,0.0017851059433933087,0.062,0.062,-1.8643213520376791,-1.8643213520376791
2016,317,8.0,7.984648403942426,8.099585916766463,2.833521078,1.4148879628215363,37.669568594545,41.43470226047678,0.10158580480611269,0.3242865535169971,0.0,-1.9793932543220267,19.941593660791092,20.055817224021958,False,False,4.699629002928962,0.9115706035759011,0.9115706035759011,0.0,0.0,0.00612312284573812,0.00612312284573812,0.062,0.062,-1.8643213520376791,-1.8643213520376791
2016,317,8.5,10.498530948582387,10.657122337173606,3.682393042,1.8387629546702036,37.300725477041794,41.28410226476245,0.12598248890745847,0.3722384890142012,0.0,-2.0081612298931137,20.569068991475305,20.715067563354758,False,False,4.699629002928962,0.9083661990343996,0.9083661990343996,0.0,0.0,0.008663538977692375,0.008663538977692375,0.062,0.062,-1.8643213520376791,-1.8643213520376791
2016,317,9.0,23.291046930996956,23.751873358036427,6.76038311,3.375723851382983,35.790839150880444,39.20185156701789,0.23043484261440889,0.423146238801109,0.0,-2.152001107748548,22.767690410168868,23.038773956517023,False,False,4.699629002928962,0.8914168391273866,0.8914168391273866,0.0,0.0,0.02181219276686518,0.02181219276686518,0.062,0.062,-1.8643213520376791,-1.8643213520376791
2016,317,9.5,30.35854630686352,30.405100591682153,8.476877558,4.232836703509505,33.914324639371806,36.327202490446794,0.25347115452627333,0.3231635164412934,0.0,-2.2095370588907217,24.16150023750777,24.522778560381326,False,False,4.699629002928962,0.8842079726939557,0.8842079726939557,0.0,0.0,0.03524658312306481,0.03524658312306481,0.062,0.062,-1.8643213520376791,-1.8643213520376791
2016,317,10.0,30.385181649361453,30.04293912470489,9.221778842,4.604795065988257,32.73631770186827,34.67433298908168,0.22596179725242055,0.2568639490790121,0.0,-2.2383050344618085,25.602938842182716,25.999122668032044,False,False,4.699629002928962,0.880512586747292,0.880512586747292,0.0,0.0,0.03857103919351472,0.03857103919351472,0.062,0.062,-1.8643213520376791,-1.8643213520376791
2016,317,10.5,26.92532849910618,26.690963324052966,9.30726904,4.647483667470199,31.81205014892334,33.68875516436415,0.18338126114719538,0.20622283787553852,0.0,-2.2383050344618085,26.892916494317912,27.290150545904105,False,False,4.699629002928962,0.880512586747292,0.880512586747292,0.0,0.0,0.03377801272913334,0.03377801272913334,0.062,0.062,-1.8643213520376791,-1.8643213520376791
2016,317,11.0,24.382450740551402,24.38403050324338,9.812261418,4.89964612445575,31.107762245235826,33.46923787021484,0.15612359786828284,0.18422698785307273,0.0,-2.2670730100328953,28.16699837306716,28.58305307944108,False,False,4.699629002928962,0.8767569737675996,0.8767569737675996,0.0,0.0,0.03196828403833695,0.03196828403833695,0.062,0.062,-1.8643213520376791,-1.8643213520376791
2016,317,11.5,24.993741981161826,23.879213668721476,10.202988772,5.094751583247651,30.00421458434349,31.47669110095333,0.1472285835264715,0.14790708178366138,0.0,-2.2958409856039825,30.406284021610176,30.853433053822314,False,False,4.699629002928962,0.8729414705406664,0.8729414705406664,0.0,0.0,0.042112056389864795,0.042112056389864795,0.062,0.062,-1.8643213520376791,-1.8643213520376791
2016,317,12.0,21.080702628634373,20.48150397272435,10.088456586,5.037561180612136,29.31259661092292,31.22693730623443,0.11755508925478653,0.12577726443106046,0.0,-2.2670730100328953,31.595887560932844,32.03705940428908,False,False,4.699629002928962,0.8767569737675996,0.8767569737675996,0.0,0.0,0.01827267381882938,0.01827267381882938,0.062,0.062,-1.8643213520376791,-1.8643213520376791
2016,317,12.5,19.472822587120596,18.63141133175581,10.422502018,5.2043631375278485,28.49254942627271,30.630059723722486,0.10253346823327109,0.1089937764493224,0.0,-2.2958409856039825,32.8934322260632,33.354858767530736,False,False,4.699629002928962,0.8729414705406664,0.8729414705406664,0.0,0.0,0.020007890033613005,0.020007890033613005,0.062,0.062,-1.8643213520376791,-1.8643213520376791
2016,317,13.0,16.157975089945047,14.49846908168103,8.397057096,4.192979223094936,27.543473223796333,28.19000209872143,0.0797657268813628,0.07143682384729297,0.0,-2.2095370588907217,34.19518844323797,34.58065442389985,False,False,4.699629002928962,0.8842079726939557,0.8842079726939557,0.0,0.0,0.019266589085146987,0.019266589085146987,0.062,0.062,-1.8643213520376791,-1.8643213520376791
2016,317,13.5,8.601312251787578,9.079591434584433,6.426809842000001,3.2091576644303967,27.58287320659676,30.840761563734468,0.04218734990628526,0.05506050793146755,0.0,-2.123233132177461,33.532934498596845,33.82326317841651,False,False,4.699629002928962,0.8949297690584594,0.8949297690584594,0.0,0.0,0.008371718347182464,0.008371718347182464,0.062,0.062,-1.8643213520376791,-1.8643213520376791
2016,317,14.0,9.900613872143822,9.5268368695319,5.997993848,2.995033057104659,27.391839543006824,28.51743584018772,0.04807109431727159,0.049291129042110464,0.0,-2.123233132177461,34.32925437907263,34.604817832348004,False,False,4.699629002928962,0.8949297690584594,0.8949297690584594,0.0,0.0,0.010558218745138659,0.010558218745138659,0.062,0.062,-1.8643213520376791,-1.8643213520376791
2016,317,14.5,12.357243198953109,11.593954944282324,7.008778322,3.499757301569763,27.64352298761218,28.5516522830803,0.061104290104049226,0.06098219495922647,0.0,-2.152001107748548,33.42034425843304,33.73933484226717,False,False,4.699629002928962,0.8914168391273866,0.8914168391273866,0.0,0.0,0.01179355974299554,0.01179355974299554,0.062,0.062,-1.8643213520376791,-1.8643213520376791
2016,317,15.0,-0.7925512745819967,-1.1670643098517948,6.326655406,3.159146635036678,27.351044297720026,21.25401671273052,0.015680780562614634,0.05191491782070251,0.0,-2.123233132177461,33.009072191846485,33.28779388065838,False,False,4.699629002928962,0.8949297690584594,0.8949297690584594,0.0,0.0,0.0012310860679228038,0.0012310860679228038,0.062,0.062,-1.8643213520376791,-1.8643213520376791
2016,317,15.5,-0.3391953479524945,-0.8366765470615403,6.916599466000001,3.4537287913907893,27.272211933479234,21.17076448267475,0.01985090266101611,0.05611056660029867,0.0,-2.152001107748548,32.772531095558314,33.07602333908963,False,False,4.699629002928962,0.8914168391273866,0.8914168391273866,0.0,0.0,0.0012687598109801983,0.0012687598109801983,0.062,0.062,-1.8643213520376791,-1.8643213520376791
2016,317,16.0,-1.3156274594614863,-1.895044541706754,6.402838544,3.197187857233004,27.327630196649807,21.203983477617527,0.013049636792024016,0.052485442486433526,0.0,-2.123233132177461,32.322023918658914,32.60405551834885,False,False,4.699629002928962,0.8949297690584594,0.8949297690584594,0.0,0.0,0.0003683837364483787,0.0003683837364483787,0.062,0.062,-1.8643213520376791,-1.8643213520376791
2016,317,16.5,-1.0986051306356908,-1.7800025996023319,8.161274682,4.075243836545747,26.913282377906548,21.82754325110961,0.015299559281021089,0.06764235478752775,0.0,-2.410902428895124,32.41608618660797,32.76970145097541,False,False,4.580030627157823,0.8570896276475949,0.8570896276475949,0.0,0.0,0.0005496389758768368,0.0005496389758768368,0.061,0.061,-2.0786085639674976,-2.0786085639674976
2016,317,17.0,0.0,0.0,0.0,0.0,0.0,0.0,0.0,0.0,0.0,0.0,0.0,0.0,False,0.0,4.580030627157823,0.8570896276475949,0.8570896276475949,0.0,0.0,0.0,0.0,0.061,0.061,-2.0786085639674976,-2.0786085639674976
2016,317,17.5,0.0,0.0,0.0,0.0,0.0,0.0,0.0,0.0,0.0,0.0,0.0,0.0,False,0.0,4.580030627157823,0.8570896276475949,0.8570896276475949,0.0,0.0,0.0,0.0,0.061,0.061,-2.0786085639674976,-2.0786085639674976
2016,317,18.0,0.0,0.0,0.0,0.0,0.0,0.0,0.0,0.0,0.0,0.0,0.0,0.0,False,0.0,4.580030627157823,0.8570896276475949,0.8570896276475949,0.0,0.0,0.0,0.0,0.061,0.061,-2.0786085639674976,-2.0786085639674976
2016,317,18.5,0.0,0.0,0.0,0.0,0.0,0.0,0.0,0.0,0.0,0.0,0.0,0.0,False,0.0,4.580030627157823,0.8570896276475949,0.8570896276475949,0.0,0.0,0.0,0.0,0.061,0.061,-2.0786085639674976,-2.0786085639674976
2016.0,317.0,19.0,0.0,0.0,0.0,0.0,0.0,0.0,0.0,0.0,0.0,0.0,0.0,0.0,0.0,0.0,4.580030627157823,0.8570896276475949,0.8570896276475949,0.0,0.0,0.0,0.0,0.061,0.061,-2.0786085639674976,-2.0786085639674976
2016.0,317.0,19.5,0.0,0.0,0.0,0.0,0.0,0.0,0.0,0.0,0.0,0.0,0.0,0.0,0.0,0.0,4.580030627157823,0.8570896276475949,0.8570896276475949,0.0,0.0,0.0,0.0,0.061,0.061,-2.0786085639674976,-2.0786085639674976
2016.0,317.0,20.0,0.0,0.0,0.0,0.0,0.0,0.0,0.0,0.0,0.0,0.0,0.0,0.0,0.0,0.0,4.580030627157823,0.8570896276475949,0.8570896276475949,0.0,0.0,0.0,0.0,0.061,0.061,-2.0786085639674976,-2.0786085639674976
2016.0,317.0,20.5,0.0,0.0,0.0,0.0,0.0,0.0,0.0,0.0,0.0,0.0,0.0,0.0,0.0,0.0,4.580030627157823,0.8570896276475949,0.8570896276475949,0.0,0.0,0.0,0.0,0.061,0.061,-2.0786085639674976,-2.0786085639674976
2016.0,317.0,21.0,0.0,0.0,0.0,0.0,0.0,0.0,0.0,0.0,0.0,0.0,0.0,0.0,0.0,0.0,4.580030627157823,0.8570896276475949,0.8570896276475949,0.0,0.0,0.0,0.0,0.061,0.061,-2.0786085639674976,-2.0786085639674976
2016.0,317.0,21.5,0.0,0.0,0.0,0.0,0.0,0.0,0.0,0.0,0.0,0.0,0.0,0.0,0.0,0.0,4.580030627157823,0.8570896276475949,0.8570896276475949,0.0,0.0,0.0,0.0,0.061,0.061,-2.0786085639674976,-2.0786085639674976
2016.0,317.0,22.0,0.0,0.0,0.0,0.0,0.0,0.0,0.0,0.0,0.0,0.0,0.0,0.0,0.0,0.0,4.580030627157823,0.8570896276475949,0.8570896276475949,0.0,0.0,0.0,0.0,0.061,0.061,-2.0786085639674976,-2.0786085639674976
2016.0,317.0,22.5,0.0,0.0,0.0,0.0,0.0,0.0,0.0,0.0,0.0,0.0,0.0,0.0,0.0,0.0,4.580030627157823,0.8570896276475949,0.8570896276475949,0.0,0.0,0.0,0.0,0.061,0.061,-2.0786085639674976,-2.0786085639674976
2016.0,317.0,23.0,0.0,0.0,0.0,0.0,0.0,0.0,0.0,0.0,0.0,0.0,0.0,0.0,0.0,0.0,4.580030627157823,0.8570896276475949,0.8570896276475949,0.0,0.0,0.0,0.0,0.061,0.061,-2.0786085639674976,-2.0786085639674976
2016.0,317.0,23.5,0.0,0.0,0.0,0.0,0.0,0.0,0.0,0.0,0.0,0.0,0.0,0.0,0.0,0.0,4.580030627157823,0.8570896276475949,0.8570896276475949,0.0,0.0,0.0,0.0,0.061,0.061,-2.0786085639674976,-2.0786085639674976
2016.0,318.0,0.0,0.0,0.0,0.0,0.0,0.0,0.0,0.0,0.0,0.0,0.0,0.0,0.0,0.0,0.0,4.580030627157823,0.8570896276475949,0.8570896276475949,0.0,0.0,0.0,0.0,0.061,0.061,-2.0786085639674976,-2.0786085639674976
2016.0,318.0,0.5,0.0,0.0,0.0,0.0,0.0,0.0,0.0,0.0,0.0,0.0,0.0,0.0,0.0,0.0,4.580030627157823,0.8570896276475949,0.8570896276475949,0.0,0.0,0.0,0.0,0.061,0.061,-2.0786085639674976,-2.0786085639674976
2016.0,318.0,1.0,0.0,0.0,0.0,0.0,0.0,0.0,0.0,0.0,0.0,0.0,0.0,0.0,0.0,0.0,4.580030627157823,0.8570896276475949,0.8570896276475949,0.0,0.0,0.0,0.0,0.061,0.061,-2.0786085639674976,-2.0786085639674976
2016.0,318.0,1.5,0.0,0.0,0.0,0.0,0.0,0.0,0.0,0.0,0.0,0.0,0.0,0.0,0.0,0.0,4.580030627157823,0.8570896276475949,0.8570896276475949,0.0,0.0,0.0,0.0,0.061,0.061,-2.0786085639674976,-2.0786085639674976
2016.0,318.0,2.0,0.0,0.0,0.0,0.0,0.0,0.0,0.0,0.0,0.0,0.0,0.0,0.0,0.0,0.0,4.580030627157823,0.8570896276475949,0.8570896276475949,0.0,0.0,0.0,0.0,0.061,0.061,-2.0786085639674976,-2.0786085639674976
2016.0,318.0,2.5,0.0,0.0,0.0,0.0,0.0,0.0,0.0,0.0,0.0,0.0,0.0,0.0,0.0,0.0,4.580030627157823,0.8570896276475949,0.8570896276475949,0.0,0.0,0.0,0.0,0.061,0.061,-2.0786085639674976,-2.0786085639674976
2016.0,318.0,3.0,0.0,0.0,0.0,0.0,0.0,0.0,0.0,0.0,0.0,0.0,0.0,0.0,0.0,0.0,4.580030627157823,0.8570896276475949,0.8570896276475949,0.0,0.0,0.0,0.0,0.061,0.061,-2.0786085639674976,-2.0786085639674976
2016.0,318.0,3.5,0.0,0.0,0.0,0.0,0.0,0.0,0.0,0.0,0.0,0.0,0.0,0.0,0.0,0.0,4.580030627157823,0.8570896276475949,0.8570896276475949,0.0,0.0,0.0,0.0,0.061,0.061,-2.0786085639674976,-2.0786085639674976
2016.0,318.0,4.0,0.0,0.0,0.0,0.0,0.0,0.0,0.0,0.0,0.0,0.0,0.0,0.0,0.0,0.0,4.580030627157823,0.8570896276475949,0.8570896276475949,0.0,0.0,0.0,0.0,0.061,0.061,-2.0786085639674976,-2.0786085639674976
2016,318,4.5,0.0,-1.260827595433497,0.0,0.7080917615865432,0.0,3.703969631730867,0.0,0.160980054606542,0.0,-2.133990874788769,0.0,13.157469714402392,False,False,4.580030627157823,0.8936232805752482,0.8936232805752482,0.0,0.0,0.0,0.0,0.061,0.061,-2.0786085639674976,-2.0786085639674976
2016,318,5.0,-0.1911670212746424,-0.35388628417440066,1.336663668,0.6674484791653569,37.34536599717445,30.48254076525295,0.0012738057439122946,0.14844804059583544,0.0,-2.133990874788769,13.28349480288823,13.340828288673148,False,False,4.580030627157823,0.8936232805752482,0.8936232805752482,0.0,0.0,0.0,0.0,0.061,0.061,-2.0786085639674976,-2.0786085639674976
2016,318,5.5,0.6609472085795598,0.5921939190216001,1.481876574,0.7399589659730837,37.48972643264304,33.32600716069006,0.018628045171877564,0.17139791781476227,0.0,-2.133990874788769,13.493472419537731,13.555934828738517,False,False,4.580030627157823,0.8936232805752482,0.8936232805752482,0.0,0.0,0.0,0.0,0.061,0.061,-2.0786085639674976,-2.0786085639674976
2016,318,6.0,5.019672188800144,5.1589099775775615,2.12238769,1.0597912323070449,36.59682915336261,40.87661391154536,0.05488747360464992,0.18372313715812813,0.0,-2.161682030199404,15.387157869381667,15.476231087985742,False,False,4.580030627157823,0.8902209268259874,0.8902209268259874,0.0,0.0,0.0012599337882503137,0.0012599337882503137,0.061,0.061,-2.0786085639674976,-2.0786085639674976
2016,318,6.5,17.12862508126904,12.360024435125219,1.48010778,0.739075737907924,34.23709858862749,22.485118339723265,0.14437351406660548,0.061464701962642455,0.0,-2.133990874788769,19.266998595484395,19.33889190025228,False,False,4.580030627157823,0.8936232805752482,0.8936232805752482,0.0,0.0,0.006814619814594613,0.006814619814594613,0.061,0.061,-2.0786085639674976,-2.0786085639674976
2016,318,7.0,20.543422183153336,16.142663884858585,2.668032442,1.3322530105432124,33.15087062677487,24.820828643382896,0.1549209531075895,0.08350295839985208,0.0,-2.1893731856100396,20.19035239024933,20.31770992739767,False,False,4.580030627157823,0.8867620502658491,0.8867620502658491,0.0,0.0,0.008897284445221901,0.008897284445221901,0.061,0.061,-2.0786085639674976,-2.0786085639674976
2016,318,7.5,22.51496054848716,21.994408673075483,7.928502779999999,3.959011716453194,32.11587114441383,33.22898808501388,0.15254458344314,0.19789135986752726,0.0,-2.410902428895124,21.653439875808907,21.995994436706013,False,False,4.580030627157823,0.8570896276475949,0.8570896276475949,0.0,0.0,0.010339122841396686,0.010339122841396686,0.061,0.061,-2.0786085639674976,-2.0786085639674976
2016,318,8.0,25.341682692060704,24.937651626892094,9.824904912,4.905959515807415,31.39475187917914,33.53906006686876,0.1662473483153739,0.2180908656617776,0.0,-2.4939758951270306,22.765147367998757,23.183994476682862,False,False,4.580030627157823,0.8450680226359353,0.8450680226359353,0.0,0.0,0.013115651194104376,0.013115651194104376,0.061,0.061,-2.0786085639674976,-2.0786085639674976
2016,318,8.5,21.27052180768139,21.69862431285583,10.776942608,5.38134919498832,30.396113404081312,34.13986054053848,0.12814411555454938,0.18965602112275032,0.0,-2.5493582059483018,24.139694371805355,24.587443174519297,False,False,4.580030627157823,0.836791646040039,0.836791646040039,0.0,0.0,0.010450508190706476,0.010450508190706476,0.061,0.061,-2.0786085639674976,-2.0786085639674976
2016,318,9.0,27.00566803316373,25.99323699791967,11.661107308,5.822847231087176,29.60583732814164,31.4673905670835,0.15486634585861886,0.17293774195933076,0.0,-2.577049361358937,25.69038418885681,26.18996455963385,False,False,4.580030627157823,0.8325763343932383,0.8325763343932383,0.0,0.0,0.01686139519288912,0.01686139519288912,0.061,0.061,-2.0786085639674976,-2.0786085639674976
2016,318,9.5,26.105472495665744,24.464088429374527,11.71778848,5.851150358459012,28.64253151931669,29.929920027473063,0.1399038626123647,0.14067350275430002,0.0,-2.577049361358937,27.645547821573906,28.154423921211016,False,False,4.580030627157823,0.8325763343932383,0.8325763343932383,0.0,0.0,0.018363203831690048,0.018363203831690048,0.061,0.061,-2.0786085639674976,-2.0786085639674976
2016,318,10.0,24.782583864592684,21.567183895699117,10.122030572,5.054325985724814,27.820881372377535,27.191429926481064,0.12569113903147883,0.10124621354846663,0.0,-2.5216670505376664,29.245627730735997,29.698907148983757,False,False,4.580030627157823,0.8409557119331097,0.8409557119331097,0.0,0.0,0.019515495332579343,0.019515495332579343,0.061,0.061,-2.0786085639674976,-2.0786085639674976
2016,318,10.5,23.062871251630042,20.597619061890825,9.876927066,4.931936213163273,27.583129018223076,26.721675611054952,0.11495337404641666,0.09426847194576807,0.0,-2.4939758951270306,29.24533340025528,29.68531705770145,False,False,4.580030627157823,0.8450680226359353,0.8450680226359353,0.0,0.0,0.016711637810530113,0.016711637810530113,0.061,0.061,-2.0786085639674976,-2.0786085639674976
2016,318,11.0,21.10609672783469,20.702551470337884,11.742796932,5.863638057237162,27.63923019073885,29.573368946006234,0.10528875944978028,0.11430305611747194,0.0,-2.577049361358937,29.093660139351904,29.60074946078695,False,False,4.580030627157823,0.8325763343932383,0.8325763343932383,0.0,0.0,0.014310546107304435,0.014310546107304435,0.061,0.061,-2.0786085639674976,-2.0786085639674976
2016,318,11.5,25.19764633764329,22.773640758490963,11.291255164,5.638165581590254,27.612490314048745,27.68370244931781,0.12616687786913877,0.10889412521879294,0.0,-2.5493582059483018,29.31937648206678,29.818338675394315,False,False,4.580030627157823,0.836791646040039,0.836791646040039,0.0,0.0,0.009901899445682252,0.009901899445682252,0.061,0.061,-2.0786085639674976,-2.0786085639674976
2016,318,12.0,22.471856418985105,22.361433147160596,12.85669455,6.419850729788094,27.074124135039746,29.92934139370869,0.10844303225696725,0.12665314176686912,0.0,-2.7653869047754567,28.902707141046054,29.45320100719772,False,False,4.506931566957449,0.802590287641695,0.802590287641695,0.0,0.0,0.0,0.0,0.0605,0.0605,-2.196291436775014,-2.196291436775014
2016,318,12.5,25.36381316157427,24.997586090056366,14.393059252,7.187017750440021,27.203861996539608,30.477130380690465,0.12384034583521104,0.14652992950442945,0.0,-2.819586473156451,28.694250310931054,29.305369413096734,False,False,4.506931566957449,0.7935526380590816,0.7935526380590816,0.0,0.0,0.0,0.0,0.0605,0.0605,-2.196291436775014,-2.196291436775014
2016,318,13.0,23.995087024027733,24.14874121974094,13.925156032,6.953375361511431,26.64029407739656,30.52901141120777,0.11303939637105809,0.14386264748251032,0.0,-2.9569683298963643,28.395053386348266,28.985833703194867,False,False,4.42335542718055,0.7698800151151381,0.7698800151151381,0.0,0.0,0.0,0.0,0.06,0.06,-2.321697907845493,-2.321697907845493
2016,318,13.5,21.974163982753865,23.189680879465456,15.247159928000002,7.613503642813588,26.957281059883044,32.75198009565547,0.10520332048709649,0.16922428640764658,0.0,-3.009907531733937,27.767688933863127,28.394765105453246,False,False,4.42335542718055,0.760479618440463,0.760479618440463,0.0,0.0,0.0,0.0,0.06,0.06,-2.321697907845493,-2.321697907845493
2016,318,14.0,21.015072002319332,22.194337467553975,14.240864832000002,7.111021120473676,27.330576225802865,33.128989961031564,0.10278770150496608,0.16988297601781055,0.0,-2.9569683298963643,26.953777550693864,27.540272755250584,False,False,4.42335542718055,0.7698800151151381,0.7698800151151381,0.0,0.0,0.0,0.0,0.06,0.06,-2.321697907845493,-2.321697907845493
2016,318,14.5,19.480501578333282,20.04164460293657,11.035091014,5.510252796626172,27.558005118437272,31.639972000110408,0.09646055002937864,0.1356544296916823,0.0,-2.824620325302433,26.539081368568198,27.008497736995118,False,False,4.42335542718055,0.7927043726845635,0.7927043726845635,0.0,0.0,0.0,0.0,0.06,0.06,-2.321697907845493,-2.321697907845493
2016,318,15.0,0.3571571972875991,0.23142160056199734,12.693151038,6.338187054044526,27.545591081859662,24.51210327220777,0.016694426321671414,0.15539349367634916,0.0,-2.9040291280587915,26.201754342471524,26.705610934009364,False,False,4.42335542718055,0.779128422347115,0.779128422347115,0.0,0.0,0.0,0.0,0.06,0.06,-2.321697907845493,-2.321697907845493
2016,318,15.5,4.487525357034155,4.485420642395052,6.350133572000001,3.1708702021279707,27.836127830392236,26.547436852020024,0.04985727182083593,0.08001220255173276,0.0,-2.586393917033356,25.74633503552601,26.021732420431185,False,False,4.42335542718055,0.8311423788031876,0.8311423788031876,0.0,0.0,0.0,0.0,0.06,0.06,-2.321697907845493,-2.321697907845493
2016,318,16.0,2.531471042394678,2.4424387606094675,6.65166516,3.321436724319786,27.738960863089993,24.893015609663614,0.03310493310836025,0.08235938470019002,0.0,-2.6128635179521424,24.950352029977093,25.23720019309839,False,False,4.42335542718055,0.827049355655237,0.827049355655237,0.0,0.0,0.0,0.0,0.06,0.06,-2.321697907845493,-2.321697907845493
2016,318,16.5,2.508433992572873,2.487585095853926,8.035707504,4.0125432305551705,28.192245603302112,27.229226540776153,0.031940705225562735,0.1104580395547187,0.0,-2.665802719789715,23.969786621924932,24.30949951073687,False,False,4.42335542718055,0.8187267419281541,0.8187267419281541,0.0,0.0,0.0,0.0,0.06,0.06,-2.321697907845493,-2.321697907845493
2016,318,17.0,-0.13792295833852952,-0.47990945345108305,4.656966994,2.325405868418175,28.28226976239231,23.327197452584386,0.011753634342423488,0.06391043971680653,0.0,-2.5334547151957834,23.173084843189926,23.377322610336535,False,False,4.42335542718055,0.8391894356207134,0.8391894356207134,0.0,0.0,0.0,0.0,0.06,0.06,-2.321697907845493,-2.321697907845493
2016,318,17.5,-1.320426092819373,-1.7415881950832273,3.6198622100000004,1.8075388631365472,28.196582657515293,22.64715531428911,0.0038951830065023785,0.048678611983146186,0.0,-2.4805155133582106,22.77733941616914,22.938329020204442,False,False,4.42335542718055,0.8470481333884223,0.8470481333884223,0.0,0.0,0.0,0.0,0.06,0.06,-2.321697907845493,-2.321697907845493
2016,318,18.0,-2.006259794787297,0.0,3.931461358,0.0,28.55815884084982,0.0,0.0006188026240145693,0.0,0.0,0.0,22.355471543325045,0.0,False,0.0,4.42335542718055,0.8470481333884223,0.8470481333884223,0.0,0.0,0.0,0.0,0.06,0.06,-2.321697907845493,-2.321697907845493
2016,318,18.5,0.0,0.0,0.0,0.0,0.0,0.0,0.0,0.0,0.0,0.0,0.0,0.0,False,0.0,4.42335542718055,0.8470481333884223,0.8470481333884223,0.0,0.0,0.0,0.0,0.06,0.06,-2.321697907845493,-2.321697907845493
2016.0,318.0,19.0,0.0,0.0,0.0,0.0,0.0,0.0,0.0,0.0,0.0,0.0,0.0,0.0,0.0,0.0,4.42335542718055,0.8470481333884223,0.8470481333884223,0.0,0.0,0.0,0.0,0.06,0.06,-2.321697907845493,-2.321697907845493
2016.0,318.0,19.5,0.0,0.0,0.0,0.0,0.0,0.0,0.0,0.0,0.0,0.0,0.0,0.0,0.0,0.0,4.42335542718055,0.8470481333884223,0.8470481333884223,0.0,0.0,0.0,0.0,0.06,0.06,-2.321697907845493,-2.321697907845493
2016.0,318.0,20.0,0.0,0.0,0.0,0.0,0.0,0.0,0.0,0.0,0.0,0.0,0.0,0.0,0.0,0.0,4.42335542718055,0.8470481333884223,0.8470481333884223,0.0,0.0,0.0,0.0,0.06,0.06,-2.321697907845493,-2.321697907845493
2016.0,318.0,20.5,0.0,0.0,0.0,0.0,0.0,0.0,0.0,0.0,0.0,0.0,0.0,0.0,0.0,0.0,4.42335542718055,0.8470481333884223,0.8470481333884223,0.0,0.0,0.0,0.0,0.06,0.06,-2.321697907845493,-2.321697907845493
2016.0,318.0,21.0,0.0,0.0,0.0,0.0,0.0,0.0,0.0,0.0,0.0,0.0,0.0,0.0,0.0,0.0,4.42335542718055,0.8470481333884223,0.8470481333884223,0.0,0.0,0.0,0.0,0.06,0.06,-2.321697907845493,-2.321697907845493
2016.0,318.0,21.5,0.0,0.0,0.0,0.0,0.0,0.0,0.0,0.0,0.0,0.0,0.0,0.0,0.0,0.0,4.42335542718055,0.8470481333884223,0.8470481333884223,0.0,0.0,0.0,0.0,0.06,0.06,-2.321697907845493,-2.321697907845493
2016.0,318.0,22.0,0.0,0.0,0.0,0.0,0.0,0.0,0.0,0.0,0.0,0.0,0.0,0.0,0.0,0.0,4.42335542718055,0.8470481333884223,0.8470481333884223,0.0,0.0,0.0,0.0,0.06,0.06,-2.321697907845493,-2.321697907845493
2016.0,318.0,22.5,0.0,0.0,0.0,0.0,0.0,0.0,0.0,0.0,0.0,0.0,0.0,0.0,0.0,0.0,4.42335542718055,0.8470481333884223,0.8470481333884223,0.0,0.0,0.0,0.0,0.06,0.06,-2.321697907845493,-2.321697907845493
2016.0,318.0,23.0,0.0,0.0,0.0,0.0,0.0,0.0,0.0,0.0,0.0,0.0,0.0,0.0,0.0,0.0,4.42335542718055,0.8470481333884223,0.8470481333884223,0.0,0.0,0.0,0.0,0.06,0.06,-2.321697907845493,-2.321697907845493
2016.0,318.0,23.5,0.0,0.0,0.0,0.0,0.0,0.0,0.0,0.0,0.0,0.0,0.0,0.0,0.0,0.0,4.42335542718055,0.8470481333884223,0.8470481333884223,0.0,0.0,0.0,0.0,0.06,0.06,-2.321697907845493,-2.321697907845493
2016.0,319.0,0.0,0.0,0.0,0.0,0.0,0.0,0.0,0.0,0.0,0.0,0.0,0.0,0.0,0.0,0.0,4.42335542718055,0.8470481333884223,0.8470481333884223,0.0,0.0,0.0,0.0,0.06,0.06,-2.321697907845493,-2.321697907845493
2016.0,319.0,0.5,0.0,0.0,0.0,0.0,0.0,0.0,0.0,0.0,0.0,0.0,0.0,0.0,0.0,0.0,4.42335542718055,0.8470481333884223,0.8470481333884223,0.0,0.0,0.0,0.0,0.06,0.06,-2.321697907845493,-2.321697907845493
2016.0,319.0,1.0,0.0,0.0,0.0,0.0,0.0,0.0,0.0,0.0,0.0,0.0,0.0,0.0,0.0,0.0,4.42335542718055,0.8470481333884223,0.8470481333884223,0.0,0.0,0.0,0.0,0.06,0.06,-2.321697907845493,-2.321697907845493
2016.0,319.0,1.5,0.0,0.0,0.0,0.0,0.0,0.0,0.0,0.0,0.0,0.0,0.0,0.0,0.0,0.0,4.42335542718055,0.8470481333884223,0.8470481333884223,0.0,0.0,0.0,0.0,0.06,0.06,-2.321697907845493,-2.321697907845493
2016.0,319.0,2.0,0.0,0.0,0.0,0.0,0.0,0.0,0.0,0.0,0.0,0.0,0.0,0.0,0.0,0.0,4.42335542718055,0.8470481333884223,0.8470481333884223,0.0,0.0,0.0,0.0,0.0595,0.0595,-2.4554056988372195,-2.4554056988372195
2016.0,319.0,2.5,0.0,0.0,0.0,0.0,0.0,0.0,0.0,0.0,0.0,0.0,0.0,0.0,0.0,0.0,4.42335542718055,0.8470481333884223,0.8470481333884223,0.0,0.0,0.0,0.0,0.059,0.059,-2.5980411333999887,-2.5980411333999887
2016.0,319.0,3.0,0.0,0.0,0.0,0.0,0.0,0.0,0.0,0.0,0.0,0.0,0.0,0.0,0.0,0.0,4.42335542718055,0.8470481333884223,0.8470481333884223,0.0,0.0,0.0,0.0,0.0595,0.0595,-2.4554056988372195,-2.4554056988372195
2016.0,319.0,3.5,0.0,0.0,0.0,0.0,0.0,0.0,0.0,0.0,0.0,0.0,0.0,0.0,0.0,0.0,4.42335542718055,0.8470481333884223,0.8470481333884223,0.0,0.0,0.0,0.0,0.059,0.059,-2.5980411333999887,-2.5980411333999887
2016.0,319.0,4.0,0.0,0.0,0.0,0.0,0.0,0.0,0.0,0.0,0.0,0.0,0.0,0.0,0.0,0.0,4.42335542718055,0.8470481333884223,0.8470481333884223,0.0,0.0,0.0,0.0,0.059,0.059,-2.5980411333999887,-2.5980411333999887
2016,319,4.5,0.0,0.0,0.0,0.0,0.0,0.0,0.0,0.0,0.0,0.0,0.0,0.0,False,0.0,4.42335542718055,0.8470481333884223,0.8470481333884223,0.0,0.0,0.0,0.0,0.059,0.059,-2.5980411333999887,-2.5980411333999887
2016,319,5.0,-0.7257810822927475,-1.0154561335948795,0.452705916,0.2260537803017174,31.705302591528948,26.491559061102855,0.00015212213260533077,0.016542905769793243,0.0,-2.623122074893878,16.426267089767897,16.446725926361275,False,False,4.219275582940734,0.825450751730864,0.825450751730864,0.0,0.0,0.0,0.0,0.059,0.059,-2.5980411333999887,-2.5980411333999887
2016,319,5.5,0.8822103329768828,0.8096954270399468,0.766889752,0.3829380650599816,31.92919194018727,29.770499372130995,0.013059305185808702,0.029425876276377806,0.0,-2.623122074893878,16.64997073178641,16.68440079705733,False,False,4.219275582940734,0.825450751730864,0.825450751730864,0.0,0.0,0.0,0.0,0.059,0.059,-2.5980411333999887,-2.5980411333999887
2016,319,6.0,2.0224223924628433,1.4697837049284492,0.465887658,0.23263593994387663,31.963118555277866,27.93908498379288,0.01343265662906971,0.01786688482926371,0.0,-2.623122074893878,17.115530274848037,17.13660985153497,False,False,4.219275582940734,0.825450751730864,0.825450751730864,0.0,0.0,0.0,0.0,0.059,0.059,-2.5980411333999887,-2.5980411333999887
2016,319,6.5,2.680081853308212,2.0284835328664075,0.532822472,0.2660591120379925,31.83136216698771,28.846781984234596,0.017605272859492527,0.019779584773678673,0.0,-2.623122074893878,17.152123505537745,17.17620885050131,False,False,4.219275582940734,0.825450751730864,0.825450751730864,0.0,0.0,0.0,0.0,0.059,0.059,-2.5980411333999887,-2.5980411333999887
2016,319,7.0,18.452745553127276,8.58070188233297,0.894348222,0.4465830671610212,29.99982147084983,12.386125854628084,0.10751895901945546,0.022653681256211755,0.0,-2.6482030163877672,20.004060737196305,20.04712764452627,False,False,4.219275582940734,0.8215136372027084,0.8215136372027084,0.0,0.0,0.0,0.0,0.059,0.059,-2.5980411333999887,-2.5980411333999887
2016,319,7.5,12.425449598214243,11.604140501776847,2.1621616660000003,1.0796519350605511,30.050831589859612,25.79935747758517,0.07110876914747583,0.054134853196164595,0.0,-2.6983648993755462,19.6482678584616,19.746386540908937,False,False,4.219275582940734,0.8135185971998653,0.8135185971998653,0.0,0.0,0.0,0.0,0.059,0.059,-2.5980411333999887,-2.5980411333999887
2016,319,8.0,23.922433241369514,20.661682497964392,4.83605367,2.414830854221693,28.647099527547315,25.397225873751157,0.12769883900503887,0.09549828868441727,0.0,-2.823769606844993,22.127936385106807,22.35107815789535,False,False,4.219275582940734,0.7928478339824944,0.7928478339824944,0.0,0.0,0.0,0.0,0.059,0.059,-2.5980411333999887,-2.5980411333999887
2016,319,8.5,20.89904983193864,21.674701827474657,8.914793076,4.451505059274233,28.293056569640157,33.05231929218918,0.10854490296579412,0.16833166477436212,0.0,-3.0244171387961076,22.327143962346707,22.70604496514364,False,False,4.219275582940734,0.7578773483390965,0.7578773483390965,0.0,0.0,0.0,0.0,0.059,0.059,-2.5980411333999887,-2.5980411333999887
2016,319,9.0,20.571531738058198,21.895137879116312,10.932909492,5.459229563863551,28.336524682646534,35.202343206353575,0.10709612906307137,0.21118270580229564,0.0,-3.1247409047716648,22.392230929628113,22.84066043113511,False,False,4.219275582940734,0.7395932117878049,0.7395932117878049,0.0,0.0,0.0,0.0,0.059,0.059,-2.5980411333999887,-2.5980411333999887
2016,319,9.5,29.237838535709187,28.34863768340745,9.427951410000002,4.707745097661607,27.84652361926843,29.898771668279778,0.14910577422863475,0.16226732985633308,0.0,-3.0494980802899967,23.342588310974055,23.75798807991795,False,False,4.219275582940734,0.7533535351172321,0.7533535351172321,0.0,0.0,0.0,0.0,0.059,0.059,-2.5980411333999887,-2.5980411333999887
2016,319,10.0,27.926060123467984,28.844668973776656,12.04748978,6.015783120261467,27.76483774918823,32.70364361023644,0.14139736891691754,0.20811018516839686,0.0,-3.174902787759444,22.954896314093038,23.45982551541414,False,False,4.219275582940734,0.7302686323184221,0.7302686323184221,0.0,0.0,0.0,0.0,0.059,0.059,-2.5980411333999887,-2.5980411333999887
2016,319,10.5,28.83605623768706,29.86334023379469,13.707549394,6.84471585121988,27.11024529485404,32.46531363821563,0.14040619175409297,0.20850079431984275,0.0,-3.250145612241112,24.328231867903312,24.899327516369397,False,False,4.219275582940734,0.7160683787520322,0.7160683787520322,0.0,0.0,0.0,0.0,0.059,0.059,-2.5980411333999887,-2.5980411333999887
2016,319,11.0,20.330242169007285,21.95559553029767,12.207401872,6.095633485885044,27.4012919778514,34.746457306685706,0.09973580681189315,0.19532756659829062,0.0,-3.174902787759444,23.784464073287907,24.284151913961914,False,False,4.219275582940734,0.7302686323184221,0.7302686323184221,0.0,0.0,0.0,0.0,0.059,0.059,-2.5980411333999887,-2.5980411333999887
2016,319,11.5,22.985060325550215,24.182404692263333,11.02688053,5.506152980651362,27.343917448819973,32.70628058960724,0.1126949644154396,0.17323460993497422,0.0,-3.1247409047716648,23.770477669389578,24.233725331012224,False,False,4.219275582940734,0.7395932117878049,0.7395932117878049,0.0,0.0,0.0,0.0,0.059,0.059,-2.5980411333999887,-2.5980411333999887
2016,319,12.0,16.90314925916933,18.021923703302736,8.683662490000001,4.3360925124926455,27.605365856414465,33.65731089729061,0.08367928215006866,0.1414440970266305,0.0,-2.999336197302218,23.370789118943225,23.739634724161235,False,False,4.219275582940734,0.7623686471972565,0.7623686471972565,0.0,0.0,0.0,0.0,0.059,0.059,-2.5980411333999887,-2.5980411333999887
2016,319,12.5,20.68823900483879,21.341626433897176,8.501283274,4.245023432615051,27.379263514113212,31.04015932148861,0.10140409461576749,0.13234165569914652,0.0,-2.999336197302218,23.714321558269663,24.081598145785485,False,False,4.219275582940734,0.7623686471972565,0.7623686471972565,0.0,0.0,0.0,0.0,0.059,0.059,-2.5980411333999887,-2.5980411333999887
2016,319,13.0,22.210860304876014,22.421558665264925,8.537049238,4.262882778125205,27.097025251274804,29.668836173040916,0.10720876019389544,0.1255466357435349,0.0,-2.999336197302218,24.515957496975204,24.88806457116729,False,False,4.219275582940734,0.7623686471972565,0.7623686471972565,0.0,0.0,0.0,0.0,0.059,0.059,-2.5980411333999887,-2.5980411333999887
2016,319,13.5,7.686514251031552,8.486880661575618,8.409935292,4.199409810340159,27.84059253957027,39.14565479076258,0.03833130306396261,0.1426551189611564,0.0,-2.999336197302218,22.57597571769392,22.92503917049217,False,False,4.219275582940734,0.7623686471972565,0.7623686471972565,0.0,0.0,0.0,0.0,0.059,0.059,-2.5980411333999887,-2.5980411333999887
2016,319,14.0,9.297275979924938,9.850548331672519,6.734829036,3.362963702187562,27.91994260135371,36.92674685755079,0.046686651253871905,0.11512367183400936,0.0,-2.899012431326661,23.007851050759683,23.29525167745929,False,False,4.219275582940734,0.7799967523776593,0.7799967523776593,0.0,0.0,0.0,0.0,0.059,0.059,-2.5980411333999887,-2.5980411333999887
2016,319,14.5,6.0393072901466525,6.625476143075034,6.415846858,3.2036834174877367,28.837257155017227,39.24865150965172,0.0625945163650098,0.12225011773754095,0.0,-2.899012431326661,22.553862462017015,22.824309150236324,False,False,4.219275582940734,0.7799967523776593,0.7799967523776593,0.0,0.0,0.0,0.0,0.059,0.059,-2.5980411333999887,-2.5980411333999887
2016,319,15.0,4.811055150316594,5.044677108735801,3.77005062,1.8825338138055914,33.40470785160779,38.81771749643539,0.054035436532137236,0.09078051912849319,0.0,-2.773607723857214,20.479035126934072,20.6420614151289,False,False,4.219275582940734,0.8012308493330219,0.8012308493330219,0.0,0.0,0.0,0.0,0.059,0.059,-2.5980411333999887,-2.5980411333999887
2016,319,15.5,0.6530526995695163,0.5375885280990462,3.813900354,1.9044297020314582,30.184945963996604,24.821981545761183,0.016547516751853494,0.10222825832612278,0.0,-2.773607723857214,19.650339547198065,19.812054033065948,False,False,4.219275582940734,0.8012308493330219,0.8012308493330219,0.0,0.0,0.0,0.0,0.059,0.059,-2.5980411333999887,-2.5980411333999887
2016,319,16.0,-0.6648855241225492,-0.8285791535969365,2.956370304,1.47623138901268,32.330105739144784,23.789930655866556,0.0033570184041251407,0.12885820397017198,0.0,-2.7234458408694353,17.21453070241811,17.33745254346332,False,False,4.219275582940734,0.8094615711616209,0.8094615711616209,0.0,0.0,0.0,0.0,0.059,0.059,-2.5980411333999887,-2.5980411333999887
2016,319,16.5,0.5553581179055537,0.3964680112147614,1.423379898,0.7107492864051128,33.9587080928695,25.471609132111844,0.01731496498123989,0.09179858403146782,0.0,-2.6732839578816567,15.48492766682486,15.545739614836283,False,False,4.219275582940734,0.8175361045547787,0.8175361045547787,0.0,0.0,0.0,0.0,0.059,0.059,-2.5980411333999887,-2.5980411333999887
2016,319,17.0,-0.02775839952850989,-0.210122692485597,1.21676981,0.6075807838736139,33.93205745985385,24.77420586791581,0.009821577729244685,0.07783656162742436,0.0,-2.6482030163877672,14.841618387604873,14.894002193179357,False,False,4.219275582940734,0.8215136372027084,0.8215136372027084,0.0,0.0,0.0,0.0,0.059,0.059,-2.5980411333999887,-2.5980411333999887
2016,319,17.5,-0.5800736659771715,-0.7941312004676597,1.433135772,0.7156207760850649,34.317754585087904,24.378907339697385,0.00452955373696057,0.10380815473552482,0.0,-2.6732839578816567,15.016438456288437,15.077592028794854,False,False,4.219275582940734,0.8175361045547787,0.8175361045547787,0.0,0.0,0.0,0.0,0.059,0.059,-2.5980411333999887,-2.5980411333999887
2016,319,18.0,-0.5836441518990363,-0.8297721058642649,1.844526514,0.9210442731577838,35.12982332295763,25.027111848997805,0.004390378089423188,0.1694165381766335,0.0,-2.6732839578816567,14.7874680712461,14.8650162899925,False,False,4.219275582940734,0.8175361045547787,0.8175361045547787,0.0,0.0,0.0,0.0,0.059,0.059,-2.5980411333999887,-2.5980411333999887
2016,319,18.5,0.0,0.0,0.0,0.0,0.0,0.0,0.0,0.0,0.0,0.0,0.0,0.0,False,0.0,4.219275582940734,0.8175361045547787,0.8175361045547787,0.0,0.0,0.0,0.0,0.059,0.059,-2.5980411333999887,-2.5980411333999887
2016.0,319.0,19.0,0.0,0.0,0.0,0.0,0.0,0.0,0.0,0.0,0.0,0.0,0.0,0.0,0.0,0.0,4.219275582940734,0.8175361045547787,0.8175361045547787,0.0,0.0,0.0,0.0,0.059,0.059,-2.5980411333999887,-2.5980411333999887
2016.0,319.0,19.5,0.0,0.0,0.0,0.0,0.0,0.0,0.0,0.0,0.0,0.0,0.0,0.0,0.0,0.0,4.219275582940734,0.8175361045547787,0.8175361045547787,0.0,0.0,0.0,0.0,0.059,0.059,-2.5980411333999887,-2.5980411333999887
2016.0,319.0,20.0,0.0,0.0,0.0,0.0,0.0,0.0,0.0,0.0,0.0,0.0,0.0,0.0,0.0,0.0,4.219275582940734,0.8175361045547787,0.8175361045547787,0.0,0.0,0.0,0.0,0.059,0.059,-2.5980411333999887,-2.5980411333999887
2016.0,319.0,20.5,0.0,0.0,0.0,0.0,0.0,0.0,0.0,0.0,0.0,0.0,0.0,0.0,0.0,0.0,4.219275582940734,0.8175361045547787,0.8175361045547787,0.0,0.0,0.0,0.0,0.059,0.059,-2.5980411333999887,-2.5980411333999887
2016.0,319.0,21.0,0.0,0.0,0.0,0.0,0.0,0.0,0.0,0.0,0.0,0.0,0.0,0.0,0.0,0.0,4.219275582940734,0.8175361045547787,0.8175361045547787,0.0,0.0,0.0,0.0,0.059,0.059,-2.5980411333999887,-2.5980411333999887
2016.0,319.0,21.5,0.0,0.0,0.0,0.0,0.0,0.0,0.0,0.0,0.0,0.0,0.0,0.0,0.0,0.0,4.219275582940734,0.8175361045547787,0.8175361045547787,0.0,0.0,0.0,0.0,0.059,0.059,-2.5980411333999887,-2.5980411333999887
2016.0,319.0,22.0,0.0,0.0,0.0,0.0,0.0,0.0,0.0,0.0,0.0,0.0,0.0,0.0,0.0,0.0,4.219275582940734,0.8175361045547787,0.8175361045547787,0.0,0.0,0.0,0.0,0.059,0.059,-2.5980411333999887,-2.5980411333999887
2016.0,319.0,22.5,0.0,0.0,0.0,0.0,0.0,0.0,0.0,0.0,0.0,0.0,0.0,0.0,0.0,0.0,4.219275582940734,0.8175361045547787,0.8175361045547787,0.0,0.0,0.0,0.0,0.0585,0.0585,-2.750283687153001,-2.750283687153001
2016.0,319.0,23.0,0.0,0.0,0.0,0.0,0.0,0.0,0.0,0.0,0.0,0.0,0.0,0.0,0.0,0.0,4.219275582940734,0.8175361045547787,0.8175361045547787,0.0,0.0,0.0,0.0,0.0585,0.0585,-2.750283687153001,-2.750283687153001
2016.0,319.0,23.5,0.0,0.0,0.0,0.0,0.0,0.0,0.0,0.0,0.0,0.0,0.0,0.0,0.0,0.0,4.219275582940734,0.8175361045547787,0.8175361045547787,0.0,0.0,0.0,0.0,0.058,0.058,-2.912871007557862,-2.912871007557862
2016.0,320.0,0.0,0.0,0.0,0.0,0.0,0.0,0.0,0.0,0.0,0.0,0.0,0.0,0.0,0.0,0.0,4.219275582940734,0.8175361045547787,0.8175361045547787,0.0,0.0,0.0,0.0,0.058,0.058,-2.912871007557862,-2.912871007557862
2016.0,320.0,0.5,0.0,0.0,0.0,0.0,0.0,0.0,0.0,0.0,0.0,0.0,0.0,0.0,0.0,0.0,4.219275582940734,0.8175361045547787,0.8175361045547787,0.0,0.0,0.0,0.0,0.058,0.058,-2.912871007557862,-2.912871007557862
2016.0,320.0,1.0,0.0,0.0,0.0,0.0,0.0,0.0,0.0,0.0,0.0,0.0,0.0,0.0,0.0,0.0,4.219275582940734,0.8175361045547787,0.8175361045547787,0.0,0.0,0.0,0.0,0.058,0.058,-2.912871007557862,-2.912871007557862
2016.0,320.0,1.5,0.0,0.0,0.0,0.0,0.0,0.0,0.0,0.0,0.0,0.0,0.0,0.0,0.0,0.0,4.219275582940734,0.8175361045547787,0.8175361045547787,0.0,0.0,0.0,0.0,0.058,0.058,-2.912871007557862,-2.912871007557862
2016.0,320.0,2.0,0.0,0.0,0.0,0.0,0.0,0.0,0.0,0.0,0.0,0.0,0.0,0.0,0.0,0.0,4.219275582940734,0.8175361045547787,0.8175361045547787,0.0,0.0,0.0,0.0,0.058,0.058,-2.912871007557862,-2.912871007557862
2016.0,320.0,2.5,0.0,0.0,0.0,0.0,0.0,0.0,0.0,0.0,0.0,0.0,0.0,0.0,0.0,0.0,4.219275582940734,0.8175361045547787,0.8175361045547787,0.0,0.0,0.0,0.0,0.058,0.058,-2.912871007557862,-2.912871007557862
2016.0,320.0,3.0,0.0,0.0,0.0,0.0,0.0,0.0,0.0,0.0,0.0,0.0,0.0,0.0,0.0,0.0,4.219275582940734,0.8175361045547787,0.8175361045547787,0.0,0.0,0.0,0.0,0.058,0.058,-2.912871007557862,-2.912871007557862
2016.0,320.0,3.5,0.0,0.0,0.0,0.0,0.0,0.0,0.0,0.0,0.0,0.0,0.0,0.0,0.0,0.0,4.219275582940734,0.8175361045547787,0.8175361045547787,0.0,0.0,0.0,0.0,0.058,0.058,-2.912871007557862,-2.912871007557862
2016.0,320.0,4.0,0.0,0.0,0.0,0.0,0.0,0.0,0.0,0.0,0.0,0.0,0.0,0.0,0.0,0.0,4.219275582940734,0.8175361045547787,0.8175361045547787,0.0,0.0,0.0,0.0,0.058,0.058,-2.912871007557862,-2.912871007557862
2016,320,4.5,0.0,0.0,0.0,0.0,0.0,0.0,0.0,0.0,0.0,0.0,0.0,0.0,False,0.0,4.219275582940734,0.8175361045547787,0.8175361045547787,0.0,0.0,0.0,0.0,0.058,0.058,-2.912871007557862,-2.912871007557862
2016,320,5.0,-0.40413450362480413,-0.6281769263847247,1.21430915,0.6063520800387889,36.754499944258015,25.972915639762995,0.004046202535652573,0.2722830029827233,0.0,-2.9598687712073706,13.158089661868807,13.208474659044125,False,False,3.9559866705066504,0.7693688703295152,0.7693688703295152,0.0,0.0,0.0,0.0,0.058,0.058,-2.912871007557862,-2.912871007557862
2016,320,5.5,0.7005814018883532,0.6504690826929717,1.161766948,0.5801157023646866,36.60836459023531,34.21160450759567,0.01731997542440737,0.23598030668140804,0.0,-2.9598687712073706,13.858546886650755,13.906418057658154,False,False,3.9559866705066504,0.7693688703295152,0.7693688703295152,0.0,0.0,0.0,0.0,0.058,0.058,-2.912871007557862,-2.912871007557862
2016,320,6.0,3.576344192181771,3.6723688509428656,1.44156758,0.7198311077944881,36.608278374466195,41.485512847970945,0.03904064533039672,0.29129101598179646,0.0,-2.9833676530321247,14.480428824445966,14.539896521202584,False,False,3.9559866705066504,0.7652109510069196,0.7652109510069196,0.0,0.0,0.0,0.0,0.058,0.058,-2.912871007557862,-2.912871007557862
2016,320,6.5,6.094986755609974,6.229384752608897,1.802979318,0.9002981322641083,35.09904428374474,40.01315866412155,0.05502163904647377,0.22351983716612134,0.0,-3.0068665348568793,15.143968657644763,15.220731042906127,False,False,3.9559866705066504,0.7610236250328546,0.7610236250328546,0.0,0.0,0.0,0.0,0.058,0.058,-2.912871007557862,-2.912871007557862
2016,320,7.0,5.393064961111814,5.523400229213385,1.6868488400000001,0.8423096398845535,33.83283987338143,39.45012495404356,0.042799273832725034,0.1474413538422385,0.0,-2.9833676530321247,15.44257117390418,15.515165376248685,False,False,3.9559866705066504,0.7652109510069196,0.7652109510069196,0.0,0.0,0.0,0.0,0.058,0.058,-2.912871007557862,-2.912871007557862
2016,320,7.5,7.495485789027281,7.723672476518525,2.66930305,1.3328874748422865,32.782401937921904,39.430999103474434,0.054030114698400945,0.18119218235090803,0.0,-3.0538642985063875,16.016037907756477,16.129364517358752,False,False,3.9559866705066504,0.7525627292383227,0.7525627292383227,0.0,0.0,0.0,0.0,0.058,0.058,-2.912871007557862,-2.912871007557862
2016,320,8.0,11.729676175346142,12.332178101473461,4.0202619,2.007474097815777,32.57163320660469,31.751498015165524,0.08059848415987576,0.25688919528494336,0.0,-3.100862062155896,16.611582001125583,16.77848903016327,False,False,3.9559866705066504,0.7439902135738016,0.7439902135738016,0.0,0.0,0.0,0.0,0.058,0.058,-2.912871007557862,-2.912871007557862
2016,320,8.5,11.82177382035015,12.258370141457055,4.400189832,2.1971869825725427,31.847537083194105,39.4263898630072,0.07908611207926827,0.24398752250622974,0.0,-3.124360943980651,16.778467522397776,16.961099902937804,False,False,3.9559866705066504,0.7396633913523095,0.7396633913523095,0.0,0.0,0.0,0.0,0.058,0.058,-2.912871007557862,-2.912871007557862
2016,320,9.0,16.35032629897802,17.052775913280733,4.6067828,2.300346936418058,31.03746564223596,37.22979677316708,0.10276825788797725,0.21075210013404727,0.0,-3.147859825805405,17.227920068120234,17.423577044696163,False,False,3.9559866705066504,0.735310230639343,0.735310230639343,0.0,0.0,0.0,0.0,0.058,0.058,-2.912871007557862,-2.912871007557862
2016,320,9.5,26.512048001800977,27.642272060188397,7.378358732,3.6843032636462967,30.385734013462397,36.413668301247796,0.1605610694786499,0.301615097993596,0.0,-3.2888531167539305,18.84704494555604,19.15780074348698,False,False,3.9559866705066504,0.7086687245642125,0.7086687245642125,0.0,0.0,0.0,0.0,0.058,0.058,-2.912871007557862,-2.912871007557862
2016,320,10.0,26.516309576696273,27.707091757628767,8.154919678,4.072070534348317,29.758241705620755,35.859725469351694,0.149923274430208,0.28032974331558225,0.0,-3.312351998578685,19.25345700733143,19.59485401457367,False,False,3.9559866705066504,0.704146616733641,0.704146616733641,0.0,0.0,0.0,0.0,0.058,0.058,-2.912871007557862,-2.912871007557862
2016,320,10.5,30.037991196963052,30.273439380322703,7.064670188,3.5276662975666637,28.510461814763794,31.43105645507201,0.15992499947209154,0.18971512152684822,0.0,-3.2653542349291764,20.44430262740351,20.75787921322348,False,False,3.9559866705066504,0.7131683952179166,0.7131683952179166,0.0,0.0,0.0,0.0,0.058,0.058,-2.912871007557862,-2.912871007557862
2016,320,11.0,19.01477239768545,20.33897509144902,7.801620894,3.8956546253077113,28.241515595735944,35.67163079897755,0.09820928003264054,0.20011556556311721,0.0,-3.312351998578685,20.72724423516422,21.053412890376844,False,False,3.9559866705066504,0.704146616733641,0.704146616733641,0.0,0.0,0.0,0.0,0.058,0.058,-2.912871007557862,-2.912871007557862
2016,320,11.5,28.547057328084513,29.364698382909108,8.262800544,4.125939672611406,27.85610002479168,32.095285433776034,0.1454090462922713,0.19587306501769752,0.0,-3.3358508804034392,21.549034689585863,21.907525926356097,False,False,3.9559866705066504,0.6996026541114927,0.6996026541114927,0.0,0.0,0.0,0.0,0.058,0.058,-2.912871007557862,-2.912871007557862
2016,320,12.0,28.197044177125242,28.835874145036694,8.036450778000003,4.012914376351067,27.596421658685042,31.374676026833505,0.14124034566509308,0.18009411633074457,0.0,-3.312351998578685,22.093377813146077,22.44449774595916,False,False,3.9559866705066504,0.704146616733641,0.704146616733641,0.0,0.0,0.0,0.0,0.058,0.058,-2.912871007557862,-2.912871007557862
2016,320,12.5,30.367835002490587,30.967158368659405,9.488643614,4.738051090280982,27.127418630014162,31.449891598579818,0.1481989790694637,0.19465049744877302,0.0,-3.382848644052948,22.90190685415541,23.31504252549994,False,False,3.9559866705066504,0.6904515224030522,0.6904515224030522,0.0,0.0,0.0,0.0,0.058,0.058,-2.912871007557862,-2.912871007557862
2016,320,13.0,28.194647380083204,28.95863088393159,9.337775042,4.662716508107502,26.86697633564035,31.318643933229602,0.13509592129212067,0.18202479773582453,0.0,-3.382848644052948,23.142501023270473,23.547141217986717,False,False,3.9559866705066504,0.6904515224030522,0.6904515224030522,0.0,0.0,0.0,0.0,0.058,0.058,-2.912871007557862,-2.912871007557862
2016,320,13.5,23.69692207097941,25.3247608330906,10.18795897,5.087246614924492,26.707976297235863,33.35538379968251,0.11190551166545243,0.19401524549830035,0.0,-3.4298464077024566,23.55155177967891,23.979582431802818,False,False,3.9559866705066504,0.6812200993166001,0.6812200993166001,0.0,0.0,0.0,0.0,0.058,0.058,-2.912871007557862,-2.912871007557862
2016,320,14.0,18.907658886707146,20.25495614619649,7.921112499999999,3.955321460433902,27.06216000177988,33.53173922251521,0.09071846527845565,0.15933191404099095,0.0,-3.312351998578685,22.972738259447603,23.31017199554657,False,False,3.9559866705066504,0.704146616733641,0.704146616733641,0.0,0.0,0.0,0.0,0.058,0.058,-2.912871007557862,-2.912871007557862
2016,320,14.5,6.9341177417947115,7.831787196689096,9.31934325,4.653512793041992,28.204035248647692,41.025659917493144,0.035353434856119054,0.24003995294830194,0.0,-3.382848644052948,22.161025518593046,22.52360165995562,False,False,3.9559866705066504,0.6904515224030522,0.6904515224030522,0.0,0.0,0.0,0.0,0.058,0.058,-2.912871007557862,-2.912871007557862
2016,320,15.0,3.4368444278830252,3.607260241095578,3.8369162,1.9159224146540654,28.405712538440174,27.464922039443064,0.03952287042422397,0.09773516822238651,0.0,-3.100862062155896,21.684998070286767,21.84953830756377,False,False,3.9559866705066504,0.7439902135738016,0.7439902135738016,0.0,0.0,0.0,0.0,0.058,0.058,-2.912871007557862,-2.912871007557862
2016,320,15.5,5.365565503812393,5.180207491573735,2.011864558,1.00460270722626,28.356200682035173,33.84011481548204,0.027573241416092433,0.049903799017173574,0.0,-3.0068665348568793,21.36278032397722,21.453107606625025,False,False,3.9559866705066504,0.7610236250328546,0.7610236250328546,0.0,0.0,0.0,0.0,0.058,0.058,-2.912871007557862,-2.912871007557862
2016,320,16.0,3.558533573446784,3.582535645110101,2.45025398,1.2235077018042075,28.545569307147623,28.343213304458246,0.03970976051305906,0.06353961862735975,0.0,-3.0303654166816334,21.38796393611767,21.49629734486915,False,False,3.9559866705066504,0.7568073844510842,0.7568073844510842,0.0,0.0,0.0,0.0,0.058,0.058,-2.912871007557862,-2.912871007557862
2016,320,16.5,1.9630583752522708,1.9204294284681556,2.885723566,1.4409547080008835,29.441614066369105,26.99906419492803,0.026693297667379278,0.09091802370688815,0.0,-3.0538642985063875,20.103142910826147,20.227736000962587,False,False,3.9559866705066504,0.7525627292383227,0.7525627292383227,0.0,0.0,0.0,0.0,0.058,0.058,-2.912871007557862,-2.912871007557862
2016,320,17.0,0.44559048428527637,0.24496397427171357,2.866099248,1.431155518034603,29.402542435474288,25.196913536632916,0.013763246477286127,0.08996200980218144,0.0,-3.0538642985063875,19.78107277324579,19.90464562428412,False,False,3.9559866705066504,0.7525627292383227,0.7525627292383227,0.0,0.0,0.0,0.0,0.058,0.058,-2.912871007557862,-2.912871007557862
2016,320,17.5,-0.4011729770072717,-0.6929589863233079,1.638030876,0.8179329199902343,30.063188944215693,23.68467594788241,0.0070884449111961135,0.05855231531352603,0.0,-2.9833676530321247,19.04040319346047,19.112519599858214,False,False,3.9559866705066504,0.7652109510069196,0.7652109510069196,0.0,0.0,0.0,0.0,0.058,0.058,-2.912871007557862,-2.912871007557862
2016,320,18.0,-1.0830705346121952,-1.4121322982992293,1.36710794,0.6826504955978827,30.55919766027621,23.1095615423072,0.002502340211150784,0.05462766080671093,0.0,-2.9833676530321247,18.543973123742077,18.604521886394146,False,False,3.9559866705066504,0.7652109510069196,0.7652109510069196,0.0,0.0,0.0,0.0,0.058,0.058,-2.912871007557862,-2.912871007557862
2016,320,18.5,0.0,0.0,0.0,0.0,0.0,0.0,0.0,0.0,0.0,0.0,0.0,0.0,False,0.0,3.9559866705066504,0.7652109510069196,0.7652109510069196,0.0,0.0,0.0,0.0,0.058,0.058,-2.912871007557862,-2.912871007557862
2016.0,320.0,19.0,0.0,0.0,0.0,0.0,0.0,0.0,0.0,0.0,0.0,0.0,0.0,0.0,0.0,0.0,3.9559866705066504,0.7652109510069196,0.7652109510069196,0.0,0.0,0.0,0.0,0.058,0.058,-2.912871007557862,-2.912871007557862
2016.0,320.0,19.5,0.0,0.0,0.0,0.0,0.0,0.0,0.0,0.0,0.0,0.0,0.0,0.0,0.0,0.0,3.9559866705066504,0.7652109510069196,0.7652109510069196,0.0,0.0,0.0,0.0,0.058,0.058,-2.912871007557862,-2.912871007557862
2016.0,320.0,20.0,0.0,0.0,0.0,0.0,0.0,0.0,0.0,0.0,0.0,0.0,0.0,0.0,0.0,0.0,3.9559866705066504,0.7652109510069196,0.7652109510069196,0.0,0.0,0.0,0.0,0.058,0.058,-2.912871007557862,-2.912871007557862
2016.0,320.0,20.5,0.0,0.0,0.0,0.0,0.0,0.0,0.0,0.0,0.0,0.0,0.0,0.0,0.0,0.0,3.9559866705066504,0.7652109510069196,0.7652109510069196,0.0,0.0,0.0,0.0,0.058,0.058,-2.912871007557862,-2.912871007557862
2016.0,320.0,21.0,0.0,0.0,0.0,0.0,0.0,0.0,0.0,0.0,0.0,0.0,0.0,0.0,0.0,0.0,3.9559866705066504,0.7652109510069196,0.7652109510069196,0.0,0.0,0.0,0.0,0.058,0.058,-2.912871007557862,-2.912871007557862
2016.0,320.0,21.5,0.0,0.0,0.0,0.0,0.0,0.0,0.0,0.0,0.0,0.0,0.0,0.0,0.0,0.0,3.9559866705066504,0.7652109510069196,0.7652109510069196,0.0,0.0,0.0,0.0,0.058,0.058,-2.912871007557862,-2.912871007557862
2016.0,320.0,22.0,0.0,0.0,0.0,0.0,0.0,0.0,0.0,0.0,0.0,0.0,0.0,0.0,0.0,0.0,3.9559866705066504,0.7652109510069196,0.7652109510069196,0.0,0.0,0.0,0.0,0.058,0.058,-2.912871007557862,-2.912871007557862
2016.0,320.0,22.5,0.0,0.0,0.0,0.0,0.0,0.0,0.0,0.0,0.0,0.0,0.0,0.0,0.0,0.0,3.9559866705066504,0.7652109510069196,0.7652109510069196,0.0,0.0,0.0,0.0,0.058,0.058,-2.912871007557862,-2.912871007557862
2016.0,320.0,23.0,0.0,0.0,0.0,0.0,0.0,0.0,0.0,0.0,0.0,0.0,0.0,0.0,0.0,0.0,3.9559866705066504,0.7652109510069196,0.7652109510069196,0.0,0.0,0.0,0.0,0.058,0.058,-2.912871007557862,-2.912871007557862
2016.0,320.0,23.5,0.0,0.0,0.0,0.0,0.0,0.0,0.0,0.0,0.0,0.0,0.0,0.0,0.0,0.0,3.9559866705066504,0.7652109510069196,0.7652109510069196,0.0,0.0,0.0,0.0,0.058,0.058,-2.912871007557862,-2.912871007557862
