year,doy,hod,A(uso),A(pmax),E(uso),E(pmax),Ci(uso),Ci(pmax),gs(uso),gs(pmax),Pleaf(uso),Pleaf(pmax),Tleaf(uso),Tleaf(pmax),Rublim(uso),Rublim(pmax),ksc(pmax),VCsun(pmax),VCsha(pmax),Eci(uso),Eci(pmax),Es(uso),Es(pmax),sw(uso),sw(pmax),Ps(uso),Ps(pmax)
[-],[-],[h],[umol m-2 s-1],[umol m-2 s-1],[mmol m-2 s-1],[mmol m-2 s-1],[Pa],[Pa],[mol m-2 s-1],[mol m-2 s-1],[MPa],[MPa],[degC],[degC],[-],[-],[mmol m-2 s-1 MPa-1],[-],[-],[mmol m-2 s-1],[mmol m-2 s-1],[mmol m-2 s-1],[mmol m-2 s-1],[m3 m-3],[m3 m-3],[MPa],[MPa]
2016.0,303.0,0.0,0.0,0.0,0.0,0.0,0.0,0.0,0.0,0.0,0.0,0.0,0.0,0.0,0.0,0.0,5.087467,1.0,1.0,0.0,0.0,0.0,0.0,0.079,0.079,-0.36844676716639596,-0.36844676716639596
2016.0,303.0,0.5,0.0,0.0,0.0,0.0,0.0,0.0,0.0,0.0,0.0,0.0,0.0,0.0,0.0,0.0,5.087467,1.0,1.0,0.0,0.0,0.0,0.0,0.079,0.079,-0.36844676716639596,-0.36844676716639596
2016.0,303.0,1.0,0.0,0.0,0.0,0.0,0.0,0.0,0.0,0.0,0.0,0.0,0.0,0.0,0.0,0.0,5.087467,1.0,1.0,0.0,0.0,0.0,0.0,0.079,0.079,-0.36844676716639596,-0.36844676716639596
2016.0,303.0,1.5,0.0,0.0,0.0,0.0,0.0,0.0,0.0,0.0,0.0,0.0,0.0,0.0,0.0,0.0,5.087467,1.0,1.0,0.0,0.0,0.0,0.0,0.079,0.079,-0.36844676716639596,-0.36844676716639596
2016.0,303.0,2.0,0.0,0.0,0.0,0.0,0.0,0.0,0.0,0.0,0.0,0.0,0.0,0.0,0.0,0.0,5.087467,1.0,1.0,0.0,0.0,0.0,0.0,0.079,0.079,-0.36844676716639596,-0.36844676716639596
2016.0,303.0,2.5,0.0,0.0,0.0,0.0,0.0,0.0,0.0,0.0,0.0,0.0,0.0,0.0,0.0,0.0,5.087467,1.0,1.0,0.0,0.0,0.0,0.0,0.079,0.079,-0.36844676716639596,-0.36844676716639596
2016.0,303.0,3.0,0.0,0.0,0.0,0.0,0.0,0.0,0.0,0.0,0.0,0.0,0.0,0.0,0.0,0.0,5.087467,1.0,1.0,0.0,0.0,0.0,0.0,0.079,0.079,-0.36844676716639596,-0.36844676716639596
2016.0,303.0,3.5,0.0,0.0,0.0,0.0,0.0,0.0,0.0,0.0,0.0,0.0,0.0,0.0,0.0,0.0,5.087467,1.0,1.0,0.0,0.0,0.0,0.0,0.079,0.079,-0.36844676716639596,-0.36844676716639596
2016.0,303.0,4.0,0.0,0.0,0.0,0.0,0.0,0.0,0.0,0.0,0.0,0.0,0.0,0.0,0.0,0.0,5.087467,1.0,1.0,0.0,0.0,0.0,0.0,0.079,0.079,-0.36844676716639596,-0.36844676716639596
2016.0,303.0,4.5,0.0,0.0,0.0,0.0,0.0,0.0,0.0,0.0,0.0,0.0,0.0,0.0,0.0,0.0,5.087467,1.0,1.0,0.0,0.0,0.0,0.0,0.079,0.079,-0.36844676716639596,-0.36844676716639596
2016.0,303.0,5.0,0.0,0.0,0.0,0.0,0.0,0.0,0.0,0.0,0.0,0.0,0.0,0.0,0.0,0.0,5.087467,1.0,1.0,0.0,0.0,0.0,0.0,0.079,0.079,-0.36844676716639596,-0.36844676716639596
2016.0,303.0,5.5,0.0,0.0,0.0,0.0,0.0,0.0,0.0,0.0,0.0,0.0,0.0,0.0,0.0,0.0,5.087467,1.0,1.0,0.0,0.0,0.0,0.0,0.079,0.079,-0.36844676716639596,-0.36844676716639596
2016,303,6.0,0.0,0.0,0.0,0.0,0.0,0.0,0.0,0.0,0.0,0.0,0.0,0.0,True,True,5.081387900675947,1.0,1.0,0.0,0.0,0.0,0.0,0.079,0.079,-0.36844676716639596,-0.36844676716639596
2016,303,6.5,0.0,0.0,0.0,0.0,0.0,0.0,0.0,0.0,0.0,0.0,0.0,0.0,True,True,5.081387900675947,1.0,1.0,0.0,0.0,0.0010955051793837415,0.0010955051793837415,0.079,0.079,-0.36844676716639596,-0.36844676716639596
2016,303,7.0,1.9560528122366607,2.0031038667458203,0.10792508813355851,0.2927629256812868,37.98103144152014,41.74756100914315,0.05213117776782415,0.14518308292780527,0.0,-0.4410166337344118,16.88669968,16.882319916083638,False,False,5.081387900675947,0.9980981297404197,1.0,0.0,0.0,0.0037576692453297664,0.0037576692453297664,0.079,0.079,-0.36844676716639596,-0.36844676716639596
2016,303,7.5,3.8118202863356068,3.900149417421472,0.21506716601211429,0.5216152569795661,37.74674782143592,41.69098524626093,0.10032923849874595,0.25499530898892936,0.0,-0.4773015670184197,16.923347908837147,16.91897495421763,False,False,5.081387900675947,0.9976669678194982,1.0,0.0,0.0,0.012926667406619952,0.012926667406619952,0.079,0.079,-0.36844676716639596,-0.36844676716639596
2016,303,8.0,6.321235789493064,6.488224364255805,0.3816508770070964,0.9841601795687158,37.309229121417275,41.61973253182559,0.15717910969220922,0.4256943333912714,0.0,-0.5498714335864354,17.727647912495883,17.703376797172307,False,False,5.081387900675947,0.9966370706011456,1.0,0.0,0.0,0.026694187482986752,0.026694187482986752,0.079,0.079,-0.36844676716639596,-0.36844676716639596
2016,303,8.5,5.959751187542396,6.1270282440807105,0.3750165907601605,1.073350170224574,37.1364351743233,41.713576675502104,0.14403225354035232,0.44397694376439784,0.0,-0.5498714335864354,17.95584951269248,17.958884980877865,False,False,5.081387900675947,0.9966370706011456,1.0,0.0,0.0,0.02532378578158132,0.02532378578158132,0.079,0.079,-0.36844676716639596,-0.36844676716639596
2016,303,9.0,20.761521043272552,30.81135975316956,1.6414898032451624,4.429634486047424,39.62346577242884,40.90572721027043,0.41527410179767604,0.5976583747628722,0.0,-0.7131536333644711,385.8689341110736,19.978907278657022,False,False,5.081387900675947,0.9862722254348556,0.9976669678194982,0.0,0.0,0.17338668263239818,0.17338668263239818,0.079,0.079,-0.36844676716639596,-0.36844676716639596
2016,303,9.5,23.001777927705575,33.15609363206039,1.9468169535932374,5.061825701048262,34.844782226778335,40.677324608799616,0.43832699077854287,0.5963381984511067,0.0,-0.749438566648479,414.46682992800055,20.191975034227575,False,False,5.081387900675947,0.9848834681506955,0.997180730645845,0.0,0.0,0.19174274154198329,0.19174274154198329,0.079,0.079,-0.36844676716639596,-0.36844676716639596
2016,303,10.0,18.94814579747371,29.843260963983248,2.2276224589695732,6.122466525733982,38.5476970989761,40.27105931541438,0.29624437800675635,0.405643727668431,0.0,-0.8220084332164947,504.95264450277773,20.669124869601756,False,False,5.081387900675947,0.9818601757223314,0.996033724943549,0.0,0.0,0.1505523284922212,0.1505523284922212,0.079,0.079,-0.36844676716639596,-0.36844676716639596
2016,303,10.5,19.213304980554657,30.246189860679642,2.460160884114137,6.932033184212585,38.280509730645036,40.086463210690994,0.2849355502404204,0.4036046374996515,0.0,-0.8764358331425066,604.1927940560512,21.49792427703601,False,False,5.081387900675947,0.978500027575289,0.9953685105239222,0.0,0.0,0.15845465896823913,0.15845465896823913,0.079,0.079,-0.36844676716639596,-0.36844676716639596
2016,303,11.0,10.406630741486229,0.0,1.362550921935067,0.0,38.391011671493274,0.0,0.15371913709529852,0.0,0.0,0.0,506.921208829677,0.0,False,0.0,5.081387900675947,0.978500027575289,0.9953685105239222,0.0,0.0,0.06012637956333703,0.06012637956333703,0.079,0.079,-0.36844676716639596,-0.36844676716639596
2016,303,11.5,9.1616260788126,0.0,1.2126733387413113,0.0,38.38236414792391,0.0,0.13431980119073747,0.0,0.0,0.0,522.106234795728,0.0,False,0.0,5.081387900675947,0.978500027575289,0.9953685105239222,0.0,0.0,0.053143924239172025,0.053143924239172025,0.079,0.079,-0.36844676716639596,-0.36844676716639596
2016,303,12.0,2.6460572482650044,2.892587248461214,0.329643005449704,1.5632880952190065,33.478096735768105,41.68374002172021,0.04057724173297917,0.19983829411891885,0.0,-0.5861563668704434,22.023092727943574,22.03425160934133,False,False,5.081387900675947,0.996033724943549,0.9953685105239222,0.0,0.0,0.011320249356269609,0.011320249356269609,0.079,0.079,-0.36844676716639596,-0.36844676716639596
2016,303,12.5,1.6651477004162287,1.8241164633900604,0.18523470234328174,0.7749773583696105,34.229370009127216,41.710518445662274,0.027362870524575835,0.11688919946253623,0.0,-0.4773015670184197,21.436625430806185,21.433310103073097,False,False,5.081387900675947,0.9976669678194982,0.9953685105239222,0.0,0.0,0.006006901378786957,0.006006901378786957,0.079,0.079,-0.36844676716639596,-0.36844676716639596
2016,303,13.0,4.512469008796512,4.8365816422529075,0.5105140634026749,2.282211872847399,34.096765670392,41.624722701600724,0.07285371062477207,0.34690273615974637,0.0,-0.6950111667224671,22.06975698,22.07329794993047,False,False,5.081387900675947,0.9938441156344691,0.9953685105239222,0.0,0.0,0.02215169310092474,0.02215169310092474,0.079,0.079,-0.36844676716639596,-0.36844676716639596
2016,303,13.5,9.573879652222429,16.967910800174508,0.9667009441875233,4.406703453505978,39.202486092714494,41.57188020060047,0.1661122163896902,0.4078655322489193,0.0,-0.6950111667224671,612.0450934566825,21.78172106574921,False,False,5.081387900675947,0.9875810032247251,0.9976669678194982,0.0,0.0,0.07642429635914266,0.07642429635914266,0.079,0.079,-0.36844676716639596,-0.36844676716639596
2016,303,14.0,5.370744104132131,5.718959756254968,0.569378568299385,2.374437753575646,34.35431333546957,41.596221603100396,0.09085971243424257,0.40710571485221386,0.0,-0.731296100006475,21.925927715168562,21.927154684100934,False,False,5.081387900675947,0.9929809316998576,0.9976669678194982,0.0,0.0,0.025882483332093715,0.025882483332093715,0.079,0.079,-0.36844676716639596,-0.36844676716639596
2016,303,14.5,1.049437340496255,1.1461411789422598,0.09991098467784432,0.4510162264505359,35.19169471670163,41.72820021693284,0.01909946785917136,0.0876072819290552,0.0,-0.4410166337344118,21.133182829566163,21.131054917605983,False,False,5.081387900675947,0.9980981297404197,0.9976669678194982,0.0,0.0,0.002226543372062344,0.002226543372062344,0.079,0.079,-0.36844676716639596,-0.36844676716639596
2016,303,15.0,0.0,0.0,0.0,0.0,0.0,0.0,0.0,0.0,0.0,0.0,0.0,0.0,True,True,5.081387900675947,0.9980981297404197,0.9976669678194982,0.0,0.0,0.0,0.0,0.079,0.079,-0.36844676716639596,-0.36844676716639596
2016,303,15.5,4.889480831800365,5.113202198429979,0.390780352286143,1.3316872014865362,35.97560197419945,41.69020973757419,0.0998527628523024,0.36459267434772696,0.0,-0.6224413001544513,21.369609233626782,21.36734302075264,False,False,5.081387900675947,0.9953685105239222,0.9976669678194982,0.0,0.0,0.02202344789704047,0.02202344789704047,0.079,0.079,-0.36844676716639596,-0.36844676716639596
2016,303,16.0,3.4924405479743488,3.653629896806006,0.28207310532643787,0.9980460796751635,35.984987547117726,41.72941549200413,0.07099405784831504,0.26522644403814766,0.0,-0.5861563668704434,20.798531026596677,20.791600995201993,False,False,5.081387900675947,0.996033724943549,0.9976669678194982,0.0,0.0,0.013740076464294286,0.013740076464294286,0.079,0.079,-0.36844676716639596,-0.36844676716639596
2016,303,16.5,1.9867748812614585,2.0999445853236334,0.1760227371170204,0.6868634757853237,35.589506905787175,41.70136576773415,0.03780358743407298,0.1533981851819304,0.0,-0.5498714335864354,21.40007162,21.389221079146353,False,False,5.081387900675947,0.9966370706011456,0.9976669678194982,0.0,0.0,0.0063624682932957345,0.0063624682932957345,0.079,0.079,-0.36844676716639596,-0.36844676716639596
2016,303,17.0,0.0,0.0,0.0,0.0,0.0,0.0,0.0,0.0,0.0,0.0,0.0,0.0,True,True,5.081387900675947,0.9966370706011456,0.9976669678194982,0.0,0.0,0.0018132174902111193,0.0018132174902111193,0.079,0.079,-0.36844676716639596,-0.36844676716639596
2016.0,303.0,17.5,0.0,0.0,0.0,0.0,0.0,0.0,0.0,0.0,0.0,0.0,0.0,0.0,0.0,0.0,5.081387900675947,0.9966370706011456,0.9976669678194982,0.0,0.0,0.0,0.0,0.079,0.079,-0.36844676716639596,-0.36844676716639596
2016.0,303.0,18.0,0.0,0.0,0.0,0.0,0.0,0.0,0.0,0.0,0.0,0.0,0.0,0.0,0.0,0.0,5.081387900675947,0.9966370706011456,0.9976669678194982,0.0,0.0,0.0,0.0,0.079,0.079,-0.36844676716639596,-0.36844676716639596
2016.0,303.0,18.5,0.0,0.0,0.0,0.0,0.0,0.0,0.0,0.0,0.0,0.0,0.0,0.0,0.0,0.0,5.081387900675947,0.9966370706011456,0.9976669678194982,0.0,0.0,0.0,0.0,0.079,0.079,-0.36844676716639596,-0.36844676716639596
2016.0,303.0,19.0,0.0,0.0,0.0,0.0,0.0,0.0,0.0,0.0,0.0,0.0,0.0,0.0,0.0,0.0,5.081387900675947,0.9966370706011456,0.9976669678194982,0.0,0.0,0.0,0.0,0.079,0.079,-0.36844676716639596,-0.36844676716639596
2016.0,303.0,19.5,0.0,0.0,0.0,0.0,0.0,0.0,0.0,0.0,0.0,0.0,0.0,0.0,0.0,0.0,5.081387900675947,0.9966370706011456,0.9976669678194982,0.0,0.0,0.0,0.0,0.079,0.079,-0.36844676716639596,-0.36844676716639596
2016.0,303.0,20.0,0.0,0.0,0.0,0.0,0.0,0.0,0.0,0.0,0.0,0.0,0.0,0.0,0.0,0.0,5.081387900675947,0.9966370706011456,0.9976669678194982,0.0,0.0,0.0,0.0,0.079,0.079,-0.36844676716639596,-0.36844676716639596
2016.0,303.0,20.5,0.0,0.0,0.0,0.0,0.0,0.0,0.0,0.0,0.0,0.0,0.0,0.0,0.0,0.0,5.081387900675947,0.9966370706011456,0.9976669678194982,0.0,0.0,0.0,0.0,0.079,0.079,-0.36844676716639596,-0.36844676716639596
2016.0,303.0,21.0,0.0,0.0,0.0,0.0,0.0,0.0,0.0,0.0,0.0,0.0,0.0,0.0,0.0,0.0,5.081387900675947,0.9966370706011456,0.9976669678194982,0.0,0.0,0.0,0.0,0.079,0.079,-0.36844676716639596,-0.36844676716639596
2016.0,303.0,21.5,0.0,0.0,0.0,0.0,0.0,0.0,0.0,0.0,0.0,0.0,0.0,0.0,0.0,0.0,5.081387900675947,0.9966370706011456,0.9976669678194982,0.0,0.0,0.0,0.0,0.079,0.079,-0.36844676716639596,-0.36844676716639596
2016.0,303.0,22.0,0.0,0.0,0.0,0.0,0.0,0.0,0.0,0.0,0.0,0.0,0.0,0.0,0.0,0.0,5.081387900675947,0.9966370706011456,0.9976669678194982,0.0,0.0,0.0,0.0,0.079,0.079,-0.36844676716639596,-0.36844676716639596
2016.0,303.0,22.5,0.0,0.0,0.0,0.0,0.0,0.0,0.0,0.0,0.0,0.0,0.0,0.0,0.0,0.0,5.081387900675947,0.9966370706011456,0.9976669678194982,0.0,0.0,0.0,0.0,0.079,0.079,-0.36844676716639596,-0.36844676716639596
2016.0,303.0,23.0,0.0,0.0,0.0,0.0,0.0,0.0,0.0,0.0,0.0,0.0,0.0,0.0,0.0,0.0,5.081387900675947,0.9966370706011456,0.9976669678194982,0.0,0.0,0.0,0.0,0.079,0.079,-0.36844676716639596,-0.36844676716639596
2016.0,303.0,23.5,0.0,0.0,0.0,0.0,0.0,0.0,0.0,0.0,0.0,0.0,0.0,0.0,0.0,0.0,5.081387900675947,0.9966370706011456,0.9976669678194982,0.0,0.0,0.0,0.0,0.079,0.079,-0.36844676716639596,-0.36844676716639596
2016.0,304.0,0.0,0.0,0.0,0.0,0.0,0.0,0.0,0.0,0.0,0.0,0.0,0.0,0.0,0.0,0.0,5.081387900675947,0.9966370706011456,0.9976669678194982,0.0,0.0,0.0,0.0,0.079,0.079,-0.36844676716639596,-0.36844676716639596
2016.0,304.0,0.5,0.0,0.0,0.0,0.0,0.0,0.0,0.0,0.0,0.0,0.0,0.0,0.0,0.0,0.0,5.081387900675947,0.9966370706011456,0.9976669678194982,0.0,0.0,0.0,0.0,0.079,0.079,-0.36844676716639596,-0.36844676716639596
2016.0,304.0,1.0,0.0,0.0,0.0,0.0,0.0,0.0,0.0,0.0,0.0,0.0,0.0,0.0,0.0,0.0,5.081387900675947,0.9966370706011456,0.9976669678194982,0.0,0.0,0.0,0.0,0.079,0.079,-0.36844676716639596,-0.36844676716639596
2016.0,304.0,1.5,0.0,0.0,0.0,0.0,0.0,0.0,0.0,0.0,0.0,0.0,0.0,0.0,0.0,0.0,5.081387900675947,0.9966370706011456,0.9976669678194982,0.0,0.0,0.0,0.0,0.079,0.079,-0.36844676716639596,-0.36844676716639596
2016.0,304.0,2.0,0.0,0.0,0.0,0.0,0.0,0.0,0.0,0.0,0.0,0.0,0.0,0.0,0.0,0.0,5.081387900675947,0.9966370706011456,0.9976669678194982,0.0,0.0,0.0,0.0,0.079,0.079,-0.36844676716639596,-0.36844676716639596
2016.0,304.0,2.5,0.0,0.0,0.0,0.0,0.0,0.0,0.0,0.0,0.0,0.0,0.0,0.0,0.0,0.0,5.081387900675947,0.9966370706011456,0.9976669678194982,0.0,0.0,0.0,0.0,0.079,0.079,-0.36844676716639596,-0.36844676716639596
2016.0,304.0,3.0,0.0,0.0,0.0,0.0,0.0,0.0,0.0,0.0,0.0,0.0,0.0,0.0,0.0,0.0,5.081387900675947,0.9966370706011456,0.9976669678194982,0.0,0.0,0.0,0.0,0.079,0.079,-0.36844676716639596,-0.36844676716639596
2016.0,304.0,3.5,0.0,0.0,0.0,0.0,0.0,0.0,0.0,0.0,0.0,0.0,0.0,0.0,0.0,0.0,5.081387900675947,0.9966370706011456,0.9976669678194982,0.0,0.0,0.0,0.0,0.079,0.079,-0.36844676716639596,-0.36844676716639596
2016.0,304.0,4.0,0.0,0.0,0.0,0.0,0.0,0.0,0.0,0.0,0.0,0.0,0.0,0.0,0.0,0.0,5.081387900675947,0.9966370706011456,0.9976669678194982,0.0,0.0,0.0,0.0,0.079,0.079,-0.36844676716639596,-0.36844676716639596
2016.0,304.0,4.5,0.0,0.0,0.0,0.0,0.0,0.0,0.0,0.0,0.0,0.0,0.0,0.0,0.0,0.0,5.081387900675947,0.9966370706011456,0.9976669678194982,0.0,0.0,0.0,0.0,0.079,0.079,-0.36844676716639596,-0.36844676716639596
2016.0,304.0,5.0,0.0,0.0,0.0,0.0,0.0,0.0,0.0,0.0,0.0,0.0,0.0,0.0,0.0,0.0,5.081387900675947,0.9966370706011456,0.9976669678194982,0.0,0.0,0.0,0.0,0.079,0.079,-0.36844676716639596,-0.36844676716639596
2016,304,5.5,0.0,0.0,0.0,0.0,0.0,0.0,0.0,0.0,0.0,0.0,0.0,0.0,True,0.0,5.081387900675947,0.9966370706011456,0.9976669678194982,0.0,0.0,0.0027304933170583974,0.0027304933170583974,0.079,0.079,-0.36844676716639596,-0.36844676716639596
2016,304,6.0,2.1501608720233323,2.1984588614644913,0.11815404537335511,0.3117304125229576,37.97245038905576,41.74424584323196,0.0576988853348402,0.158205239715238,0.0,-0.5135865003024276,17.346281014867877,17.319602454537723,False,False,5.081387900675947,0.997180730645845,0.9976669678194982,0.0,0.0,0.007872079852609416,0.007872079852609416,0.079,0.079,-0.36844676716639596,-0.36844676716639596
2016,304,6.5,2.4258534732688317,0.0,0.15009536520699657,0.0,40.67568067300285,0.0,0.05951343086270498,0.0,0.0,0.0,384.09602529262975,0.0,False,0.0,5.081387900675947,0.997180730645845,0.9976669678194982,0.0,0.0,0.023983317571574094,0.023983317571574094,0.079,0.079,-0.36844676716639596,-0.36844676716639596
2016,304,7.0,7.045179829195091,13.704839257255871,0.464167585667519,2.682524577288011,40.39771727194067,41.64209258326822,0.16393487170379187,0.5189098126580196,0.0,-0.6042988335124473,465.39110823160377,20.0589493217106,False,False,5.081387900675947,0.9938441156344691,0.997180730645845,0.0,0.0,0.05542012257701167,0.05542012257701167,0.079,0.079,-0.36844676716639596,-0.36844676716639596
2016,304,7.5,9.01907578998192,16.90784187084069,0.6850590722611268,2.8827573360676824,39.98906986007654,41.67452095657265,0.1895649237987144,0.4257476925746053,0.0,-0.6405837667964553,532.6286949727568,20.130894185255446,False,False,5.081387900675947,0.9899648109561546,0.9980981297404197,0.0,0.0,0.07065269230503174,0.07065269230503174,0.079,0.079,-0.36844676716639596,-0.36844676716639596
2016,304,8.0,6.421755246716677,13.087359029899918,0.5914081468131351,2.7348838400485382,39.53427891341457,41.65675139972253,0.11895485280986934,0.27915473158971854,0.0,-0.6042988335124473,557.2337339565087,20.369256522603088,False,False,5.081387900675947,0.9920478667641133,0.9980981297404197,0.0,0.0,0.054082141233056366,0.054082141233056366,0.079,0.079,-0.36844676716639596,-0.36844676716639596
2016,304,8.5,9.519442930478457,17.88738330761554,1.0170322701306271,4.506673364424043,39.03385208638976,41.360556588766244,0.1594695888528953,0.3613393145069231,0.0,-0.731296100006475,678.8849651209079,21.453417033908607,False,False,5.081387900675947,0.9862722254348556,0.997180730645845,0.0,0.0,0.07941925516975748,0.07941925516975748,0.079,0.079,-0.36844676716639596,-0.36844676716639596
2016,304,9.0,9.792806486148628,18.199977008497548,1.1615193666613424,4.904485930769469,38.712044483902375,41.20529140711555,0.15360555841404588,0.33258996065009694,0.0,-0.749438566648479,461.88982789641653,21.94698724562071,False,False,5.081387900675947,0.9848834681506955,0.997180730645845,0.0,0.0,0.08264825000012048,0.08264825000012048,0.079,0.079,-0.36844676716639596,-0.36844676716639596
2016,304,9.5,8.591893840032869,16.170206071135503,1.1811217875762126,5.526786808007847,38.26967641682853,41.2070389789763,0.12351447438086721,0.29238411686394317,0.0,-0.7857234999324868,820.7164805882451,22.35180682785627,False,False,5.081387900675947,0.983413256985698,0.9966370706011456,0.0,0.0,0.0733015130342407,0.0733015130342407,0.079,0.079,-0.36844676716639596,-0.36844676716639596
2016,304,10.0,10.827830726033044,19.798483475390654,1.6085890770544793,6.126633086964425,31.98935423827136,40.66355715981827,0.14859560319001486,0.2782099221959465,0.0,-0.8220084332164947,990.5004637739117,23.3737516728566,False,False,5.081387900675947,0.9818601757223314,0.996033724943549,0.0,0.0,0.09701425891342502,0.09701425891342502,0.079,0.079,-0.36844676716639596,-0.36844676716639596
2016,304,10.5,8.47968513959265,15.647703774199245,1.2394214295778416,5.954641738954469,32.1926107196788,41.20523192965341,0.117383691583041,0.2904814345293887,0.0,-0.8188919503091989,1260.7222902937085,24.404227318805347,False,False,5.080682136536089,0.9812176983585204,0.9963853079710123,0.0,0.0,0.07899795184777839,0.07899795184777839,0.0785,0.0785,-0.38443698515145974,-0.38443698515145974
2016,304,11.0,8.202108394354532,9.460350486200905,1.209210520465695,4.606583128162798,32.14698875941365,41.136612359717105,0.11300291838906001,0.22738275549763942,0.0,-0.7263118044988913,1326.2441324682075,26.56806255365877,False,False,5.079889180521075,0.9836745211177952,0.9981387265661085,0.0,0.0,0.058626151827894296,0.058626151827894296,0.078,0.078,-0.4012300667322298,-0.4012300667322298
2016,304,11.5,7.923322854233812,9.135836371087386,1.2404096386672,4.633639829999396,31.756426908833035,40.995764233535105,0.10574926136890753,0.20759411318571414,0.0,-0.7263118044988913,1581.5737041996454,27.316466561656767,False,False,5.079889180521075,0.9836745211177952,0.9981387265661085,0.0,0.0,0.05960036074678477,0.05960036074678477,0.078,0.078,-0.4012300667322298,-0.4012300667322298
2016,304,12.0,7.433995743287424,8.48568589253587,1.182335984960769,4.875973164156223,31.66963797046899,41.11990190781684,0.09835914329657804,0.21711284347051352,0.0,-0.7443719010414837,1581.518718753051,27.40939280363005,False,False,5.079889180521075,0.9821431066716647,0.9981387265661085,0.0,0.0,0.05578266272172023,0.05578266272172023,0.078,0.078,-0.4012300667322298,-0.4012300667322298
2016,304,12.5,6.393876705775286,7.267682250614939,1.0696234783437966,4.354418019455783,31.36714427298823,40.527698751765584,0.082302683692468,0.3569658434942635,0.0,-1.0152733491803683,27.980502554850126,27.985689798467916,False,False,5.079889180521075,0.9836745211177952,0.9981387265661085,0.0,0.0,0.04932490874371636,0.04932490874371636,0.078,0.078,-0.4012300667322298,-0.4012300667322298
2016,304,13.0,4.352360586087434,5.062134961816031,0.7152945668503938,4.036621709334219,31.56974812533563,41.524349071559605,0.056636556330808656,0.3370198917220842,0.0,-0.9791531560951836,27.593404845548044,27.545562668740594,False,False,5.079889180521075,0.9851240558296253,0.9981387265661085,0.0,0.0,0.03232742702229466,0.03232742702229466,0.078,0.078,-0.4012300667322298,-0.4012300667322298
2016,304,13.5,3.731129001449972,4.395692342481416,0.6127053683143728,3.4429271847331453,31.682814472033815,41.547887857794144,0.048385093200131735,0.28106976248128007,0.0,-0.9069127699248145,27.78613091,27.683510663874042,False,False,5.079889180521075,0.9877831705462705,0.9981387265661085,0.0,0.0,0.026429593508015395,0.026429593508015395,0.078,0.078,-0.4012300667322298,-0.4012300667322298
2016,304,14.0,3.3800010631140576,3.9545997445748684,0.559818069328839,3.5401847763337013,31.618709886765963,41.713293273785474,0.04360382326775166,0.29208065315256865,0.0,-0.943032963009999,27.63885927,27.6349311700965,False,False,5.079889180521075,0.9864931176387925,0.9981387265661085,0.0,0.0,0.021392281496688665,0.021392281496688665,0.078,0.078,-0.4012300667322298,-0.4012300667322298
2016,304,14.5,4.078900354631799,4.727334240666238,0.6821552355954843,3.8075512014950346,31.548801793531897,41.45667133307138,0.05232336890899517,0.30779727763557924,0.0,-1.0152733491803683,27.66509724,27.628056433089885,False,False,5.079889180521075,0.9836745211177952,0.9981387265661085,0.0,0.0,0.024488875094076826,0.024488875094076826,0.078,0.078,-0.4012300667322298,-0.4012300667322298
2016,304,15.0,2.1120387365552853,2.5218216687995665,0.3572785882629052,2.297358888859899,31.463542157051528,41.67592009213588,0.02703565220958505,0.18026133186449608,0.0,-0.7985521906692605,27.332475724635184,27.33153486806028,False,False,5.079889180521075,0.9911947820320105,0.9981387265661085,0.0,0.0,0.010707316583510113,0.010707316583510113,0.078,0.078,-0.4012300667322298,-0.4012300667322298
2016,304,15.5,0.0,0.0,0.0,0.0,0.0,0.0,0.0,0.0,0.0,0.0,0.0,0.0,True,True,5.079889180521075,0.9911947820320105,0.9981387265661085,0.0,0.0,0.0,0.0,0.078,0.078,-0.4012300667322298,-0.4012300667322298
2016.0,304.0,16.0,0.0,0.0,0.0,0.0,0.0,0.0,0.0,0.0,0.0,0.0,0.0,0.0,0.0,0.0,5.079889180521075,0.9911947820320105,0.9981387265661085,0.0,0.0,0.0,0.0,0.078,0.078,-0.4012300667322298,-0.4012300667322298
2016.0,304.0,16.5,0.0,0.0,0.0,0.0,0.0,0.0,0.0,0.0,0.0,0.0,0.0,0.0,0.0,0.0,5.079889180521075,0.9911947820320105,0.9981387265661085,0.0,0.0,0.0,0.0,0.078,0.078,-0.4012300667322298,-0.4012300667322298
2016.0,304.0,17.0,0.0,0.0,0.0,0.0,0.0,0.0,0.0,0.0,0.0,0.0,0.0,0.0,0.0,0.0,5.079889180521075,0.9911947820320105,0.9981387265661085,0.0,0.0,0.0,0.0,0.078,0.078,-0.4012300667322298,-0.4012300667322298
2016.0,304.0,17.5,0.0,0.0,0.0,0.0,0.0,0.0,0.0,0.0,0.0,0.0,0.0,0.0,0.0,0.0,5.079889180521075,0.9911947820320105,0.9981387265661085,0.0,0.0,0.0,0.0,0.078,0.078,-0.4012300667322298,-0.4012300667322298
2016.0,304.0,18.0,0.0,0.0,0.0,0.0,0.0,0.0,0.0,0.0,0.0,0.0,0.0,0.0,0.0,0.0,5.079889180521075,0.9911947820320105,0.9981387265661085,0.0,0.0,0.0,0.0,0.078,0.078,-0.4012300667322298,-0.4012300667322298
2016.0,304.0,18.5,0.0,0.0,0.0,0.0,0.0,0.0,0.0,0.0,0.0,0.0,0.0,0.0,0.0,0.0,5.079889180521075,0.9911947820320105,0.9981387265661085,0.0,0.0,0.0,0.0,0.078,0.078,-0.4012300667322298,-0.4012300667322298
2016.0,304.0,19.0,0.0,0.0,0.0,0.0,0.0,0.0,0.0,0.0,0.0,0.0,0.0,0.0,0.0,0.0,5.079889180521075,0.9911947820320105,0.9981387265661085,0.0,0.0,0.0,0.0,0.078,0.078,-0.4012300667322298,-0.4012300667322298
2016.0,304.0,19.5,0.0,0.0,0.0,0.0,0.0,0.0,0.0,0.0,0.0,0.0,0.0,0.0,0.0,0.0,5.079889180521075,0.9911947820320105,0.9981387265661085,0.0,0.0,0.0,0.0,0.078,0.078,-0.4012300667322298,-0.4012300667322298
2016.0,304.0,20.0,0.0,0.0,0.0,0.0,0.0,0.0,0.0,0.0,0.0,0.0,0.0,0.0,0.0,0.0,5.079889180521075,0.9911947820320105,0.9981387265661085,0.0,0.0,0.0,0.0,0.078,0.078,-0.4012300667322298,-0.4012300667322298
2016.0,304.0,20.5,0.0,0.0,0.0,0.0,0.0,0.0,0.0,0.0,0.0,0.0,0.0,0.0,0.0,0.0,5.079889180521075,0.9911947820320105,0.9981387265661085,0.0,0.0,0.0,0.0,0.078,0.078,-0.4012300667322298,-0.4012300667322298
2016.0,304.0,21.0,0.0,0.0,0.0,0.0,0.0,0.0,0.0,0.0,0.0,0.0,0.0,0.0,0.0,0.0,5.079889180521075,0.9911947820320105,0.9981387265661085,0.0,0.0,0.0,0.0,0.078,0.078,-0.4012300667322298,-0.4012300667322298
2016.0,304.0,21.5,0.0,0.0,0.0,0.0,0.0,0.0,0.0,0.0,0.0,0.0,0.0,0.0,0.0,0.0,5.079889180521075,0.9911947820320105,0.9981387265661085,0.0,0.0,0.0,0.0,0.078,0.078,-0.4012300667322298,-0.4012300667322298
2016.0,304.0,22.0,0.0,0.0,0.0,0.0,0.0,0.0,0.0,0.0,0.0,0.0,0.0,0.0,0.0,0.0,5.079889180521075,0.9911947820320105,0.9981387265661085,0.0,0.0,0.0,0.0,0.078,0.078,-0.4012300667322298,-0.4012300667322298
2016.0,304.0,22.5,0.0,0.0,0.0,0.0,0.0,0.0,0.0,0.0,0.0,0.0,0.0,0.0,0.0,0.0,5.079889180521075,0.9911947820320105,0.9981387265661085,0.0,0.0,0.0,0.0,0.078,0.078,-0.4012300667322298,-0.4012300667322298
2016.0,304.0,23.0,0.0,0.0,0.0,0.0,0.0,0.0,0.0,0.0,0.0,0.0,0.0,0.0,0.0,0.0,5.079889180521075,0.9911947820320105,0.9981387265661085,0.0,0.0,0.0,0.0,0.078,0.078,-0.4012300667322298,-0.4012300667322298
2016.0,304.0,23.5,0.0,0.0,0.0,0.0,0.0,0.0,0.0,0.0,0.0,0.0,0.0,0.0,0.0,0.0,5.079889180521075,0.9911947820320105,0.9981387265661085,0.0,0.0,0.0,0.0,0.078,0.078,-0.4012300667322298,-0.4012300667322298
2016.0,305.0,0.0,0.0,0.0,0.0,0.0,0.0,0.0,0.0,0.0,0.0,0.0,0.0,0.0,0.0,0.0,5.079889180521075,0.9911947820320105,0.9981387265661085,0.0,0.0,0.0,0.0,0.078,0.078,-0.4012300667322298,-0.4012300667322298
2016.0,305.0,0.5,0.0,0.0,0.0,0.0,0.0,0.0,0.0,0.0,0.0,0.0,0.0,0.0,0.0,0.0,5.079889180521075,0.9911947820320105,0.9981387265661085,0.0,0.0,0.0,0.0,0.078,0.078,-0.4012300667322298,-0.4012300667322298
2016.0,305.0,1.0,0.0,0.0,0.0,0.0,0.0,0.0,0.0,0.0,0.0,0.0,0.0,0.0,0.0,0.0,5.079889180521075,0.9911947820320105,0.9981387265661085,0.0,0.0,0.0,0.0,0.078,0.078,-0.4012300667322298,-0.4012300667322298
2016.0,305.0,1.5,0.0,0.0,0.0,0.0,0.0,0.0,0.0,0.0,0.0,0.0,0.0,0.0,0.0,0.0,5.079889180521075,0.9911947820320105,0.9981387265661085,0.0,0.0,0.0,0.0,0.078,0.078,-0.4012300667322298,-0.4012300667322298
2016.0,305.0,2.0,0.0,0.0,0.0,0.0,0.0,0.0,0.0,0.0,0.0,0.0,0.0,0.0,0.0,0.0,5.079889180521075,0.9911947820320105,0.9981387265661085,0.0,0.0,0.0,0.0,0.078,0.078,-0.4012300667322298,-0.4012300667322298
2016.0,305.0,2.5,0.0,0.0,0.0,0.0,0.0,0.0,0.0,0.0,0.0,0.0,0.0,0.0,0.0,0.0,5.079889180521075,0.9911947820320105,0.9981387265661085,0.0,0.0,0.0,0.0,0.078,0.078,-0.4012300667322298,-0.4012300667322298
2016.0,305.0,3.0,0.0,0.0,0.0,0.0,0.0,0.0,0.0,0.0,0.0,0.0,0.0,0.0,0.0,0.0,5.079889180521075,0.9911947820320105,0.9981387265661085,0.0,0.0,0.0,0.0,0.078,0.078,-0.4012300667322298,-0.4012300667322298
2016.0,305.0,3.5,0.0,0.0,0.0,0.0,0.0,0.0,0.0,0.0,0.0,0.0,0.0,0.0,0.0,0.0,5.079889180521075,0.9911947820320105,0.9981387265661085,0.0,0.0,0.0,0.0,0.078,0.078,-0.4012300667322298,-0.4012300667322298
2016.0,305.0,4.0,0.0,0.0,0.0,0.0,0.0,0.0,0.0,0.0,0.0,0.0,0.0,0.0,0.0,0.0,5.079889180521075,0.9911947820320105,0.9981387265661085,0.0,0.0,0.0,0.0,0.078,0.078,-0.4012300667322298,-0.4012300667322298
2016.0,305.0,4.5,0.0,0.0,0.0,0.0,0.0,0.0,0.0,0.0,0.0,0.0,0.0,0.0,0.0,0.0,5.079889180521075,0.9911947820320105,0.9981387265661085,0.0,0.0,0.0,0.0,0.078,0.078,-0.4012300667322298,-0.4012300667322298
2016.0,305.0,5.0,0.0,0.0,0.0,0.0,0.0,0.0,0.0,0.0,0.0,0.0,0.0,0.0,0.0,0.0,5.079889180521075,0.9911947820320105,0.9981387265661085,0.0,0.0,0.0,0.0,0.078,0.078,-0.4012300667322298,-0.4012300667322298
2016,305,5.5,0.0,0.0,0.0,0.0,0.0,0.0,0.0,0.0,0.0,0.0,0.0,0.0,True,True,5.079889180521075,0.9911947820320105,0.9981387265661085,0.0,0.0,0.0,0.0,0.078,0.078,-0.4012300667322298,-0.4012300667322298
2016,305,6.0,0.0,0.0,0.0,0.0,0.0,0.0,0.0,0.0,0.0,0.0,0.0,0.0,True,True,5.079889180521075,0.9911947820320105,0.9981387265661085,0.0,0.0,0.0,0.0,0.078,0.078,-0.4012300667322298,-0.4012300667322298
2016,305,6.5,8.2604138241797,15.269732911951795,0.9004604111258943,2.5463786117535876,34.031491032124315,40.45448230282595,0.1369279509509717,0.18545298085987552,0.0,-0.7263118044988913,281.5568402709609,15.29386874498243,False,False,5.079889180521075,0.9851240558296253,0.9977150505716607,0.0,0.0,0.05070118599079741,0.05070118599079741,0.078,0.078,-0.4012300667322298,-0.4012300667322298
2016,305,7.0,12.73946735952714,21.083194464727697,1.6345193196609116,3.8963132667531606,32.857314484689304,39.73235306579157,0.1901317551014014,0.21681867266245422,0.0,-0.8166122872118529,272.740378564806,14.814042758165916,False,False,5.079889180521075,0.9788292957172269,0.9972370490096331,0.0,0.0,0.08028020621353589,0.08028020621353589,0.078,0.078,-0.4012300667322298,-0.4012300667322298
2016,305,7.5,15.992713484350197,24.803634136244725,2.5513528826198324,6.1205521926745865,37.63268218166263,39.0375438726058,0.21020697758891121,0.23816013143905443,0.0,-0.9610930595525914,624.694567861226,18.6705628310696,False,False,5.079889180521075,0.9690243328748809,0.9954542538550969,0.0,0.0,0.11596865060490984,0.11596865060490984,0.078,0.078,-0.4012300667322298,-0.4012300667322298
2016,305,8.0,11.236756039550315,21.08145061500483,2.020976187633278,6.706258651380803,30.68290566442029,39.72171533903611,0.1386987899692491,0.21494680184599999,0.0,-0.9610930595525914,708.7259381736083,20.03653698259174,False,False,5.079889180521075,0.9732125780610671,0.9939536117481474,0.0,0.0,0.08507179436147215,0.08507179436147215,0.078,0.078,-0.4012300667322298,-0.4012300667322298
2016,305,8.5,16.00000753015633,25.789534714924805,3.4062163893165787,9.252577713472315,29.32312527025196,38.60512389047989,0.18075590410019485,0.23152576481443526,0.0,-1.1416940249785144,2435.988103114317,25.72249694254463,False,False,5.079889180521075,0.9569450502418297,0.9911947820320105,0.0,0.0,0.15082757810482997,0.15082757810482997,0.078,0.078,-0.4012300667322298,-0.4012300667322298
2016,305,9.0,16.54070681002972,0.0,3.8772967302478274,0.0,36.27646011874445,0.0,0.17804456752863623,0.0,0.0,0.0,2676.927513844993,0.0,False,0.0,5.079889180521075,0.9569450502418297,0.9911947820320105,0.0,0.0,0.16759760063903384,0.16759760063903384,0.078,0.078,-0.4012300667322298,-0.4012300667322298
2016,305,9.5,13.449794474964037,0.0,3.4937692873849344,0.0,27.983936708785055,0.0,0.13803643630030726,0.0,0.0,0.0,5290.680057054416,0.0,False,0.0,5.079889180521075,0.9569450502418297,0.9911947820320105,0.0,0.0,0.19569891014085675,0.19569891014085675,0.0775,0.0775,-0.4188718631064196,-0.4188718631064196
2016,305,10.0,10.442047518778542,0.0,2.736973034362357,0.0,35.95139214212682,0.0,0.10662800152915582,0.0,0.0,0.0,6802.685757943157,0.0,False,0.0,5.079889180521075,0.9569450502418297,0.9911947820320105,0.0,0.0,0.1776002378119559,0.1776002378119559,0.077,0.077,-0.4374111645545728,-0.4374111645545728
2016,305,10.5,7.742057109497148,0.0,2.3602980857583487,0.0,26.99956297604092,0.0,0.07385907676794631,0.0,0.0,0.0,10108.80661690115,0.0,False,0.0,5.079889180521075,0.9569450502418297,0.9911947820320105,0.0,0.0,0.21008849721281464,0.21008849721281464,0.077,0.077,-0.4374111645545728,-0.4374111645545728
2016,305,11.0,4.576079773234626,0.0,1.4382579727516875,0.0,26.877737090581608,0.0,0.04301912937956945,0.0,0.0,0.0,12554.315212390144,0.0,False,0.0,5.079889180521075,0.9569450502418297,0.9911947820320105,0.0,0.0,0.16312989134185682,0.16312989134185682,0.077,0.077,-0.4374111645545728,-0.4374111645545728
2016,305,11.5,1.5909821374308812,7.452788826132719,0.5647778167684497,13.666873100260952,26.062500856130452,40.751847519406354,0.014198639930804335,0.17857241134329174,0.0,-1.461654952467577,16853.19691868869,40.07078391719109,True,False,5.077994424191939,0.9490309159807049,0.9670759350375144,0.0,0.0,0.21925047451311538,0.21925047451311538,0.077,0.077,-0.4374111645545728,-0.4374111645545728
2016,305,12.0,0.0,0.0,0.0,0.0,0.0,0.0,0.0,0.0,0.0,0.0,0.0,0.0,True,0.0,5.077994424191939,0.9490309159807049,0.9670759350375144,0.0,0.0,0.18611307341337424,0.18611307341337424,0.077,0.077,-0.4374111645545728,-0.4374111645545728
2016,305,12.5,0.0,0.0,0.0,0.0,0.0,0.0,0.0,0.0,0.0,0.0,0.0,0.0,True,0.0,5.077994424191939,0.9490309159807049,0.9670759350375144,0.0,0.0,0.2215567228681027,0.2215567228681027,0.077,0.077,-0.4374111645545728,-0.4374111645545728
2016,305,13.0,0.0,0.0,0.0,0.0,0.0,0.0,0.0,0.0,0.0,0.0,0.0,0.0,True,0.0,5.077994424191939,0.9490309159807049,0.9670759350375144,0.0,0.0,0.21809466757951446,0.21809466757951446,0.077,0.077,-0.4374111645545728,-0.4374111645545728
2016,305,13.5,0.0,0.0,0.0,0.0,0.0,0.0,0.0,0.0,0.0,0.0,0.0,0.0,True,0.0,5.077994424191939,0.9490309159807049,0.9670759350375144,0.0,0.0,0.19648331725000498,0.19648331725000498,0.077,0.077,-0.4374111645545728,-0.4374111645545728
2016,305,14.0,2.307427496996758,0.0,0.7308838686646115,0.0,26.894640791060205,0.0,0.021613851105576287,0.0,0.0,0.0,13744.850326781743,0.0,False,0.0,5.077994424191939,0.9490309159807049,0.9670759350375144,0.0,0.0,0.12045705450380659,0.12045705450380659,0.077,0.077,-0.4374111645545728,-0.4374111645545728
2016,305,14.5,4.9275800256400775,0.0,1.3851718130257784,0.0,27.693707747005185,0.0,0.048764252259192835,0.0,0.0,0.0,10751.521278784887,0.0,False,0.0,5.077994424191939,0.9490309159807049,0.9670759350375144,0.0,0.0,0.14047528641415713,0.14047528641415713,0.077,0.077,-0.4374111645545728,-0.4374111645545728
2016,305,15.0,0.0,0.0,0.0,0.0,0.0,0.0,0.0,0.0,0.0,0.0,0.0,0.0,False,0.0,5.077994424191939,0.9981380565597652,0.9670759350375144,0.0,0.0,0.004563740403554736,0.004563740403554736,0.077,0.077,-0.4374111645545728,-0.4374111645545728
2016,305,15.5,0.5775677230459033,0.9860102218353566,0.11970745164344267,1.32517205791892,30.0886289689009,41.701879639312,0.006632206142961836,0.07464709371642601,0.0,-0.6889798142174159,31.097545697042115,31.098687146473708,False,False,5.077994424191939,0.9939809545615914,0.9670759350375144,0.0,0.0,0.00610048946873681,0.00610048946873681,0.077,0.077,-0.4374111645545728,-0.4374111645545728
2016,305,16.0,1.2845284186435943,1.6087510740823017,0.23167848974359218,1.6565035877913608,31.05621275104978,41.715055503074524,0.015873672801335996,0.11635418294463097,0.0,-0.7967949497872058,28.12959918539464,28.12732364123491,False,False,5.077994424191939,0.991244601861257,0.9670759350375144,0.0,0.0,0.004787244610745798,0.004787244610745798,0.077,0.077,-0.4374111645545728,-0.4374111645545728
2016,305,16.5,0.7435772453919163,0.927929687435856,0.12609070311162388,0.8249204583590668,31.51308148736768,41.71264289034733,0.009509589576016256,0.06313828500493823,0.0,-0.6530414356941526,26.34175360332142,26.338856652707697,False,False,5.077994424191939,0.9947578725144912,0.9670759350375144,0.0,0.0,0.0,0.0,0.077,0.077,-0.4374111645545728,-0.4374111645545728
2016,305,17.0,0.0,0.0,0.0,0.0,0.0,0.0,0.0,0.0,0.0,0.0,0.0,0.0,True,True,5.077994424191939,0.9947578725144912,0.9670759350375144,0.0,0.0,0.0,0.0,0.077,0.077,-0.4374111645545728,-0.4374111645545728
2016.0,305.0,17.5,0.0,0.0,0.0,0.0,0.0,0.0,0.0,0.0,0.0,0.0,0.0,0.0,0.0,0.0,5.077994424191939,0.9947578725144912,0.9670759350375144,0.0,0.0,0.0,0.0,0.077,0.077,-0.4374111645545728,-0.4374111645545728
2016.0,305.0,18.0,0.0,0.0,0.0,0.0,0.0,0.0,0.0,0.0,0.0,0.0,0.0,0.0,0.0,0.0,5.077994424191939,0.9947578725144912,0.9670759350375144,0.0,0.0,0.0,0.0,0.077,0.077,-0.4374111645545728,-0.4374111645545728
2016.0,305.0,18.5,0.0,0.0,0.0,0.0,0.0,0.0,0.0,0.0,0.0,0.0,0.0,0.0,0.0,0.0,5.077994424191939,0.9947578725144912,0.9670759350375144,0.0,0.0,0.0,0.0,0.077,0.077,-0.4374111645545728,-0.4374111645545728
2016.0,305.0,19.0,0.0,0.0,0.0,0.0,0.0,0.0,0.0,0.0,0.0,0.0,0.0,0.0,0.0,0.0,5.077994424191939,0.9947578725144912,0.9670759350375144,0.0,0.0,0.0,0.0,0.077,0.077,-0.4374111645545728,-0.4374111645545728
2016.0,305.0,19.5,0.0,0.0,0.0,0.0,0.0,0.0,0.0,0.0,0.0,0.0,0.0,0.0,0.0,0.0,5.077994424191939,0.9947578725144912,0.9670759350375144,0.0,0.0,0.0,0.0,0.0765,0.0765,-0.4568999096561373,-0.4568999096561373
2016.0,305.0,20.0,0.0,0.0,0.0,0.0,0.0,0.0,0.0,0.0,0.0,0.0,0.0,0.0,0.0,0.0,5.077994424191939,0.9947578725144912,0.9670759350375144,0.0,0.0,0.0,0.0,0.077,0.077,-0.4374111645545728,-0.4374111645545728
2016.0,305.0,20.5,0.0,0.0,0.0,0.0,0.0,0.0,0.0,0.0,0.0,0.0,0.0,0.0,0.0,0.0,5.077994424191939,0.9947578725144912,0.9670759350375144,0.0,0.0,0.0,0.0,0.076,0.076,-0.47739341090022597,-0.47739341090022597
2016.0,305.0,21.0,0.0,0.0,0.0,0.0,0.0,0.0,0.0,0.0,0.0,0.0,0.0,0.0,0.0,0.0,5.077994424191939,0.9947578725144912,0.9670759350375144,0.0,0.0,0.0,0.0,0.076,0.076,-0.47739341090022597,-0.47739341090022597
2016.0,305.0,21.5,0.0,0.0,0.0,0.0,0.0,0.0,0.0,0.0,0.0,0.0,0.0,0.0,0.0,0.0,5.077994424191939,0.9947578725144912,0.9670759350375144,0.0,0.0,0.0,0.0,0.076,0.076,-0.47739341090022597,-0.47739341090022597
2016.0,305.0,22.0,0.0,0.0,0.0,0.0,0.0,0.0,0.0,0.0,0.0,0.0,0.0,0.0,0.0,0.0,5.077994424191939,0.9947578725144912,0.9670759350375144,0.0,0.0,0.0,0.0,0.076,0.076,-0.47739341090022597,-0.47739341090022597
2016.0,305.0,22.5,0.0,0.0,0.0,0.0,0.0,0.0,0.0,0.0,0.0,0.0,0.0,0.0,0.0,0.0,5.077994424191939,0.9947578725144912,0.9670759350375144,0.0,0.0,0.0,0.0,0.076,0.076,-0.47739341090022597,-0.47739341090022597
2016.0,305.0,23.0,0.0,0.0,0.0,0.0,0.0,0.0,0.0,0.0,0.0,0.0,0.0,0.0,0.0,0.0,5.077994424191939,0.9947578725144912,0.9670759350375144,0.0,0.0,0.0,0.0,0.076,0.076,-0.47739341090022597,-0.47739341090022597
2016.0,305.0,23.5,0.0,0.0,0.0,0.0,0.0,0.0,0.0,0.0,0.0,0.0,0.0,0.0,0.0,0.0,5.077994424191939,0.9947578725144912,0.9670759350375144,0.0,0.0,0.0,0.0,0.076,0.076,-0.47739341090022597,-0.47739341090022597
2016.0,306.0,0.0,0.0,0.0,0.0,0.0,0.0,0.0,0.0,0.0,0.0,0.0,0.0,0.0,0.0,0.0,5.077994424191939,0.9947578725144912,0.9670759350375144,0.0,0.0,0.0,0.0,0.076,0.076,-0.47739341090022597,-0.47739341090022597
2016.0,306.0,0.5,0.0,0.0,0.0,0.0,0.0,0.0,0.0,0.0,0.0,0.0,0.0,0.0,0.0,0.0,5.077994424191939,0.9947578725144912,0.9670759350375144,0.0,0.0,0.0,0.0,0.076,0.076,-0.47739341090022597,-0.47739341090022597
2016.0,306.0,1.0,0.0,0.0,0.0,0.0,0.0,0.0,0.0,0.0,0.0,0.0,0.0,0.0,0.0,0.0,5.077994424191939,0.9947578725144912,0.9670759350375144,0.0,0.0,0.0,0.0,0.076,0.076,-0.47739341090022597,-0.47739341090022597
2016.0,306.0,1.5,0.0,0.0,0.0,0.0,0.0,0.0,0.0,0.0,0.0,0.0,0.0,0.0,0.0,0.0,5.077994424191939,0.9947578725144912,0.9670759350375144,0.0,0.0,0.0,0.0,0.076,0.076,-0.47739341090022597,-0.47739341090022597
2016.0,306.0,2.0,0.0,0.0,0.0,0.0,0.0,0.0,0.0,0.0,0.0,0.0,0.0,0.0,0.0,0.0,5.077994424191939,0.9947578725144912,0.9670759350375144,0.0,0.0,0.0,0.0,0.076,0.076,-0.47739341090022597,-0.47739341090022597
2016.0,306.0,2.5,0.0,0.0,0.0,0.0,0.0,0.0,0.0,0.0,0.0,0.0,0.0,0.0,0.0,0.0,5.077994424191939,0.9947578725144912,0.9670759350375144,0.0,0.0,0.0,0.0,0.076,0.076,-0.47739341090022597,-0.47739341090022597
2016.0,306.0,3.0,0.0,0.0,0.0,0.0,0.0,0.0,0.0,0.0,0.0,0.0,0.0,0.0,0.0,0.0,5.077994424191939,0.9947578725144912,0.9670759350375144,0.0,0.0,0.0,0.0,0.076,0.076,-0.47739341090022597,-0.47739341090022597
2016.0,306.0,3.5,0.0,0.0,0.0,0.0,0.0,0.0,0.0,0.0,0.0,0.0,0.0,0.0,0.0,0.0,5.077994424191939,0.9947578725144912,0.9670759350375144,0.0,0.0,0.0,0.0,0.076,0.076,-0.47739341090022597,-0.47739341090022597
2016.0,306.0,4.0,0.0,0.0,0.0,0.0,0.0,0.0,0.0,0.0,0.0,0.0,0.0,0.0,0.0,0.0,5.077994424191939,0.9947578725144912,0.9670759350375144,0.0,0.0,0.0,0.0,0.076,0.076,-0.47739341090022597,-0.47739341090022597
2016.0,306.0,4.5,0.0,0.0,0.0,0.0,0.0,0.0,0.0,0.0,0.0,0.0,0.0,0.0,0.0,0.0,5.077994424191939,0.9947578725144912,0.9670759350375144,0.0,0.0,0.0,0.0,0.076,0.076,-0.47739341090022597,-0.47739341090022597
2016.0,306.0,5.0,0.0,0.0,0.0,0.0,0.0,0.0,0.0,0.0,0.0,0.0,0.0,0.0,0.0,0.0,5.077994424191939,0.9947578725144912,0.9670759350375144,0.0,0.0,0.0,0.0,0.076,0.076,-0.47739341090022597,-0.47739341090022597
2016,306,5.5,0.0,0.0,0.0,0.0,0.0,0.0,0.0,0.0,0.0,0.0,0.0,0.0,True,True,5.075591873186377,0.9947578725144912,0.9670759350375144,0.0,0.0,0.0,0.0,0.076,0.076,-0.47739341090022597,-0.47739341090022597
2016,306,6.0,0.0,0.0,0.0,0.0,0.0,0.0,0.0,0.0,0.0,0.0,0.0,0.0,True,True,5.075591873186377,0.9947578725144912,0.9670759350375144,0.0,0.0,0.0007709891927690418,0.0007709891927690418,0.076,0.076,-0.47739341090022597,-0.47739341090022597
2016,306,6.5,9.00083230870122,16.00233624961393,0.8598890436809645,2.0615787338824396,39.354141914050984,40.55399684620636,0.1623983925984286,0.1946325553147109,0.0,-0.7632931126000748,220.31449015779378,14.641120819826977,False,False,5.075591873186377,0.9837494242687005,0.9971871874610839,0.0,0.0,0.04444280173006938,0.04444280173006938,0.076,0.076,-0.47739341090022597,-0.47739341090022597
2016,306,7.0,9.598627677605698,17.911029095527333,1.1477140860452744,3.2937340172285885,38.69097592467571,40.23512958939314,0.1498043363481875,0.2041950508789404,0.0,-0.8168993066687966,347.24953630268516,16.47662369396838,False,False,5.075591873186377,0.9822387802000422,0.9960607579556597,0.0,0.0,0.05223595196889377,0.05223595196889377,0.076,0.076,-0.47739341090022597,-0.47739341090022597
2016,306,7.5,6.915337796288593,14.857723524133403,0.8377379907463115,3.307795660742217,38.70682614335293,40.9710577509817,0.10742422004827847,0.2067690331675641,0.0,-0.7811618439563155,329.8303630022117,16.88556889916171,False,False,5.075591873186377,0.9851799824935996,0.9960607579556597,0.0,0.0,0.041748252727786477,0.041748252727786477,0.076,0.076,-0.47739341090022597,-0.47739341090022597
2016,306,8.0,7.882404034928996,16.301506017578347,1.105331824166418,4.198629514076747,38.222515164205376,40.73064483298364,0.11187649068061331,0.20447733371513951,0.0,-0.8347680380250371,429.68672805540996,18.141298005937582,False,False,5.075591873186377,0.9822387802000422,0.9954086967722665,0.0,0.0,0.049263439005276057,0.049263439005276057,0.076,0.076,-0.47739341090022597,-0.47739341090022597
2016,306,8.5,14.378120098963533,24.77690869472697,2.5254794526468274,7.117194436475002,37.33957542868538,39.3406542964677,0.1793048171575366,0.23810292639686065,0.0,-1.0491928142999238,851.6073487250464,21.64704138489773,False,False,5.075591873186377,0.9671247007950307,0.9921618320957164,0.0,0.0,0.09895506859043783,0.09895506859043783,0.076,0.076,-0.47739341090022597,-0.47739341090022597
2016,306,9.0,17.238656702753275,27.92908176382825,3.3097679527359607,8.2765498713035,30.00863574282251,38.60626308372963,0.2049679879159276,0.23896495421068326,0.0,-1.120667739724886,1347.3175206171607,23.25224320250433,False,False,5.075591873186377,0.9624662490148466,0.9901294825230522,0.0,0.0,0.130449711886992,0.130449711886992,0.076,0.076,-0.47739341090022597,-0.47739341090022597
2016,306,9.5,16.456613547523226,27.506876249048283,3.4003856480069827,8.906236450314108,29.520836141179775,38.6193864939076,0.1887049241288116,0.23207996147138374,0.0,-1.1564052024373672,1707.7056118564308,24.47964842688922,False,False,5.075591873186377,0.9600001545853848,0.9890050671373667,0.0,0.0,0.13523741200448736,0.13523741200448736,0.076,0.076,-0.47739341090022597,-0.47739341090022597
2016,306,10.0,14.978500142543606,26.148872385759752,3.4102992471424227,9.752687617757308,36.40526142565463,38.700832407724334,0.1637181029750804,0.2194156123136966,0.0,-1.210011396506089,3078.1775911386103,27.24920474070241,False,False,5.075591873186377,0.9547906956522128,0.9878063564893548,0.0,0.0,0.14989001958520604,0.14989001958520604,0.076,0.076,-0.47739341090022597,-0.47739341090022597
2016,306,10.5,12.87816935308397,0.0,3.1842581206610556,0.0,28.36142596875468,0.0,0.135305425749653,0.0,0.0,0.0,4960.771238979803,0.0,False,0.0,5.075591873186377,0.9547906956522128,0.9878063564893548,0.0,0.0,0.16451209742190573,0.16451209742190573,0.076,0.076,-0.47739341090022597,-0.47739341090022597
2016,306,11.0,9.700832333236367,0.0,2.622469573939362,0.0,27.820767481069776,0.0,0.09774109095385235,0.0,0.0,0.0,7123.210503367207,0.0,False,0.0,5.075591873186377,0.9547906956522128,0.9878063564893548,0.0,0.0,0.15631316235030648,0.15631316235030648,0.076,0.076,-0.47739341090022597,-0.47739341090022597
2016,306,11.5,0.25391822447393864,5.491402366355218,0.09936338149385904,11.811993600941634,25.37010117929073,40.90121917258705,0.0021725891265462903,0.1335152693487361,0.0,-1.3529612473560135,18371.627599529846,40.862313114358926,True,False,5.075591873186377,0.9492074899538924,0.9789720468928174,0.0,0.0,0.19941179494665898,0.19941179494665898,0.076,0.076,-0.47739341090022597,-0.47739341090022597
2016,306,12.0,0.0,0.0,0.0,0.0,0.0,0.0,0.0,0.0,0.0,0.0,0.0,0.0,True,0.0,5.075591873186377,0.9492074899538924,0.9789720468928174,0.0,0.0,0.16717699190051274,0.16717699190051274,0.076,0.076,-0.47739341090022597,-0.47739341090022597
2016,306,12.5,0.0,0.0,0.0,0.0,0.0,0.0,0.0,0.0,0.0,0.0,0.0,0.0,True,0.0,5.075591873186377,0.9492074899538924,0.9789720468928174,0.0,0.0,0.1815758094185674,0.1815758094185674,0.076,0.076,-0.47739341090022597,-0.47739341090022597
2016,306,13.0,0.0,0.0,0.0,0.0,0.0,0.0,0.0,0.0,0.0,0.0,0.0,0.0,True,0.0,5.075591873186377,0.9492074899538924,0.9789720468928174,0.0,0.0,0.17939076528907114,0.17939076528907114,0.076,0.076,-0.47739341090022597,-0.47739341090022597
2016,306,13.5,0.0,0.0,0.0,0.0,0.0,0.0,0.0,0.0,0.0,0.0,0.0,0.0,True,0.0,5.075591873186377,0.9492074899538924,0.9789720468928174,0.0,0.0,0.15967444426363303,0.15967444426363303,0.076,0.076,-0.47739341090022597,-0.47739341090022597
2016,306,14.0,0.0,0.0,0.0,0.0,0.0,0.0,0.0,0.0,0.0,0.0,0.0,0.0,True,0.0,5.075591873186377,0.9492074899538924,0.9789720468928174,0.0,0.0,0.08378768243137188,0.08378768243137188,0.076,0.076,-0.47739341090022597,-0.47739341090022597
2016,306,14.5,2.7270106828801124,0.0,0.9784591649576824,0.0,25.947157065104992,0.0,0.02421427652523248,0.0,0.0,0.0,13282.51832013617,0.0,False,0.0,5.075591873186377,0.9492074899538924,0.9789720468928174,0.0,0.0,0.10537702678233307,0.10537702678233307,0.075,0.075,-0.521634281110708,-0.521634281110708
2016,306,15.0,0.0,0.0,0.0,0.0,0.0,0.0,0.0,0.0,0.0,0.0,0.0,0.0,False,0.0,5.072536233447374,0.9970651865549935,0.9789720468928174,0.0,0.0,0.0002773860477353109,0.0002773860477353109,0.075,0.075,-0.521634281110708,-0.521634281110708
2016,306,15.5,0.0,0.0,0.0,0.0,0.0,0.0,0.0,0.0,0.0,0.0,0.0,0.0,False,0.0,5.072536233447374,0.9970651865549935,0.9789720468928174,0.0,0.0,0.0,0.0,0.075,0.075,-0.521634281110708,-0.521634281110708
2016,306,16.0,0.0,0.4593258770653006,0.0,1.149765775514228,0.0,41.70171245351864,0.0,0.03478200644700831,0.0,-0.7702403085831342,0.0,34.395398751606486,False,False,5.072536233447374,0.9919766849231989,0.9789720468928174,0.0,0.0,0.0,0.0,0.075,0.075,-0.521634281110708,-0.521634281110708
2016,306,16.5,0.0034379689249164347,0.34877550384820055,0.0009854919944097117,0.6824100318324432,27.725464018562157,41.73181038052954,3.368991861656317e-05,0.023580281832942807,0.0,-0.6992100150195839,31.762747612671607,31.74468104867605,False,False,5.072536233447374,0.9937477439305747,0.9789720468928174,0.0,0.0,0.0,0.0,0.075,0.075,-0.521634281110708,-0.521634281110708
2016,306,17.0,0.0,0.0,0.0,0.0,0.0,0.0,0.0,0.0,0.0,0.0,0.0,0.0,True,True,5.072536233447374,0.9937477439305747,0.9789720468928174,0.0,0.0,0.0,0.0,0.075,0.075,-0.521634281110708,-0.521634281110708
2016.0,306.0,17.5,0.0,0.0,0.0,0.0,0.0,0.0,0.0,0.0,0.0,0.0,0.0,0.0,0.0,0.0,5.072536233447374,0.9937477439305747,0.9789720468928174,0.0,0.0,0.0,0.0,0.075,0.075,-0.521634281110708,-0.521634281110708
2016.0,306.0,18.0,0.0,0.0,0.0,0.0,0.0,0.0,0.0,0.0,0.0,0.0,0.0,0.0,0.0,0.0,5.072536233447374,0.9937477439305747,0.9789720468928174,0.0,0.0,0.0,0.0,0.075,0.075,-0.521634281110708,-0.521634281110708
2016.0,306.0,18.5,0.0,0.0,0.0,0.0,0.0,0.0,0.0,0.0,0.0,0.0,0.0,0.0,0.0,0.0,5.072536233447374,0.9937477439305747,0.9789720468928174,0.0,0.0,0.0,0.0,0.075,0.075,-0.521634281110708,-0.521634281110708
2016.0,306.0,19.0,0.0,0.0,0.0,0.0,0.0,0.0,0.0,0.0,0.0,0.0,0.0,0.0,0.0,0.0,5.072536233447374,0.9937477439305747,0.9789720468928174,0.0,0.0,0.0,0.0,0.075,0.075,-0.521634281110708,-0.521634281110708
2016.0,306.0,19.5,0.0,0.0,0.0,0.0,0.0,0.0,0.0,0.0,0.0,0.0,0.0,0.0,0.0,0.0,5.072536233447374,0.9937477439305747,0.9789720468928174,0.0,0.0,0.0,0.0,0.075,0.075,-0.521634281110708,-0.521634281110708
2016.0,306.0,20.0,0.0,0.0,0.0,0.0,0.0,0.0,0.0,0.0,0.0,0.0,0.0,0.0,0.0,0.0,5.072536233447374,0.9937477439305747,0.9789720468928174,0.0,0.0,0.0,0.0,0.075,0.075,-0.521634281110708,-0.521634281110708
2016.0,306.0,20.5,0.0,0.0,0.0,0.0,0.0,0.0,0.0,0.0,0.0,0.0,0.0,0.0,0.0,0.0,5.072536233447374,0.9937477439305747,0.9789720468928174,0.0,0.0,0.0,0.0,0.075,0.075,-0.521634281110708,-0.521634281110708
2016.0,306.0,21.0,0.0,0.0,0.0,0.0,0.0,0.0,0.0,0.0,0.0,0.0,0.0,0.0,0.0,0.0,5.072536233447374,0.9937477439305747,0.9789720468928174,0.0,0.0,0.0,0.0,0.075,0.075,-0.521634281110708,-0.521634281110708
2016.0,306.0,21.5,0.0,0.0,0.0,0.0,0.0,0.0,0.0,0.0,0.0,0.0,0.0,0.0,0.0,0.0,5.072536233447374,0.9937477439305747,0.9789720468928174,0.0,0.0,0.0,0.0,0.075,0.075,-0.521634281110708,-0.521634281110708
2016.0,306.0,22.0,0.0,0.0,0.0,0.0,0.0,0.0,0.0,0.0,0.0,0.0,0.0,0.0,0.0,0.0,5.072536233447374,0.9937477439305747,0.9789720468928174,0.0,0.0,0.0,0.0,0.075,0.075,-0.521634281110708,-0.521634281110708
2016.0,306.0,22.5,0.0,0.0,0.0,0.0,0.0,0.0,0.0,0.0,0.0,0.0,0.0,0.0,0.0,0.0,5.072536233447374,0.9937477439305747,0.9789720468928174,0.0,0.0,0.0,0.0,0.075,0.075,-0.521634281110708,-0.521634281110708
2016.0,306.0,23.0,0.0,0.0,0.0,0.0,0.0,0.0,0.0,0.0,0.0,0.0,0.0,0.0,0.0,0.0,5.072536233447374,0.9937477439305747,0.9789720468928174,0.0,0.0,0.0,0.0,0.075,0.075,-0.521634281110708,-0.521634281110708
2016.0,306.0,23.5,0.0,0.0,0.0,0.0,0.0,0.0,0.0,0.0,0.0,0.0,0.0,0.0,0.0,0.0,5.072536233447374,0.9937477439305747,0.9789720468928174,0.0,0.0,0.0,0.0,0.075,0.075,-0.521634281110708,-0.521634281110708
2016.0,307.0,0.0,0.0,0.0,0.0,0.0,0.0,0.0,0.0,0.0,0.0,0.0,0.0,0.0,0.0,0.0,5.072536233447374,0.9937477439305747,0.9789720468928174,0.0,0.0,0.0,0.0,0.075,0.075,-0.521634281110708,-0.521634281110708
2016.0,307.0,0.5,0.0,0.0,0.0,0.0,0.0,0.0,0.0,0.0,0.0,0.0,0.0,0.0,0.0,0.0,5.072536233447374,0.9937477439305747,0.9789720468928174,0.0,0.0,0.0,0.0,0.075,0.075,-0.521634281110708,-0.521634281110708
2016.0,307.0,1.0,0.0,0.0,0.0,0.0,0.0,0.0,0.0,0.0,0.0,0.0,0.0,0.0,0.0,0.0,5.072536233447374,0.9937477439305747,0.9789720468928174,0.0,0.0,0.0,0.0,0.075,0.075,-0.521634281110708,-0.521634281110708
2016.0,307.0,1.5,0.0,0.0,0.0,0.0,0.0,0.0,0.0,0.0,0.0,0.0,0.0,0.0,0.0,0.0,5.072536233447374,0.9937477439305747,0.9789720468928174,0.0,0.0,0.0,0.0,0.075,0.075,-0.521634281110708,-0.521634281110708
2016.0,307.0,2.0,0.0,0.0,0.0,0.0,0.0,0.0,0.0,0.0,0.0,0.0,0.0,0.0,0.0,0.0,5.072536233447374,0.9937477439305747,0.9789720468928174,0.0,0.0,0.0,0.0,0.075,0.075,-0.521634281110708,-0.521634281110708
2016.0,307.0,2.5,0.0,0.0,0.0,0.0,0.0,0.0,0.0,0.0,0.0,0.0,0.0,0.0,0.0,0.0,5.072536233447374,0.9937477439305747,0.9789720468928174,0.0,0.0,0.0,0.0,0.075,0.075,-0.521634281110708,-0.521634281110708
2016.0,307.0,3.0,0.0,0.0,0.0,0.0,0.0,0.0,0.0,0.0,0.0,0.0,0.0,0.0,0.0,0.0,5.072536233447374,0.9937477439305747,0.9789720468928174,0.0,0.0,0.0,0.0,0.075,0.075,-0.521634281110708,-0.521634281110708
2016.0,307.0,3.5,0.0,0.0,0.0,0.0,0.0,0.0,0.0,0.0,0.0,0.0,0.0,0.0,0.0,0.0,5.072536233447374,0.9937477439305747,0.9789720468928174,0.0,0.0,0.0,0.0,0.075,0.075,-0.521634281110708,-0.521634281110708
2016.0,307.0,4.0,0.0,0.0,0.0,0.0,0.0,0.0,0.0,0.0,0.0,0.0,0.0,0.0,0.0,0.0,5.072536233447374,0.9937477439305747,0.9789720468928174,0.0,0.0,0.0,0.0,0.075,0.075,-0.521634281110708,-0.521634281110708
2016.0,307.0,4.5,0.0,0.0,0.0,0.0,0.0,0.0,0.0,0.0,0.0,0.0,0.0,0.0,0.0,0.0,5.072536233447374,0.9937477439305747,0.9789720468928174,0.0,0.0,0.0,0.0,0.075,0.075,-0.521634281110708,-0.521634281110708
2016.0,307.0,5.0,0.0,0.0,0.0,0.0,0.0,0.0,0.0,0.0,0.0,0.0,0.0,0.0,0.0,0.0,5.072536233447374,0.9937477439305747,0.9789720468928174,0.0,0.0,0.0,0.0,0.075,0.075,-0.521634281110708,-0.521634281110708
2016,307,5.5,0.0,0.0,0.0,0.0,0.0,0.0,0.0,0.0,0.0,0.0,0.0,0.0,True,True,5.072536233447374,0.9937477439305747,0.9789720468928174,0.0,0.0,0.0,0.0,0.075,0.075,-0.521634281110708,-0.521634281110708
2016,307,6.0,0.0,0.0,0.0,0.0,0.0,0.0,0.0,0.0,0.0,0.0,0.0,0.0,True,True,5.072536233447374,0.9937477439305747,0.9789720468928174,0.0,0.0,0.0,0.0,0.075,0.075,-0.521634281110708,-0.521634281110708
2016,307,6.5,9.050525836367418,15.702751101843672,1.1606750738425167,2.8580729484849767,38.46574822121315,39.847665055268564,0.13572199226663983,0.16175900122516101,0.0,-0.8945433223193475,561.8264316589064,18.450484846223176,False,False,5.072536233447374,0.975143443204219,0.9959190247424068,0.0,0.0,0.043690856147421006,0.043690856147421006,0.075,0.075,-0.521634281110708,-0.521634281110708
2016,307,7.0,12.51862794823802,19.692223096818395,1.5692459934909635,3.725193240095326,32.98792845796454,39.68464363273604,0.1895899893288526,0.2148040311753816,0.0,-0.912300895710235,1078.8454301894474,22.089227533957413,False,False,5.072536233447374,0.975143443204219,0.9952575017940267,0.0,0.0,0.06913955409202985,0.06913955409202985,0.075,0.075,-0.521634281110708,-0.521634281110708
2016,307,7.5,15.343462927641792,23.676585166869064,2.2826360069428415,5.235051319716042,31.793125952753286,39.05637936570754,0.2097591508311916,0.22653706453502234,0.0,-1.001088762664673,1092.8318410686054,21.855492941611836,False,False,5.072536233447374,0.969100929277876,0.9937477439305747,0.0,0.0,0.0878057528745044,0.0878057528745044,0.075,0.075,-0.521634281110708,-0.521634281110708
2016,307,8.0,11.032012961553452,20.227746391616357,1.8951159776036215,6.152233868888231,31.000354984636065,39.66578028763304,0.13959059332749968,0.21377607466941795,0.0,-1.036603909446448,1469.537429930092,23.820502558570368,False,False,5.072536233447374,0.969100929277876,0.9919766849231989,0.0,0.0,0.07349000898348046,0.07349000898348046,0.075,0.075,-0.521634281110708,-0.521634281110708
2016,307,8.5,16.87681901518556,26.509698549207034,3.301057614304894,8.149354527065583,29.88414727015222,38.56138390577672,0.1989960559045104,0.2325887025950425,0.0,-1.1786644965735489,2090.6546048022906,25.182820179876877,False,False,5.072536233447374,0.9546184991054416,0.9899303494471002,0.0,0.0,0.12183190383436826,0.12183190383436826,0.075,0.075,-0.521634281110708,-0.521634281110708
2016,307,9.0,17.04223102482821,27.311225747885608,3.75484157831424,8.868227566784531,36.48588688059,38.06528802523668,0.1892224759596335,0.20934138303377062,0.0,-1.214179643355324,2572.3915529444594,25.802729990268894,False,False,5.072536233447374,0.9518853141325333,0.9887998392674504,0.0,0.0,0.1361089299200735,0.1361089299200735,0.075,0.075,-0.521634281110708,-0.521634281110708
2016,307,9.5,15.172935003722792,0.0,4.049164924593322,0.0,27.735800577432713,0.0,0.1536580842882442,0.0,0.0,0.0,3766.876212626581,0.0,False,0.0,5.072536233447374,0.9518853141325333,0.9887998392674504,0.0,0.0,0.14841249264667025,0.14841249264667025,0.0745,0.0745,-0.5455114336333129,-0.5455114336333129
2016,307,10.0,9.49719388516963,0.0,3.008198801114333,0.0,26.661287059020093,0.0,0.08910118361433783,0.0,0.0,0.0,7093.676567882166,0.0,False,0.0,5.072536233447374,0.9518853141325333,0.9887998392674504,0.0,0.0,0.12860849054057724,0.12860849054057724,0.074,0.074,-0.5706534997675224,-0.5706534997675224
2016,307,10.5,7.417172169843861,0.0,2.562352902876529,0.0,26.083127769354505,0.0,0.0669775704811893,0.0,0.0,0.0,10078.529979871322,0.0,False,0.0,5.072536233447374,0.9518853141325333,0.9887998392674504,0.0,0.0,0.15669530010452845,0.15669530010452845,0.074,0.074,-0.5706534997675224,-0.5706534997675224
2016,307,11.0,3.135843636060451,0.0,1.1856698284227318,0.0,25.540264070766852,0.0,0.027267144284250058,0.0,0.0,0.0,14190.364552943869,0.0,True,0.0,5.072536233447374,0.9518853141325333,0.9887998392674504,0.0,0.0,0.11929422814544556,0.11929422814544556,0.074,0.074,-0.5706534997675224,-0.5706534997675224
2016,307,11.5,0.0,0.0,0.0,0.0,0.0,0.0,0.0,0.0,0.0,0.0,0.0,0.0,True,0.0,5.072536233447374,0.9518853141325333,0.9887998392674504,0.0,0.0,0.15204490603133858,0.15204490603133858,0.074,0.074,-0.5706534997675224,-0.5706534997675224
2016,307,12.0,0.0,0.0,0.0,0.0,0.0,0.0,0.0,0.0,0.0,0.0,0.0,0.0,True,0.0,5.072536233447374,0.9518853141325333,0.9887998392674504,0.0,0.0,0.12888759459224158,0.12888759459224158,0.074,0.074,-0.5706534997675224,-0.5706534997675224
2016,307,12.5,0.0,0.0,0.0,0.0,0.0,0.0,0.0,0.0,0.0,0.0,0.0,0.0,True,0.0,5.072536233447374,0.9518853141325333,0.9887998392674504,0.0,0.0,0.15331138929478233,0.15331138929478233,0.074,0.074,-0.5706534997675224,-0.5706534997675224
2016,307,13.0,0.0,0.0,0.0,0.0,0.0,0.0,0.0,0.0,0.0,0.0,0.0,0.0,True,0.0,5.072536233447374,0.9518853141325333,0.9887998392674504,0.0,0.0,0.14574695249137334,0.14574695249137334,0.074,0.074,-0.5706534997675224,-0.5706534997675224
2016,307,13.5,0.0,0.0,0.0,0.0,0.0,0.0,0.0,0.0,0.0,0.0,0.0,0.0,True,0.0,5.072536233447374,0.9518853141325333,0.9887998392674504,0.0,0.0,0.1390233078230305,0.1390233078230305,0.074,0.074,-0.5706534997675224,-0.5706534997675224
2016,307,14.0,0.0,0.0,0.0,0.0,0.0,0.0,0.0,0.0,0.0,0.0,0.0,0.0,True,0.0,5.072536233447374,0.9518853141325333,0.9887998392674504,0.0,0.0,0.06907735557310085,0.06907735557310085,0.074,0.074,-0.5706534997675224,-0.5706534997675224
2016,307,14.5,1.7130489777545526,6.28328218922624,0.6798480153330757,12.304005575824538,25.220973103145436,40.434174984983535,0.014592571391520526,0.13648634876484975,0.0,-1.52291161411297,14339.414983048762,39.787657316142074,True,False,5.06863803586291,0.9330380621186474,0.9707024990291174,0.0,0.0,0.09998926568140215,0.09998926568140215,0.074,0.074,-0.5706534997675224,-0.5706534997675224
2016,307,15.0,0.0,0.0,0.0,0.0,0.0,0.0,0.0,0.0,0.0,0.0,0.0,0.0,False,0.0,5.06863803586291,0.996298951101385,0.9707024990291174,0.0,0.0,0.0,0.0,0.074,0.074,-0.5706534997675224,-0.5706534997675224
2016,307,15.5,0.0,0.0,0.0,0.0,0.0,0.0,0.0,0.0,0.0,0.0,0.0,0.0,False,0.0,5.06863803586291,0.996298951101385,0.9707024990291174,0.0,0.0,0.0,0.0,0.074,0.074,-0.5706534997675224,-0.5706534997675224
2016,307,16.0,0.0,0.3442403680775805,0.0,0.9818010132416034,0.0,41.74422672955073,0.0,0.0257538661996976,0.0,-0.7822664140665108,0.0,36.323883503676086,False,False,5.06863803586291,0.9916499479005232,0.9707024990291174,0.0,0.0,0.0,0.0,0.074,0.074,-0.5706534997675224,-0.5706534997675224
2016,307,16.5,0.0,0.0,0.0,0.0,0.0,0.0,0.0,0.0,0.0,0.0,0.0,0.0,False,0.0,5.06863803586291,0.9916499479005232,0.9707024990291174,0.0,0.0,0.0,0.0,0.074,0.074,-0.5706534997675224,-0.5706534997675224
2016,307,17.0,0.0,0.0,0.0,0.0,0.0,0.0,0.0,0.0,0.0,0.0,0.0,0.0,True,True,5.06863803586291,0.9916499479005232,0.9707024990291174,0.0,0.0,0.0,0.0,0.074,0.074,-0.5706534997675224,-0.5706534997675224
2016.0,307.0,17.5,0.0,0.0,0.0,0.0,0.0,0.0,0.0,0.0,0.0,0.0,0.0,0.0,0.0,0.0,5.06863803586291,0.9916499479005232,0.9707024990291174,0.0,0.0,0.0,0.0,0.074,0.074,-0.5706534997675224,-0.5706534997675224
2016.0,307.0,18.0,0.0,0.0,0.0,0.0,0.0,0.0,0.0,0.0,0.0,0.0,0.0,0.0,0.0,0.0,5.06863803586291,0.9916499479005232,0.9707024990291174,0.0,0.0,0.0,0.0,0.073,0.073,-0.6250425172123373,-0.6250425172123373
2016.0,307.0,18.5,0.0,0.0,0.0,0.0,0.0,0.0,0.0,0.0,0.0,0.0,0.0,0.0,0.0,0.0,5.06863803586291,0.9916499479005232,0.9707024990291174,0.0,0.0,0.0,0.0,0.073,0.073,-0.6250425172123373,-0.6250425172123373
2016.0,307.0,19.0,0.0,0.0,0.0,0.0,0.0,0.0,0.0,0.0,0.0,0.0,0.0,0.0,0.0,0.0,5.06863803586291,0.9916499479005232,0.9707024990291174,0.0,0.0,0.0,0.0,0.073,0.073,-0.6250425172123373,-0.6250425172123373
2016.0,307.0,19.5,0.0,0.0,0.0,0.0,0.0,0.0,0.0,0.0,0.0,0.0,0.0,0.0,0.0,0.0,5.06863803586291,0.9916499479005232,0.9707024990291174,0.0,0.0,0.0,0.0,0.073,0.073,-0.6250425172123373,-0.6250425172123373
2016.0,307.0,20.0,0.0,0.0,0.0,0.0,0.0,0.0,0.0,0.0,0.0,0.0,0.0,0.0,0.0,0.0,5.06863803586291,0.9916499479005232,0.9707024990291174,0.0,0.0,0.0,0.0,0.073,0.073,-0.6250425172123373,-0.6250425172123373
2016.0,307.0,20.5,0.0,0.0,0.0,0.0,0.0,0.0,0.0,0.0,0.0,0.0,0.0,0.0,0.0,0.0,5.06863803586291,0.9916499479005232,0.9707024990291174,0.0,0.0,0.0,0.0,0.073,0.073,-0.6250425172123373,-0.6250425172123373
2016.0,307.0,21.0,0.0,0.0,0.0,0.0,0.0,0.0,0.0,0.0,0.0,0.0,0.0,0.0,0.0,0.0,5.06863803586291,0.9916499479005232,0.9707024990291174,0.0,0.0,0.0,0.0,0.073,0.073,-0.6250425172123373,-0.6250425172123373
2016.0,307.0,21.5,0.0,0.0,0.0,0.0,0.0,0.0,0.0,0.0,0.0,0.0,0.0,0.0,0.0,0.0,5.06863803586291,0.9916499479005232,0.9707024990291174,0.0,0.0,0.0,0.0,0.073,0.073,-0.6250425172123373,-0.6250425172123373
2016.0,307.0,22.0,0.0,0.0,0.0,0.0,0.0,0.0,0.0,0.0,0.0,0.0,0.0,0.0,0.0,0.0,5.06863803586291,0.9916499479005232,0.9707024990291174,0.0,0.0,0.0,0.0,0.073,0.073,-0.6250425172123373,-0.6250425172123373
2016.0,307.0,22.5,0.0,0.0,0.0,0.0,0.0,0.0,0.0,0.0,0.0,0.0,0.0,0.0,0.0,0.0,5.06863803586291,0.9916499479005232,0.9707024990291174,0.0,0.0,0.0,0.0,0.073,0.073,-0.6250425172123373,-0.6250425172123373
2016.0,307.0,23.0,0.0,0.0,0.0,0.0,0.0,0.0,0.0,0.0,0.0,0.0,0.0,0.0,0.0,0.0,5.06863803586291,0.9916499479005232,0.9707024990291174,0.0,0.0,0.0,0.0,0.073,0.073,-0.6250425172123373,-0.6250425172123373
2016.0,307.0,23.5,0.0,0.0,0.0,0.0,0.0,0.0,0.0,0.0,0.0,0.0,0.0,0.0,0.0,0.0,5.06863803586291,0.9916499479005232,0.9707024990291174,0.0,0.0,0.0,0.0,0.073,0.073,-0.6250425172123373,-0.6250425172123373
2016.0,308.0,0.0,0.0,0.0,0.0,0.0,0.0,0.0,0.0,0.0,0.0,0.0,0.0,0.0,0.0,0.0,5.06863803586291,0.9916499479005232,0.9707024990291174,0.0,0.0,0.0,0.0,0.073,0.073,-0.6250425172123373,-0.6250425172123373
2016.0,308.0,0.5,0.0,0.0,0.0,0.0,0.0,0.0,0.0,0.0,0.0,0.0,0.0,0.0,0.0,0.0,5.06863803586291,0.9916499479005232,0.9707024990291174,0.0,0.0,0.0,0.0,0.073,0.073,-0.6250425172123373,-0.6250425172123373
2016.0,308.0,1.0,0.0,0.0,0.0,0.0,0.0,0.0,0.0,0.0,0.0,0.0,0.0,0.0,0.0,0.0,5.06863803586291,0.9916499479005232,0.9707024990291174,0.0,0.0,0.0,0.0,0.073,0.073,-0.6250425172123373,-0.6250425172123373
2016.0,308.0,1.5,0.0,0.0,0.0,0.0,0.0,0.0,0.0,0.0,0.0,0.0,0.0,0.0,0.0,0.0,5.06863803586291,0.9916499479005232,0.9707024990291174,0.0,0.0,0.0,0.0,0.073,0.073,-0.6250425172123373,-0.6250425172123373
2016.0,308.0,2.0,0.0,0.0,0.0,0.0,0.0,0.0,0.0,0.0,0.0,0.0,0.0,0.0,0.0,0.0,5.06863803586291,0.9916499479005232,0.9707024990291174,0.0,0.0,0.0,0.0,0.073,0.073,-0.6250425172123373,-0.6250425172123373
2016.0,308.0,2.5,0.0,0.0,0.0,0.0,0.0,0.0,0.0,0.0,0.0,0.0,0.0,0.0,0.0,0.0,5.06863803586291,0.9916499479005232,0.9707024990291174,0.0,0.0,0.0,0.0,0.073,0.073,-0.6250425172123373,-0.6250425172123373
2016.0,308.0,3.0,0.0,0.0,0.0,0.0,0.0,0.0,0.0,0.0,0.0,0.0,0.0,0.0,0.0,0.0,5.06863803586291,0.9916499479005232,0.9707024990291174,0.0,0.0,0.0,0.0,0.073,0.073,-0.6250425172123373,-0.6250425172123373
2016.0,308.0,3.5,0.0,0.0,0.0,0.0,0.0,0.0,0.0,0.0,0.0,0.0,0.0,0.0,0.0,0.0,5.06863803586291,0.9916499479005232,0.9707024990291174,0.0,0.0,0.0,0.0,0.073,0.073,-0.6250425172123373,-0.6250425172123373
2016.0,308.0,4.0,0.0,0.0,0.0,0.0,0.0,0.0,0.0,0.0,0.0,0.0,0.0,0.0,0.0,0.0,5.06863803586291,0.9916499479005232,0.9707024990291174,0.0,0.0,0.0,0.0,0.073,0.073,-0.6250425172123373,-0.6250425172123373
2016.0,308.0,4.5,0.0,0.0,0.0,0.0,0.0,0.0,0.0,0.0,0.0,0.0,0.0,0.0,0.0,0.0,5.06863803586291,0.9916499479005232,0.9707024990291174,0.0,0.0,0.0,0.0,0.073,0.073,-0.6250425172123373,-0.6250425172123373
2016.0,308.0,5.0,0.0,0.0,0.0,0.0,0.0,0.0,0.0,0.0,0.0,0.0,0.0,0.0,0.0,0.0,5.06863803586291,0.9916499479005232,0.9707024990291174,0.0,0.0,0.0,0.0,0.073,0.073,-0.6250425172123373,-0.6250425172123373
2016,308,5.5,0.0,0.0,0.0,0.0,0.0,0.0,0.0,0.0,0.0,0.0,0.0,0.0,True,True,5.063649459685206,0.9916499479005232,0.9707024990291174,0.0,0.0,0.0,0.0,0.073,0.073,-0.6250425172123373,-0.6250425172123373
2016,308,6.0,0.0,0.0,0.0,0.0,0.0,0.0,0.0,0.0,0.0,0.0,0.0,0.0,True,True,5.063649459685206,0.9916499479005232,0.9707024990291174,0.0,0.0,0.0,0.0,0.073,0.073,-0.6250425172123373,-0.6250425172123373
2016,308,6.5,9.333557788019457,15.930658711439108,1.2145167664214724,2.819471158163898,38.41193353223878,39.581349520127546,0.13874855894162152,0.15530185012986475,0.0,-0.9924953449583279,597.3822613263986,18.73846058132516,False,False,5.063649459685206,0.9698807558567439,0.99384360472187,0.0,0.0,0.039699477676380455,0.039699477676380455,0.073,0.073,-0.6250425172123373,-0.6250425172123373
2016,308,7.0,12.58152813804607,19.66222098676958,1.5698460965598493,3.6687956251492477,33.01171315864416,39.65426533862066,0.19108419521708989,0.21451070474348813,0.0,-1.009993098660518,1160.0064034553418,22.53780586380502,False,False,5.063649459685206,0.9698807558567439,0.9930122405056216,0.0,0.0,0.06177494905117202,0.06177494905117202,0.073,0.073,-0.6250425172123373,-0.6250425172123373
2016,308,7.5,15.483008171408844,23.69545257541231,2.2272087831478524,5.315783089946806,32.00423680646881,39.30159429341774,0.21573132472228268,0.24621289307035787,0.0,-1.1149796208736582,1174.891421121247,22.45175594258754,False,False,5.063649459685206,0.9608638594811498,0.9911530347226176,0.0,0.0,0.07898515854756158,0.07898515854756158,0.073,0.073,-0.6250425172123373,-0.6250425172123373
2016,308,8.0,12.03397766627468,21.13459993976452,1.8691352516012074,5.597050759352147,31.637199166508214,39.76794611878468,0.1609331636862766,0.23152540731636992,0.0,-1.0974818671714681,1477.1501772125405,24.208918614754587,False,False,5.063649459685206,0.9655458334631567,0.9901219465505285,0.0,0.0,0.06985283121774404,0.06985283121774404,0.073,0.073,-0.6250425172123373,-0.6250425172123373
2016,308,8.5,16.08787183954564,25.87115410027745,2.9516145521651156,7.6228739740889395,30.354917692846023,38.904685178497616,0.19616235205210328,0.23694214709338454,0.0,-1.2374638967889884,1979.9691813094887,25.25034777537227,False,False,5.063649459685206,0.9531780329480125,0.986604383141502,0.0,0.0,0.10041866583418427,0.10041866583418427,0.073,0.073,-0.6250425172123373,-0.6250425172123373
2016,308,9.0,17.186956960683197,27.415321634246858,3.5974503702677554,8.704654215729372,29.400244674695386,38.31173060861887,0.19575602742455026,0.22442623392282332,0.0,-1.3074549115977485,2416.557026214508,25.80599169534299,False,False,5.063649459685206,0.9446832193046278,0.9852856333587916,0.0,0.0,0.11763293012365311,0.11763293012365311,0.073,0.073,-0.6250425172123373,-0.6250425172123373
2016,308,9.5,16.424218874011324,26.65458482039148,3.5416680466362136,8.919207670430085,29.218555044510467,38.3288993856462,0.18414210121299032,0.2186589903198667,0.0,-1.3074549115977483,2991.143305334801,27.712956607498853,False,False,5.063649459685206,0.9476054998169829,0.9838914991654641,0.0,0.0,0.12017447724720738,0.12017447724720738,0.073,0.073,-0.6250425172123373,-0.6250425172123373
2016,308,10.0,12.575747929384114,0.0,3.1454366383885084,0.0,28.291599827340036,0.0,0.13126097981017018,0.0,0.0,0.0,4671.909929681937,0.0,False,0.0,5.063649459685206,0.9476054998169829,0.9838914991654641,0.0,0.0,0.10224070193287166,0.10224070193287166,0.073,0.073,-0.6250425172123373,-0.6250425172123373
2016,308,10.5,10.478971078810076,0.0,2.9986672421099856,0.0,27.376686003296474,0.0,0.10286318563809184,0.0,0.0,0.0,7807.063521619318,0.0,False,0.0,5.063649459685206,0.9476054998169829,0.9838914991654641,0.0,0.0,0.1260286089701243,0.1260286089701243,0.073,0.073,-0.6250425172123373,-0.6250425172123373
2016,308,11.0,5.683887337278897,0.0,1.8651156360876178,0.0,26.520889656071216,0.0,0.05244778269816738,0.0,0.0,0.0,11020.626419238448,0.0,False,0.0,5.063649459685206,0.9476054998169829,0.9838914991654641,0.0,0.0,0.10239163165018332,0.10239163165018332,0.073,0.073,-0.6250425172123373,-0.6250425172123373
2016,308,11.5,0.0,3.8526612770386173,0.0,9.55746916160879,0.0,41.30179219835695,0.0,0.10829873191767975,0.0,-1.3249526652999384,0.0,41.51071986399379,True,False,5.063649459685206,0.9416697549866819,0.9852856333587916,0.0,0.0,0.13201814194707376,0.13201814194707376,0.073,0.073,-0.6250425172123373,-0.6250425172123373
2016,308,12.0,0.0,0.0,0.0,0.0,0.0,0.0,0.0,0.0,0.0,0.0,0.0,0.0,True,0.0,5.063649459685206,0.9416697549866819,0.9852856333587916,0.0,0.0,0.11292959157263367,0.11292959157263367,0.073,0.073,-0.6250425172123373,-0.6250425172123373
2016,308,12.5,0.0,0.0,0.0,0.0,0.0,0.0,0.0,0.0,0.0,0.0,0.0,0.0,True,0.0,5.063649459685206,0.9416697549866819,0.9852856333587916,0.0,0.0,0.13229311215016523,0.13229311215016523,0.073,0.073,-0.6250425172123373,-0.6250425172123373
2016,308,13.0,0.0,0.0,0.0,0.0,0.0,0.0,0.0,0.0,0.0,0.0,0.0,0.0,True,0.0,5.063649459685206,0.9416697549866819,0.9852856333587916,0.0,0.0,0.12703499482462008,0.12703499482462008,0.072,0.072,-0.6854755862964091,-0.6854755862964091
2016,308,13.5,0.0,0.0,0.0,0.0,0.0,0.0,0.0,0.0,0.0,0.0,0.0,0.0,True,0.0,5.063649459685206,0.9416697549866819,0.9852856333587916,0.0,0.0,0.12105078578822168,0.12105078578822168,0.072,0.072,-0.6854755862964091,-0.6854755862964091
2016,308,14.0,0.0,0.0,0.0,0.0,0.0,0.0,0.0,0.0,0.0,0.0,0.0,0.0,True,0.0,5.063649459685206,0.9416697549866819,0.9852856333587916,0.0,0.0,0.06611742405059194,0.06611742405059194,0.072,0.072,-0.6854755862964091,-0.6854755862964091
2016,308,14.5,0.8447051661283416,5.133231364545978,0.3365329993710662,10.188428846451355,25.218359357200956,40.611680569672814,0.007182354482733442,0.11225903924839802,0.0,-1.4833875300195944,15547.79801463421,40.38225887834001,True,False,5.057245406168423,0.930572153700839,0.9764626692487085,0.0,0.0,0.09193105106921744,0.09193105106921744,0.072,0.072,-0.6854755862964091,-0.6854755862964091
2016,308,15.0,0.0,0.0,0.0,0.0,0.0,0.0,0.0,0.0,0.0,0.0,0.0,0.0,False,0.0,5.057245406168423,0.9940595990437723,0.9764626692487085,0.0,0.0,0.0,0.0,0.072,0.072,-0.6854755862964091,-0.6854755862964091
2016,308,15.5,0.0,0.0,0.0,0.0,0.0,0.0,0.0,0.0,0.0,0.0,0.0,0.0,False,0.0,5.057245406168423,0.9940595990437723,0.9764626692487085,0.0,0.0,0.0,0.0,0.072,0.072,-0.6854755862964091,-0.6854755862964091
2016,308,16.0,0.0,0.0,0.0,0.0,0.0,0.0,0.0,0.0,0.0,0.0,0.0,0.0,False,0.0,5.057245406168423,0.9940595990437723,0.9764626692487085,0.0,0.0,0.0,0.0,0.072,0.072,-0.6854755862964091,-0.6854755862964091
2016,308,16.5,0.0,0.0,0.0,0.0,0.0,0.0,0.0,0.0,0.0,0.0,0.0,0.0,False,0.0,5.057245406168423,0.9940595990437723,0.9764626692487085,0.0,0.0,0.0,0.0,0.072,0.072,-0.6854755862964091,-0.6854755862964091
2016,308,17.0,0.0,0.0,0.0,0.0,0.0,0.0,0.0,0.0,0.0,0.0,0.0,0.0,True,True,5.057245406168423,0.9940595990437723,0.9764626692487085,0.0,0.0,0.0,0.0,0.072,0.072,-0.6854755862964091,-0.6854755862964091
2016.0,308.0,17.5,0.0,0.0,0.0,0.0,0.0,0.0,0.0,0.0,0.0,0.0,0.0,0.0,0.0,0.0,5.057245406168423,0.9940595990437723,0.9764626692487085,0.0,0.0,0.0,0.0,0.072,0.072,-0.6854755862964091,-0.6854755862964091
2016.0,308.0,18.0,0.0,0.0,0.0,0.0,0.0,0.0,0.0,0.0,0.0,0.0,0.0,0.0,0.0,0.0,5.057245406168423,0.9940595990437723,0.9764626692487085,0.0,0.0,0.0,0.0,0.072,0.072,-0.6854755862964091,-0.6854755862964091
2016.0,308.0,18.5,0.0,0.0,0.0,0.0,0.0,0.0,0.0,0.0,0.0,0.0,0.0,0.0,0.0,0.0,5.057245406168423,0.9940595990437723,0.9764626692487085,0.0,0.0,0.0,0.0,0.072,0.072,-0.6854755862964091,-0.6854755862964091
2016.0,308.0,19.0,0.0,0.0,0.0,0.0,0.0,0.0,0.0,0.0,0.0,0.0,0.0,0.0,0.0,0.0,5.057245406168423,0.9940595990437723,0.9764626692487085,0.0,0.0,0.0,0.0,0.072,0.072,-0.6854755862964091,-0.6854755862964091
2016.0,308.0,19.5,0.0,0.0,0.0,0.0,0.0,0.0,0.0,0.0,0.0,0.0,0.0,0.0,0.0,0.0,5.057245406168423,0.9940595990437723,0.9764626692487085,0.0,0.0,0.0,0.0,0.072,0.072,-0.6854755862964091,-0.6854755862964091
2016.0,308.0,20.0,0.0,0.0,0.0,0.0,0.0,0.0,0.0,0.0,0.0,0.0,0.0,0.0,0.0,0.0,5.057245406168423,0.9940595990437723,0.9764626692487085,0.0,0.0,0.0,0.0,0.072,0.072,-0.6854755862964091,-0.6854755862964091
2016.0,308.0,20.5,0.0,0.0,0.0,0.0,0.0,0.0,0.0,0.0,0.0,0.0,0.0,0.0,0.0,0.0,5.057245406168423,0.9940595990437723,0.9764626692487085,0.0,0.0,0.0,0.0,0.072,0.072,-0.6854755862964091,-0.6854755862964091
2016.0,308.0,21.0,0.0,0.0,0.0,0.0,0.0,0.0,0.0,0.0,0.0,0.0,0.0,0.0,0.0,0.0,5.057245406168423,0.9940595990437723,0.9764626692487085,0.0,0.0,0.0,0.0,0.072,0.072,-0.6854755862964091,-0.6854755862964091
2016.0,308.0,21.5,0.0,0.0,0.0,0.0,0.0,0.0,0.0,0.0,0.0,0.0,0.0,0.0,0.0,0.0,5.057245406168423,0.9940595990437723,0.9764626692487085,0.0,0.0,0.0,0.0,0.072,0.072,-0.6854755862964091,-0.6854755862964091
2016.0,308.0,22.0,0.0,0.0,0.0,0.0,0.0,0.0,0.0,0.0,0.0,0.0,0.0,0.0,0.0,0.0,5.057245406168423,0.9940595990437723,0.9764626692487085,0.0,0.0,0.0,0.0,0.072,0.072,-0.6854755862964091,-0.6854755862964091
2016.0,308.0,22.5,0.0,0.0,0.0,0.0,0.0,0.0,0.0,0.0,0.0,0.0,0.0,0.0,0.0,0.0,5.057245406168423,0.9940595990437723,0.9764626692487085,0.0,0.0,0.0,0.0,0.072,0.072,-0.6854755862964091,-0.6854755862964091
2016.0,308.0,23.0,0.0,0.0,0.0,0.0,0.0,0.0,0.0,0.0,0.0,0.0,0.0,0.0,0.0,0.0,5.057245406168423,0.9940595990437723,0.9764626692487085,0.0,0.0,0.0,0.0,0.072,0.072,-0.6854755862964091,-0.6854755862964091
2016.0,308.0,23.5,0.0,0.0,0.0,0.0,0.0,0.0,0.0,0.0,0.0,0.0,0.0,0.0,0.0,0.0,5.057245406168423,0.9940595990437723,0.9764626692487085,0.0,0.0,0.0,0.0,0.072,0.072,-0.6854755862964091,-0.6854755862964091
2016.0,309.0,0.0,0.0,0.0,0.0,0.0,0.0,0.0,0.0,0.0,0.0,0.0,0.0,0.0,0.0,0.0,5.057245406168423,0.9940595990437723,0.9764626692487085,0.0,0.0,0.0,0.0,0.072,0.072,-0.6854755862964091,-0.6854755862964091
2016.0,309.0,0.5,0.0,0.0,0.0,0.0,0.0,0.0,0.0,0.0,0.0,0.0,0.0,0.0,0.0,0.0,5.057245406168423,0.9940595990437723,0.9764626692487085,0.0,0.0,0.0,0.0,0.072,0.072,-0.6854755862964091,-0.6854755862964091
2016.0,309.0,1.0,0.0,0.0,0.0,0.0,0.0,0.0,0.0,0.0,0.0,0.0,0.0,0.0,0.0,0.0,5.057245406168423,0.9940595990437723,0.9764626692487085,0.0,0.0,0.0,0.0,0.072,0.072,-0.6854755862964091,-0.6854755862964091
2016.0,309.0,1.5,0.0,0.0,0.0,0.0,0.0,0.0,0.0,0.0,0.0,0.0,0.0,0.0,0.0,0.0,5.057245406168423,0.9940595990437723,0.9764626692487085,0.0,0.0,0.0,0.0,0.072,0.072,-0.6854755862964091,-0.6854755862964091
2016.0,309.0,2.0,0.0,0.0,0.0,0.0,0.0,0.0,0.0,0.0,0.0,0.0,0.0,0.0,0.0,0.0,5.057245406168423,0.9940595990437723,0.9764626692487085,0.0,0.0,0.0,0.0,0.072,0.072,-0.6854755862964091,-0.6854755862964091
2016.0,309.0,2.5,0.0,0.0,0.0,0.0,0.0,0.0,0.0,0.0,0.0,0.0,0.0,0.0,0.0,0.0,5.057245406168423,0.9940595990437723,0.9764626692487085,0.0,0.0,0.0,0.0,0.072,0.072,-0.6854755862964091,-0.6854755862964091
2016.0,309.0,3.0,0.0,0.0,0.0,0.0,0.0,0.0,0.0,0.0,0.0,0.0,0.0,0.0,0.0,0.0,5.057245406168423,0.9940595990437723,0.9764626692487085,0.0,0.0,0.0,0.0,0.072,0.072,-0.6854755862964091,-0.6854755862964091
2016.0,309.0,3.5,0.0,0.0,0.0,0.0,0.0,0.0,0.0,0.0,0.0,0.0,0.0,0.0,0.0,0.0,5.057245406168423,0.9940595990437723,0.9764626692487085,0.0,0.0,0.0,0.0,0.072,0.072,-0.6854755862964091,-0.6854755862964091
2016.0,309.0,4.0,0.0,0.0,0.0,0.0,0.0,0.0,0.0,0.0,0.0,0.0,0.0,0.0,0.0,0.0,5.057245406168423,0.9940595990437723,0.9764626692487085,0.0,0.0,0.0,0.0,0.072,0.072,-0.6854755862964091,-0.6854755862964091
2016.0,309.0,4.5,0.0,0.0,0.0,0.0,0.0,0.0,0.0,0.0,0.0,0.0,0.0,0.0,0.0,0.0,5.057245406168423,0.9940595990437723,0.9764626692487085,0.0,0.0,0.0,0.0,0.072,0.072,-0.6854755862964091,-0.6854755862964091
2016.0,309.0,5.0,0.0,0.0,0.0,0.0,0.0,0.0,0.0,0.0,0.0,0.0,0.0,0.0,0.0,0.0,5.057245406168423,0.9940595990437723,0.9764626692487085,0.0,0.0,0.0,0.0,0.072,0.072,-0.6854755862964091,-0.6854755862964091
2016,309,5.5,0.0,0.0,0.0,0.0,0.0,0.0,0.0,0.0,0.0,0.0,0.0,0.0,True,True,5.057245406168423,0.9940595990437723,0.9764626692487085,0.0,0.0,0.0,0.0,0.072,0.072,-0.6854755862964091,-0.6854755862964091
2016,309,6.0,0.0,0.0,0.0,0.0,0.0,0.0,0.0,0.0,0.0,0.0,0.0,0.0,True,True,5.057245406168423,0.9940595990437723,0.9764626692487085,0.0,0.0,0.0008403449892708334,0.0008403449892708334,0.072,0.072,-0.6854755862964091,-0.6854755862964091
2016,309,6.5,10.037007471283282,0.0,0.7005187411685299,0.0,36.3334492468425,0.0,0.22470943653301917,0.0,0.0,0.0,273.3210336716694,0.0,False,0.0,5.057245406168423,0.9940595990437723,0.9764626692487085,0.0,0.0,0.03401160242674071,0.03401160242674071,0.072,0.072,-0.6854755862964091,-0.6854755862964091
2016,309,7.0,13.3882565151178,21.201838983807537,1.0183906378941392,2.3461573366396253,35.81041173835855,40.488458723508685,0.27879499312509326,0.3117510816117856,0.0,-0.9283183517773786,301.2753276308157,16.39593392407309,False,False,5.057245406168423,0.9798676361303793,0.9923830787115823,0.0,0.0,0.047374459436890747,0.047374459436890747,0.072,0.072,-0.6854755862964091,-0.6854755862964091
2016,309,7.5,-3.536640077164055,25.1313944976518,1.5356450999807332,2.927247211389542,39.27435874248022,39.88336578864675,0.3021994439365278,0.28410615903657166,0.0,-0.9630101754175171,78.29456160356257,17.19705223729484,False,False,5.057245406168423,0.9764626692487085,0.9923830787115823,0.0,0.0,0.062197400231707015,0.062197400231707015,0.072,0.072,-0.6854755862964091,-0.6854755862964091
2016,309,8.0,14.766323450734218,24.54411126447836,1.677982466213665,4.085658570134348,38.73738001454329,39.87320350098118,0.2366171416129232,0.27385333796105654,0.0,-1.0323938226977942,422.43527237218535,18.27601688018502,False,False,5.057245406168423,0.9727356228452972,0.9904467051009351,0.0,0.0,0.05764771969138395,0.05764771969138395,0.072,0.072,-0.6854755862964091,-0.6854755862964091
2016,309,8.5,17.56552366572388,27.871917709022895,2.6787409454478692,5.747845028948308,37.75156101534913,38.77214170243546,0.23651430941439328,0.23838440863401023,0.0,-1.184315085344057,618.8055906529707,20.06685461197017,False,False,5.053383788052633,0.9599322385223704,0.9871341117940209,0.0,0.0,0.07573959871660156,0.07573959871660156,0.0715,0.0715,-0.7181951340120418,-0.7181951340120418
2016,309,9.0,20.277805034375426,30.807619375985297,3.6793629017916816,6.954534030510888,37.12002208283123,37.837855010889385,0.2480634904842096,0.22101656563035016,0.0,-1.3023851091184822,837.430684699334,20.40586751871208,False,False,5.048998194705527,0.9470569093111446,0.9845699838478392,0.0,0.0,0.09475200293354603,0.09475200293354603,0.071,0.071,-0.752722736959751,-0.752722736959751
2016,309,9.5,20.596664470056766,31.537395683178072,4.2764129532958846,7.998384403440081,29.34567404686381,37.24233625673321,0.23540252166415415,0.20832047902139247,0.0,-1.3710929056383234,1025.3615831944965,21.09710968551451,False,False,5.048998194705527,0.9381382136361063,0.9831631082106086,0.0,0.0,0.08602882490253366,0.08602882490253366,0.071,0.071,-0.752722736959751,-0.752722736959751
2016,309,10.0,18.13369612512782,29.94294616659696,4.146397788493372,8.801876453209909,28.75186248787085,37.505889504304335,0.19769967366205318,0.2008643543941715,0.0,-1.4226237530282044,956.0597052427111,21.716302021470813,False,False,5.048998194705527,0.9317506195552643,0.9816817436134955,0.0,0.0,0.0786408921159892,0.0786408921159892,0.071,0.071,-0.752722736959751,-0.752722736959751
2016,309,10.5,20.048000673405394,0.0,4.78896411244436,0.0,28.376426240844555,0.0,0.2138148263756562,0.0,0.0,0.0,1381.604430354161,0.0,False,0.0,5.048998194705527,0.9317506195552643,0.9816817436134955,0.0,0.0,0.09362638853013769,0.09362638853013769,0.071,0.071,-0.752722736959751,-0.752722736959751
2016,309,11.0,15.755838483505546,0.0,4.107616268486436,0.0,27.889884749100304,0.0,0.1614218945851363,0.0,0.0,0.0,1609.866807889906,0.0,False,0.0,5.048998194705527,0.9317506195552643,0.9816817436134955,0.0,0.0,0.07683318974783238,0.07683318974783238,0.071,0.071,-0.752722736959751,-0.752722736959751
2016,309,11.5,19.212172161232164,0.0,5.118641801144451,0.0,27.617994634255016,0.0,0.194860998112214,0.0,0.0,0.0,1724.2642508723177,0.0,False,0.0,5.048998194705527,0.9317506195552643,0.9816817436134955,0.0,0.0,0.09922177125211691,0.09922177125211691,0.071,0.071,-0.752722736959751,-0.752722736959751
2016,309,12.0,15.85599367766876,0.0,4.369999905490714,0.0,27.482979922071245,0.0,0.15834758713823593,0.0,0.0,0.0,1820.626856455423,0.0,False,0.0,5.048998194705527,0.9317506195552643,0.9816817436134955,0.0,0.0,0.08134035500055072,0.08134035500055072,0.071,0.071,-0.752722736959751,-0.752722736959751
2016,309,12.5,17.72466997740714,0.0,4.86601922785844,0.0,27.45091980699051,0.0,0.17719283696252563,0.0,0.0,0.0,2145.901839142286,0.0,False,0.0,5.048998194705527,0.9317506195552643,0.9816817436134955,0.0,0.0,0.09547898465165025,0.09547898465165025,0.071,0.071,-0.752722736959751,-0.752722736959751
2016,309,13.0,17.32851879251193,0.0,4.776456261953518,0.0,35.680808449178905,0.0,0.1729246143351227,0.0,0.0,0.0,2229.998725692582,0.0,False,0.0,5.048998194705527,0.9317506195552643,0.9816817436134955,0.0,0.0,0.09302421591940571,0.09302421591940571,0.071,0.071,-0.752722736959751,-0.752722736959751
2016,309,13.5,16.120505453706496,0.0,4.570313936207678,0.0,35.59705491225534,0.0,0.15893440473917267,0.0,0.0,0.0,2516.5939685346816,0.0,False,0.0,5.048998194705527,0.9317506195552643,0.9816817436134955,0.0,0.0,0.08779841925366097,0.08779841925366097,0.071,0.071,-0.752722736959751,-0.752722736959751
2016,309,14.0,9.853763942553162,0.0,2.729456086271804,0.0,27.790402339701668,0.0,0.09700360361726672,0.0,0.0,0.0,2134.5163504505535,0.0,False,0.0,5.048998194705527,0.9317506195552643,0.9816817436134955,0.0,0.0,0.050159783418745135,0.050159783418745135,0.071,0.071,-0.752722736959751,-0.752722736959751
2016,309,14.5,13.566297837642228,0.0,3.5924884415172045,0.0,27.848002311694128,0.0,0.1379847338463896,0.0,0.0,0.0,1840.0083845970214,0.0,False,0.0,5.048998194705527,0.9317506195552643,0.9816817436134955,0.0,0.0,0.06463755115030136,0.06463755115030136,0.071,0.071,-0.752722736959751,-0.752722736959751
2016,309,15.0,0.5365309169995238,1.038718950501655,0.15425518325797208,2.187308778627885,27.67874531951091,41.67791088372701,0.005253803635415364,0.0757836034485737,0.0,-1.1306156178188786,29.664704298102883,29.669359670329627,False,False,5.048998194705527,0.9784910100696051,0.9816817436134955,0.0,0.0,0.0,0.0,0.071,0.071,-0.752722736959751,-0.752722736959751
2016,309,15.5,1.3541251015415832,1.9889744432603031,0.4017076609246859,3.242143370792807,27.41738239950053,41.0368075577632,0.013071017125308986,0.10801522383739554,0.0,-1.3710929056383234,29.94829558916518,29.960556165990077,False,False,5.048998194705527,0.9648237055341319,0.9816817436134955,0.0,0.0,0.0,0.0,0.071,0.071,-0.752722736959751,-0.752722736959751
2016,309,16.0,1.432272992378521,1.9756025334304037,0.4057001839072611,2.8519717054855938,27.7639042090891,40.86739956918662,0.014112385978332254,0.10153548893028208,0.0,-1.3710929056383234,29.194101818514103,29.184657503801375,False,False,5.048998194705527,0.9648237055341319,0.9816817436134955,0.0,0.0,0.0,0.0,0.071,0.071,-0.752722736959751,-0.752722736959751
2016,309,16.5,0.614061881490853,0.9771332532242576,0.17255250898182617,1.974812235882045,27.85459311204428,41.74786507142089,0.006072572794715842,0.07094121000054454,0.0,-1.3017331450792324,29.10523795423163,29.090036009006575,False,False,5.044013592615464,0.9691754223969439,0.9816817436134955,0.0,0.0,0.0,0.0,0.0705,0.0705,-0.7891721114701507,-0.7891721114701507
2016,309,17.0,0.0,0.0,0.0,0.0,0.0,0.0,0.0,0.0,0.0,0.0,0.0,0.0,True,True,5.038343708215051,0.9691754223969439,0.9816817436134955,0.0,0.0,0.0,0.0,0.07,0.07,-0.8276650068290242,-0.8276650068290242
2016.0,309.0,17.5,0.0,0.0,0.0,0.0,0.0,0.0,0.0,0.0,0.0,0.0,0.0,0.0,0.0,0.0,5.038343708215051,0.9691754223969439,0.9816817436134955,0.0,0.0,0.0,0.0,0.07,0.07,-0.8276650068290242,-0.8276650068290242
2016.0,309.0,18.0,0.0,0.0,0.0,0.0,0.0,0.0,0.0,0.0,0.0,0.0,0.0,0.0,0.0,0.0,5.038343708215051,0.9691754223969439,0.9816817436134955,0.0,0.0,0.0,0.0,0.07,0.07,-0.8276650068290242,-0.8276650068290242
2016.0,309.0,18.5,0.0,0.0,0.0,0.0,0.0,0.0,0.0,0.0,0.0,0.0,0.0,0.0,0.0,0.0,5.038343708215051,0.9691754223969439,0.9816817436134955,0.0,0.0,0.0,0.0,0.07,0.07,-0.8276650068290242,-0.8276650068290242
2016.0,309.0,19.0,0.0,0.0,0.0,0.0,0.0,0.0,0.0,0.0,0.0,0.0,0.0,0.0,0.0,0.0,5.038343708215051,0.9691754223969439,0.9816817436134955,0.0,0.0,0.0,0.0,0.07,0.07,-0.8276650068290242,-0.8276650068290242
2016.0,309.0,19.5,0.0,0.0,0.0,0.0,0.0,0.0,0.0,0.0,0.0,0.0,0.0,0.0,0.0,0.0,5.038343708215051,0.9691754223969439,0.9816817436134955,0.0,0.0,0.0,0.0,0.07,0.07,-0.8276650068290242,-0.8276650068290242
2016.0,309.0,20.0,0.0,0.0,0.0,0.0,0.0,0.0,0.0,0.0,0.0,0.0,0.0,0.0,0.0,0.0,5.038343708215051,0.9691754223969439,0.9816817436134955,0.0,0.0,0.0,0.0,0.07,0.07,-0.8276650068290242,-0.8276650068290242
2016.0,309.0,20.5,0.0,0.0,0.0,0.0,0.0,0.0,0.0,0.0,0.0,0.0,0.0,0.0,0.0,0.0,5.038343708215051,0.9691754223969439,0.9816817436134955,0.0,0.0,0.0,0.0,0.07,0.07,-0.8276650068290242,-0.8276650068290242
2016.0,309.0,21.0,0.0,0.0,0.0,0.0,0.0,0.0,0.0,0.0,0.0,0.0,0.0,0.0,0.0,0.0,5.038343708215051,0.9691754223969439,0.9816817436134955,0.0,0.0,0.0,0.0,0.07,0.07,-0.8276650068290242,-0.8276650068290242
2016.0,309.0,21.5,0.0,0.0,0.0,0.0,0.0,0.0,0.0,0.0,0.0,0.0,0.0,0.0,0.0,0.0,5.038343708215051,0.9691754223969439,0.9816817436134955,0.0,0.0,0.0,0.0,0.07,0.07,-0.8276650068290242,-0.8276650068290242
2016.0,309.0,22.0,0.0,0.0,0.0,0.0,0.0,0.0,0.0,0.0,0.0,0.0,0.0,0.0,0.0,0.0,5.038343708215051,0.9691754223969439,0.9816817436134955,0.0,0.0,0.0,0.0,0.07,0.07,-0.8276650068290242,-0.8276650068290242
2016.0,309.0,22.5,0.0,0.0,0.0,0.0,0.0,0.0,0.0,0.0,0.0,0.0,0.0,0.0,0.0,0.0,5.038343708215051,0.9691754223969439,0.9816817436134955,0.0,0.0,0.0,0.0,0.07,0.07,-0.8276650068290242,-0.8276650068290242
2016.0,309.0,23.0,0.0,0.0,0.0,0.0,0.0,0.0,0.0,0.0,0.0,0.0,0.0,0.0,0.0,0.0,5.038343708215051,0.9691754223969439,0.9816817436134955,0.0,0.0,0.0,0.0,0.07,0.07,-0.8276650068290242,-0.8276650068290242
2016.0,309.0,23.5,0.0,0.0,0.0,0.0,0.0,0.0,0.0,0.0,0.0,0.0,0.0,0.0,0.0,0.0,5.038343708215051,0.9691754223969439,0.9816817436134955,0.0,0.0,0.0,0.0,0.07,0.07,-0.8276650068290242,-0.8276650068290242
2016.0,310.0,0.0,0.0,0.0,0.0,0.0,0.0,0.0,0.0,0.0,0.0,0.0,0.0,0.0,0.0,0.0,5.038343708215051,0.9691754223969439,0.9816817436134955,0.0,0.0,0.0,0.0,0.07,0.07,-0.8276650068290242,-0.8276650068290242
2016.0,310.0,0.5,0.0,0.0,0.0,0.0,0.0,0.0,0.0,0.0,0.0,0.0,0.0,0.0,0.0,0.0,5.038343708215051,0.9691754223969439,0.9816817436134955,0.0,0.0,0.0,0.0,0.07,0.07,-0.8276650068290242,-0.8276650068290242
2016.0,310.0,1.0,0.0,0.0,0.0,0.0,0.0,0.0,0.0,0.0,0.0,0.0,0.0,0.0,0.0,0.0,5.038343708215051,0.9691754223969439,0.9816817436134955,0.0,0.0,0.0,0.0,0.07,0.07,-0.8276650068290242,-0.8276650068290242
2016.0,310.0,1.5,0.0,0.0,0.0,0.0,0.0,0.0,0.0,0.0,0.0,0.0,0.0,0.0,0.0,0.0,5.038343708215051,0.9691754223969439,0.9816817436134955,0.0,0.0,0.0,0.0,0.07,0.07,-0.8276650068290242,-0.8276650068290242
2016.0,310.0,2.0,0.0,0.0,0.0,0.0,0.0,0.0,0.0,0.0,0.0,0.0,0.0,0.0,0.0,0.0,5.038343708215051,0.9691754223969439,0.9816817436134955,0.0,0.0,0.0,0.0,0.07,0.07,-0.8276650068290242,-0.8276650068290242
2016.0,310.0,2.5,0.0,0.0,0.0,0.0,0.0,0.0,0.0,0.0,0.0,0.0,0.0,0.0,0.0,0.0,5.038343708215051,0.9691754223969439,0.9816817436134955,0.0,0.0,0.0,0.0,0.07,0.07,-0.8276650068290242,-0.8276650068290242
2016.0,310.0,3.0,0.0,0.0,0.0,0.0,0.0,0.0,0.0,0.0,0.0,0.0,0.0,0.0,0.0,0.0,5.038343708215051,0.9691754223969439,0.9816817436134955,0.0,0.0,0.0,0.0,0.07,0.07,-0.8276650068290242,-0.8276650068290242
2016.0,310.0,3.5,0.0,0.0,0.0,0.0,0.0,0.0,0.0,0.0,0.0,0.0,0.0,0.0,0.0,0.0,5.038343708215051,0.9691754223969439,0.9816817436134955,0.0,0.0,0.0,0.0,0.07,0.07,-0.8276650068290242,-0.8276650068290242
2016.0,310.0,4.0,0.0,0.0,0.0,0.0,0.0,0.0,0.0,0.0,0.0,0.0,0.0,0.0,0.0,0.0,5.038343708215051,0.9691754223969439,0.9816817436134955,0.0,0.0,0.0,0.0,0.07,0.07,-0.8276650068290242,-0.8276650068290242
2016.0,310.0,4.5,0.0,0.0,0.0,0.0,0.0,0.0,0.0,0.0,0.0,0.0,0.0,0.0,0.0,0.0,5.038343708215051,0.9691754223969439,0.9816817436134955,0.0,0.0,0.0,0.0,0.07,0.07,-0.8276650068290242,-0.8276650068290242
2016.0,310.0,5.0,0.0,0.0,0.0,0.0,0.0,0.0,0.0,0.0,0.0,0.0,0.0,0.0,0.0,0.0,5.038343708215051,0.9691754223969439,0.9816817436134955,0.0,0.0,0.0,0.0,0.07,0.07,-0.8276650068290242,-0.8276650068290242
2016,310,5.5,0.0,0.0,0.0,0.0,0.0,0.0,0.0,0.0,0.0,0.0,0.0,0.0,True,True,5.038343708215051,0.9691754223969439,0.9816817436134955,0.0,0.0,0.0,0.0,0.07,0.07,-0.8276650068290242,-0.8276650068290242
2016,310,6.0,0.0,0.0,0.0,0.0,0.0,0.0,0.0,0.0,0.0,0.0,0.0,0.0,True,True,5.038343708215051,0.9691754223969439,0.9816817436134955,0.0,0.0,0.0,0.0,0.07,0.07,-0.8276650068290242,-0.8276650068290242
2016,310,6.5,9.710776277774105,16.663735618114316,1.7057415300912648,3.3695631013959964,37.41765722096058,38.0631387029956,0.1215540871050252,0.11141430336779953,0.0,-1.2523813060661437,588.7929031170133,18.7283217257051,False,False,5.038343708215051,0.95001840611341,0.9869821421438798,0.0,0.0,0.029943153989525073,0.029943153989525073,0.07,0.07,-0.8276650068290242,-0.8276650068290242
2016,310,7.0,12.454974179879812,20.188820505699127,2.2606304984005607,4.797978663472433,30.563940338411708,38.06977036274573,0.1529406534552117,0.14956331305602416,0.0,-1.3203359139440831,1118.8165011648791,21.185669829928287,False,False,5.038343708215051,0.9444107738049332,0.9843958586135916,0.0,0.0,0.04307163878673226,0.04307163878673226,0.07,0.07,-0.8276650068290242,-0.8276650068290242
2016,310,7.5,15.27708815230505,23.917100239677804,2.9092461213396463,5.684036407514378,30.134004829874513,37.67557081550787,0.18268836876691275,0.16373396246651611,0.0,-1.3543132178830524,1169.45635298729,21.112664331474274,False,False,5.038343708215051,0.9414781466142432,0.982995540335057,0.0,0.0,0.05561755327333012,0.05561755327333012,0.07,0.07,-0.8276650068290242,-0.8276650068290242
2016,310,8.5,15.390608768856417,26.146579896623923,3.2400854239374572,6.838016750148488,36.69177706949395,37.564157985578966,0.17486194377895772,0.1706150865234581,0.0,-1.388290521822022,798.8975955826834,20.202551509876187,False,False,5.038343708215051,0.9414781466142432,0.9799748093382539,0.0,0.0,0.04676727683056712,0.04676727683056712,0.07,0.07,-0.8276650068290242,-0.8276650068290242
2016,310,9.0,19.85732849916319,30.566372450732253,4.196358112006841,7.451812538366529,36.60002270018302,36.831174660186264,0.22501821419843143,0.18994915781545915,0.0,-1.4222678257609915,800.5433000238082,19.93813486746993,False,False,5.038343708215051,0.9321617546165514,0.9815222251585515,0.0,0.0,0.06291826382998733,0.06291826382998733,0.07,0.07,-0.8276650068290242,-0.8276650068290242
2016,310,9.5,20.447595007084743,31.236337390623028,4.568000076168917,9.634241623684273,36.39422008915935,33.976484001871505,0.22539076051053103,0.2130893913655879,0.0,-1.5751656934863547,847.9696430266671,20.15603296030116,False,False,5.038343708215051,0.9321617546165514,0.9648100813917914,0.0,0.0,0.06812729797726172,0.06812729797726172,0.07,0.07,-0.8276650068290242,-0.8276650068290242
2016,310,10.0,19.151625034737748,30.756409839244782,4.24856117100922,7.788375627195378,36.44223437514985,36.80639398658847,0.2118694663055377,0.1828866835264519,0.0,-1.4222678257609918,435.79375074542645,19.915102206750305,False,False,5.038343708215051,0.9353538498748784,0.9799748093382539,0.0,0.0,0.06216851329491025,0.06216851329491025,0.07,0.07,-0.8276650068290242,-0.8276650068290242
2016,310,10.5,21.779892403899538,33.2204341680403,4.712726824618288,8.125693080469265,36.48552130854669,36.65053244677243,0.24363088674147002,0.19925106637174428,0.0,-1.4392564777304764,746.5707771656621,19.659418227104766,False,False,5.038343708215051,0.9321617546165514,0.9799748093382539,0.0,0.0,0.07259814830518184,0.07259814830518184,0.07,0.07,-0.8276650068290242,-0.8276650068290242
2016,310,11.0,18.14040435172239,29.94075776057102,4.042077043521354,7.595085886886944,36.44396504807608,37.02706002200365,0.20029334777923927,0.17672456812410064,0.0,-1.4817807732161459,419.92584893244947,20.30286281636262,False,False,5.024536111889907,0.9317072536228397,0.9760179949056559,0.0,0.0,0.059627888619856045,0.059627888619856045,0.069,0.069,-0.9113123600460743,-0.9113123600460743
2016,310,11.5,22.341755517685126,33.72102259077539,4.727399684234214,7.683747669963246,36.552162486468525,36.500628994932,0.2528865085268993,0.19646780747009493,0.0,-1.4817807732161457,783.2057131915149,20.206366411786117,False,False,5.024536111889907,0.9284573849506343,0.9777237400852744,0.0,0.0,0.07629350961882973,0.07629350961882973,0.069,0.069,-0.9113123600460743,-0.9113123600460743
2016,310,12.0,19.534007288309983,31.233137667675088,4.054309005661351,7.218510416540901,36.67028550779579,37.024211750405954,0.22313694862528546,0.18926413782494614,0.0,-1.4482238077355531,712.7292566450426,20.089915674502407,False,False,5.024536111889907,0.9348724062962469,0.9777237400852744,0.0,0.0,0.06317312108410886,0.06317312108410886,0.069,0.069,-0.9113123600460743,-0.9113123600460743
2016,310,12.5,22.07913760032142,33.38517124873853,4.566686922584844,7.609338500320967,36.635929391452265,36.73662547703472,0.2527601324719585,0.19791461809785083,0.0,-1.4817807732161459,767.5598163069587,20.295133837690678,False,False,5.024536111889907,0.9317072536228397,0.9760179949056559,0.0,0.0,0.07443183312306059,0.07443183312306059,0.069,0.069,-0.9113123600460743,-0.9113123600460743
2016,310,13.0,21.591523590593436,33.03506475735452,4.500413224683355,7.7665936056421,36.61925028261821,36.92600714366762,0.24603602448487216,0.2030308765916491,0.0,-1.4985592559564418,749.3233091796152,19.837858426332577,False,False,5.024536111889907,0.9251227165689551,0.9777237400852744,0.0,0.0,0.07146278471276679,0.07146278471276679,0.069,0.069,-0.9113123600460743,-0.9113123600460743
2016,310,13.5,20.622026889686605,31.849895448462064,4.346969743503848,7.660395369801313,36.59540444699883,36.83964816402356,0.23393309356469053,0.19539080393843727,0.0,-1.498559255956442,800.994148348828,20.351341025855184,False,False,5.024536111889907,0.9284573849506343,0.9760179949056559,0.0,0.0,0.06790692614256741,0.06790692614256741,0.069,0.069,-0.9113123600460743,-0.9113123600460743
2016,310,14.0,12.163352880706267,22.826238644563038,2.614225986262806,6.4278282779353955,36.67764233993855,38.317174836555836,0.13684335153325355,0.1585842346705314,0.0,-1.4146668422549609,748.204963416472,20.206134861720567,False,False,5.024536111889907,0.9409491264729885,0.9777237400852744,0.0,0.0,0.03784932439147941,0.03784932439147941,0.069,0.069,-0.9113123600460743,-0.9113123600460743
2016,310,14.5,15.602515582503708,26.586625809969046,3.3074782354057537,6.467762053182831,36.66419742410361,37.199968233097195,0.1766622181081216,0.16162997317774602,0.0,-1.431445324995257,749.364939895969,19.862271512033487,False,False,5.024536111889907,0.9379529723062507,0.9777237400852744,0.0,0.0,0.04169838036852456,0.04169838036852456,0.069,0.069,-0.9113123600460743,-0.9113123600460743
2016,310,15.0,0.8516914406505407,1.15962131144976,0.18907328079434774,1.5507819319911038,29.579860730609525,41.69916721973915,0.009440798762089662,0.07868281393604393,0.0,-1.1797680838908138,25.826729426721794,25.815354927889597,False,False,5.024536111889907,0.9760179949056559,0.9777237400852744,0.0,0.0,0.0,0.0,0.069,0.069,-0.9113123600460743,-0.9113123600460743
2016,310,15.5,3.3197922820650865,3.8094020774842408,0.7143993789499953,2.4618468090805337,29.717155956497514,39.39604272200735,0.0373683422486883,0.13112256478671863,0.0,-1.3811098767743684,25.306925772976907,25.277425722397403,False,False,5.024536111889907,0.9641671212802949,0.9777237400852744,0.0,0.0,0.002178442418324154,0.002178442418324154,0.069,0.069,-0.9113123600460743,-0.9113123600460743
2016,310,16.0,2.4440868725028837,2.8167007967568627,0.5173187765563576,2.1668720685568745,29.872919413726088,40.20575567389046,0.027746171995560506,0.11866256940906211,0.0,-1.3811098767743684,24.73530355867896,24.738442982413684,False,False,5.024536111889907,0.9641671212802949,0.9777237400852744,0.0,0.0,0.0003703919462830654,0.0003703919462830654,0.069,0.069,-0.9113123600460743,-0.9113123600460743
2016,310,16.5,2.5317619366192066,2.8641912220963555,0.5263164480491611,1.9390137626830242,29.997891450827165,39.79655478054241,0.029018924275362006,0.10899220920772226,0.0,-1.4146668422549609,24.225013834325843,24.23070843165793,False,False,5.024536111889907,0.9619153877824377,0.9777237400852744,0.0,0.0,0.0003942172467201431,0.0003942172467201431,0.069,0.069,-0.9113123600460743,-0.9113123600460743
2016,310,17.0,0.0,0.0,0.0,0.0,0.0,0.0,0.0,0.0,0.0,0.0,0.0,0.0,True,True,5.024536111889907,0.9619153877824377,0.9777237400852744,0.0,0.0,0.0,0.0,0.069,0.069,-0.9113123600460743,-0.9113123600460743
2016.0,310.0,17.5,0.0,0.0,0.0,0.0,0.0,0.0,0.0,0.0,0.0,0.0,0.0,0.0,0.0,0.0,5.024536111889907,0.9619153877824377,0.9777237400852744,0.0,0.0,0.0,0.0,0.069,0.069,-0.9113123600460743,-0.9113123600460743
2016.0,310.0,18.0,0.0,0.0,0.0,0.0,0.0,0.0,0.0,0.0,0.0,0.0,0.0,0.0,0.0,0.0,5.024536111889907,0.9619153877824377,0.9777237400852744,0.0,0.0,0.0,0.0,0.069,0.069,-0.9113123600460743,-0.9113123600460743
2016.0,310.0,18.5,0.0,0.0,0.0,0.0,0.0,0.0,0.0,0.0,0.0,0.0,0.0,0.0,0.0,0.0,5.024536111889907,0.9619153877824377,0.9777237400852744,0.0,0.0,0.0,0.0,0.0685,0.0685,-0.9567564343146642,-0.9567564343146642
2016.0,310.0,19.0,0.0,0.0,0.0,0.0,0.0,0.0,0.0,0.0,0.0,0.0,0.0,0.0,0.0,0.0,5.024536111889907,0.9619153877824377,0.9777237400852744,0.0,0.0,0.0,0.0,0.068,0.068,-1.0048248172265413,-1.0048248172265413
2016.0,310.0,19.5,0.0,0.0,0.0,0.0,0.0,0.0,0.0,0.0,0.0,0.0,0.0,0.0,0.0,0.0,5.024536111889907,0.9619153877824377,0.9777237400852744,0.0,0.0,0.0,0.0,0.068,0.068,-1.0048248172265413,-1.0048248172265413
2016.0,310.0,20.0,0.0,0.0,0.0,0.0,0.0,0.0,0.0,0.0,0.0,0.0,0.0,0.0,0.0,0.0,5.024536111889907,0.9619153877824377,0.9777237400852744,0.0,0.0,0.0,0.0,0.068,0.068,-1.0048248172265413,-1.0048248172265413
2016.0,310.0,20.5,0.0,0.0,0.0,0.0,0.0,0.0,0.0,0.0,0.0,0.0,0.0,0.0,0.0,0.0,5.024536111889907,0.9619153877824377,0.9777237400852744,0.0,0.0,0.0,0.0,0.068,0.068,-1.0048248172265413,-1.0048248172265413
2016.0,310.0,21.0,0.0,0.0,0.0,0.0,0.0,0.0,0.0,0.0,0.0,0.0,0.0,0.0,0.0,0.0,5.024536111889907,0.9619153877824377,0.9777237400852744,0.0,0.0,0.0,0.0,0.068,0.068,-1.0048248172265413,-1.0048248172265413
2016.0,310.0,21.5,0.0,0.0,0.0,0.0,0.0,0.0,0.0,0.0,0.0,0.0,0.0,0.0,0.0,0.0,5.024536111889907,0.9619153877824377,0.9777237400852744,0.0,0.0,0.0,0.0,0.068,0.068,-1.0048248172265413,-1.0048248172265413
2016.0,310.0,22.0,0.0,0.0,0.0,0.0,0.0,0.0,0.0,0.0,0.0,0.0,0.0,0.0,0.0,0.0,5.024536111889907,0.9619153877824377,0.9777237400852744,0.0,0.0,0.0,0.0,0.068,0.068,-1.0048248172265413,-1.0048248172265413
2016.0,310.0,22.5,0.0,0.0,0.0,0.0,0.0,0.0,0.0,0.0,0.0,0.0,0.0,0.0,0.0,0.0,5.024536111889907,0.9619153877824377,0.9777237400852744,0.0,0.0,0.0,0.0,0.068,0.068,-1.0048248172265413,-1.0048248172265413
2016.0,310.0,23.0,0.0,0.0,0.0,0.0,0.0,0.0,0.0,0.0,0.0,0.0,0.0,0.0,0.0,0.0,5.024536111889907,0.9619153877824377,0.9777237400852744,0.0,0.0,0.0,0.0,0.068,0.068,-1.0048248172265413,-1.0048248172265413
2016.0,310.0,23.5,0.0,0.0,0.0,0.0,0.0,0.0,0.0,0.0,0.0,0.0,0.0,0.0,0.0,0.0,5.024536111889907,0.9619153877824377,0.9777237400852744,0.0,0.0,0.0,0.0,0.068,0.068,-1.0048248172265413,-1.0048248172265413
2016.0,311.0,0.0,0.0,0.0,0.0,0.0,0.0,0.0,0.0,0.0,0.0,0.0,0.0,0.0,0.0,0.0,5.024536111889907,0.9619153877824377,0.9777237400852744,0.0,0.0,0.0,0.0,0.068,0.068,-1.0048248172265413,-1.0048248172265413
2016.0,311.0,0.5,0.0,0.0,0.0,0.0,0.0,0.0,0.0,0.0,0.0,0.0,0.0,0.0,0.0,0.0,5.024536111889907,0.9619153877824377,0.9777237400852744,0.0,0.0,0.0,0.0,0.068,0.068,-1.0048248172265413,-1.0048248172265413
2016.0,311.0,1.0,0.0,0.0,0.0,0.0,0.0,0.0,0.0,0.0,0.0,0.0,0.0,0.0,0.0,0.0,5.024536111889907,0.9619153877824377,0.9777237400852744,0.0,0.0,0.0,0.0,0.068,0.068,-1.0048248172265413,-1.0048248172265413
2016.0,311.0,1.5,0.0,0.0,0.0,0.0,0.0,0.0,0.0,0.0,0.0,0.0,0.0,0.0,0.0,0.0,5.024536111889907,0.9619153877824377,0.9777237400852744,0.0,0.0,0.0,0.0,0.068,0.068,-1.0048248172265413,-1.0048248172265413
2016.0,311.0,2.0,0.0,0.0,0.0,0.0,0.0,0.0,0.0,0.0,0.0,0.0,0.0,0.0,0.0,0.0,5.024536111889907,0.9619153877824377,0.9777237400852744,0.0,0.0,0.0,0.0,0.068,0.068,-1.0048248172265413,-1.0048248172265413
2016.0,311.0,2.5,0.0,0.0,0.0,0.0,0.0,0.0,0.0,0.0,0.0,0.0,0.0,0.0,0.0,0.0,5.024536111889907,0.9619153877824377,0.9777237400852744,0.0,0.0,0.0,0.0,0.068,0.068,-1.0048248172265413,-1.0048248172265413
2016.0,311.0,3.0,0.0,0.0,0.0,0.0,0.0,0.0,0.0,0.0,0.0,0.0,0.0,0.0,0.0,0.0,5.024536111889907,0.9619153877824377,0.9777237400852744,0.0,0.0,0.0,0.0,0.068,0.068,-1.0048248172265413,-1.0048248172265413
2016.0,311.0,3.5,0.0,0.0,0.0,0.0,0.0,0.0,0.0,0.0,0.0,0.0,0.0,0.0,0.0,0.0,5.024536111889907,0.9619153877824377,0.9777237400852744,0.0,0.0,0.0,0.0,0.068,0.068,-1.0048248172265413,-1.0048248172265413
2016.0,311.0,4.0,0.0,0.0,0.0,0.0,0.0,0.0,0.0,0.0,0.0,0.0,0.0,0.0,0.0,0.0,5.024536111889907,0.9619153877824377,0.9777237400852744,0.0,0.0,0.0,0.0,0.068,0.068,-1.0048248172265413,-1.0048248172265413
2016.0,311.0,4.5,0.0,0.0,0.0,0.0,0.0,0.0,0.0,0.0,0.0,0.0,0.0,0.0,0.0,0.0,5.024536111889907,0.9619153877824377,0.9777237400852744,0.0,0.0,0.0,0.0,0.068,0.068,-1.0048248172265413,-1.0048248172265413
2016.0,311.0,5.0,0.0,0.0,0.0,0.0,0.0,0.0,0.0,0.0,0.0,0.0,0.0,0.0,0.0,0.0,5.024536111889907,0.9619153877824377,0.9777237400852744,0.0,0.0,0.0,0.0,0.068,0.068,-1.0048248172265413,-1.0048248172265413
2016,311,5.5,0.0,0.0,0.0,0.0,0.0,0.0,0.0,0.0,0.0,0.0,0.0,0.0,True,True,5.0065873942235175,0.9619153877824377,0.9777237400852744,0.0,0.0,0.0,0.0,0.068,0.068,-1.0048248172265413,-1.0048248172265413
2016,311,6.0,0.0,0.0,0.0,0.0,0.0,0.0,0.0,0.0,0.0,0.0,0.0,0.0,True,True,5.0065873942235175,0.9619153877824377,0.9777237400852744,0.0,0.0,0.0,0.0,0.068,0.068,-1.0048248172265413,-1.0048248172265413
2016,311,6.5,10.403176320109177,18.027665838591556,1.504069808461421,2.5312706881032563,32.16542761733266,38.10601923174457,0.1452070378243329,0.11449052742942797,0.0,-1.335695353581186,221.14100158308568,13.657694792506604,False,False,5.0065873942235175,0.9479767137439951,0.9812771186742574,0.0,0.0,0.023140436161336875,0.023140436161336875,0.068,0.068,-1.0048248172265413,-1.0048248172265413
2016,311,7.0,13.689477785792159,21.786333930716637,1.8528309139462336,3.414983210314032,38.21159198473705,38.702881343180785,0.19789985559081014,0.17067658218709209,0.0,-1.3687824072166503,399.6064448194984,16.15569601259757,False,False,5.0065873942235175,0.9452272668744668,0.9797594403992976,0.0,0.0,0.03280199048359809,0.03280199048359809,0.068,0.068,-1.0048248172265413,-1.0048248172265413
2016,311,7.5,16.474788434833826,25.419354966185985,2.4654770400107786,4.044334993907683,37.83775148380331,37.81355185977378,0.22433153237688494,0.16960704086353476,0.0,-1.3853259340343826,358.00561659940655,15.565970476335856,False,False,5.0065873942235175,0.9452272668744668,0.9781703561297117,0.0,0.0,0.04115430354921939,0.04115430354921939,0.068,0.068,-1.0048248172265413,-1.0048248172265413
2016,311,8.0,16.594370550781232,26.782188202971764,2.672958776887341,4.92175859707161,37.592040220677035,38.142110386853844,0.21693323847966478,0.18604654564010056,0.0,-1.4349565144875793,384.82972972328133,16.18693506431017,False,False,5.0065873942235175,0.939483738029444,0.9765089336764861,0.0,0.0,0.04289418230294648,0.04289418230294648,0.068,0.068,-1.0048248172265413,-1.0048248172265413
2016,311,8.5,15.004728759957999,25.722698994389685,2.6420949926188873,5.401215070275036,37.32175431216737,38.18282170604569,0.18704143066760814,0.17870765067186611,0.0,-1.4515000413053114,371.3220728365417,17.052523746102757,False,False,5.0065873942235175,0.939483738029444,0.974774280810239,0.0,0.0,0.03018036449500821,0.03018036449500821,0.068,0.068,-1.0048248172265413,-1.0048248172265413
2016,311,9.0,21.004542622241075,31.577558452558257,3.799117606520058,5.9664247789434794,37.12103407498138,37.00412181486896,0.2573566894548418,0.19119616374126322,0.0,-1.484587094940776,496.1285128689562,17.382856213564985,False,False,5.0065873942235175,0.9302533672551875,0.9765089336764861,0.0,0.0,0.04593438879604434,0.04593438879604434,0.068,0.068,-1.0048248172265413,-1.0048248172265413
2016,311,9.5,22.04163416452738,32.96476441388686,4.148004210142723,6.762999254424016,36.96567821401284,37.12384197567741,0.2647245370734091,0.20591581215643354,0.0,-1.5342176753939727,419.98152135426375,17.485371842749625,False,False,5.0065873942235175,0.9236880206320838,0.974774280810239,0.0,0.0,0.049839363370463755,0.049839363370463755,0.068,0.068,-1.0048248172265413,-1.0048248172265413
2016,311,10.0,20.173011231565376,31.60766697476638,4.025764801215261,6.8909338322793205,36.79643019848985,36.90034263568651,0.23523293793459607,0.19053303907212632,0.0,-1.5342176753939727,480.31478528105436,18.32366964588156,False,False,5.0065873942235175,0.9270119254744112,0.9729655453237807,0.0,0.0,0.04593726812188775,0.04593726812188775,0.068,0.068,-1.0048248172265413,-1.0048248172265413
2016,311,10.5,22.055443519180194,33.11158281441989,4.594529822901175,9.003984688059447,36.61443519881547,33.512306260779994,0.2513764624734899,0.2226255346077829,0.0,-1.6996529435712948,535.2744646539928,18.78140686340156,False,False,5.0065873942235175,0.9202816352090736,0.9557397232423107,0.0,0.0,0.05350628505444032,0.05350628505444032,0.068,0.068,-1.0048248172265413,-1.0048248172265413
2016,311,11.0,18.790462792408483,30.55426258818347,3.964674449243427,7.2779680981777215,36.62598686699491,37.091423960490204,0.21312534974432,0.18762650286545168,0.0,-1.550761202211705,543.0828739247102,19.156625912360084,False,False,5.0065873942235175,0.9236880206320838,0.9729655453237807,0.0,0.0,0.04394682102679403,0.04394682102679403,0.068,0.068,-1.0048248172265413,-1.0048248172265413
2016,311,11.5,21.856790290705007,33.06945415263625,4.80712521784128,9.66740453649284,36.42504925613965,33.50742656826095,0.2427445734591252,0.21963471393356673,0.0,-1.7492835240244917,831.12750795257,20.140173368066492,False,False,5.0065873942235175,0.9167927950621395,0.9506450250929299,0.0,0.0,0.05662201671618692,0.05662201671618692,0.068,0.068,-1.0048248172265413,-1.0048248172265413
2016,311,12.0,18.769972319184664,30.152026640482106,4.204452360477174,9.24097902237783,28.87930759684544,33.68330261322477,0.20651207532860236,0.20442807761549747,0.0,-1.7161964703890273,879.148073863199,20.85052911833899,False,False,5.0065873942235175,0.9236880206320838,0.9506450250929299,0.0,0.0,0.04781351000112031,0.04781351000112031,0.068,0.068,-1.0048248172265413,-1.0048248172265413
2016,311,12.5,20.964494781700072,32.43929232241397,4.643695558169812,7.668593623568859,28.88273454746765,36.285505482948366,0.2318434355036577,0.1816283967039037,0.0,-1.5838482558471694,911.2226126478076,20.90880954719122,False,False,5.0065873942235175,0.9167927950621395,0.9729655453237807,0.0,0.0,0.054884428437899695,0.054884428437899695,0.068,0.068,-1.0048248172265413,-1.0048248172265413
2016,311,13.0,20.30624363633683,31.65329347736997,4.575693254395174,7.802034030902319,28.78359421083032,36.37388854890158,0.2227346087567665,0.17971939788184793,0.0,-1.6003917826649015,906.211761833077,21.139913412750712,False,False,5.0065873942235175,0.9167927950621395,0.9710819151246374,0.0,0.0,0.0530775388603372,0.0530775388603372,0.068,0.068,-1.0048248172265413,-1.0048248172265413
2016,311,13.5,19.76601055875417,30.719825297986347,4.502627835346308,9.445145841711293,28.72369215423183,33.531841510140794,0.21585353733283466,0.20333076346517365,0.0,-1.7943976651154512,905.8335503961565,20.80784725014569,False,False,4.995665851847684,0.912057720776978,0.9468702766080449,0.0,0.0,0.05070322182549795,0.05070322182549795,0.0675,0.0675,-1.0556900527908526,-1.0556900527908526
2016,311,14.0,10.840487964744218,0.0,2.4883753036310123,0.0,28.985186981878854,0.0,0.11795893602625729,0.0,0.0,0.0,894.4713295910697,0.0,False,0.0,4.995665851847684,0.912057720776978,0.9468702766080449,0.0,0.0,0.0265934448363605,0.0265934448363605,0.0675,0.0675,-1.0556900527908526,-1.0556900527908526
2016,311,14.5,14.567036462935826,25.293099021780144,3.2218371678545745,8.130116733210246,36.531933162717706,34.46944275680285,0.16149417582226303,0.18173457457968645,0.0,-1.7607546228101856,835.1041172050454,20.199396003356036,False,False,4.983186950905903,0.9176124351729346,0.9481763739603309,0.0,0.0,0.03427507815560701,0.03427507815560701,0.067,0.067,-1.1095374308689805,-1.1095374308689805
2016,311,15.0,0.912894538373515,1.265099744469883,0.21371846946588718,1.8625168412364599,29.189874345399662,41.70465528681963,0.009852655377478097,0.08746850350683906,0.0,-1.435146026839583,26.521462240095712,26.517733292232418,False,False,4.983186950905903,0.9605015225802204,0.9481763739603309,0.0,0.0,0.0,0.0,0.067,0.067,-1.1095374308689805,-1.1095374308689805
2016,311,15.5,2.07766098325221,2.500984523161926,0.47209906592118517,2.201290388593613,29.367864640510085,40.32059436370742,0.02275627967088053,0.10827210561665543,0.0,-1.5328286056307636,26.074660669191772,26.072366951610334,False,False,4.983186950905903,0.9533394306307565,0.9481763739603309,0.0,0.0,0.00015001104580930863,0.00015001104580930863,0.067,0.067,-1.1095374308689805,-1.1095374308689805
2016,311,16.0,3.9056348491802706,4.432374256523678,0.8830488279310946,2.5262052676918008,29.342654091842952,38.35898825104736,0.042866624938633455,0.124564708864341,0.0,-1.6630720440190045,25.611013362195322,25.582294327502474,False,False,4.983186950905903,0.9426991522153173,0.9481763739603309,0.0,0.0,0.0029020369289998777,0.0029020369289998777,0.067,0.067,-1.1095374308689805,-1.1095374308689805
2016,311,16.5,2.390225331913653,2.763149403548473,0.5379976370418146,1.8702723796863354,29.42849913660881,39.27824239805908,0.02630836330211956,0.0933002195500455,0.0,-1.5979503248248843,25.705463350539798,25.69919937840227,False,False,4.983186950905903,0.9481763739603309,0.9481763739603309,0.0,0.0,0.0003142463779923578,0.0003142463779923578,0.067,0.067,-1.1095374308689805,-1.1095374308689805
2016,311,17.0,0.0,0.0,0.0,0.0,0.0,0.0,0.0,0.0,0.0,0.0,0.0,0.0,True,True,4.983186950905903,0.9481763739603309,0.9481763739603309,0.0,0.0,0.0,0.0,0.067,0.067,-1.1095374308689805,-1.1095374308689805
2016.0,311.0,17.5,0.0,0.0,0.0,0.0,0.0,0.0,0.0,0.0,0.0,0.0,0.0,0.0,0.0,0.0,4.983186950905903,0.9481763739603309,0.9481763739603309,0.0,0.0,0.0,0.0,0.067,0.067,-1.1095374308689805,-1.1095374308689805
2016.0,311.0,18.0,0.0,0.0,0.0,0.0,0.0,0.0,0.0,0.0,0.0,0.0,0.0,0.0,0.0,0.0,4.983186950905903,0.9481763739603309,0.9481763739603309,0.0,0.0,0.0,0.0,0.067,0.067,-1.1095374308689805,-1.1095374308689805
2016.0,311.0,18.5,0.0,0.0,0.0,0.0,0.0,0.0,0.0,0.0,0.0,0.0,0.0,0.0,0.0,0.0,4.983186950905903,0.9481763739603309,0.9481763739603309,0.0,0.0,0.0,0.0,0.067,0.067,-1.1095374308689805,-1.1095374308689805
2016.0,311.0,19.0,0.0,0.0,0.0,0.0,0.0,0.0,0.0,0.0,0.0,0.0,0.0,0.0,0.0,0.0,4.983186950905903,0.9481763739603309,0.9481763739603309,0.0,0.0,0.0,0.0,0.067,0.067,-1.1095374308689805,-1.1095374308689805
2016.0,311.0,19.5,0.0,0.0,0.0,0.0,0.0,0.0,0.0,0.0,0.0,0.0,0.0,0.0,0.0,0.0,4.983186950905903,0.9481763739603309,0.9481763739603309,0.0,0.0,0.0,0.0,0.067,0.067,-1.1095374308689805,-1.1095374308689805
2016.0,311.0,20.0,0.0,0.0,0.0,0.0,0.0,0.0,0.0,0.0,0.0,0.0,0.0,0.0,0.0,0.0,4.983186950905903,0.9481763739603309,0.9481763739603309,0.0,0.0,0.0,0.0,0.067,0.067,-1.1095374308689805,-1.1095374308689805
2016.0,311.0,20.5,0.0,0.0,0.0,0.0,0.0,0.0,0.0,0.0,0.0,0.0,0.0,0.0,0.0,0.0,4.983186950905903,0.9481763739603309,0.9481763739603309,0.0,0.0,0.0,0.0,0.067,0.067,-1.1095374308689805,-1.1095374308689805
2016.0,311.0,21.0,0.0,0.0,0.0,0.0,0.0,0.0,0.0,0.0,0.0,0.0,0.0,0.0,0.0,0.0,4.983186950905903,0.9481763739603309,0.9481763739603309,0.0,0.0,0.0,0.0,0.067,0.067,-1.1095374308689805,-1.1095374308689805
2016.0,311.0,21.5,0.0,0.0,0.0,0.0,0.0,0.0,0.0,0.0,0.0,0.0,0.0,0.0,0.0,0.0,4.983186950905903,0.9481763739603309,0.9481763739603309,0.0,0.0,0.0,0.0,0.067,0.067,-1.1095374308689805,-1.1095374308689805
2016.0,311.0,22.0,0.0,0.0,0.0,0.0,0.0,0.0,0.0,0.0,0.0,0.0,0.0,0.0,0.0,0.0,4.983186950905903,0.9481763739603309,0.9481763739603309,0.0,0.0,0.0,0.0,0.067,0.067,-1.1095374308689805,-1.1095374308689805
2016.0,311.0,22.5,0.0,0.0,0.0,0.0,0.0,0.0,0.0,0.0,0.0,0.0,0.0,0.0,0.0,0.0,4.983186950905903,0.9481763739603309,0.9481763739603309,0.0,0.0,0.0,0.0,0.067,0.067,-1.1095374308689805,-1.1095374308689805
2016.0,311.0,23.0,0.0,0.0,0.0,0.0,0.0,0.0,0.0,0.0,0.0,0.0,0.0,0.0,0.0,0.0,4.983186950905903,0.9481763739603309,0.9481763739603309,0.0,0.0,0.0,0.0,0.067,0.067,-1.1095374308689805,-1.1095374308689805
2016.0,311.0,23.5,0.0,0.0,0.0,0.0,0.0,0.0,0.0,0.0,0.0,0.0,0.0,0.0,0.0,0.0,4.983186950905903,0.9481763739603309,0.9481763739603309,0.0,0.0,0.0,0.0,0.067,0.067,-1.1095374308689805,-1.1095374308689805
2016.0,312.0,0.0,0.0,0.0,0.0,0.0,0.0,0.0,0.0,0.0,0.0,0.0,0.0,0.0,0.0,0.0,4.983186950905903,0.9481763739603309,0.9481763739603309,0.0,0.0,0.0,0.0,0.067,0.067,-1.1095374308689805,-1.1095374308689805
2016.0,312.0,0.5,0.0,0.0,0.0,0.0,0.0,0.0,0.0,0.0,0.0,0.0,0.0,0.0,0.0,0.0,4.983186950905903,0.9481763739603309,0.9481763739603309,0.0,0.0,0.0,0.0,0.067,0.067,-1.1095374308689805,-1.1095374308689805
2016.0,312.0,1.0,0.0,0.0,0.0,0.0,0.0,0.0,0.0,0.0,0.0,0.0,0.0,0.0,0.0,0.0,4.983186950905903,0.9481763739603309,0.9481763739603309,0.0,0.0,0.0,0.0,0.067,0.067,-1.1095374308689805,-1.1095374308689805
2016.0,312.0,1.5,0.0,0.0,0.0,0.0,0.0,0.0,0.0,0.0,0.0,0.0,0.0,0.0,0.0,0.0,4.983186950905903,0.9481763739603309,0.9481763739603309,0.0,0.0,0.0,0.0,0.067,0.067,-1.1095374308689805,-1.1095374308689805
2016.0,312.0,2.0,0.0,0.0,0.0,0.0,0.0,0.0,0.0,0.0,0.0,0.0,0.0,0.0,0.0,0.0,4.983186950905903,0.9481763739603309,0.9481763739603309,0.0,0.0,0.0,0.0,0.067,0.067,-1.1095374308689805,-1.1095374308689805
2016.0,312.0,2.5,0.0,0.0,0.0,0.0,0.0,0.0,0.0,0.0,0.0,0.0,0.0,0.0,0.0,0.0,4.983186950905903,0.9481763739603309,0.9481763739603309,0.0,0.0,0.0,0.0,0.067,0.067,-1.1095374308689805,-1.1095374308689805
2016.0,312.0,3.0,0.0,0.0,0.0,0.0,0.0,0.0,0.0,0.0,0.0,0.0,0.0,0.0,0.0,0.0,4.983186950905903,0.9481763739603309,0.9481763739603309,0.0,0.0,0.0,0.0,0.067,0.067,-1.1095374308689805,-1.1095374308689805
2016.0,312.0,3.5,0.0,0.0,0.0,0.0,0.0,0.0,0.0,0.0,0.0,0.0,0.0,0.0,0.0,0.0,4.983186950905903,0.9481763739603309,0.9481763739603309,0.0,0.0,0.0,0.0,0.067,0.067,-1.1095374308689805,-1.1095374308689805
2016.0,312.0,4.0,0.0,0.0,0.0,0.0,0.0,0.0,0.0,0.0,0.0,0.0,0.0,0.0,0.0,0.0,4.983186950905903,0.9481763739603309,0.9481763739603309,0.0,0.0,0.0,0.0,0.067,0.067,-1.1095374308689805,-1.1095374308689805
2016.0,312.0,4.5,0.0,0.0,0.0,0.0,0.0,0.0,0.0,0.0,0.0,0.0,0.0,0.0,0.0,0.0,4.983186950905903,0.9481763739603309,0.9481763739603309,0.0,0.0,0.0,0.0,0.067,0.067,-1.1095374308689805,-1.1095374308689805
2016.0,312.0,5.0,0.0,0.0,0.0,0.0,0.0,0.0,0.0,0.0,0.0,0.0,0.0,0.0,0.0,0.0,4.983186950905903,0.9481763739603309,0.9481763739603309,0.0,0.0,0.0,0.0,0.067,0.067,-1.1095374308689805,-1.1095374308689805
2016,312,5.5,0.0,0.0,0.0,0.0,0.0,0.0,0.0,0.0,0.0,0.0,0.0,0.0,True,True,4.983186950905903,0.9481763739603309,0.9481763739603309,0.0,0.0,0.0,0.0,0.067,0.067,-1.1095374308689805,-1.1095374308689805
2016,312,6.0,0.0,0.0,0.0,0.0,0.0,0.0,0.0,0.0,0.0,0.0,0.0,0.0,True,True,4.983186950905903,0.9481763739603309,0.9481763739603309,0.0,0.0,0.0004998951229603591,0.0004998951229603591,0.067,0.067,-1.1095374308689805,-1.1095374308689805
2016,312,6.5,10.179644600628121,17.19625206890195,0.8095763237849792,1.3684541050612509,35.683664685161816,39.865014484405904,0.20773885286693874,0.16651554095296317,0.0,-1.288622158652812,197.55606860292409,13.622165614098114,False,False,4.983186950905903,0.9605015225802204,0.9779276454877466,0.0,0.0,0.016588892828468656,0.016588892828468656,0.067,0.067,-1.1095374308689805,-1.1095374308689805
2016,312,7.0,13.40438346565746,21.63364362256438,1.3784597627476582,2.4221885261677443,39.05878083482973,39.260044298739984,0.22901167719867127,0.18996573028126473,0.0,-1.3700243076454623,245.96824275576697,14.570476957799217,False,False,4.983186950905903,0.9507970050155593,0.9762825440560096,0.0,0.0,0.023177107939328322,0.023177107939328322,0.067,0.067,-1.1095374308689805,-1.1095374308689805
2016,312,7.5,16.185554690573834,25.17622085967905,1.9423107194266966,3.2638607026905233,33.138819621359055,38.63371171990502,0.25055704191497863,0.19590445253378813,0.0,-1.4188655970410529,315.4881696472434,15.669503257512927,False,False,4.983186950905903,0.9454771917341527,0.974566410836638,0.0,0.0,0.02981208257881812,0.02981208257881812,0.067,0.067,-1.1095374308689805,-1.1095374308689805
2016,312,8.0,17.365985125017097,27.174754626329708,2.457599034491614,4.084904841999909,38.000140453274255,38.041875918757,0.2440132130190603,0.18957185031606133,0.0,-1.4677068864366432,408.1492539285013,16.855895428899757,False,False,4.983186950905903,0.9398419890598703,0.9727784384113021,0.0,0.0,0.033920951020556235,0.033920951020556235,0.067,0.067,-1.1095374308689805,-1.1095374308689805
2016,312,8.5,14.205354119900509,24.675902889712304,2.327358726421066,4.709218351977772,37.5802479023487,38.392728610162024,0.18420109685512873,0.17574713838868564,0.0,-1.5002677460337035,444.51548831681316,17.805004909577043,False,False,4.983186950905903,0.9369054758623551,0.9709178569964608,0.0,0.0,0.028887573671406118,0.028887573671406118,0.067,0.067,-1.1095374308689805,-1.1095374308689805
2016,312,9.0,21.208787149659866,31.65067781065568,3.457384603320925,5.462087746152189,37.466651527503096,37.38733691457719,0.2745504008489848,0.20553112791809947,0.0,-1.5491090354292938,454.80201667751544,17.695306596359465,False,False,4.983186950905903,0.9276181741479216,0.9709178569964608,0.0,0.0,0.04590726448835275,0.04590726448835275,0.067,0.067,-1.1095374308689805,-1.1095374308689805
2016,312,9.5,22.337118578549035,33.01950906501874,3.608026136498488,5.620235063916685,30.998611310617832,37.409920705069766,0.29080306167132275,0.21540900541492744,0.0,-1.5491090354292938,444.4115663396289,17.812663706387845,False,False,4.983186950905903,0.9276181741479216,0.9709178569964608,0.0,0.0,0.04952254381770426,0.04952254381770426,0.067,0.067,-1.1095374308689805,-1.1095374308689805
2016,312,10.0,21.383656945151575,32.57936816872401,3.3492047694385407,5.539626466547187,31.240864234688026,37.7669987313557,0.2828691841738961,0.2239488841838661,0.0,-1.5328286056307636,403.61239351707206,18.006468402921506,False,False,4.983186950905903,0.9307936943105513,0.9709178569964608,0.0,0.0,0.04659081807952481,0.04659081807952481,0.067,0.067,-1.1095374308689805,-1.1095374308689805
2016,312,10.5,22.80810336258205,33.83425628586703,3.488903282790826,5.266545449958113,31.338089578984814,37.395769670787885,0.30577008328089356,0.21962059445490897,0.0,-1.6266229565283297,396.9173726846521,18.24763962473039,False,False,4.9525953550413755,0.9235542538750453,0.9637881093100458,0.0,0.0,0.03397512319740386,0.03397512319740386,0.066,0.066,-1.226989877831571,-1.226989877831571
2016,312,11.0,19.78605646346862,31.0447638381677,2.980618653990734,5.100509163975409,37.754083921597584,38.02179837439215,0.26756039197836395,0.21975392812980055,0.0,-1.6106376333804593,361.315281127958,18.16988997541415,False,False,4.9525953550413755,0.9267705160782471,0.9637881093100458,0.0,0.0,0.034930892830368016,0.034930892830368016,0.066,0.066,-1.226989877831571,-1.226989877831571
2016,312,11.5,23.634555349879754,34.796058375626636,3.5872180206393476,5.553603158335355,37.65413511851375,37.62899432474285,0.318131056471131,0.2382248284104337,0.0,-1.6426082796762,379.7951996059865,18.161450114219882,False,False,4.9525953550413755,0.9202609831896432,0.9637881093100458,0.0,0.0,0.04447525637241644,0.04447525637241644,0.066,0.066,-1.226989877831571,-1.226989877831571
2016,312,12.0,19.51377692113929,30.99657301922186,3.66373510768784,6.351808735681339,30.0872348614489,37.11959229556091,0.2345496062208011,0.19576162760405413,0.0,-1.7065495722676813,614.8513903145397,19.918335381499553,False,False,4.9525953550413755,0.9099195518794596,0.9616315234498971,0.0,0.0,0.030417881366573158,0.030417881366573158,0.066,0.066,-1.226989877831571,-1.226989877831571
2016,312,12.5,20.80924863564679,31.779200395243606,4.625388599995654,9.185607868837893,28.859225102324594,33.2247959733565,0.22994678249542544,0.20586501434331944,0.0,-1.9463294194857363,648.6336571294472,21.546845097811314,False,False,4.9525953550413755,0.8950586621838788,0.9329721071473708,0.0,0.0,0.037356245638324535,0.037356245638324535,0.066,0.066,-1.226989877831571,-1.226989877831571
2016,312,13.0,20.449511862493928,31.33401031524255,4.553601190444291,9.134848977385156,28.861897095056197,33.26306163573213,0.22559237180716984,0.20312733458948823,0.0,-1.9463294194857363,892.8568149139705,21.275146285800446,False,False,4.9525953550413755,0.8950586621838788,0.9329721071473708,0.0,0.0,0.0360633744262704,0.0360633744262704,0.066,0.066,-1.226989877831571,-1.226989877831571
2016,312,13.5,19.578799560116884,30.637395054607577,4.3922639173016025,7.12348171597835,28.836966277675156,36.078932549437866,0.2154209328521318,0.1658393932667801,0.0,-1.786476188007033,687.5543680050167,21.492012243116356,False,False,4.9525953550413755,0.8950586621838788,0.9594015101955515,0.0,0.0,0.03414861514308884,0.03414861514308884,0.066,0.066,-1.226989877831571,-1.226989877831571
2016,312,14.0,11.137214272513006,21.114230462481654,2.224978657271516,5.010791068260401,37.05255300306936,38.27100028373297,0.12843255265966444,0.1339782137067967,0.0,-1.6266229565283297,476.7133451809655,19.430686554357578,False,False,4.9525953550413755,0.9267705160782471,0.9616315234498971,0.0,0.0,0.01658643331056936,0.01658643331056936,0.066,0.066,-1.226989877831571,-1.226989877831571
2016,312,14.5,16.429797861825634,27.160066451906708,3.3983205950463615,7.7158882107296805,36.73770340407421,34.28236662492581,0.18813206425880186,0.1863856639845708,0.0,-1.8504174805985145,688.6177625216438,18.998904626686098,False,False,4.9525953550413755,0.9099195518794596,0.9388663174495306,0.0,0.0,0.024701330994719113,0.024701330994719113,0.066,0.066,-1.226989877831571,-1.226989877831571
2016,312,15.0,1.1017669301204684,1.4094212181572792,0.2459202289423127,1.8190105941179477,29.531625812373033,41.52031314717414,0.012178760207796367,0.09175330265878757,0.0,-1.546696340788978,24.81774516935087,24.805996650544294,False,False,4.9525953550413755,0.9522661436599666,0.9388663174495306,0.0,0.0,0.0,0.0,0.066,0.066,-1.226989877831571,-1.226989877831571
2016,312,15.5,2.6273845964879854,3.0596166073797777,0.599932179613148,2.3129574315626873,29.31331761801119,39.649068584064835,0.028704264017814184,0.11285805055468735,0.0,-1.6745789259719408,25.012292865607034,25.010458304502066,False,False,4.9525953550413755,0.9416984944806993,0.9388663174495306,0.0,0.0,0.0002716346542905781,0.0002716346542905781,0.066,0.066,-1.226989877831571,-1.226989877831571
2016,312,16.0,2.50570732099032,2.902088624727935,0.5816760778211519,2.0406858287596177,29.201964364102214,39.25740946618614,0.027146217679522206,0.09684745700611821,0.0,-1.6745789259719408,25.01215672972739,25.011619957111833,False,False,4.9525953550413755,0.9416984944806993,0.9388663174495306,0.0,0.0,0.0,0.0,0.066,0.066,-1.226989877831571,-1.226989877831571
2016,312,16.5,1.950048058493137,2.268832229575687,0.44627165746951464,1.7116033683750342,29.324258552335188,39.66950165137078,0.021286803926295967,0.08291444754878546,0.0,-1.6745789259719408,24.897766422051376,24.899181569966878,False,False,4.9525953550413755,0.9416984944806993,0.9388663174495306,0.0,0.0,0.0,0.0,0.066,0.066,-1.226989877831571,-1.226989877831571
2016,312,17.0,0.0,0.0,0.0,0.0,0.0,0.0,0.0,0.0,0.0,0.0,0.0,0.0,True,True,4.9525953550413755,0.9416984944806993,0.9388663174495306,0.0,0.0,0.0,0.0,0.066,0.066,-1.226989877831571,-1.226989877831571
2016.0,312.0,17.5,0.0,0.0,0.0,0.0,0.0,0.0,0.0,0.0,0.0,0.0,0.0,0.0,0.0,0.0,4.9525953550413755,0.9416984944806993,0.9388663174495306,0.0,0.0,0.0,0.0,0.066,0.066,-1.226989877831571,-1.226989877831571
2016.0,312.0,18.0,0.0,0.0,0.0,0.0,0.0,0.0,0.0,0.0,0.0,0.0,0.0,0.0,0.0,0.0,4.9525953550413755,0.9416984944806993,0.9388663174495306,0.0,0.0,0.0,0.0,0.066,0.066,-1.226989877831571,-1.226989877831571
2016.0,312.0,18.5,0.0,0.0,0.0,0.0,0.0,0.0,0.0,0.0,0.0,0.0,0.0,0.0,0.0,0.0,4.9525953550413755,0.9416984944806993,0.9388663174495306,0.0,0.0,0.0,0.0,0.066,0.066,-1.226989877831571,-1.226989877831571
2016.0,312.0,19.0,0.0,0.0,0.0,0.0,0.0,0.0,0.0,0.0,0.0,0.0,0.0,0.0,0.0,0.0,4.9525953550413755,0.9416984944806993,0.9388663174495306,0.0,0.0,0.0,0.0,0.066,0.066,-1.226989877831571,-1.226989877831571
2016.0,312.0,19.5,0.0,0.0,0.0,0.0,0.0,0.0,0.0,0.0,0.0,0.0,0.0,0.0,0.0,0.0,4.9525953550413755,0.9416984944806993,0.9388663174495306,0.0,0.0,0.0,0.0,0.065,0.065,-1.3589616101865312,-1.3589616101865312
2016.0,312.0,20.0,0.0,0.0,0.0,0.0,0.0,0.0,0.0,0.0,0.0,0.0,0.0,0.0,0.0,0.0,4.9525953550413755,0.9416984944806993,0.9388663174495306,0.0,0.0,0.0,0.0,0.0655,0.0655,-1.2910391583979828,-1.2910391583979828
2016.0,312.0,20.5,0.0,0.0,0.0,0.0,0.0,0.0,0.0,0.0,0.0,0.0,0.0,0.0,0.0,0.0,4.9525953550413755,0.9416984944806993,0.9388663174495306,0.0,0.0,0.0,0.0,0.066,0.066,-1.226989877831571,-1.226989877831571
2016.0,312.0,21.0,0.0,0.0,0.0,0.0,0.0,0.0,0.0,0.0,0.0,0.0,0.0,0.0,0.0,0.0,4.9525953550413755,0.9416984944806993,0.9388663174495306,0.0,0.0,0.0,0.0,0.066,0.066,-1.226989877831571,-1.226989877831571
2016.0,312.0,21.5,0.0,0.0,0.0,0.0,0.0,0.0,0.0,0.0,0.0,0.0,0.0,0.0,0.0,0.0,4.9525953550413755,0.9416984944806993,0.9388663174495306,0.0,0.0,0.0,0.0,0.0655,0.0655,-1.2910391583979828,-1.2910391583979828
2016.0,312.0,22.0,0.0,0.0,0.0,0.0,0.0,0.0,0.0,0.0,0.0,0.0,0.0,0.0,0.0,0.0,4.9525953550413755,0.9416984944806993,0.9388663174495306,0.0,0.0,0.0,0.0,0.065,0.065,-1.3589616101865312,-1.3589616101865312
2016.0,312.0,22.5,0.0,0.0,0.0,0.0,0.0,0.0,0.0,0.0,0.0,0.0,0.0,0.0,0.0,0.0,4.9525953550413755,0.9416984944806993,0.9388663174495306,0.0,0.0,0.0,0.0,0.065,0.065,-1.3589616101865312,-1.3589616101865312
2016.0,312.0,23.0,0.0,0.0,0.0,0.0,0.0,0.0,0.0,0.0,0.0,0.0,0.0,0.0,0.0,0.0,4.9525953550413755,0.9416984944806993,0.9388663174495306,0.0,0.0,0.0,0.0,0.065,0.065,-1.3589616101865312,-1.3589616101865312
2016.0,312.0,23.5,0.0,0.0,0.0,0.0,0.0,0.0,0.0,0.0,0.0,0.0,0.0,0.0,0.0,0.0,4.9525953550413755,0.9416984944806993,0.9388663174495306,0.0,0.0,0.0,0.0,0.065,0.065,-1.3589616101865312,-1.3589616101865312
2016.0,313.0,0.0,0.0,0.0,0.0,0.0,0.0,0.0,0.0,0.0,0.0,0.0,0.0,0.0,0.0,0.0,4.9525953550413755,0.9416984944806993,0.9388663174495306,0.0,0.0,0.0,0.0,0.065,0.065,-1.3589616101865312,-1.3589616101865312
2016.0,313.0,0.5,0.0,0.0,0.0,0.0,0.0,0.0,0.0,0.0,0.0,0.0,0.0,0.0,0.0,0.0,4.9525953550413755,0.9416984944806993,0.9388663174495306,0.0,0.0,0.0,0.0,0.065,0.065,-1.3589616101865312,-1.3589616101865312
2016.0,313.0,1.0,0.0,0.0,0.0,0.0,0.0,0.0,0.0,0.0,0.0,0.0,0.0,0.0,0.0,0.0,4.9525953550413755,0.9416984944806993,0.9388663174495306,0.0,0.0,0.0,0.0,0.065,0.065,-1.3589616101865312,-1.3589616101865312
2016.0,313.0,1.5,0.0,0.0,0.0,0.0,0.0,0.0,0.0,0.0,0.0,0.0,0.0,0.0,0.0,0.0,4.9525953550413755,0.9416984944806993,0.9388663174495306,0.0,0.0,0.0,0.0,0.065,0.065,-1.3589616101865312,-1.3589616101865312
2016.0,313.0,2.0,0.0,0.0,0.0,0.0,0.0,0.0,0.0,0.0,0.0,0.0,0.0,0.0,0.0,0.0,4.9525953550413755,0.9416984944806993,0.9388663174495306,0.0,0.0,0.0,0.0,0.065,0.065,-1.3589616101865312,-1.3589616101865312
2016.0,313.0,2.5,0.0,0.0,0.0,0.0,0.0,0.0,0.0,0.0,0.0,0.0,0.0,0.0,0.0,0.0,4.9525953550413755,0.9416984944806993,0.9388663174495306,0.0,0.0,0.0,0.0,0.065,0.065,-1.3589616101865312,-1.3589616101865312
2016.0,313.0,3.0,0.0,0.0,0.0,0.0,0.0,0.0,0.0,0.0,0.0,0.0,0.0,0.0,0.0,0.0,4.9525953550413755,0.9416984944806993,0.9388663174495306,0.0,0.0,0.0,0.0,0.065,0.065,-1.3589616101865312,-1.3589616101865312
2016.0,313.0,3.5,0.0,0.0,0.0,0.0,0.0,0.0,0.0,0.0,0.0,0.0,0.0,0.0,0.0,0.0,4.9525953550413755,0.9416984944806993,0.9388663174495306,0.0,0.0,0.0,0.0,0.065,0.065,-1.3589616101865312,-1.3589616101865312
2016.0,313.0,4.0,0.0,0.0,0.0,0.0,0.0,0.0,0.0,0.0,0.0,0.0,0.0,0.0,0.0,0.0,4.9525953550413755,0.9416984944806993,0.9388663174495306,0.0,0.0,0.0,0.0,0.065,0.065,-1.3589616101865312,-1.3589616101865312
2016.0,313.0,4.5,0.0,0.0,0.0,0.0,0.0,0.0,0.0,0.0,0.0,0.0,0.0,0.0,0.0,0.0,4.9525953550413755,0.9416984944806993,0.9388663174495306,0.0,0.0,0.0,0.0,0.065,0.065,-1.3589616101865312,-1.3589616101865312
2016.0,313.0,5.0,0.0,0.0,0.0,0.0,0.0,0.0,0.0,0.0,0.0,0.0,0.0,0.0,0.0,0.0,4.9525953550413755,0.9416984944806993,0.9388663174495306,0.0,0.0,0.0,0.0,0.065,0.065,-1.3589616101865312,-1.3589616101865312
2016,313,5.5,0.0,0.0,0.0,0.0,0.0,0.0,0.0,0.0,0.0,0.0,0.0,0.0,True,True,4.91250562077253,0.9416984944806993,0.9388663174495306,0.0,0.0,9.139887841767746e-05,9.139887841767746e-05,0.065,0.065,-1.3589616101865312,-1.3589616101865312
2016,313,6.0,2.6767270115771336,0.0,0.21097595894547397,0.0,36.207966570506706,0.0,0.05500032955249666,0.0,0.0,0.0,16.41733074,0.0,False,0.0,4.91250562077253,0.9416984944806993,0.9388663174495306,0.0,0.0,0.0024115920461111285,0.0024115920461111285,0.065,0.065,-1.3589616101865312,-1.3589616101865312
2016,313,6.5,3.252244847902621,3.364445489288452,0.299526373786046,0.704424602808246,35.35706462701524,40.40616639003541,0.060208518686356544,0.14578190341917038,0.0,-1.5781139125155867,18.06468821,18.054237282542,False,False,4.91250562077253,0.9497822187559118,0.9388663174495306,0.0,0.0,0.0021841823181829837,0.0021841823181829837,0.065,0.065,-1.3589616101865312,-1.3589616101865312
2016,313,7.0,2.1600428280130473,2.272697842938148,0.22184036051128303,0.7603014106719558,34.70485132262509,41.34150136600726,0.03734919242695486,0.1320426267093401,0.0,-1.5468064407542932,18.33193055591815,18.317720874213762,False,False,4.91250562077253,0.9522575659586197,0.9388663174495306,0.0,0.0,0.000479285336406321,0.000479285336406321,0.065,0.065,-1.3589616101865312,-1.3589616101865312
2016,313,7.5,1.9931613190201136,2.103672128754792,0.2108285684643906,0.7437848726600165,34.52874123011521,41.34561911160928,0.03383697783768691,0.12219567015188426,0.0,-1.5154989689929994,18.203855894127564,18.202507757592066,False,False,4.91250562077253,0.9546608112105203,0.9388663174495306,0.0,0.0,0.0002765719228646643,0.0002765719228646643,0.065,0.065,-1.3589616101865312,-1.3589616101865312
2016,313,8.0,3.1637482098284653,3.340533400668175,0.3604787795010609,1.164830184755757,34.021154561163634,40.90766873269521,0.05114505920376528,0.17019606454729264,0.0,-1.5781139125155867,18.844512745264336,18.833553371126396,False,False,4.91250562077253,0.9497822187559118,0.9388663174495306,0.0,0.0,0.001954384661651431,0.001954384661651431,0.065,0.065,-1.3589616101865312,-1.3589616101865312
2016,313,8.5,4.616442458170646,4.830969463420468,0.5090548289868353,1.2668307441792077,34.23349420612904,40.0558115774232,0.07558116268145065,0.19262093556998708,0.0,-1.5781139125155867,19.38299084,19.378568729947318,False,False,4.91250562077253,0.9497822187559118,0.9388663174495306,0.0,0.0,0.00427327680203113,0.00427327680203113,0.065,0.065,-1.3589616101865312,-1.3589616101865312
2016,313,9.0,3.217515464021264,3.413768628630174,0.3675606239023436,1.348116993893797,33.99836314813085,41.23693308553168,0.052034584029512505,0.1974260261114534,0.0,-1.5781139125155867,19.39871665499993,19.412347917484208,False,False,4.91250562077253,0.9497822187559118,0.9388663174495306,0.0,0.0,0.002504730022881801,0.002504730022881801,0.065,0.065,-1.3589616101865312,-1.3589616101865312
2016,313,9.5,2.416940766586665,2.5720755471060404,0.25559408952196927,1.0106927875902294,34.50711777968788,41.58696572960513,0.04097920315997773,0.16673980856857637,0.0,-1.5154989689929994,19.320966798085866,19.317475577846707,False,False,4.91250562077253,0.9546608112105203,0.9388663174495306,0.0,0.0,0.0017491783513514606,0.0017491783513514606,0.065,0.065,-1.3589616101865312,-1.3589616101865312
2016,313,10.0,4.914495409759965,5.193002298917398,0.5621322862421523,1.6665005400618667,34.002514350844294,40.5472486082578,0.07859263841788944,0.24107646720775264,0.0,-1.6094213842768803,20.45721531,20.45382493482551,False,False,4.91250562077253,0.9472344415788331,0.9388663174495306,0.0,0.0,0.00566434847060207,0.00566434847060207,0.065,0.065,-1.3589616101865312,-1.3589616101865312
2016,313,10.5,11.313785942094729,0.0,1.3802726273302675,0.0,33.2442312121011,0.0,0.17381430223980907,0.0,0.0,0.0,349.57246708000446,0.0,False,0.0,4.91250562077253,0.9472344415788331,0.9388663174495306,0.0,0.0,0.016717830007526274,0.016717830007526274,0.065,0.065,-1.3589616101865312,-1.3589616101865312
2016,313,11.0,12.451536267051932,21.822219736334674,1.8948848023057192,4.328267625557201,31.770331744726217,39.277576753001085,0.16808814129660057,0.1837174204451789,0.0,-1.6876900636801144,652.6946203980178,21.32554046669301,False,False,4.91250562077253,0.9242165868192079,0.9546608112105203,0.0,0.0,0.018563919244487817,0.018563919244487817,0.065,0.065,-1.3589616101865312,-1.3589616101865312
2016,313,11.5,9.764336131153183,18.114784554619128,1.7495789016144383,4.754284712618748,30.765963629519494,39.41787481590327,0.12068160054998815,0.1596444261501597,0.0,-1.7189975354414082,1169.5629142861812,23.213591009211985,False,False,4.91250562077253,0.9177251682554579,0.9546608112105203,0.0,0.0,0.016122415454757632,0.016122415454757632,0.065,0.065,-1.3589616101865312,-1.3589616101865312
2016,313,12.0,13.325458859618704,23.458904135096653,2.4454245444924676,5.145492351388552,30.464197387724035,38.14719885734807,0.1626254719971301,0.16137378658933604,0.0,-1.750305007202702,1250.0601068457395,23.607596610594733,False,False,4.91250562077253,0.9143687607888937,0.9522575659586197,0.0,0.0,0.022841344371505125,0.022841344371505125,0.065,0.065,-1.3589616101865312,-1.3589616101865312
2016,313,12.5,15.614618653868721,26.602160681950657,3.35610039533019,6.724738074013013,29.2736026834177,37.167547501799135,0.1753819543333809,0.16993871643353906,0.0,-1.8755348942478764,2147.224830547358,25.92531349306421,False,False,4.91250562077253,0.8888195295955815,0.9497822187559118,0.0,0.0,0.031916947510143914,0.031916947510143914,0.065,0.065,-1.3589616101865312,-1.3589616101865312
2016,313,13.0,5.638100059713402,6.599679464755804,1.2444457665740905,3.5639310903635204,29.44566744267656,38.252609242399174,0.06260969065554747,0.18317283239539192,0.0,-1.8911886301285232,28.984358254702702,28.932642542805052,False,False,4.91250562077253,0.9210077935808413,0.9497822187559118,0.0,0.0,0.007675407523292787,0.007675407523292787,0.065,0.065,-1.3589616101865312,-1.3589616101865312
2016,313,13.5,6.709782705051708,0.0,1.4699046301734868,0.0,29.461841278657147,0.0,0.07478200600876574,0.0,0.0,0.0,1652.1428916700963,0.0,False,0.0,4.91250562077253,0.9210077935808413,0.9497822187559118,0.0,0.0,0.00870333054122398,0.00870333054122398,0.065,0.065,-1.3589616101865312,-1.3589616101865312
2016,313,14.0,4.671975547775558,5.55793350496973,1.0463017761387063,3.3463084428333754,29.376218168739562,38.69024732921602,0.05151094127326001,0.16929668479218668,0.0,-1.8911886301285232,29.622971290754542,29.612701351686596,False,False,4.91250562077253,0.9210077935808413,0.9497822187559118,0.0,0.0,0.006281253408384158,0.006281253408384158,0.065,0.065,-1.3589616101865312,-1.3589616101865312
2016,313,14.5,4.53612357120047,5.1969801687567205,0.8540263500862524,2.6349075769514267,30.688158991568752,39.186613669173774,0.05441232860944982,0.17105642317098022,0.0,-1.7972662148446423,27.83466578,27.794672673593215,False,False,4.91250562077253,0.9304126512833715,0.9497822187559118,0.0,0.0,0.005207827332739491,0.005207827332739491,0.065,0.065,-1.3589616101865312,-1.3589616101865312
2016,313,15.0,1.2840549930960927,1.5426433321690172,0.21181226840213166,1.242213789301719,31.671038642229792,41.60050822623591,0.016675135363671274,0.09972496089532512,0.0,-1.5781139125155867,25.207921819178456,25.204760867089817,False,False,4.91250562077253,0.9497822187559118,0.9497822187559118,0.0,0.0,0.00047490568115937773,0.00047490568115937773,0.065,0.065,-1.3589616101865312,-1.3589616101865312
2016,313,15.5,0.0,0.0,0.0,0.0,0.0,0.0,0.0,0.0,0.0,0.0,0.0,0.0,True,True,4.91250562077253,0.9497822187559118,0.9497822187559118,0.0,0.0,0.0,0.0,0.065,0.065,-1.3589616101865312,-1.3589616101865312
2016.0,313.0,16.0,0.0,0.0,0.0,0.0,0.0,0.0,0.0,0.0,0.0,0.0,0.0,0.0,0.0,0.0,4.91250562077253,0.9497822187559118,0.9497822187559118,0.0,0.0,0.0,0.0,0.065,0.065,-1.3589616101865312,-1.3589616101865312
2016.0,313.0,16.5,0.0,0.0,0.0,0.0,0.0,0.0,0.0,0.0,0.0,0.0,0.0,0.0,0.0,0.0,4.91250562077253,0.9497822187559118,0.9497822187559118,0.0,0.0,0.0,0.0,0.065,0.065,-1.3589616101865312,-1.3589616101865312
2016.0,313.0,17.0,0.0,0.0,0.0,0.0,0.0,0.0,0.0,0.0,0.0,0.0,0.0,0.0,0.0,0.0,4.91250562077253,0.9497822187559118,0.9497822187559118,0.0,0.0,0.0,0.0,0.065,0.065,-1.3589616101865312,-1.3589616101865312
2016.0,313.0,17.5,0.0,0.0,0.0,0.0,0.0,0.0,0.0,0.0,0.0,0.0,0.0,0.0,0.0,0.0,4.91250562077253,0.9497822187559118,0.9497822187559118,0.0,0.0,0.0,0.0,0.065,0.065,-1.3589616101865312,-1.3589616101865312
2016.0,313.0,18.0,0.0,0.0,0.0,0.0,0.0,0.0,0.0,0.0,0.0,0.0,0.0,0.0,0.0,0.0,4.91250562077253,0.9497822187559118,0.9497822187559118,0.0,0.0,0.0,0.0,0.065,0.065,-1.3589616101865312,-1.3589616101865312
2016.0,313.0,18.5,0.0,0.0,0.0,0.0,0.0,0.0,0.0,0.0,0.0,0.0,0.0,0.0,0.0,0.0,4.91250562077253,0.9497822187559118,0.9497822187559118,0.0,0.0,0.0,0.0,0.065,0.065,-1.3589616101865312,-1.3589616101865312
2016.0,313.0,19.0,0.0,0.0,0.0,0.0,0.0,0.0,0.0,0.0,0.0,0.0,0.0,0.0,0.0,0.0,4.91250562077253,0.9497822187559118,0.9497822187559118,0.0,0.0,0.0,0.0,0.065,0.065,-1.3589616101865312,-1.3589616101865312
2016.0,313.0,19.5,0.0,0.0,0.0,0.0,0.0,0.0,0.0,0.0,0.0,0.0,0.0,0.0,0.0,0.0,4.91250562077253,0.9497822187559118,0.9497822187559118,0.0,0.0,0.0,0.0,0.065,0.065,-1.3589616101865312,-1.3589616101865312
2016.0,313.0,20.0,0.0,0.0,0.0,0.0,0.0,0.0,0.0,0.0,0.0,0.0,0.0,0.0,0.0,0.0,4.91250562077253,0.9497822187559118,0.9497822187559118,0.0,0.0,0.0,0.0,0.065,0.065,-1.3589616101865312,-1.3589616101865312
2016.0,313.0,20.5,0.0,0.0,0.0,0.0,0.0,0.0,0.0,0.0,0.0,0.0,0.0,0.0,0.0,0.0,4.91250562077253,0.9497822187559118,0.9497822187559118,0.0,0.0,0.0,0.0,0.065,0.065,-1.3589616101865312,-1.3589616101865312
2016.0,313.0,21.0,0.0,0.0,0.0,0.0,0.0,0.0,0.0,0.0,0.0,0.0,0.0,0.0,0.0,0.0,4.91250562077253,0.9497822187559118,0.9497822187559118,0.0,0.0,0.0,0.0,0.065,0.065,-1.3589616101865312,-1.3589616101865312
2016.0,313.0,21.5,0.0,0.0,0.0,0.0,0.0,0.0,0.0,0.0,0.0,0.0,0.0,0.0,0.0,0.0,4.91250562077253,0.9497822187559118,0.9497822187559118,0.0,0.0,0.0,0.0,0.065,0.065,-1.3589616101865312,-1.3589616101865312
2016.0,313.0,22.0,0.0,0.0,0.0,0.0,0.0,0.0,0.0,0.0,0.0,0.0,0.0,0.0,0.0,0.0,4.91250562077253,0.9497822187559118,0.9497822187559118,0.0,0.0,0.0,0.0,0.065,0.065,-1.3589616101865312,-1.3589616101865312
2016.0,313.0,22.5,0.0,0.0,0.0,0.0,0.0,0.0,0.0,0.0,0.0,0.0,0.0,0.0,0.0,0.0,4.91250562077253,0.9497822187559118,0.9497822187559118,0.0,0.0,0.0,0.0,0.065,0.065,-1.3589616101865312,-1.3589616101865312
2016.0,313.0,23.0,0.0,0.0,0.0,0.0,0.0,0.0,0.0,0.0,0.0,0.0,0.0,0.0,0.0,0.0,4.91250562077253,0.9497822187559118,0.9497822187559118,0.0,0.0,0.0,0.0,0.065,0.065,-1.3589616101865312,-1.3589616101865312
2016.0,313.0,23.5,0.0,0.0,0.0,0.0,0.0,0.0,0.0,0.0,0.0,0.0,0.0,0.0,0.0,0.0,4.91250562077253,0.9497822187559118,0.9497822187559118,0.0,0.0,0.0,0.0,0.065,0.065,-1.3589616101865312,-1.3589616101865312
2016.0,314.0,0.0,0.0,0.0,0.0,0.0,0.0,0.0,0.0,0.0,0.0,0.0,0.0,0.0,0.0,0.0,4.91250562077253,0.9497822187559118,0.9497822187559118,0.0,0.0,0.0,0.0,0.065,0.065,-1.3589616101865312,-1.3589616101865312
2016.0,314.0,0.5,0.0,0.0,0.0,0.0,0.0,0.0,0.0,0.0,0.0,0.0,0.0,0.0,0.0,0.0,4.91250562077253,0.9497822187559118,0.9497822187559118,0.0,0.0,0.0,0.0,0.065,0.065,-1.3589616101865312,-1.3589616101865312
2016.0,314.0,1.0,0.0,0.0,0.0,0.0,0.0,0.0,0.0,0.0,0.0,0.0,0.0,0.0,0.0,0.0,4.91250562077253,0.9497822187559118,0.9497822187559118,0.0,0.0,0.0,0.0,0.065,0.065,-1.3589616101865312,-1.3589616101865312
2016.0,314.0,1.5,0.0,0.0,0.0,0.0,0.0,0.0,0.0,0.0,0.0,0.0,0.0,0.0,0.0,0.0,4.91250562077253,0.9497822187559118,0.9497822187559118,0.0,0.0,0.0,0.0,0.065,0.065,-1.3589616101865312,-1.3589616101865312
2016.0,314.0,2.0,0.0,0.0,0.0,0.0,0.0,0.0,0.0,0.0,0.0,0.0,0.0,0.0,0.0,0.0,4.91250562077253,0.9497822187559118,0.9497822187559118,0.0,0.0,0.0,0.0,0.065,0.065,-1.3589616101865312,-1.3589616101865312
2016.0,314.0,2.5,0.0,0.0,0.0,0.0,0.0,0.0,0.0,0.0,0.0,0.0,0.0,0.0,0.0,0.0,4.91250562077253,0.9497822187559118,0.9497822187559118,0.0,0.0,0.0,0.0,0.065,0.065,-1.3589616101865312,-1.3589616101865312
2016.0,314.0,3.0,0.0,0.0,0.0,0.0,0.0,0.0,0.0,0.0,0.0,0.0,0.0,0.0,0.0,0.0,4.91250562077253,0.9497822187559118,0.9497822187559118,0.0,0.0,0.0,0.0,0.065,0.065,-1.3589616101865312,-1.3589616101865312
2016.0,314.0,3.5,0.0,0.0,0.0,0.0,0.0,0.0,0.0,0.0,0.0,0.0,0.0,0.0,0.0,0.0,4.91250562077253,0.9497822187559118,0.9497822187559118,0.0,0.0,0.0,0.0,0.065,0.065,-1.3589616101865312,-1.3589616101865312
2016.0,314.0,4.0,0.0,0.0,0.0,0.0,0.0,0.0,0.0,0.0,0.0,0.0,0.0,0.0,0.0,0.0,4.91250562077253,0.9497822187559118,0.9497822187559118,0.0,0.0,0.0,0.0,0.065,0.065,-1.3589616101865312,-1.3589616101865312
2016.0,314.0,4.5,0.0,0.0,0.0,0.0,0.0,0.0,0.0,0.0,0.0,0.0,0.0,0.0,0.0,0.0,4.91250562077253,0.9497822187559118,0.9497822187559118,0.0,0.0,0.0,0.0,0.065,0.065,-1.3589616101865312,-1.3589616101865312
2016.0,314.0,5.0,0.0,0.0,0.0,0.0,0.0,0.0,0.0,0.0,0.0,0.0,0.0,0.0,0.0,0.0,4.91250562077253,0.9497822187559118,0.9497822187559118,0.0,0.0,0.0,0.0,0.065,0.065,-1.3589616101865312,-1.3589616101865312
2016.0,314.0,5.5,0.0,0.0,0.0,0.0,0.0,0.0,0.0,0.0,0.0,0.0,0.0,0.0,0.0,0.0,4.91250562077253,0.9497822187559118,0.9497822187559118,0.0,0.0,0.0,0.0,0.065,0.065,-1.3589616101865312,-1.3589616101865312
2016.0,314.0,6.0,0.0,0.0,0.0,0.0,0.0,0.0,0.0,0.0,0.0,0.0,0.0,0.0,0.0,0.0,4.91250562077253,0.9497822187559118,0.9497822187559118,0.0,0.0,0.0,0.0,0.065,0.065,-1.3589616101865312,-1.3589616101865312
2016,314,6.5,0.0,0.0,0.0,0.0,0.0,0.0,0.0,0.0,0.0,0.0,0.0,0.0,True,True,4.91250562077253,0.9497822187559118,0.9497822187559118,0.0,0.0,0.0,0.0,0.065,0.065,-1.3589616101865312,-1.3589616101865312
2016,314,7.0,0.0,0.0,0.0,0.0,0.0,0.0,0.0,0.0,0.0,0.0,0.0,0.0,True,True,4.91250562077253,0.9497822187559118,0.9497822187559118,0.0,0.0,0.00041773317508039045,0.00041773317508039045,0.065,0.065,-1.3589616101865312,-1.3589616101865312
2016,314,7.5,3.7221457124656823,3.8275621124009094,0.2242852355265307,0.5969763900709344,37.44645050784372,41.70590509671669,0.09338716471199911,0.26190963785641136,0.0,-1.4841914972317058,18.591391234096296,18.587957049953953,False,False,4.91250562077253,0.9569923161521736,0.9497822187559118,0.0,0.0,0.003574330885176865,0.003574330885176865,0.065,0.065,-1.3589616101865312,-1.3589616101865312
2016,314,8.0,8.14034002817953,9.338126912948864,0.529548353686194,1.24080007093197,36.86923951290845,41.09386118707863,0.19057552422217983,0.2282154084953334,0.0,-1.468537761351059,293.8684591278555,19.414219770512375,False,False,4.91250562077253,0.9522575659586197,0.9635605066335531,0.0,0.0,0.010016261084831678,0.010016261084831678,0.065,0.065,-1.3589616101865312,-1.3589616101865312
2016,314,8.5,8.39502499514714,15.727682524533762,0.6837641655611902,1.8901301694410564,35.71074848586772,40.96977819188888,0.16825647934075538,0.22691348300483272,0.0,-1.5154989689929994,431.40611874271235,19.92872826982761,False,False,4.91250562077253,0.9472344415788331,0.9614417188553311,0.0,0.0,0.01790136724190811,0.01790136724190811,0.065,0.065,-1.3589616101865312,-1.3589616101865312
2016,314,9.0,7.337092389066639,7.559723863090056,0.545457305820567,1.1575522719509526,36.25209447294107,40.448329097077966,0.1560274855755554,0.3454337819587839,0.0,-1.5468064407542932,19.891931204460697,19.883461,False,False,4.91250562077253,0.9522575659586197,0.9614417188553311,0.0,0.0,0.009268850560917733,0.009268850560917733,0.065,0.065,-1.3589616101865312,-1.3589616101865312
2016,314,9.5,18.269931674077814,27.068682607328924,1.6463663225516845,4.132856452998625,39.331081440993025,38.20019934014603,0.3367969951439192,1.7254648637867884,0.0,-1.734651271322055,482.6514099923791,23.802192451227082,False,False,4.91250562077253,0.936313657307867,0.936313657307867,0.0,0.0,0.03930996576003195,0.03930996576003195,0.065,0.065,-1.3589616101865312,-1.3589616101865312
2016,314,10.0,10.40682465412888,18.103416491441543,1.051102022120341,2.4616839911735555,39.18667328785731,40.45411685454235,0.1797735548048554,0.20824619766730512,0.0,-1.5468064407542932,373.5979989819337,19.23352873226255,False,False,4.91250562077253,0.9419204541650603,0.9614417188553311,0.0,0.0,0.02031480164997904,0.02031480164997904,0.065,0.065,-1.3589616101865312,-1.3589616101865312
2016,314,10.5,5.8612583980681165,6.2154586399401115,0.6834934816566501,1.9179245515903218,33.75367031571829,40.295348404647704,0.09330093018725769,0.27310111799417397,0.0,-1.640728856038174,21.843622285606262,21.853100838353956,False,False,4.91250562077253,0.9446139401669841,0.9614417188553311,0.0,0.0,0.008073013325812149,0.008073013325812149,0.065,0.065,-1.3589616101865312,-1.3589616101865312
2016,314,11.0,7.228009927493732,7.676013008544041,0.8719001676170258,2.161499217530605,33.483575960392045,39.71043005717807,0.112540083070922,0.2874209326549809,0.0,-1.6720363277994679,22.89733475752909,22.88779689413608,False,False,4.91250562077253,0.9419204541650603,0.9614417188553311,0.0,0.0,0.011146476230226687,0.011146476230226687,0.065,0.065,-1.3589616101865312,-1.3589616101865312
2016,314,11.5,7.704816084660708,8.137410565976152,0.8869288463007495,2.173954051984121,33.754365264370634,39.7651727548232,0.123056788842204,0.3145238318160946,0.0,-1.6720363277994679,22.295239855236883,22.283312401879996,False,False,4.91250562077253,0.9419204541650603,0.9614417188553311,0.0,0.0,0.009705783706730645,0.009705783706730645,0.065,0.065,-1.3589616101865312,-1.3589616101865312
2016,314,12.0,14.659199452227297,24.51648673774656,1.8997377559425936,4.14512013491698,32.71775373368791,39.509740265435084,0.21712140801406818,0.22739848873842716,0.0,-1.6720363277994679,659.0339027551425,21.911257576944593,False,False,4.91250562077253,0.9273515328426868,0.9546608112105203,0.0,0.0,0.027456782494669072,0.027456782494669072,0.065,0.065,-1.3589616101865312,-1.3589616101865312
2016,314,12.5,11.24819166309442,19.811152031397175,1.582656814402283,3.939195416461065,38.14157639821809,39.766147334924625,0.1588838573895496,0.19209284667359694,0.0,-1.6563825919188209,308.5223060910879,21.48480138565552,False,False,4.91250562077253,0.9273515328426868,0.9569923161521736,0.0,0.0,0.016524904544840797,0.016524904544840797,0.065,0.065,-1.3589616101865312,-1.3589616101865312
2016,314,13.0,8.85399015319665,0.0,1.22415069074439,0.0,32.544458284133185,0.0,0.1265555095077518,0.0,0.0,0.0,740.5412922366576,0.0,False,0.0,4.91250562077253,0.9273515328426868,0.9569923161521736,0.0,0.0,0.009864997156601364,0.009864997156601364,0.065,0.065,-1.3589616101865312,-1.3589616101865312
2016,314,13.5,4.9033044562407255,5.269049526605052,0.6107942506644147,1.8609475357701533,33.49061392881049,40.42549569943708,0.07457597195428016,0.23529903696513282,0.0,-1.640728856038174,23.18224621,23.166505459226155,False,False,4.91250562077253,0.9446139401669841,0.9569923161521736,0.0,0.0,0.004664271331837867,0.004664271331837867,0.065,0.065,-1.3589616101865312,-1.3589616101865312
2016,314,14.0,3.3274414361468283,3.5675258895388042,0.37101772956014023,1.3490519854936804,34.18819678352028,41.18204454284555,0.05422463334471047,0.20345233679279964,0.0,-1.7214405675138755,22.15999699,22.163535298717896,False,False,4.859865340624669,0.9375210471070988,0.9569923161521736,0.0,0.0,0.0027054269909599824,0.0027054269909599824,0.064,0.064,-1.5075137161482992,-1.5075137161482992
2016,314,14.5,2.762246181991139,2.9480024055508904,0.2731045924173424,0.9200230039507284,34.89440720253419,41.35177449493328,0.04889222464706038,0.1669225685459641,0.0,-1.6603186099808538,21.260571357458886,21.222188389838184,False,False,4.859865340624669,0.942937129817367,0.9569923161521736,0.0,0.0,0.001956307438862876,0.001956307438862876,0.064,0.064,-1.5075137161482992,-1.5075137161482992
2016.0,314.0,15.0,0.0,0.0,0.0,0.0,0.0,0.0,0.0,0.0,0.0,0.0,0.0,0.0,0.0,0.0,4.859865340624669,0.942937129817367,0.9569923161521736,0.0,0.0,0.0,0.0,0.064,0.064,-1.5075137161482992,-1.5075137161482992
2016.0,314.0,15.5,0.0,0.0,0.0,0.0,0.0,0.0,0.0,0.0,0.0,0.0,0.0,0.0,0.0,0.0,4.859865340624669,0.942937129817367,0.9569923161521736,0.0,0.0,0.0,0.0,0.064,0.064,-1.5075137161482992,-1.5075137161482992
2016.0,314.0,16.0,0.0,0.0,0.0,0.0,0.0,0.0,0.0,0.0,0.0,0.0,0.0,0.0,0.0,0.0,4.859865340624669,0.942937129817367,0.9569923161521736,0.0,0.0,0.0,0.0,0.064,0.064,-1.5075137161482992,-1.5075137161482992
2016.0,314.0,16.5,0.0,0.0,0.0,0.0,0.0,0.0,0.0,0.0,0.0,0.0,0.0,0.0,0.0,0.0,4.859865340624669,0.942937129817367,0.9569923161521736,0.0,0.0,0.0,0.0,0.064,0.064,-1.5075137161482992,-1.5075137161482992
2016.0,314.0,17.0,0.0,0.0,0.0,0.0,0.0,0.0,0.0,0.0,0.0,0.0,0.0,0.0,0.0,0.0,4.859865340624669,0.942937129817367,0.9569923161521736,0.0,0.0,0.0,0.0,0.064,0.064,-1.5075137161482992,-1.5075137161482992
2016.0,314.0,17.5,0.0,0.0,0.0,0.0,0.0,0.0,0.0,0.0,0.0,0.0,0.0,0.0,0.0,0.0,4.859865340624669,0.942937129817367,0.9569923161521736,0.0,0.0,0.0,0.0,0.064,0.064,-1.5075137161482992,-1.5075137161482992
2016.0,314.0,18.0,0.0,0.0,0.0,0.0,0.0,0.0,0.0,0.0,0.0,0.0,0.0,0.0,0.0,0.0,4.859865340624669,0.942937129817367,0.9569923161521736,0.0,0.0,0.0,0.0,0.064,0.064,-1.5075137161482992,-1.5075137161482992
2016.0,314.0,18.5,0.0,0.0,0.0,0.0,0.0,0.0,0.0,0.0,0.0,0.0,0.0,0.0,0.0,0.0,4.859865340624669,0.942937129817367,0.9569923161521736,0.0,0.0,0.0,0.0,0.064,0.064,-1.5075137161482992,-1.5075137161482992
2016.0,314.0,19.0,0.0,0.0,0.0,0.0,0.0,0.0,0.0,0.0,0.0,0.0,0.0,0.0,0.0,0.0,4.859865340624669,0.942937129817367,0.9569923161521736,0.0,0.0,0.0,0.0,0.064,0.064,-1.5075137161482992,-1.5075137161482992
2016.0,314.0,19.5,0.0,0.0,0.0,0.0,0.0,0.0,0.0,0.0,0.0,0.0,0.0,0.0,0.0,0.0,4.859865340624669,0.942937129817367,0.9569923161521736,0.0,0.0,0.0,0.0,0.064,0.064,-1.5075137161482992,-1.5075137161482992
2016.0,314.0,20.0,0.0,0.0,0.0,0.0,0.0,0.0,0.0,0.0,0.0,0.0,0.0,0.0,0.0,0.0,4.859865340624669,0.942937129817367,0.9569923161521736,0.0,0.0,0.0,0.0,0.064,0.064,-1.5075137161482992,-1.5075137161482992
2016.0,314.0,20.5,0.0,0.0,0.0,0.0,0.0,0.0,0.0,0.0,0.0,0.0,0.0,0.0,0.0,0.0,4.859865340624669,0.942937129817367,0.9569923161521736,0.0,0.0,0.0,0.0,0.064,0.064,-1.5075137161482992,-1.5075137161482992
2016.0,314.0,21.0,0.0,0.0,0.0,0.0,0.0,0.0,0.0,0.0,0.0,0.0,0.0,0.0,0.0,0.0,4.859865340624669,0.942937129817367,0.9569923161521736,0.0,0.0,0.0,0.0,0.064,0.064,-1.5075137161482992,-1.5075137161482992
2016.0,314.0,21.5,0.0,0.0,0.0,0.0,0.0,0.0,0.0,0.0,0.0,0.0,0.0,0.0,0.0,0.0,4.859865340624669,0.942937129817367,0.9569923161521736,0.0,0.0,0.0,0.0,0.064,0.064,-1.5075137161482992,-1.5075137161482992
2016.0,314.0,22.0,0.0,0.0,0.0,0.0,0.0,0.0,0.0,0.0,0.0,0.0,0.0,0.0,0.0,0.0,4.859865340624669,0.942937129817367,0.9569923161521736,0.0,0.0,0.0,0.0,0.064,0.064,-1.5075137161482992,-1.5075137161482992
2016.0,314.0,22.5,0.0,0.0,0.0,0.0,0.0,0.0,0.0,0.0,0.0,0.0,0.0,0.0,0.0,0.0,4.859865340624669,0.942937129817367,0.9569923161521736,0.0,0.0,0.0,0.0,0.064,0.064,-1.5075137161482992,-1.5075137161482992
2016.0,314.0,23.0,0.0,0.0,0.0,0.0,0.0,0.0,0.0,0.0,0.0,0.0,0.0,0.0,0.0,0.0,4.859865340624669,0.942937129817367,0.9569923161521736,0.0,0.0,0.0,0.0,0.064,0.064,-1.5075137161482992,-1.5075137161482992
2016.0,314.0,23.5,0.0,0.0,0.0,0.0,0.0,0.0,0.0,0.0,0.0,0.0,0.0,0.0,0.0,0.0,4.859865340624669,0.942937129817367,0.9569923161521736,0.0,0.0,0.0,0.0,0.064,0.064,-1.5075137161482992,-1.5075137161482992
2016.0,315.0,0.0,0.0,0.0,0.0,0.0,0.0,0.0,0.0,0.0,0.0,0.0,0.0,0.0,0.0,0.0,4.859865340624669,0.942937129817367,0.9569923161521736,0.0,0.0,0.0,0.0,0.064,0.064,-1.5075137161482992,-1.5075137161482992
2016.0,315.0,0.5,0.0,0.0,0.0,0.0,0.0,0.0,0.0,0.0,0.0,0.0,0.0,0.0,0.0,0.0,4.859865340624669,0.942937129817367,0.9569923161521736,0.0,0.0,0.0,0.0,0.064,0.064,-1.5075137161482992,-1.5075137161482992
2016.0,315.0,1.0,0.0,0.0,0.0,0.0,0.0,0.0,0.0,0.0,0.0,0.0,0.0,0.0,0.0,0.0,4.859865340624669,0.942937129817367,0.9569923161521736,0.0,0.0,0.0,0.0,0.064,0.064,-1.5075137161482992,-1.5075137161482992
2016.0,315.0,1.5,0.0,0.0,0.0,0.0,0.0,0.0,0.0,0.0,0.0,0.0,0.0,0.0,0.0,0.0,4.859865340624669,0.942937129817367,0.9569923161521736,0.0,0.0,0.0,0.0,0.064,0.064,-1.5075137161482992,-1.5075137161482992
2016.0,315.0,2.0,0.0,0.0,0.0,0.0,0.0,0.0,0.0,0.0,0.0,0.0,0.0,0.0,0.0,0.0,4.859865340624669,0.942937129817367,0.9569923161521736,0.0,0.0,0.0,0.0,0.064,0.064,-1.5075137161482992,-1.5075137161482992
2016.0,315.0,2.5,0.0,0.0,0.0,0.0,0.0,0.0,0.0,0.0,0.0,0.0,0.0,0.0,0.0,0.0,4.859865340624669,0.942937129817367,0.9569923161521736,0.0,0.0,0.0,0.0,0.064,0.064,-1.5075137161482992,-1.5075137161482992
2016.0,315.0,3.0,0.0,0.0,0.0,0.0,0.0,0.0,0.0,0.0,0.0,0.0,0.0,0.0,0.0,0.0,4.859865340624669,0.942937129817367,0.9569923161521736,0.0,0.0,0.0,0.0,0.064,0.064,-1.5075137161482992,-1.5075137161482992
2016.0,315.0,3.5,0.0,0.0,0.0,0.0,0.0,0.0,0.0,0.0,0.0,0.0,0.0,0.0,0.0,0.0,4.859865340624669,0.942937129817367,0.9569923161521736,0.0,0.0,0.0,0.0,0.064,0.064,-1.5075137161482992,-1.5075137161482992
2016.0,315.0,4.0,0.0,0.0,0.0,0.0,0.0,0.0,0.0,0.0,0.0,0.0,0.0,0.0,0.0,0.0,4.859865340624669,0.942937129817367,0.9569923161521736,0.0,0.0,0.0,0.0,0.064,0.064,-1.5075137161482992,-1.5075137161482992
2016.0,315.0,4.5,0.0,0.0,0.0,0.0,0.0,0.0,0.0,0.0,0.0,0.0,0.0,0.0,0.0,0.0,4.859865340624669,0.942937129817367,0.9569923161521736,0.0,0.0,0.0,0.0,0.064,0.064,-1.5075137161482992,-1.5075137161482992
2016.0,315.0,5.0,0.0,0.0,0.0,0.0,0.0,0.0,0.0,0.0,0.0,0.0,0.0,0.0,0.0,0.0,4.859865340624669,0.942937129817367,0.9569923161521736,0.0,0.0,0.0,0.0,0.064,0.064,-1.5075137161482992,-1.5075137161482992
2016,315,5.5,0.0,0.0,0.0,0.0,0.0,0.0,0.0,0.0,0.0,0.0,0.0,0.0,True,True,4.859865340624669,0.942937129817367,0.9569923161521736,0.0,0.0,0.0,0.0,0.064,0.064,-1.5075137161482992,-1.5075137161482992
2016,315,6.0,0.0,0.0,0.0,0.0,0.0,0.0,0.0,0.0,0.0,0.0,0.0,0.0,True,True,4.859865340624669,0.942937129817367,0.9569923161521736,0.0,0.0,0.0001530243090137295,0.0001530243090137295,0.064,0.064,-1.5075137161482992,-1.5075137161482992
2016,315,6.5,2.832695712258723,2.8830365689847812,0.1367044890127277,0.2954925549208037,38.47511056201818,41.72005586067314,0.0840688046056255,0.1883024137737365,0.0,-1.5991966524478318,16.21876245233176,16.21153879,False,False,4.859865340624669,0.9480745056038853,0.9569923161521736,0.0,0.0,0.0022597031948404455,0.0022597031948404455,0.064,0.064,-1.5075137161482992,-1.5075137161482992
2016,315,7.0,5.403234447930248,5.49225118008037,0.26074865672585196,0.49399335148167134,38.29982661234434,41.31378768360382,0.16023295708331134,0.3182383453980442,0.0,-1.629757631214343,16.72829460586681,16.71491617695544,False,False,4.859865340624669,0.9455405489506958,0.9569923161521736,0.0,0.0,0.005511401378422781,0.005511401378422781,0.064,0.064,-1.5075137161482992,-1.5075137161482992
2016,315,7.5,7.020345794037929,13.851145973240833,0.38393742227748606,1.6785853538887088,37.715653515415646,40.871396683303914,0.1873686388739881,3.1475497663882326,0.0,-1.6603186099808538,188.010622850725,17.914912071818186,False,False,4.859865340624669,0.942937129817367,0.942937129817367,0.0,0.0,0.013877368129146748,0.013877368129146748,0.064,0.064,-1.5075137161482992,-1.5075137161482992
2016,315,8.0,13.557647345604591,22.224531370768315,0.7940241802973994,2.3384395794039605,37.089195690554405,39.868540740157954,0.33784564951650164,3.157856972382099,0.0,-1.7214405675138755,207.92827504888146,19.131465265821216,False,False,4.859865340624669,0.9375210471070988,0.9375210471070988,0.0,0.0,0.02549913415300231,0.02549913415300231,0.064,0.064,-1.5075137161482992,-1.5075137161482992
2016,315,8.5,15.614850137120937,24.460909007755163,1.0670232696964432,2.952276539982748,40.11136190625878,39.29436175324642,0.34718549700044027,3.0596573957485416,0.0,-1.7825625250468973,275.48380293346526,20.77863816196796,False,False,4.859865340624669,0.931824853965321,0.931824853965321,0.0,0.0,0.030597254021934098,0.030597254021934098,0.064,0.064,-1.5075137161482992,-1.5075137161482992
2016,315,9.0,21.85939699814149,30.527473884196755,1.7006366915526385,3.7349229460363005,39.639896800091954,38.43830743389053,0.44124103274831405,2.782612416019652,0.0,-1.8589649719631747,379.9775437107551,22.27033566609846,False,False,4.859865340624669,0.9227535160681856,0.9258476460089563,0.0,0.0,0.04642619342943166,0.04642619342943166,0.064,0.064,-1.5075137161482992,-1.5075137161482992
2016,315,9.5,23.060650299617304,31.608536783627017,2.0054483387979096,4.115569721808386,39.32242338390631,37.650175582265646,0.4319619061494753,1.9700128689501444,0.0,-1.8895259507296855,456.80932434754476,23.349816219905513,False,False,4.859865340624669,0.919589020910671,0.9227535160681856,0.0,0.0,0.05111203112362908,0.05111203112362908,0.064,0.064,-1.5075137161482992,-1.5075137161482992
2016,315,10.0,22.701531901572846,30.693278682216658,2.6178534713763084,5.02750474331131,38.52839715787307,36.47468150689883,0.35696715400155327,1.87700489778106,0.0,-2.011769865795729,579.7411765482179,25.766777613266292,False,False,4.859865340624669,0.9062284335711335,0.9096737877212641,0.0,0.0,0.05285467619663468,0.05285467619663468,0.064,0.064,-1.5075137161482992,-1.5075137161482992
2016,315,10.5,21.104601993367517,30.67781037110041,2.759338830205186,6.202221653723762,38.17318316185428,37.052443340502904,0.3093625815847099,0.35450415787917855,0.0,-1.9964893764124736,713.4725110185641,24.53584041133744,False,False,4.859865340624669,0.8991281944499191,0.919589020910671,0.0,0.0,0.05013064082108233,0.05013064082108233,0.064,0.064,-1.5075137161482992,-1.5075137161482992
2016,315,11.0,18.334078979193716,28.855604073222292,2.657857112319834,4.384867917453357,31.84936060385207,37.82874173834611,0.2539126274136018,0.19830481240528877,0.0,-1.8436844825799192,864.945160069742,22.801154510966995,False,False,4.859865340624669,0.9062284335711335,0.942937129817367,0.0,0.0,0.04431334836070237,0.04431334836070237,0.064,0.064,-1.5075137161482992,-1.5075137161482992
2016,315,11.5,22.26759555543591,32.89795972412512,3.6771530903284746,5.755862950878307,30.840779529032687,37.23412736031833,0.2865060155315439,0.21510860218672434,0.0,-1.9506479082627073,1092.7935999872197,23.072618259951277,False,False,4.859865340624669,0.8840959344505933,0.940264026207143,0.0,0.0,0.048789729852311656,0.048789729852311656,0.064,0.064,-1.5075137161482992,-1.5075137161482992
2016,315,12.0,18.058614282694347,29.056232678457647,3.33105143043863,5.758753499840502,30.252428643231283,37.11316176115731,0.21914811514591503,0.1798619030396404,0.0,-1.9506479082627073,1336.9990311006295,23.882946637356085,False,False,4.859865340624669,0.8840959344505933,0.940264026207143,0.0,0.0,0.03224382049286647,0.03224382049286647,0.064,0.064,-1.5075137161482992,-1.5075137161482992
2016,315,12.5,18.89917540968481,29.965753517627824,3.600948095372433,6.115750451420012,36.97306919166744,36.82357878541366,0.2257561866104242,0.1856449982455095,0.0,-1.9812088870292182,1008.4936999242686,23.343911656278944,False,False,4.859865340624669,0.876168674176926,0.940264026207143,0.0,0.0,0.033396958167442405,0.033396958167442405,0.064,0.064,-1.5075137161482992,-1.5075137161482992
2016,315,13.0,11.972876565689194,22.044927929847354,2.4500027811598724,5.272945738345857,29.754546730180056,37.79570718612905,0.13811945449479657,0.14231117062454093,0.0,-1.9200869294961964,1268.2740785959816,23.470414063043684,False,False,4.859865340624669,0.89174998536585,0.940264026207143,0.0,0.0,0.02107324557622495,0.02107324557622495,0.064,0.064,-1.5075137161482992,-1.5075137161482992
2016,315,13.5,15.352563721825824,25.786894922250205,3.156098753664514,7.4167188471487755,29.598011753873806,34.340122071006164,0.1765640191041986,0.18952986385191437,0.0,-2.103452802095262,1512.2711624911822,23.754412694249094,False,False,4.859865340624669,0.8801662713225215,0.9130490807318802,0.0,0.0,0.027587573207036756,0.027587573207036756,0.064,0.064,-1.5075137161482992,-1.5075137161482992
2016,315,14.0,10.42125983945389,0.0,2.3456214635742687,0.0,29.13310121020249,0.0,0.11451089197952728,0.0,0.0,0.0,1823.123030269433,0.0,False,0.0,4.859865340624669,0.8801662713225215,0.9130490807318802,0.0,0.0,0.019807894603746348,0.019807894603746348,0.064,0.064,-1.5075137161482992,-1.5075137161482992
2016,315,14.5,11.24887961538781,21.235299923477093,2.4584267258627257,5.459687984194658,29.314055663193113,37.45258378387179,0.12540289650987643,0.12855036841008638,0.0,-1.9659283976459627,1923.1138975061835,24.55350206987087,False,False,4.859865340624669,0.8840959344505933,0.9375210471070988,0.0,0.0,0.021185827656390422,0.021185827656390422,0.064,0.064,-1.5075137161482992,-1.5075137161482992
2016,315,15.0,2.655579212543894,3.2907925642541844,0.6228847747202904,2.5473977882665575,29.110401202894415,39.58915844178188,0.028654623062123085,0.11983948122172502,0.0,-1.9659283976459627,29.103662636328917,29.115739842006928,False,False,4.859865340624669,0.9130490807318802,0.9375210471070988,0.0,0.0,0.002389275885592544,0.002389275885592544,0.064,0.064,-1.5075137161482992,-1.5075137161482992
2016,315,15.5,1.824673448409269,2.3985897580542392,0.46315414304297475,2.3291660375093595,28.563972763801967,40.08149421233996,0.018928003982288083,0.09754795711682736,0.0,-1.9659283976459627,29.224593826133052,29.201086434270657,False,False,4.859865340624669,0.9130490807318802,0.9375210471070988,0.0,0.0,0.0006613006554994788,0.0006613006554994788,0.064,0.064,-1.5075137161482992,-1.5075137161482992
2016,315,16.0,3.4246726988562544,4.006531592591381,0.7753995731579865,2.328446134467321,29.34539119891789,38.390015871821326,0.03756864641161639,0.1149601144451326,0.0,-2.0270503551789845,28.572195266599937,28.573579264285254,False,False,4.859865340624669,0.9062284335711335,0.9375210471070988,0.0,0.0,0.0028533084642106046,0.0028533084642106046,0.064,0.064,-1.5075137161482992,-1.5075137161482992
2016,315,16.5,2.575986335403919,2.8862552638133607,0.4514323071330992,1.2817330973598122,31.206573003220488,39.13431761213079,0.03232922653478468,0.09317451191337082,0.0,-1.8436844825799192,26.347429975194277,26.347729310331506,False,False,4.859865340624669,0.9258476460089563,0.9375210471070988,0.0,0.0,0.0017901762306940605,0.0017901762306940605,0.064,0.064,-1.5075137161482992,-1.5075137161482992
2016,315,17.0,0.0,0.0,0.0,0.0,0.0,0.0,0.0,0.0,0.0,0.0,0.0,0.0,True,True,4.859865340624669,0.9258476460089563,0.9375210471070988,0.0,0.0,0.0,0.0,0.064,0.064,-1.5075137161482992,-1.5075137161482992
2016.0,315.0,17.5,0.0,0.0,0.0,0.0,0.0,0.0,0.0,0.0,0.0,0.0,0.0,0.0,0.0,0.0,4.859865340624669,0.9258476460089563,0.9375210471070988,0.0,0.0,0.0,0.0,0.064,0.064,-1.5075137161482992,-1.5075137161482992
2016.0,315.0,18.0,0.0,0.0,0.0,0.0,0.0,0.0,0.0,0.0,0.0,0.0,0.0,0.0,0.0,0.0,4.859865340624669,0.9258476460089563,0.9375210471070988,0.0,0.0,0.0,0.0,0.0635,0.0635,-1.5887406165480027,-1.5887406165480027
2016.0,315.0,18.5,0.0,0.0,0.0,0.0,0.0,0.0,0.0,0.0,0.0,0.0,0.0,0.0,0.0,0.0,4.859865340624669,0.9258476460089563,0.9375210471070988,0.0,0.0,0.0,0.0,0.063,0.063,-1.6750389044446923,-1.6750389044446923
2016.0,315.0,19.0,0.0,0.0,0.0,0.0,0.0,0.0,0.0,0.0,0.0,0.0,0.0,0.0,0.0,0.0,4.859865340624669,0.9258476460089563,0.9375210471070988,0.0,0.0,0.0,0.0,0.063,0.063,-1.6750389044446923,-1.6750389044446923
2016.0,315.0,19.5,0.0,0.0,0.0,0.0,0.0,0.0,0.0,0.0,0.0,0.0,0.0,0.0,0.0,0.0,4.859865340624669,0.9258476460089563,0.9375210471070988,0.0,0.0,0.0,0.0,0.063,0.063,-1.6750389044446923,-1.6750389044446923
2016.0,315.0,20.0,0.0,0.0,0.0,0.0,0.0,0.0,0.0,0.0,0.0,0.0,0.0,0.0,0.0,0.0,4.859865340624669,0.9258476460089563,0.9375210471070988,0.0,0.0,0.0,0.0,0.063,0.063,-1.6750389044446923,-1.6750389044446923
2016.0,315.0,20.5,0.0,0.0,0.0,0.0,0.0,0.0,0.0,0.0,0.0,0.0,0.0,0.0,0.0,0.0,4.859865340624669,0.9258476460089563,0.9375210471070988,0.0,0.0,0.0,0.0,0.063,0.063,-1.6750389044446923,-1.6750389044446923
2016.0,315.0,21.0,0.0,0.0,0.0,0.0,0.0,0.0,0.0,0.0,0.0,0.0,0.0,0.0,0.0,0.0,4.859865340624669,0.9258476460089563,0.9375210471070988,0.0,0.0,0.0,0.0,0.063,0.063,-1.6750389044446923,-1.6750389044446923
2016.0,315.0,21.5,0.0,0.0,0.0,0.0,0.0,0.0,0.0,0.0,0.0,0.0,0.0,0.0,0.0,0.0,4.859865340624669,0.9258476460089563,0.9375210471070988,0.0,0.0,0.0,0.0,0.063,0.063,-1.6750389044446923,-1.6750389044446923
2016.0,315.0,22.0,0.0,0.0,0.0,0.0,0.0,0.0,0.0,0.0,0.0,0.0,0.0,0.0,0.0,0.0,4.859865340624669,0.9258476460089563,0.9375210471070988,0.0,0.0,0.0,0.0,0.063,0.063,-1.6750389044446923,-1.6750389044446923
2016.0,315.0,22.5,0.0,0.0,0.0,0.0,0.0,0.0,0.0,0.0,0.0,0.0,0.0,0.0,0.0,0.0,4.859865340624669,0.9258476460089563,0.9375210471070988,0.0,0.0,0.0,0.0,0.063,0.063,-1.6750389044446923,-1.6750389044446923
2016.0,315.0,23.0,0.0,0.0,0.0,0.0,0.0,0.0,0.0,0.0,0.0,0.0,0.0,0.0,0.0,0.0,4.859865340624669,0.9258476460089563,0.9375210471070988,0.0,0.0,0.0,0.0,0.063,0.063,-1.6750389044446923,-1.6750389044446923
2016.0,315.0,23.5,0.0,0.0,0.0,0.0,0.0,0.0,0.0,0.0,0.0,0.0,0.0,0.0,0.0,0.0,4.859865340624669,0.9258476460089563,0.9375210471070988,0.0,0.0,0.0,0.0,0.063,0.063,-1.6750389044446923,-1.6750389044446923
2016.0,316.0,0.0,0.0,0.0,0.0,0.0,0.0,0.0,0.0,0.0,0.0,0.0,0.0,0.0,0.0,0.0,4.859865340624669,0.9258476460089563,0.9375210471070988,0.0,0.0,0.0,0.0,0.063,0.063,-1.6750389044446923,-1.6750389044446923
2016.0,316.0,0.5,0.0,0.0,0.0,0.0,0.0,0.0,0.0,0.0,0.0,0.0,0.0,0.0,0.0,0.0,4.859865340624669,0.9258476460089563,0.9375210471070988,0.0,0.0,0.0,0.0,0.063,0.063,-1.6750389044446923,-1.6750389044446923
2016.0,316.0,1.0,0.0,0.0,0.0,0.0,0.0,0.0,0.0,0.0,0.0,0.0,0.0,0.0,0.0,0.0,4.859865340624669,0.9258476460089563,0.9375210471070988,0.0,0.0,0.0,0.0,0.063,0.063,-1.6750389044446923,-1.6750389044446923
2016.0,316.0,1.5,0.0,0.0,0.0,0.0,0.0,0.0,0.0,0.0,0.0,0.0,0.0,0.0,0.0,0.0,4.859865340624669,0.9258476460089563,0.9375210471070988,0.0,0.0,0.0,0.0,0.063,0.063,-1.6750389044446923,-1.6750389044446923
2016.0,316.0,2.0,0.0,0.0,0.0,0.0,0.0,0.0,0.0,0.0,0.0,0.0,0.0,0.0,0.0,0.0,4.859865340624669,0.9258476460089563,0.9375210471070988,0.0,0.0,0.0,0.0,0.063,0.063,-1.6750389044446923,-1.6750389044446923
2016.0,316.0,2.5,0.0,0.0,0.0,0.0,0.0,0.0,0.0,0.0,0.0,0.0,0.0,0.0,0.0,0.0,4.859865340624669,0.9258476460089563,0.9375210471070988,0.0,0.0,0.0,0.0,0.063,0.063,-1.6750389044446923,-1.6750389044446923
2016.0,316.0,3.0,0.0,0.0,0.0,0.0,0.0,0.0,0.0,0.0,0.0,0.0,0.0,0.0,0.0,0.0,4.859865340624669,0.9258476460089563,0.9375210471070988,0.0,0.0,0.0,0.0,0.063,0.063,-1.6750389044446923,-1.6750389044446923
2016.0,316.0,3.5,0.0,0.0,0.0,0.0,0.0,0.0,0.0,0.0,0.0,0.0,0.0,0.0,0.0,0.0,4.859865340624669,0.9258476460089563,0.9375210471070988,0.0,0.0,0.0,0.0,0.063,0.063,-1.6750389044446923,-1.6750389044446923
2016.0,316.0,4.0,0.0,0.0,0.0,0.0,0.0,0.0,0.0,0.0,0.0,0.0,0.0,0.0,0.0,0.0,4.859865340624669,0.9258476460089563,0.9375210471070988,0.0,0.0,0.0,0.0,0.063,0.063,-1.6750389044446923,-1.6750389044446923
2016.0,316.0,4.5,0.0,0.0,0.0,0.0,0.0,0.0,0.0,0.0,0.0,0.0,0.0,0.0,0.0,0.0,4.859865340624669,0.9258476460089563,0.9375210471070988,0.0,0.0,0.0,0.0,0.063,0.063,-1.6750389044446923,-1.6750389044446923
2016.0,316.0,5.0,0.0,0.0,0.0,0.0,0.0,0.0,0.0,0.0,0.0,0.0,0.0,0.0,0.0,0.0,4.859865340624669,0.9258476460089563,0.9375210471070988,0.0,0.0,0.0,0.0,0.063,0.063,-1.6750389044446923,-1.6750389044446923
2016,316,5.5,0.0,0.0,0.0,0.0,0.0,0.0,0.0,0.0,0.0,0.0,0.0,0.0,True,True,4.790655467624218,0.9258476460089563,0.9375210471070988,0.0,0.0,0.00022538408382850636,0.00022538408382850636,0.063,0.063,-1.6750389044446923,-1.6750389044446923
2016,316,6.0,0.0,0.0,0.0,0.0,0.0,0.0,0.0,0.0,0.0,0.0,0.0,0.0,True,0.0,4.790655467624218,0.9258476460089563,0.9375210471070988,0.0,0.0,0.003220008367199373,0.003220008367199373,0.063,0.063,-1.6750389044446923,-1.6750389044446923
2016,316,6.5,3.53434917896908,0.0,0.19531207210555215,0.0,40.89393535027982,0.0,0.09457524361670479,0.0,0.0,0.0,351.7292161986238,0.0,False,0.0,4.790655467624218,0.9258476460089563,0.9375210471070988,0.0,0.0,0.005804821465516057,0.005804821465516057,0.063,0.063,-1.6750389044446923,-1.6750389044446923
2016,316,7.0,6.1097346215748525,12.333864730765825,0.36639118913294927,1.7567429820591844,40.64640096148601,40.8747696869802,0.15252421672594263,1.8152132674617936,0.0,-1.838494194516632,383.7079926657591,20.045781809380653,False,False,4.790655467624218,0.924876294588467,0.9278393584265412,0.0,0.0,0.009062226816411037,0.009062226816411037,0.063,0.063,-1.6750389044446923,-1.6750389044446923
2016,316,7.5,5.341275724288247,5.473995332738163,0.35146830313194677,0.6918466352107963,36.94836483331593,40.60171127735631,0.12493783781381358,0.2528922443630345,0.0,-1.8236346226919102,19.201232077875787,19.19735527,False,False,4.790655467624218,0.9278393584265412,0.9278393584265412,0.0,0.0,0.003923970824280542,0.003923970824280542,0.063,0.063,-1.6750389044446923,-1.6750389044446923
2016,316,8.0,8.088263984215473,14.594705938439667,0.6684249528772027,2.515523734412352,39.79815851945201,39.739861630826596,0.1604244426645503,2.9862390461477877,0.0,-1.927651625464963,450.7730811107731,22.27161206639655,False,False,4.790655467624218,0.9187505426073591,0.9155878946879439,0.0,0.0,0.011817626418473526,0.011817626418473526,0.063,0.063,-1.6750389044446923,-1.6750389044446923
2016,316,8.5,8.714504849327254,15.098352755423857,0.7921067372263281,2.602721931918031,39.523231210582146,39.08326222428695,0.1621429623307747,2.4965868062222882,0.0,-1.9425111972896847,348.9624569856381,21.94907684722661,False,False,4.790655467624218,0.9187505426073591,0.9123588061040293,0.0,0.0,0.011843577440787442,0.011843577440787442,0.063,0.063,-1.6750389044446923,-1.6750389044446923
2016,316,9.0,15.683119802197549,23.73111743142207,1.6045307662972845,3.7160339125400577,34.10663677156427,37.342769106492284,0.2679427328933518,1.8156110823426606,0.0,-2.0465282000627374,442.376504731636,24.16132443296108,False,False,4.790655467624218,0.905701698748853,0.9022739467406345,0.0,0.0,0.022302083811547985,0.022302083811547985,0.063,0.063,-1.6750389044446923,-1.6750389044446923
2016,316,9.5,17.099323901509596,26.347522974943224,2.194386641861611,5.154120460437029,38.31508741090987,36.982304368899875,0.25417534185573026,0.3025891650979595,0.0,-2.091106915536903,584.7790103263976,23.16119899654452,False,False,4.790655467624218,0.8915960930484526,0.905701698748853,0.0,0.0,0.024923686329770926,0.024923686329770926,0.063,0.063,-1.6750389044446923,-1.6750389044446923
2016,316,10.0,18.15796964826991,27.494768019551216,2.6089972387925995,5.9025239076852545,37.93518000799093,36.40636511873965,0.2523288206446411,0.29002082671966833,0.0,-2.15054520283579,569.9938639438977,24.198803000344462,False,False,4.790655467624218,0.880331521672318,0.9022739467406345,0.0,0.0,0.02765204040518866,0.02765204040518866,0.063,0.063,-1.6750389044446923,-1.6750389044446923
2016,316,10.5,19.094145669166682,28.208168006121788,2.933199400469263,5.930003980598307,37.6965894969561,35.408600437618134,0.2558702112378889,0.25929640883957544,0.0,-2.15054520283579,516.8239020672627,25.155235478266718,False,False,4.790655467624218,0.880331521672318,0.9022739467406345,0.0,0.0,0.03043481251303716,0.03043481251303716,0.063,0.063,-1.6750389044446923,-1.6750389044446923
2016,316,11.0,18.46054773564551,29.278556591983914,3.0776696136884767,4.939062172402104,37.436980664425704,37.081818199562726,0.2366665880145137,0.1826579165800252,0.0,-2.0613877718874587,799.9326062451619,22.361839994467033,False,False,4.790655467624218,0.8724999863896497,0.9278393584265412,0.0,0.0,0.030161717218143636,0.030161717218143636,0.063,0.063,-1.6750389044446923,-1.6750389044446923
2016,316,11.5,22.01911581793233,32.64305307561738,3.8384135976558116,5.331630982973415,37.21976544773846,36.23748692814574,0.27527841771637546,0.18314853542209894,0.0,-2.0911069155369026,860.2074107984736,22.418502338511615,False,False,4.790655467624218,0.8644145407052807,0.9278393584265412,0.0,0.0,0.03812574790307029,0.03812574790307029,0.063,0.063,-1.6750389044446923,-1.6750389044446923
2016,316,12.0,18.64884834379569,29.609144102810863,3.611174739506134,5.672791003467311,29.896412217610724,36.562640274852946,0.22094202908833901,0.16637605872147315,0.0,-2.120826059186346,1104.8619342387935,22.977683256962017,False,False,4.790655467624218,0.8602776901680643,0.924876294588467,0.0,0.0,0.032744009349732685,0.032744009349732685,0.063,0.063,-1.6750389044446923,-1.6750389044446923
2016,316,12.5,20.084746663927483,30.77571468134927,4.120978359040676,5.9927675177523305,29.440854635192643,35.79429814797389,0.23097527335686238,0.15852161804205517,0.0,-2.15054520283579,1541.4939549894275,23.716496139069868,False,False,4.790655467624218,0.8518181515256477,0.924876294588467,0.0,0.0,0.037885618006578706,0.037885618006578706,0.063,0.063,-1.6750389044446923,-1.6750389044446923
2016,316,13.0,19.652765828884245,30.286005937541994,3.987939903681465,5.947626350638216,29.532889953441494,36.00466578704686,0.2272703832126144,0.16122165008938732,0.0,-2.15054520283579,1564.1661861523382,23.80098576104414,False,False,4.790655467624218,0.8518181515256477,0.924876294588467,0.0,0.0,0.03675080646466761,0.03675080646466761,0.063,0.063,-1.6750389044446923,-1.6750389044446923
2016,316,13.5,16.65418398821858,27.183231579042538,3.243554151395763,5.517768941237471,29.928958343917444,36.626069540324465,0.1965715649869922,0.1603593753919434,0.0,-2.120826059186346,1588.2061793779817,24.43430089875824,False,False,4.790655467624218,0.8602776901680643,0.924876294588467,0.0,0.0,0.030466271421412044,0.030466271421412044,0.063,0.063,-1.6750389044446923,-1.6750389044446923
2016,316,14.0,12.48969199828115,22.49923655134639,2.4094179518033774,4.878779017657218,30.14968629040093,37.6478162855517,0.1483110206387722,0.14144298781587814,0.0,-2.076247343712181,1561.224889905411,24.242026901975542,False,False,4.790655467624218,0.8724999863896497,0.924876294588467,0.0,0.0,0.02254523391122273,0.02254523391122273,0.063,0.063,-1.6750389044446923,-1.6750389044446923
2016,316,14.5,8.354396803166946,16.75418878981013,1.5015759492329066,3.895060639491879,30.797677815323063,38.909041820132785,0.1031435552479601,0.1259749644962605,0.0,-2.0019494845885717,1444.8913108450095,24.147176989496835,False,False,4.790655467624218,0.8879060509236552,0.9278393584265412,0.0,0.0,0.015386400298838828,0.015386400298838828,0.063,0.063,-1.6750389044446923,-1.6750389044446923
2016,316,15.0,3.6035737454237147,4.061046212078326,0.6136593465555708,1.8015641535707638,31.40940228411735,39.27791282418002,0.045712126775361045,0.13701070312633865,0.0,-2.0019494845885717,27.1137538,27.11295838279106,False,False,4.790655467624218,0.9090633677216879,0.9278393584265412,0.0,0.0,0.0018921609361323684,0.0018921609361323684,0.063,0.063,-1.6750389044446923,-1.6750389044446923
2016,316,15.5,3.9684104854494433,4.394658477134155,0.6255852485057244,1.795389657185971,31.94653686089911,39.48485155761904,0.05259279809229187,0.15542076504134023,0.0,-2.0316686282380156,26.39611578,26.38749940857476,False,False,4.790655467624218,0.905701698748853,0.9278393584265412,0.0,0.0,0.0019506523798647427,0.0019506523798647427,0.063,0.063,-1.6750389044446923,-1.6750389044446923
2016,316,16.0,3.2420622504609193,3.5747726549002365,0.49591713215267974,1.459955883019914,32.15311182939134,39.65151754605871,0.043718991596715794,0.1314800871713173,0.0,-2.0019494845885717,25.77695274,25.776926396747474,False,False,4.790655467624218,0.9090633677216879,0.9278393584265412,0.0,0.0,0.001384519391029944,0.001384519391029944,0.063,0.063,-1.6750389044446923,-1.6750389044446923
2016,316,16.5,2.21718194319289,2.4435539375642037,0.32249515783396715,1.011676204107084,32.49119043155856,40.138900630654916,0.03093614714782543,0.09889091562143072,0.0,-1.9425111972896847,24.818439638126296,24.816492824199198,False,False,4.790655467624218,0.9155878946879439,0.9278393584265412,0.0,0.0,0.0007000306589300197,0.0007000306589300197,0.063,0.063,-1.6750389044446923,-1.6750389044446923
2016,316,17.0,0.0,0.0,0.0,0.0,0.0,0.0,0.0,0.0,0.0,0.0,0.0,0.0,True,True,4.790655467624218,0.9155878946879439,0.9278393584265412,0.0,0.0,0.0,0.0,0.063,0.063,-1.6750389044446923,-1.6750389044446923
2016,316,17.5,0.0,0.0,0.0,0.0,0.0,0.0,0.0,0.0,0.0,0.0,0.0,0.0,True,True,4.790655467624218,0.9155878946879439,0.9278393584265412,0.0,0.0,0.0,0.0,0.063,0.063,-1.6750389044446923,-1.6750389044446923
2016.0,316.0,18.0,0.0,0.0,0.0,0.0,0.0,0.0,0.0,0.0,0.0,0.0,0.0,0.0,0.0,0.0,4.790655467624218,0.9155878946879439,0.9278393584265412,0.0,0.0,0.0,0.0,0.062,0.062,-1.8643213520376791,-1.8643213520376791
2016.0,316.0,18.5,0.0,0.0,0.0,0.0,0.0,0.0,0.0,0.0,0.0,0.0,0.0,0.0,0.0,0.0,4.790655467624218,0.9155878946879439,0.9278393584265412,0.0,0.0,0.0,0.0,0.062,0.062,-1.8643213520376791,-1.8643213520376791
2016.0,316.0,19.0,0.0,0.0,0.0,0.0,0.0,0.0,0.0,0.0,0.0,0.0,0.0,0.0,0.0,0.0,4.790655467624218,0.9155878946879439,0.9278393584265412,0.0,0.0,0.0,0.0,0.062,0.062,-1.8643213520376791,-1.8643213520376791
2016.0,316.0,19.5,0.0,0.0,0.0,0.0,0.0,0.0,0.0,0.0,0.0,0.0,0.0,0.0,0.0,0.0,4.790655467624218,0.9155878946879439,0.9278393584265412,0.0,0.0,0.0,0.0,0.062,0.062,-1.8643213520376791,-1.8643213520376791
2016.0,316.0,20.0,0.0,0.0,0.0,0.0,0.0,0.0,0.0,0.0,0.0,0.0,0.0,0.0,0.0,0.0,4.790655467624218,0.9155878946879439,0.9278393584265412,0.0,0.0,0.0,0.0,0.062,0.062,-1.8643213520376791,-1.8643213520376791
2016.0,316.0,20.5,0.0,0.0,0.0,0.0,0.0,0.0,0.0,0.0,0.0,0.0,0.0,0.0,0.0,0.0,4.790655467624218,0.9155878946879439,0.9278393584265412,0.0,0.0,0.0,0.0,0.062,0.062,-1.8643213520376791,-1.8643213520376791
2016.0,316.0,21.0,0.0,0.0,0.0,0.0,0.0,0.0,0.0,0.0,0.0,0.0,0.0,0.0,0.0,0.0,4.790655467624218,0.9155878946879439,0.9278393584265412,0.0,0.0,0.0,0.0,0.062,0.062,-1.8643213520376791,-1.8643213520376791
2016.0,316.0,21.5,0.0,0.0,0.0,0.0,0.0,0.0,0.0,0.0,0.0,0.0,0.0,0.0,0.0,0.0,4.790655467624218,0.9155878946879439,0.9278393584265412,0.0,0.0,0.0,0.0,0.062,0.062,-1.8643213520376791,-1.8643213520376791
2016.0,316.0,22.0,0.0,0.0,0.0,0.0,0.0,0.0,0.0,0.0,0.0,0.0,0.0,0.0,0.0,0.0,4.790655467624218,0.9155878946879439,0.9278393584265412,0.0,0.0,0.0,0.0,0.062,0.062,-1.8643213520376791,-1.8643213520376791
2016.0,316.0,22.5,0.0,0.0,0.0,0.0,0.0,0.0,0.0,0.0,0.0,0.0,0.0,0.0,0.0,0.0,4.790655467624218,0.9155878946879439,0.9278393584265412,0.0,0.0,0.0,0.0,0.062,0.062,-1.8643213520376791,-1.8643213520376791
2016.0,316.0,23.0,0.0,0.0,0.0,0.0,0.0,0.0,0.0,0.0,0.0,0.0,0.0,0.0,0.0,0.0,4.790655467624218,0.9155878946879439,0.9278393584265412,0.0,0.0,0.0,0.0,0.062,0.062,-1.8643213520376791,-1.8643213520376791
2016.0,316.0,23.5,0.0,0.0,0.0,0.0,0.0,0.0,0.0,0.0,0.0,0.0,0.0,0.0,0.0,0.0,4.790655467624218,0.9155878946879439,0.9278393584265412,0.0,0.0,0.0,0.0,0.062,0.062,-1.8643213520376791,-1.8643213520376791
2016.0,317.0,0.0,0.0,0.0,0.0,0.0,0.0,0.0,0.0,0.0,0.0,0.0,0.0,0.0,0.0,0.0,4.790655467624218,0.9155878946879439,0.9278393584265412,0.0,0.0,0.0,0.0,0.062,0.062,-1.8643213520376791,-1.8643213520376791
2016.0,317.0,0.5,0.0,0.0,0.0,0.0,0.0,0.0,0.0,0.0,0.0,0.0,0.0,0.0,0.0,0.0,4.790655467624218,0.9155878946879439,0.9278393584265412,0.0,0.0,0.0,0.0,0.062,0.062,-1.8643213520376791,-1.8643213520376791
2016.0,317.0,1.0,0.0,0.0,0.0,0.0,0.0,0.0,0.0,0.0,0.0,0.0,0.0,0.0,0.0,0.0,4.790655467624218,0.9155878946879439,0.9278393584265412,0.0,0.0,0.0,0.0,0.062,0.062,-1.8643213520376791,-1.8643213520376791
2016.0,317.0,1.5,0.0,0.0,0.0,0.0,0.0,0.0,0.0,0.0,0.0,0.0,0.0,0.0,0.0,0.0,4.790655467624218,0.9155878946879439,0.9278393584265412,0.0,0.0,0.0,0.0,0.062,0.062,-1.8643213520376791,-1.8643213520376791
2016.0,317.0,2.0,0.0,0.0,0.0,0.0,0.0,0.0,0.0,0.0,0.0,0.0,0.0,0.0,0.0,0.0,4.790655467624218,0.9155878946879439,0.9278393584265412,0.0,0.0,0.0,0.0,0.062,0.062,-1.8643213520376791,-1.8643213520376791
2016.0,317.0,2.5,0.0,0.0,0.0,0.0,0.0,0.0,0.0,0.0,0.0,0.0,0.0,0.0,0.0,0.0,4.790655467624218,0.9155878946879439,0.9278393584265412,0.0,0.0,0.0,0.0,0.062,0.062,-1.8643213520376791,-1.8643213520376791
2016.0,317.0,3.0,0.0,0.0,0.0,0.0,0.0,0.0,0.0,0.0,0.0,0.0,0.0,0.0,0.0,0.0,4.790655467624218,0.9155878946879439,0.9278393584265412,0.0,0.0,0.0,0.0,0.062,0.062,-1.8643213520376791,-1.8643213520376791
2016.0,317.0,3.5,0.0,0.0,0.0,0.0,0.0,0.0,0.0,0.0,0.0,0.0,0.0,0.0,0.0,0.0,4.790655467624218,0.9155878946879439,0.9278393584265412,0.0,0.0,0.0,0.0,0.062,0.062,-1.8643213520376791,-1.8643213520376791
2016.0,317.0,4.0,0.0,0.0,0.0,0.0,0.0,0.0,0.0,0.0,0.0,0.0,0.0,0.0,0.0,0.0,4.790655467624218,0.9155878946879439,0.9278393584265412,0.0,0.0,0.0,0.0,0.062,0.062,-1.8643213520376791,-1.8643213520376791
2016.0,317.0,4.5,0.0,0.0,0.0,0.0,0.0,0.0,0.0,0.0,0.0,0.0,0.0,0.0,0.0,0.0,4.790655467624218,0.9155878946879439,0.9278393584265412,0.0,0.0,0.0,0.0,0.062,0.062,-1.8643213520376791,-1.8643213520376791
2016.0,317.0,5.0,0.0,0.0,0.0,0.0,0.0,0.0,0.0,0.0,0.0,0.0,0.0,0.0,0.0,0.0,4.790655467624218,0.9155878946879439,0.9278393584265412,0.0,0.0,0.0,0.0,0.062,0.062,-1.8643213520376791,-1.8643213520376791
2016.0,317.0,5.5,0.0,0.0,0.0,0.0,0.0,0.0,0.0,0.0,0.0,0.0,0.0,0.0,0.0,0.0,4.790655467624218,0.9155878946879439,0.9278393584265412,0.0,0.0,0.0,0.0,0.062,0.062,-1.8643213520376791,-1.8643213520376791
2016.0,317.0,6.0,0.0,0.0,0.0,0.0,0.0,0.0,0.0,0.0,0.0,0.0,0.0,0.0,0.0,0.0,4.790655467624218,0.9155878946879439,0.9278393584265412,0.0,0.0,0.0,0.0,0.062,0.062,-1.8643213520376791,-1.8643213520376791
2016,317,6.5,0.0,0.0,0.0,0.0,0.0,0.0,0.0,0.0,0.0,0.0,0.0,0.0,True,True,4.699629002928962,0.9155878946879439,0.9278393584265412,0.0,0.0,0.0,0.0,0.062,0.062,-1.8643213520376791,-1.8643213520376791
2016,317,7.0,2.221917916630094,2.275457497628447,0.1236700484073539,0.22620895033150093,37.97258847516793,41.265368318153996,0.05913316270834006,0.10973261252010189,0.0,-1.921857303179853,18.89736843,18.89305305732972,False,False,4.699629002928962,0.9177928846497261,0.9278393584265412,0.0,0.0,0.0012213081541450081,0.0012213081541450081,0.062,0.062,-1.8643213520376791,-1.8643213520376791
2016,317,7.5,2.720439393562971,2.790333637977977,0.14777556371982478,0.2644162179765192,37.97603598957084,41.25606104645126,0.07388010247139157,0.13263876073424385,0.0,-1.921857303179853,19.502354904981235,19.48525364029208,False,False,4.699629002928962,0.9177928846497261,0.9278393584265412,0.0,0.0,0.0017851059433933087,0.0017851059433933087,0.062,0.062,-1.8643213520376791,-1.8643213520376791
2016,317,8.0,7.294441032660317,7.447907686344488,0.42510913710843423,0.7358639257790072,37.425031868501385,40.4760592662038,0.1853146754040361,0.3302324475589568,0.0,-2.0081612298931137,20.054579967564706,20.053971258929078,False,False,4.699629002928962,0.9083661990343996,0.9278393584265412,0.0,0.0,0.00612312284573812,0.00612312284573812,0.062,0.062,-1.8643213520376791,-1.8643213520376791
2016,317,8.5,9.457127334036775,0.0,0.5891530700415702,0.0,37.00503546784228,0.0,0.22818284068418546,0.0,0.0,0.0,416.90133125127073,0.0,False,0.0,4.699629002928962,0.9083661990343996,0.9278393584265412,0.0,0.0,0.008663538977692375,0.008663538977692375,0.062,0.062,-1.8643213520376791,-1.8643213520376791
2016,317,9.0,15.011792323404409,23.25775003511477,1.2018290805627974,3.0275012492497932,35.49038933169654,38.41532322554725,0.30076183475780743,1.6803976964098586,0.0,-2.152001107748548,450.38539736129417,23.867714183748383,False,False,4.699629002928962,0.8914168391273866,0.8914168391273866,0.0,0.0,0.02181219276686518,0.02181219276686518,0.062,0.062,-1.8643213520376791,-1.8643213520376791
2016,317,9.5,22.414798627185906,29.953699998174645,2.334388823428974,4.0345116374348,38.829337201615644,36.45157054741753,0.3756529550255036,2.539461250080683,0.0,-2.2958409856039825,748.0843627680918,25.97608974196106,False,False,4.699629002928962,0.8729414705406664,0.8729414705406664,0.0,0.0,0.03524658312306481,0.03524658312306481,0.062,0.062,-1.8643213520376791,-1.8643213520376791
2016,317,10.0,22.88434921387082,30.054477203527654,2.887578734994052,5.0643878363573585,32.54483905784813,35.85417473659449,0.3412627526438125,1.3152119292706457,0.0,-2.382144912317243,1026.8683114590447,27.647388994177902,False,False,4.699629002928962,0.8570881442355676,0.865132262618311,0.0,0.0,0.03857103919351472,0.03857103919351472,0.062,0.062,-1.8643213520376791,-1.8643213520376791
2016,317,10.5,19.370789305470435,28.160919926617623,2.8723968431818734,5.948274235701829,31.656449724073234,35.96195131356609,0.26470631325566474,0.2759507101085654,0.0,-2.353376936746156,1291.7423685365043,26.980058054792963,False,False,4.699629002928962,0.8529790932834369,0.8767569737675996,0.0,0.0,0.03377801272913334,0.03377801272913334,0.062,0.062,-1.8643213520376791,-1.8643213520376791
2016,317,11.0,17.241870262697777,25.649558471654508,2.863786244125169,6.118665918281954,30.99132099264704,35.50840623123469,0.22123212100031522,0.23789208919142638,0.0,-2.3677609245316997,1669.8280784474557,28.349340394908204,False,False,4.699629002928962,0.8529790932834369,0.8729414705406664,0.0,0.0,0.03196828403833695,0.03196828403833695,0.062,0.062,-1.8643213520376791,-1.8643213520376791
2016,317,11.5,19.177039391653512,28.716582984446376,3.723914633021064,6.511555945952848,36.88925916873149,35.95438847561931,0.22649310369018433,0.18320603883140107,0.0,-2.3965289001027865,2610.0402909541763,27.94405756170177,False,False,4.699629002928962,0.8271387248606062,0.887842819361946,0.0,0.0,0.042112056389864795,0.042112056389864795,0.062,0.062,-1.8643213520376791,-1.8643213520376791
2016,317,12.0,15.505308288837982,22.953195386445994,3.371239658339283,7.317279738601534,29.1904229169075,34.57532903903403,0.1733818312453942,0.18945858869834817,0.0,-2.4684488390305037,3264.822733969176,31.77846501745641,False,False,4.699629002928962,0.8315838915854186,0.865132262618311,0.0,0.0,0.01827267381882938,0.01827267381882938,0.062,0.062,-1.8643213520376791,-1.8643213520376791
2016,317,12.5,14.839573392267258,0.0,3.6307669660861883,0.0,28.370360629465885,0.0,0.15667698165190813,0.0,0.0,0.0,3941.765493011402,0.0,False,0.0,4.699629002928962,0.8315838915854186,0.865132262618311,0.0,0.0,0.020007890033613005,0.020007890033613005,0.062,0.062,-1.8643213520376791,-1.8643213520376791
2016,317,13.0,12.58973327105709,0.0,3.5392913229829057,0.0,27.438685834967572,0.0,0.12459360920042738,0.0,0.0,0.0,5385.522630785972,0.0,False,0.0,4.699629002928962,0.8315838915854186,0.865132262618311,0.0,0.0,0.019266589085146987,0.019266589085146987,0.062,0.062,-1.8643213520376791,-1.8643213520376791
2016,317,13.5,5.652795889065668,0.0,1.6144517961277525,0.0,27.556577875571094,0.0,0.05547746322128978,0.0,0.0,0.0,4979.1662652908135,0.0,False,0.0,4.699629002928962,0.8315838915854186,0.865132262618311,0.0,0.0,0.008371718347182464,0.008371718347182464,0.062,0.062,-1.8643213520376791,-1.8643213520376791
2016,317,14.0,6.78842449690269,0.0,1.9837138045368883,0.0,27.347363456908386,0.0,0.06599501180847382,0.0,0.0,0.0,5607.52945418852,0.0,False,0.0,4.699629002928962,0.8315838915854186,0.865132262618311,0.0,0.0,0.010558218745138659,0.010558218745138659,0.062,0.062,-1.8643213520376791,-1.8643213520376791
2016,317,14.5,8.651381451044797,0.0,2.4253473289110166,0.0,35.7370023039822,0.0,0.08563647613426797,0.0,0.0,0.0,4802.198304843732,0.0,False,0.0,4.699629002928962,0.8315838915854186,0.865132262618311,0.0,0.0,0.01179355974299554,0.01179355974299554,0.062,0.062,-1.8643213520376791,-1.8643213520376791
2016,317,15.0,1.4526264016974921,2.4058864006105773,0.43520105804491915,2.7613955496900893,27.34207362167661,39.75323145216837,0.013948972927783056,0.08977386415067236,0.0,-2.382144912317243,33.5898966183716,33.547033670408034,False,False,4.699629002928962,0.8611393532980935,0.865132262618311,0.0,0.0,0.0012310860679228038,0.0012310860679228038,0.062,0.062,-1.8643213520376791,-1.8643213520376791
2016,317,15.5,1.8942063559870301,2.786435078585486,0.5731734770777129,2.52750737501954,27.250844041937537,38.5374910641374,0.018122336566247253,0.08115328707930132,0.0,-2.382144912317243,33.38216512948256,33.38750713441275,False,False,4.699629002928962,0.8611393532980935,0.865132262618311,0.0,0.0,0.0012687598109801983,0.0012687598109801983,0.062,0.062,-1.8643213520376791,-1.8643213520376791
2016,317,16.0,1.2138546034453515,1.933097074727796,0.36496525806437924,2.240992934230995,27.326765536109114,39.74615633366861,0.011636884562583395,0.07249298804983986,0.0,-2.382144912317243,32.93848445683737,32.93037545003395,False,False,4.699629002928962,0.8611393532980935,0.865132262618311,0.0,0.0,0.0003683837364483787,0.0003683837364483787,0.062,0.062,-1.8643213520376791,-1.8643213520376791
2016,317,16.5,1.469479610385998,2.162163926720355,0.4309839575212414,1.8640481979151742,26.92116940930417,38.3188615984147,0.013751770034788764,0.06030067905408973,0.0,-2.6047405167695725,33.16324883930011,33.151419245464766,False,False,4.580030627157823,0.828310306080776,0.865132262618311,0.0,0.0,0.0005496389758768368,0.0005496389758768368,0.061,0.061,-2.0786085639674976,-2.0786085639674976
2016,317,17.0,0.0,0.0,0.0,0.0,0.0,0.0,0.0,0.0,0.0,0.0,0.0,0.0,True,True,4.580030627157823,0.828310306080776,0.865132262618311,0.0,0.0,0.0,0.0,0.061,0.061,-2.0786085639674976,-2.0786085639674976
2016.0,317.0,17.5,0.0,0.0,0.0,0.0,0.0,0.0,0.0,0.0,0.0,0.0,0.0,0.0,0.0,0.0,4.580030627157823,0.828310306080776,0.865132262618311,0.0,0.0,0.0,0.0,0.061,0.061,-2.0786085639674976,-2.0786085639674976
2016.0,317.0,18.0,0.0,0.0,0.0,0.0,0.0,0.0,0.0,0.0,0.0,0.0,0.0,0.0,0.0,0.0,4.580030627157823,0.828310306080776,0.865132262618311,0.0,0.0,0.0,0.0,0.061,0.061,-2.0786085639674976,-2.0786085639674976
2016.0,317.0,18.5,0.0,0.0,0.0,0.0,0.0,0.0,0.0,0.0,0.0,0.0,0.0,0.0,0.0,0.0,4.580030627157823,0.828310306080776,0.865132262618311,0.0,0.0,0.0,0.0,0.061,0.061,-2.0786085639674976,-2.0786085639674976
2016.0,317.0,19.0,0.0,0.0,0.0,0.0,0.0,0.0,0.0,0.0,0.0,0.0,0.0,0.0,0.0,0.0,4.580030627157823,0.828310306080776,0.865132262618311,0.0,0.0,0.0,0.0,0.061,0.061,-2.0786085639674976,-2.0786085639674976
2016.0,317.0,19.5,0.0,0.0,0.0,0.0,0.0,0.0,0.0,0.0,0.0,0.0,0.0,0.0,0.0,0.0,4.580030627157823,0.828310306080776,0.865132262618311,0.0,0.0,0.0,0.0,0.061,0.061,-2.0786085639674976,-2.0786085639674976
2016.0,317.0,20.0,0.0,0.0,0.0,0.0,0.0,0.0,0.0,0.0,0.0,0.0,0.0,0.0,0.0,0.0,4.580030627157823,0.828310306080776,0.865132262618311,0.0,0.0,0.0,0.0,0.061,0.061,-2.0786085639674976,-2.0786085639674976
2016.0,317.0,20.5,0.0,0.0,0.0,0.0,0.0,0.0,0.0,0.0,0.0,0.0,0.0,0.0,0.0,0.0,4.580030627157823,0.828310306080776,0.865132262618311,0.0,0.0,0.0,0.0,0.061,0.061,-2.0786085639674976,-2.0786085639674976
2016.0,317.0,21.0,0.0,0.0,0.0,0.0,0.0,0.0,0.0,0.0,0.0,0.0,0.0,0.0,0.0,0.0,4.580030627157823,0.828310306080776,0.865132262618311,0.0,0.0,0.0,0.0,0.061,0.061,-2.0786085639674976,-2.0786085639674976
2016.0,317.0,21.5,0.0,0.0,0.0,0.0,0.0,0.0,0.0,0.0,0.0,0.0,0.0,0.0,0.0,0.0,4.580030627157823,0.828310306080776,0.865132262618311,0.0,0.0,0.0,0.0,0.061,0.061,-2.0786085639674976,-2.0786085639674976
2016.0,317.0,22.0,0.0,0.0,0.0,0.0,0.0,0.0,0.0,0.0,0.0,0.0,0.0,0.0,0.0,0.0,4.580030627157823,0.828310306080776,0.865132262618311,0.0,0.0,0.0,0.0,0.061,0.061,-2.0786085639674976,-2.0786085639674976
2016.0,317.0,22.5,0.0,0.0,0.0,0.0,0.0,0.0,0.0,0.0,0.0,0.0,0.0,0.0,0.0,0.0,4.580030627157823,0.828310306080776,0.865132262618311,0.0,0.0,0.0,0.0,0.061,0.061,-2.0786085639674976,-2.0786085639674976
2016.0,317.0,23.0,0.0,0.0,0.0,0.0,0.0,0.0,0.0,0.0,0.0,0.0,0.0,0.0,0.0,0.0,4.580030627157823,0.828310306080776,0.865132262618311,0.0,0.0,0.0,0.0,0.061,0.061,-2.0786085639674976,-2.0786085639674976
2016.0,317.0,23.5,0.0,0.0,0.0,0.0,0.0,0.0,0.0,0.0,0.0,0.0,0.0,0.0,0.0,0.0,4.580030627157823,0.828310306080776,0.865132262618311,0.0,0.0,0.0,0.0,0.061,0.061,-2.0786085639674976,-2.0786085639674976
2016.0,318.0,0.0,0.0,0.0,0.0,0.0,0.0,0.0,0.0,0.0,0.0,0.0,0.0,0.0,0.0,0.0,4.580030627157823,0.828310306080776,0.865132262618311,0.0,0.0,0.0,0.0,0.061,0.061,-2.0786085639674976,-2.0786085639674976
2016.0,318.0,0.5,0.0,0.0,0.0,0.0,0.0,0.0,0.0,0.0,0.0,0.0,0.0,0.0,0.0,0.0,4.580030627157823,0.828310306080776,0.865132262618311,0.0,0.0,0.0,0.0,0.061,0.061,-2.0786085639674976,-2.0786085639674976
2016.0,318.0,1.0,0.0,0.0,0.0,0.0,0.0,0.0,0.0,0.0,0.0,0.0,0.0,0.0,0.0,0.0,4.580030627157823,0.828310306080776,0.865132262618311,0.0,0.0,0.0,0.0,0.061,0.061,-2.0786085639674976,-2.0786085639674976
2016.0,318.0,1.5,0.0,0.0,0.0,0.0,0.0,0.0,0.0,0.0,0.0,0.0,0.0,0.0,0.0,0.0,4.580030627157823,0.828310306080776,0.865132262618311,0.0,0.0,0.0,0.0,0.061,0.061,-2.0786085639674976,-2.0786085639674976
2016.0,318.0,2.0,0.0,0.0,0.0,0.0,0.0,0.0,0.0,0.0,0.0,0.0,0.0,0.0,0.0,0.0,4.580030627157823,0.828310306080776,0.865132262618311,0.0,0.0,0.0,0.0,0.061,0.061,-2.0786085639674976,-2.0786085639674976
2016.0,318.0,2.5,0.0,0.0,0.0,0.0,0.0,0.0,0.0,0.0,0.0,0.0,0.0,0.0,0.0,0.0,4.580030627157823,0.828310306080776,0.865132262618311,0.0,0.0,0.0,0.0,0.061,0.061,-2.0786085639674976,-2.0786085639674976
2016.0,318.0,3.0,0.0,0.0,0.0,0.0,0.0,0.0,0.0,0.0,0.0,0.0,0.0,0.0,0.0,0.0,4.580030627157823,0.828310306080776,0.865132262618311,0.0,0.0,0.0,0.0,0.061,0.061,-2.0786085639674976,-2.0786085639674976
2016.0,318.0,3.5,0.0,0.0,0.0,0.0,0.0,0.0,0.0,0.0,0.0,0.0,0.0,0.0,0.0,0.0,4.580030627157823,0.828310306080776,0.865132262618311,0.0,0.0,0.0,0.0,0.061,0.061,-2.0786085639674976,-2.0786085639674976
2016.0,318.0,4.0,0.0,0.0,0.0,0.0,0.0,0.0,0.0,0.0,0.0,0.0,0.0,0.0,0.0,0.0,4.580030627157823,0.828310306080776,0.865132262618311,0.0,0.0,0.0,0.0,0.061,0.061,-2.0786085639674976,-2.0786085639674976
2016.0,318.0,4.5,0.0,0.0,0.0,0.0,0.0,0.0,0.0,0.0,0.0,0.0,0.0,0.0,0.0,0.0,4.580030627157823,0.828310306080776,0.865132262618311,0.0,0.0,0.0,0.0,0.061,0.061,-2.0786085639674976,-2.0786085639674976
2016.0,318.0,5.0,0.0,0.0,0.0,0.0,0.0,0.0,0.0,0.0,0.0,0.0,0.0,0.0,0.0,0.0,4.580030627157823,0.828310306080776,0.865132262618311,0.0,0.0,0.0,0.0,0.061,0.061,-2.0786085639674976,-2.0786085639674976
2016,318,5.5,0.0,0.0,0.0,0.0,0.0,0.0,0.0,0.0,0.0,0.0,0.0,0.0,True,True,4.580030627157823,0.828310306080776,0.865132262618311,0.0,0.0,0.0,0.0,0.061,0.061,-2.0786085639674976,-2.0786085639674976
2016,318,6.0,3.388948956013728,0.0,0.22747954150506383,0.0,36.6613453453479,0.0,0.07396630259779786,0.0,0.0,0.0,15.53841519,0.0,False,0.0,4.580030627157823,0.828310306080776,0.865132262618311,0.0,0.0,0.0012599337882503137,0.0012599337882503137,0.061,0.061,-2.0786085639674976,-2.0786085639674976
2016,318,6.5,11.192131380509068,18.202949874593656,1.097817614097713,1.3248071124808594,39.01157281413889,37.714931449376024,0.18783708422548234,0.10732182516247961,0.0,-2.272446651841946,450.3638408654849,17.032592735262057,False,False,4.580030627157823,0.8531354400315923,0.8969688912430847,0.0,0.0,0.006814619814594613,0.006814619814594613,0.061,0.061,-2.0786085639674976,-2.0786085639674976
2016,318,7.0,14.351750700293277,0.0,1.671489508854884,0.0,32.88746571056015,0.0,0.2164511480891699,0.0,0.0,0.0,485.5804900735257,0.0,False,0.0,4.580030627157823,0.8531354400315923,0.8969688912430847,0.0,0.0,0.008897284445221901,0.008897284445221901,0.061,0.061,-2.0786085639674976,-2.0786085639674976
2016,318,7.5,15.567889909532857,0.0,2.1359686304034033,0.0,37.87853897253285,0.0,0.2130980602511421,0.0,0.0,0.0,634.1957216762706,0.0,False,0.0,4.580030627157823,0.8531354400315923,0.8969688912430847,0.0,0.0,0.010339122841396686,0.010339122841396686,0.061,0.061,-2.0786085639674976,-2.0786085639674976
2016,318,8.0,18.40751008552384,0.0,2.7054070481114976,0.0,37.59751182230969,0.0,0.2420820342207772,0.0,0.0,0.0,755.6507982991407,0.0,False,0.0,4.580030627157823,0.8531354400315923,0.8969688912430847,0.0,0.0,0.013115651194104376,0.013115651194104376,0.061,0.061,-2.0786085639674976,-2.0786085639674976
2016,318,8.5,13.870337906889613,23.908247273843223,2.3979806337729537,3.584021716276856,37.13459002035888,36.27254105397681,0.16735527416683735,0.1168018555024797,0.0,-2.410902428895124,829.268828485803,20.273521666701278,False,False,4.580030627157823,0.8239941096556923,0.8867620502658491,0.0,0.0,0.010450508190706476,0.010450508190706476,0.061,0.061,-2.0786085639674976,-2.0786085639674976
2016,318,9.0,20.29880278442191,29.499013476026143,3.8468429962043498,6.092390004230763,29.443919009284702,31.818708612071838,0.23348583225861555,0.16513307333199312,0.0,-2.6185860944748907,983.4180109068939,21.142879063425006,False,False,4.580030627157823,0.797076520621151,0.8531354400315923,0.0,0.0,0.01686139519288912,0.01686139519288912,0.061,0.061,-2.0786085639674976,-2.0786085639674976
2016,318,9.5,19.88789459752184,0.0,4.327966439311345,0.0,28.48283637209698,0.0,0.21379728688695063,0.0,0.0,0.0,1641.4257225518602,0.0,False,0.0,4.580030627157823,0.797076520621151,0.8531354400315923,0.0,0.0,0.018363203831690048,0.018363203831690048,0.061,0.061,-2.0786085639674976,-2.0786085639674976
2016,318,10.0,19.19219583731986,0.0,4.6917354941293,0.0,27.675100645784795,0.0,0.19517192499659214,0.0,0.0,0.0,1983.8028576476522,0.0,False,0.0,4.580030627157823,0.797076520621151,0.8531354400315923,0.0,0.0,0.019515495332579343,0.019515495332579343,0.061,0.061,-2.0786085639674976,-2.0786085639674976
2016,318,10.5,16.842525602703088,0.0,4.280494069472848,0.0,27.471537534593494,0.0,0.16825847289068252,0.0,0.0,0.0,1700.306892218527,0.0,False,0.0,4.580030627157823,0.797076520621151,0.8531354400315923,0.0,0.0,0.016711637810530113,0.016711637810530113,0.061,0.061,-2.0786085639674976,-2.0786085639674976
2016,318,11.0,14.640341056906486,0.0,3.716513866572669,0.0,27.5516460972359,0.0,0.14633071917017218,0.0,0.0,0.0,1675.9236432450134,0.0,False,0.0,4.580030627157823,0.797076520621151,0.8531354400315923,0.0,0.0,0.014310546107304435,0.014310546107304435,0.061,0.061,-2.0786085639674976,-2.0786085639674976
2016,318,11.5,19.120317442592377,0.0,4.808123700781083,0.0,27.473132556705806,0.0,0.1919623828345017,0.0,0.0,0.0,1753.8831797064815,0.0,False,0.0,4.580030627157823,0.797076520621151,0.8531354400315923,0.0,0.0,0.009901899445682252,0.009901899445682252,0.061,0.061,-2.0786085639674976,-2.0786085639674976
2016,318,12.0,15.877826879875116,0.0,3.8564821415128576,0.0,26.976929285195904,0.0,0.15354514220652202,0.0,0.0,0.0,1734.5865620092895,0.0,False,0.0,4.580030627157823,0.797076520621151,0.8531354400315923,0.0,0.0,0.0,0.0,0.0605,0.0605,-2.196291436775014,-2.196291436775014
2016,318,12.5,18.90277528978445,0.0,4.47063476969876,0.0,27.07441951662693,0.0,0.1850107746774397,0.0,0.0,0.0,1689.406065261679,0.0,False,0.0,4.580030627157823,0.797076520621151,0.8531354400315923,0.0,0.0,0.0,0.0,0.0605,0.0605,-2.196291436775014,-2.196291436775014
2016,318,13.0,17.440821828120466,0.0,3.947497416148595,0.0,26.528979640376722,0.0,0.16467761572430625,0.0,0.0,0.0,874.3837425493557,0.0,False,0.0,4.580030627157823,0.797076520621151,0.8531354400315923,0.0,0.0,0.0,0.0,0.06,0.06,-2.321697907845493,-2.321697907845493
2016,318,13.5,15.14297020265507,0.0,3.306367257018115,0.0,26.862167274174308,0.0,0.14531570531256616,0.0,0.0,0.0,1368.007554698557,0.0,False,0.0,4.580030627157823,0.797076520621151,0.8531354400315923,0.0,0.0,0.0,0.0,0.06,0.06,-2.321697907845493,-2.321697907845493
2016,318,14.0,14.148759993154208,0.0,2.9448657937532268,0.0,27.2449098775058,0.0,0.13869373138328936,0.0,0.0,0.0,1364.2961001053825,0.0,False,0.0,4.580030627157823,0.797076520621151,0.8531354400315923,0.0,0.0,0.0,0.0,0.06,0.06,-2.321697907845493,-2.321697907845493
2016,318,14.5,12.882156768594472,0.0,2.610129476648602,0.0,27.482644599143384,0.0,0.12781583056980286,0.0,0.0,0.0,1273.9963406056527,0.0,False,0.0,4.580030627157823,0.797076520621151,0.8531354400315923,0.0,0.0,0.0,0.0,0.06,0.06,-2.321697907845493,-2.321697907845493
2016,318,15.0,1.4922451196739872,1.9907722984790635,0.31573150607136247,1.4761526603455406,27.53778804788819,39.42258402689956,0.01449936687872368,0.06867369582403277,0.0,-2.6128635179521424,27.32648453359376,27.322574602601804,False,False,4.42335542718055,0.827049355655237,0.8531354400315923,0.0,0.0,0.0,0.0,0.06,0.06,-2.321697907845493,-2.321697907845493
2016,318,15.5,4.9061248084519065,5.5487843693718055,0.9879041257218888,2.0602652579743124,27.797215646912633,35.442591938965585,0.04876368526588658,0.10311861078533088,0.0,-2.77168112346486,26.267246800660114,26.260278511872805,False,False,4.42335542718055,0.8015498098687424,0.8531354400315923,0.0,0.0,0.0,0.0,0.06,0.06,-2.321697907845493,-2.321697907845493
2016,318,16.0,3.255730451337235,3.7449681304406157,0.6673854207347072,1.621125738538538,27.721342724807513,36.4824263296255,0.0320952577773159,0.07879885233390925,0.0,-2.7187419216272875,25.553049753000316,25.55394991205493,False,False,4.42335542718055,0.8102254539908152,0.8531354400315923,0.0,0.0,0.0,0.0,0.06,0.06,-2.321697907845493,-2.321697907845493
2016,318,16.5,3.0506284008333937,3.4067441061055392,0.5887861396611377,1.1952984552183887,28.17340480339267,35.58316660547232,0.030938468003426856,0.06331537294321961,0.0,-2.665802719789715,24.680492089789322,24.68161180244922,False,False,4.42335542718055,0.8187267419281541,0.8531354400315923,0.0,0.0,0.0,0.0,0.06,0.06,-2.321697907845493,-2.321697907845493
2016,318,17.0,1.1173443508113032,1.3259183598928521,0.21394364154215012,0.7989569492305544,28.30972415303027,39.189912578892944,0.01137098731122931,0.04281341662311247,0.0,-2.6128635179521424,23.65246955478944,23.657132589965972,False,False,4.42335542718055,0.827049355655237,0.8531354400315923,0.0,0.0,0.0,0.0,0.06,0.06,-2.321697907845493,-2.321697907845493
2016,318,17.5,0.0,0.0,0.0,0.0,0.0,0.0,0.0,0.0,0.0,0.0,0.0,0.0,True,True,4.42335542718055,0.827049355655237,0.8531354400315923,0.0,0.0,0.0,0.0,0.06,0.06,-2.321697907845493,-2.321697907845493
2016.0,318.0,18.0,0.0,0.0,0.0,0.0,0.0,0.0,0.0,0.0,0.0,0.0,0.0,0.0,0.0,0.0,4.42335542718055,0.827049355655237,0.8531354400315923,0.0,0.0,0.0,0.0,0.06,0.06,-2.321697907845493,-2.321697907845493
2016.0,318.0,18.5,0.0,0.0,0.0,0.0,0.0,0.0,0.0,0.0,0.0,0.0,0.0,0.0,0.0,0.0,4.42335542718055,0.827049355655237,0.8531354400315923,0.0,0.0,0.0,0.0,0.06,0.06,-2.321697907845493,-2.321697907845493
2016.0,318.0,19.0,0.0,0.0,0.0,0.0,0.0,0.0,0.0,0.0,0.0,0.0,0.0,0.0,0.0,0.0,4.42335542718055,0.827049355655237,0.8531354400315923,0.0,0.0,0.0,0.0,0.06,0.06,-2.321697907845493,-2.321697907845493
2016.0,318.0,19.5,0.0,0.0,0.0,0.0,0.0,0.0,0.0,0.0,0.0,0.0,0.0,0.0,0.0,0.0,4.42335542718055,0.827049355655237,0.8531354400315923,0.0,0.0,0.0,0.0,0.06,0.06,-2.321697907845493,-2.321697907845493
2016.0,318.0,20.0,0.0,0.0,0.0,0.0,0.0,0.0,0.0,0.0,0.0,0.0,0.0,0.0,0.0,0.0,4.42335542718055,0.827049355655237,0.8531354400315923,0.0,0.0,0.0,0.0,0.06,0.06,-2.321697907845493,-2.321697907845493
2016.0,318.0,20.5,0.0,0.0,0.0,0.0,0.0,0.0,0.0,0.0,0.0,0.0,0.0,0.0,0.0,0.0,4.42335542718055,0.827049355655237,0.8531354400315923,0.0,0.0,0.0,0.0,0.06,0.06,-2.321697907845493,-2.321697907845493
2016.0,318.0,21.0,0.0,0.0,0.0,0.0,0.0,0.0,0.0,0.0,0.0,0.0,0.0,0.0,0.0,0.0,4.42335542718055,0.827049355655237,0.8531354400315923,0.0,0.0,0.0,0.0,0.06,0.06,-2.321697907845493,-2.321697907845493
2016.0,318.0,21.5,0.0,0.0,0.0,0.0,0.0,0.0,0.0,0.0,0.0,0.0,0.0,0.0,0.0,0.0,4.42335542718055,0.827049355655237,0.8531354400315923,0.0,0.0,0.0,0.0,0.06,0.06,-2.321697907845493,-2.321697907845493
2016.0,318.0,22.0,0.0,0.0,0.0,0.0,0.0,0.0,0.0,0.0,0.0,0.0,0.0,0.0,0.0,0.0,4.42335542718055,0.827049355655237,0.8531354400315923,0.0,0.0,0.0,0.0,0.06,0.06,-2.321697907845493,-2.321697907845493
2016.0,318.0,22.5,0.0,0.0,0.0,0.0,0.0,0.0,0.0,0.0,0.0,0.0,0.0,0.0,0.0,0.0,4.42335542718055,0.827049355655237,0.8531354400315923,0.0,0.0,0.0,0.0,0.06,0.06,-2.321697907845493,-2.321697907845493
2016.0,318.0,23.0,0.0,0.0,0.0,0.0,0.0,0.0,0.0,0.0,0.0,0.0,0.0,0.0,0.0,0.0,4.42335542718055,0.827049355655237,0.8531354400315923,0.0,0.0,0.0,0.0,0.06,0.06,-2.321697907845493,-2.321697907845493
2016.0,318.0,23.5,0.0,0.0,0.0,0.0,0.0,0.0,0.0,0.0,0.0,0.0,0.0,0.0,0.0,0.0,4.42335542718055,0.827049355655237,0.8531354400315923,0.0,0.0,0.0,0.0,0.06,0.06,-2.321697907845493,-2.321697907845493
2016.0,319.0,0.0,0.0,0.0,0.0,0.0,0.0,0.0,0.0,0.0,0.0,0.0,0.0,0.0,0.0,0.0,4.42335542718055,0.827049355655237,0.8531354400315923,0.0,0.0,0.0,0.0,0.06,0.06,-2.321697907845493,-2.321697907845493
2016.0,319.0,0.5,0.0,0.0,0.0,0.0,0.0,0.0,0.0,0.0,0.0,0.0,0.0,0.0,0.0,0.0,4.42335542718055,0.827049355655237,0.8531354400315923,0.0,0.0,0.0,0.0,0.06,0.06,-2.321697907845493,-2.321697907845493
2016.0,319.0,1.0,0.0,0.0,0.0,0.0,0.0,0.0,0.0,0.0,0.0,0.0,0.0,0.0,0.0,0.0,4.42335542718055,0.827049355655237,0.8531354400315923,0.0,0.0,0.0,0.0,0.06,0.06,-2.321697907845493,-2.321697907845493
2016.0,319.0,1.5,0.0,0.0,0.0,0.0,0.0,0.0,0.0,0.0,0.0,0.0,0.0,0.0,0.0,0.0,4.42335542718055,0.827049355655237,0.8531354400315923,0.0,0.0,0.0,0.0,0.06,0.06,-2.321697907845493,-2.321697907845493
2016.0,319.0,2.0,0.0,0.0,0.0,0.0,0.0,0.0,0.0,0.0,0.0,0.0,0.0,0.0,0.0,0.0,4.42335542718055,0.827049355655237,0.8531354400315923,0.0,0.0,0.0,0.0,0.0595,0.0595,-2.4554056988372195,-2.4554056988372195
2016.0,319.0,2.5,0.0,0.0,0.0,0.0,0.0,0.0,0.0,0.0,0.0,0.0,0.0,0.0,0.0,0.0,4.42335542718055,0.827049355655237,0.8531354400315923,0.0,0.0,0.0,0.0,0.059,0.059,-2.5980411333999887,-2.5980411333999887
2016.0,319.0,3.0,0.0,0.0,0.0,0.0,0.0,0.0,0.0,0.0,0.0,0.0,0.0,0.0,0.0,0.0,4.42335542718055,0.827049355655237,0.8531354400315923,0.0,0.0,0.0,0.0,0.0595,0.0595,-2.4554056988372195,-2.4554056988372195
2016.0,319.0,3.5,0.0,0.0,0.0,0.0,0.0,0.0,0.0,0.0,0.0,0.0,0.0,0.0,0.0,0.0,4.42335542718055,0.827049355655237,0.8531354400315923,0.0,0.0,0.0,0.0,0.059,0.059,-2.5980411333999887,-2.5980411333999887
2016.0,319.0,4.0,0.0,0.0,0.0,0.0,0.0,0.0,0.0,0.0,0.0,0.0,0.0,0.0,0.0,0.0,4.42335542718055,0.827049355655237,0.8531354400315923,0.0,0.0,0.0,0.0,0.059,0.059,-2.5980411333999887,-2.5980411333999887
2016.0,319.0,4.5,0.0,0.0,0.0,0.0,0.0,0.0,0.0,0.0,0.0,0.0,0.0,0.0,0.0,0.0,4.42335542718055,0.827049355655237,0.8531354400315923,0.0,0.0,0.0,0.0,0.059,0.059,-2.5980411333999887,-2.5980411333999887
2016.0,319.0,5.0,0.0,0.0,0.0,0.0,0.0,0.0,0.0,0.0,0.0,0.0,0.0,0.0,0.0,0.0,4.42335542718055,0.827049355655237,0.8531354400315923,0.0,0.0,0.0,0.0,0.059,0.059,-2.5980411333999887,-2.5980411333999887
2016,319,5.5,0.0,0.0,0.0,0.0,0.0,0.0,0.0,0.0,0.0,0.0,0.0,0.0,True,True,4.219275582940734,0.827049355655237,0.8531354400315923,0.0,0.0,0.0,0.0,0.059,0.059,-2.5980411333999887,-2.5980411333999887
2016,319,6.0,1.9042881922812174,1.9891026347749485,0.16606579813477806,0.30392721804372214,31.89206326367892,37.55863720022551,0.025312986297297693,0.046657965931622754,0.0,-2.748526782363325,17.171392338337494,17.177733392478373,False,False,4.219275582940734,0.8053654949336422,0.8531354400315923,0.0,0.0,0.0,0.0,0.059,0.059,-2.5980411333999887,-2.5980411333999887
2016,319,6.5,2.581391528446505,2.7001048318403953,0.2291423656651864,0.4232439241571022,31.739881826098017,37.54046962224237,0.033964516550446876,0.06332487816241165,0.0,-2.748526782363325,17.199942032227554,17.20985979295926,False,False,4.219275582940734,0.8053654949336422,0.8531354400315923,0.0,0.0,0.0,0.0,0.059,0.059,-2.5980411333999887,-2.5980411333999887
2016,319,7.0,12.004336041535295,0.0,1.3263912914328198,0.0,36.91150043863723,0.0,0.13987851203722335,0.0,0.0,0.0,504.7119366944846,0.0,False,0.0,4.219275582940734,0.8053654949336422,0.8531354400315923,0.0,0.0,0.0,0.0,0.059,0.059,-2.5980411333999887,-2.5980411333999887
2016,319,7.5,6.421004421815613,0.0,0.7302094459656578,0.0,29.881836268758413,0.0,0.07380496801885329,0.0,0.0,0.0,413.0011313070518,0.0,False,0.0,4.219275582940734,0.8053654949336422,0.8531354400315923,0.0,0.0,0.0,0.0,0.059,0.059,-2.5980411333999887,-2.5980411333999887
2016,319,8.0,16.869067822753497,24.88802468399083,2.2051993067276277,4.321285680565109,36.238376346263784,32.99781510699064,0.18052230994459778,0.1774181202698592,0.0,-3.0244171387961076,721.2956355922283,22.000034706425193,False,False,4.219275582940734,0.7349455924112732,0.7799967523776593,0.0,0.0,0.0,0.0,0.059,0.059,-2.5980411333999887,-2.5980411333999887
2016,319,8.5,13.36597016635844,23.270536464269693,1.853834201662945,3.8922351708652765,28.21938836816788,31.981464438562362,0.13909989312598073,0.1325808041989522,0.0,-2.9742552558083286,671.7931139894267,18.305302608506036,False,False,4.219275582940734,0.7487978228390235,0.7843166122056295,0.0,0.0,0.0,0.0,0.059,0.059,-2.5980411333999887,-2.5980411333999887
2016,319,9.0,12.96970423567612,21.486215167791894,1.7882196004898203,4.139379681851125,28.28004386926355,33.233421045083546,0.13521273242248374,0.15729538616640082,0.0,-2.9867957265552736,680.0544360482353,22.89940064006932,False,False,4.219275582940734,0.7533535351172321,0.7756414579817368,0.0,0.0,0.0,0.0,0.059,0.059,-2.5980411333999887,-2.5980411333999887
2016,319,9.5,21.91866621663809,21.853136496578635,3.1511075430882665,3.044880837631377,35.81556308892603,27.495439855178102,0.2243073113403314,0.21605199162051802,0.0,-3.174902787759444,852.5318254669103,23.386086461312452,False,False,4.219275582940734,0.7302686323184221,0.7302686323184221,0.0,0.0,0.0,0.0,0.059,0.059,-2.5980411333999887,-2.5980411333999887
2016,319,10.0,19.749468494669685,20.138001336141347,2.8831178452216943,3.147060191960072,27.645678822413558,29.023561130891096,0.2004724143396414,0.21964123412310035,0.0,-3.1874432585063883,730.6754864137401,23.316436038954144,False,False,4.219275582940734,0.7302686323184221,0.725562994239756,0.0,0.0,0.0,0.0,0.059,0.059,-2.5980411333999887,-2.5980411333999887
2016,319,10.5,21.115904623516137,21.598045130878347,3.3647389978604743,3.7378067476543717,26.964247560234455,28.48264074727831,0.20626253687692125,0.23155714773958544,0.0,-3.250145612241112,910.6300879460424,24.774516392117555,False,False,4.219275582940734,0.7112807697785757,0.7208293496952011,0.0,0.0,0.0,0.0,0.059,0.059,-2.5980411333999887,-2.5980411333999887
2016,319,11.0,13.095290208943144,21.344654229513967,2.052395475114306,4.592572584591802,35.64546328181735,32.393218895800025,0.1286661720957592,0.14433428006500698,0.0,-3.0244171387961076,837.3035814443335,24.402743569098135,False,False,4.219275582940734,0.7487978228390235,0.7668268265318353,0.0,0.0,0.0,0.0,0.059,0.059,-2.5980411333999887,-2.5980411333999887
2016,319,11.5,15.304101588490845,24.0112199439135,2.4030012244021406,4.968449995581644,35.602821517313,31.89301568227369,0.15041510116346396,0.15589566894340368,0.0,-3.0620385510369417,811.7005613286736,24.23934063041687,False,False,4.219275582940734,0.7442108367446769,0.7578773483390965,0.0,0.0,0.0,0.0,0.059,0.059,-2.5980411333999887,-2.5980411333999887
2016,319,12.0,10.766604751946382,0.0,1.6548800674506638,0.0,35.754443247055185,0.0,0.10671392521614934,0.0,0.0,0.0,729.0978259082978,0.0,False,0.0,4.219275582940734,0.7442108367446769,0.7578773483390965,0.0,0.0,0.0,0.0,0.059,0.059,-2.5980411333999887,-2.5980411333999887
2016,319,12.5,13.47035389303845,21.873340520467583,2.115131404077418,4.7100504630462305,35.63292621325935,32.37345135447402,0.1322484384746728,0.14781731393487244,0.0,-3.036957609543052,780.3148456846795,24.02489381805186,False,False,4.219275582940734,0.7487978228390235,0.7623686471972565,0.0,0.0,0.0,0.0,0.059,0.059,-2.5980411333999887,-2.5980411333999887
2016,319,13.0,14.888708756890345,23.462411109792235,2.4187219421499053,5.090913302121856,35.48484255328644,31.874163840424647,0.1439804034434908,0.15200911501338882,0.0,-3.074579021783886,911.4241099303161,24.77150047716303,False,False,4.219275582940734,0.7395932117878049,0.7578773483390965,0.0,0.0,0.0,0.0,0.059,0.059,-2.5980411333999887,-2.5980411333999887
2016,319,13.5,7.252413429335448,7.868854805439431,1.0932446149448238,1.8177275261635975,27.917956342891525,33.81003534822708,0.07196310969132658,0.12022376483604842,0.0,-2.92409337282055,23.19970512,23.160018736430583,False,False,4.219275582940734,0.7756414579817368,0.7578773483390965,0.0,0.0,0.0,0.0,0.059,0.059,-2.5980411333999887,-2.5980411333999887
2016,319,14.0,9.119178037322,0.0,1.362895063848282,0.0,27.926507441522965,0.0,0.04578248368617478,0.0,0.0,0.0,23.454183275972092,0.0,False,0.0,4.219275582940734,0.7756414579817368,0.7578773483390965,0.0,0.0,0.0,0.0,0.059,0.059,-2.5980411333999887,-2.5980411333999887
2016,319,14.5,5.956320955893193,6.484688219473051,0.8286748406106593,1.5469303498086546,28.53401456969694,35.19531858289629,0.06146431616877621,0.11610792954793842,0.0,-2.899012431326661,23.04223824,23.04240701689472,False,False,4.219275582940734,0.7799967523776593,0.7578773483390965,0.0,0.0,0.0,0.0,0.059,0.059,-2.5980411333999887,-2.5980411333999887
2016,319,15.0,4.769222879386383,5.129948474771773,0.5662380056051994,1.096286047110991,29.646531079178864,36.43161521230832,0.0535609789087414,0.10453848733882025,0.0,-2.823769606844993,20.78271160753692,20.766239973628544,False,False,4.219275582940734,0.7928478339824944,0.7578773483390965,0.0,0.0,0.0,0.0,0.059,0.059,-2.5980411333999887,-2.5980411333999887
2016,319,15.5,1.388670660233951,1.565248139459559,0.1558256186763193,0.5637460848583354,30.167251530305,39.998356025522156,0.016092954724746297,0.058853906588788744,0.0,-2.7234458408694353,20.025293746082244,20.03916523757873,False,False,4.219275582940734,0.8094615711616209,0.7578773483390965,0.0,0.0,0.0,0.0,0.059,0.059,-2.5980411333999887,-2.5980411333999887
2016.0,319.0,16.0,0.0,0.0,0.0,0.0,0.0,0.0,0.0,0.0,0.0,0.0,0.0,0.0,0.0,0.0,4.219275582940734,0.8094615711616209,0.7578773483390965,0.0,0.0,0.0,0.0,0.059,0.059,-2.5980411333999887,-2.5980411333999887
2016,319,16.5,0.0,0.0,0.0,0.0,0.0,0.0,0.0,0.0,0.0,0.0,0.0,0.0,True,True,4.219275582940734,0.8094615711616209,0.7578773483390965,0.0,0.0,0.0,0.0,0.059,0.059,-2.5980411333999887,-2.5980411333999887
2016.0,319.0,17.0,0.0,0.0,0.0,0.0,0.0,0.0,0.0,0.0,0.0,0.0,0.0,0.0,0.0,0.0,4.219275582940734,0.8094615711616209,0.7578773483390965,0.0,0.0,0.0,0.0,0.059,0.059,-2.5980411333999887,-2.5980411333999887
2016.0,319.0,17.5,0.0,0.0,0.0,0.0,0.0,0.0,0.0,0.0,0.0,0.0,0.0,0.0,0.0,0.0,4.219275582940734,0.8094615711616209,0.7578773483390965,0.0,0.0,0.0,0.0,0.059,0.059,-2.5980411333999887,-2.5980411333999887
2016.0,319.0,18.0,0.0,0.0,0.0,0.0,0.0,0.0,0.0,0.0,0.0,0.0,0.0,0.0,0.0,0.0,4.219275582940734,0.8094615711616209,0.7578773483390965,0.0,0.0,0.0,0.0,0.059,0.059,-2.5980411333999887,-2.5980411333999887
2016.0,319.0,18.5,0.0,0.0,0.0,0.0,0.0,0.0,0.0,0.0,0.0,0.0,0.0,0.0,0.0,0.0,4.219275582940734,0.8094615711616209,0.7578773483390965,0.0,0.0,0.0,0.0,0.059,0.059,-2.5980411333999887,-2.5980411333999887
2016.0,319.0,19.0,0.0,0.0,0.0,0.0,0.0,0.0,0.0,0.0,0.0,0.0,0.0,0.0,0.0,0.0,4.219275582940734,0.8094615711616209,0.7578773483390965,0.0,0.0,0.0,0.0,0.059,0.059,-2.5980411333999887,-2.5980411333999887
2016.0,319.0,19.5,0.0,0.0,0.0,0.0,0.0,0.0,0.0,0.0,0.0,0.0,0.0,0.0,0.0,0.0,4.219275582940734,0.8094615711616209,0.7578773483390965,0.0,0.0,0.0,0.0,0.059,0.059,-2.5980411333999887,-2.5980411333999887
2016.0,319.0,20.0,0.0,0.0,0.0,0.0,0.0,0.0,0.0,0.0,0.0,0.0,0.0,0.0,0.0,0.0,4.219275582940734,0.8094615711616209,0.7578773483390965,0.0,0.0,0.0,0.0,0.059,0.059,-2.5980411333999887,-2.5980411333999887
2016.0,319.0,20.5,0.0,0.0,0.0,0.0,0.0,0.0,0.0,0.0,0.0,0.0,0.0,0.0,0.0,0.0,4.219275582940734,0.8094615711616209,0.7578773483390965,0.0,0.0,0.0,0.0,0.059,0.059,-2.5980411333999887,-2.5980411333999887
2016.0,319.0,21.0,0.0,0.0,0.0,0.0,0.0,0.0,0.0,0.0,0.0,0.0,0.0,0.0,0.0,0.0,4.219275582940734,0.8094615711616209,0.7578773483390965,0.0,0.0,0.0,0.0,0.059,0.059,-2.5980411333999887,-2.5980411333999887
2016.0,319.0,21.5,0.0,0.0,0.0,0.0,0.0,0.0,0.0,0.0,0.0,0.0,0.0,0.0,0.0,0.0,4.219275582940734,0.8094615711616209,0.7578773483390965,0.0,0.0,0.0,0.0,0.059,0.059,-2.5980411333999887,-2.5980411333999887
2016.0,319.0,22.0,0.0,0.0,0.0,0.0,0.0,0.0,0.0,0.0,0.0,0.0,0.0,0.0,0.0,0.0,4.219275582940734,0.8094615711616209,0.7578773483390965,0.0,0.0,0.0,0.0,0.059,0.059,-2.5980411333999887,-2.5980411333999887
2016.0,319.0,22.5,0.0,0.0,0.0,0.0,0.0,0.0,0.0,0.0,0.0,0.0,0.0,0.0,0.0,0.0,4.219275582940734,0.8094615711616209,0.7578773483390965,0.0,0.0,0.0,0.0,0.0585,0.0585,-2.750283687153001,-2.750283687153001
2016.0,319.0,23.0,0.0,0.0,0.0,0.0,0.0,0.0,0.0,0.0,0.0,0.0,0.0,0.0,0.0,0.0,4.219275582940734,0.8094615711616209,0.7578773483390965,0.0,0.0,0.0,0.0,0.0585,0.0585,-2.750283687153001,-2.750283687153001
2016.0,319.0,23.5,0.0,0.0,0.0,0.0,0.0,0.0,0.0,0.0,0.0,0.0,0.0,0.0,0.0,0.0,4.219275582940734,0.8094615711616209,0.7578773483390965,0.0,0.0,0.0,0.0,0.058,0.058,-2.912871007557862,-2.912871007557862
2016.0,320.0,0.0,0.0,0.0,0.0,0.0,0.0,0.0,0.0,0.0,0.0,0.0,0.0,0.0,0.0,0.0,4.219275582940734,0.8094615711616209,0.7578773483390965,0.0,0.0,0.0,0.0,0.058,0.058,-2.912871007557862,-2.912871007557862
2016.0,320.0,0.5,0.0,0.0,0.0,0.0,0.0,0.0,0.0,0.0,0.0,0.0,0.0,0.0,0.0,0.0,4.219275582940734,0.8094615711616209,0.7578773483390965,0.0,0.0,0.0,0.0,0.058,0.058,-2.912871007557862,-2.912871007557862
2016.0,320.0,1.0,0.0,0.0,0.0,0.0,0.0,0.0,0.0,0.0,0.0,0.0,0.0,0.0,0.0,0.0,4.219275582940734,0.8094615711616209,0.7578773483390965,0.0,0.0,0.0,0.0,0.058,0.058,-2.912871007557862,-2.912871007557862
2016.0,320.0,1.5,0.0,0.0,0.0,0.0,0.0,0.0,0.0,0.0,0.0,0.0,0.0,0.0,0.0,0.0,4.219275582940734,0.8094615711616209,0.7578773483390965,0.0,0.0,0.0,0.0,0.058,0.058,-2.912871007557862,-2.912871007557862
2016.0,320.0,2.0,0.0,0.0,0.0,0.0,0.0,0.0,0.0,0.0,0.0,0.0,0.0,0.0,0.0,0.0,4.219275582940734,0.8094615711616209,0.7578773483390965,0.0,0.0,0.0,0.0,0.058,0.058,-2.912871007557862,-2.912871007557862
2016.0,320.0,2.5,0.0,0.0,0.0,0.0,0.0,0.0,0.0,0.0,0.0,0.0,0.0,0.0,0.0,0.0,4.219275582940734,0.8094615711616209,0.7578773483390965,0.0,0.0,0.0,0.0,0.058,0.058,-2.912871007557862,-2.912871007557862
2016.0,320.0,3.0,0.0,0.0,0.0,0.0,0.0,0.0,0.0,0.0,0.0,0.0,0.0,0.0,0.0,0.0,4.219275582940734,0.8094615711616209,0.7578773483390965,0.0,0.0,0.0,0.0,0.058,0.058,-2.912871007557862,-2.912871007557862
2016.0,320.0,3.5,0.0,0.0,0.0,0.0,0.0,0.0,0.0,0.0,0.0,0.0,0.0,0.0,0.0,0.0,4.219275582940734,0.8094615711616209,0.7578773483390965,0.0,0.0,0.0,0.0,0.058,0.058,-2.912871007557862,-2.912871007557862
2016.0,320.0,4.0,0.0,0.0,0.0,0.0,0.0,0.0,0.0,0.0,0.0,0.0,0.0,0.0,0.0,0.0,4.219275582940734,0.8094615711616209,0.7578773483390965,0.0,0.0,0.0,0.0,0.058,0.058,-2.912871007557862,-2.912871007557862
2016.0,320.0,4.5,0.0,0.0,0.0,0.0,0.0,0.0,0.0,0.0,0.0,0.0,0.0,0.0,0.0,0.0,4.219275582940734,0.8094615711616209,0.7578773483390965,0.0,0.0,0.0,0.0,0.058,0.058,-2.912871007557862,-2.912871007557862
2016.0,320.0,5.0,0.0,0.0,0.0,0.0,0.0,0.0,0.0,0.0,0.0,0.0,0.0,0.0,0.0,0.0,4.219275582940734,0.8094615711616209,0.7578773483390965,0.0,0.0,0.0,0.0,0.058,0.058,-2.912871007557862,-2.912871007557862
2016,320,5.5,0.0,0.0,0.0,0.0,0.0,0.0,0.0,0.0,0.0,0.0,0.0,0.0,True,True,3.9559866705066504,0.8094615711616209,0.7578773483390965,0.0,0.0,0.0,0.0,0.058,0.058,-2.912871007557862,-2.912871007557862
2016,320,6.0,2.6421314707910866,2.6928790671720715,0.0798636366821971,0.13512865367347313,36.384143037542394,40.052858252844615,0.05648746392388367,0.09659368806341238,0.0,-2.9833676530321247,14.604829552973163,14.600792878083535,False,False,3.9559866705066504,0.7652109510069196,0.7578773483390965,0.0,0.0,0.0,0.0,0.058,0.058,-2.912871007557862,-2.912871007557862
2016,320,6.5,6.063456592582105,0.0,0.237533100512153,0.0,34.947343063646734,0.0,0.054283040387357775,0.0,0.0,0.0,15.25059661458187,0.0,False,0.0,3.9559866705066504,0.7652109510069196,0.7578773483390965,0.0,0.0,0.0,0.0,0.058,0.058,-2.912871007557862,-2.912871007557862
2016,320,7.0,4.622473471483708,4.7646685768314665,0.2190013143083418,0.3875728425529183,33.70258659460146,38.60400955126552,0.07328717885267787,0.1320501357816329,0.0,-3.0303654166816334,15.554969389191506,15.54711543271288,False,False,3.9559866705066504,0.7568073844510842,0.7578773483390965,0.0,0.0,0.0,0.0,0.058,0.058,-2.912871007557862,-2.912871007557862
2016,320,7.5,6.471256407005212,6.660061686193723,0.3568904657237191,0.5407484906407395,32.67440933196234,36.91891771485755,0.09328961197392048,0.14316384619312167,0.0,-3.0538642985063875,16.16500379020649,16.161345973193328,False,False,3.9559866705066504,0.7525627292383227,0.7578773483390965,0.0,0.0,0.0,0.0,0.058,0.058,-2.912871007557862,-2.912871007557862
2016,320,8.0,0.0,0.0,0.0,0.0,0.0,0.0,0.0,0.0,0.0,0.0,0.0,0.0,True,0.0,3.9559866705066504,0.7525627292383227,0.7578773483390965,0.0,0.0,0.0,0.0,0.058,0.058,-2.912871007557862,-2.912871007557862
2016,320,8.5,10.262246609327892,0.0,0.6393256407427943,0.0,31.732421877852946,0.0,0.13746559243170076,0.0,0.0,0.0,176.65952963688642,0.0,False,0.0,3.9559866705066504,0.7525627292383227,0.7578773483390965,0.0,0.0,0.0,0.0,0.058,0.058,-2.912871007557862,-2.912871007557862
2016,320,9.0,9.550935484418021,0.0,0.6665771640841506,0.0,30.99075535233692,0.0,0.12022876435990659,0.0,0.0,0.0,256.5324794549304,0.0,False,0.0,3.9559866705066504,0.7525627292383227,0.7578773483390965,0.0,0.0,0.0,0.0,0.058,0.058,-2.912871007557862,-2.912871007557862
2016,320,9.5,17.481198056336837,0.0,1.297037809878615,0.0,30.278939701880333,0.0,0.21229765787711793,0.0,0.0,0.0,339.85238666676423,0.0,False,0.0,3.9559866705066504,0.7525627292383227,0.7578773483390965,0.0,0.0,0.0,0.0,0.058,0.058,-2.912871007557862,-2.912871007557862
2016,320,10.0,17.510392541435333,25.62391732887626,1.4572659974226034,2.6085417006548948,29.48680401212258,32.2954202150757,0.20015663322118998,1.2193851175163657,0.0,-3.2771036758415537,386.0595078674248,22.53817610285004,False,False,3.9559866705066504,0.7176450522093093,0.704146616733641,0.0,0.0,0.0,0.0,0.058,0.058,-2.912871007557862,-2.912871007557862
2016,320,10.5,21.27493757091421,28.970265657380068,2.0371594177611043,3.238469946720649,36.15726324989101,31.34044914949385,0.22730557909880011,1.002314083699102,0.0,-3.371099203140571,472.2942172990928,23.99283919534794,False,False,3.9559866705066504,0.6996026541114927,0.6858455458831787,0.0,0.0,0.0,0.0,0.058,0.058,-2.912871007557862,-2.912871007557862
2016,320,11.0,12.07144738935205,0.0,1.2372973836500647,0.0,36.064072169127826,0.0,0.12492246974485094,0.0,0.0,0.0,443.38393723526696,0.0,False,0.0,3.9559866705066504,0.6996026541114927,0.6858455458831787,0.0,0.0,0.0,0.0,0.058,0.058,-2.912871007557862,-2.912871007557862
2016,320,11.5,19.993567052240497,0.0,2.104752226414049,0.0,35.83838248939404,0.0,0.20430742103476968,0.0,0.0,0.0,588.7022120540585,0.0,False,0.0,3.9559866705066504,0.6996026541114927,0.6858455458831787,0.0,0.0,0.0,0.0,0.058,0.058,-2.912871007557862,-2.912871007557862
2016,320,12.0,19.81242547614391,0.0,2.163405484858641,0.0,35.7087971700015,0.0,0.19909278809295947,0.0,0.0,0.0,653.8095285663912,0.0,False,0.0,3.9559866705066504,0.6996026541114927,0.6858455458831787,0.0,0.0,0.0,0.0,0.058,0.058,-2.912871007557862,-2.912871007557862
2016,320,12.5,22.548324400319107,0.0,2.607735302264349,0.0,35.457567690651906,0.0,0.22084521050999803,0.0,0.0,0.0,792.2065483871648,0.0,False,0.0,3.9559866705066504,0.6996026541114927,0.6858455458831787,0.0,0.0,0.0,0.0,0.058,0.058,-2.912871007557862,-2.912871007557862
2016,320,13.0,20.293558987592235,20.869689889753253,2.4443743839540204,2.803651747784078,26.743974003242624,28.697578045751694,0.19496865418293186,0.2261385117474839,0.0,-3.4533452895272108,846.46740371794,23.276451406211425,False,False,3.9559866705066504,0.6765757917207137,0.6765757917207137,0.0,0.0,0.0,0.0,0.058,0.058,-2.912871007557862,-2.912871007557862
2016,320,13.5,16.032385551469755,0.0,1.9998602044830633,0.0,26.614495061652097,0.0,0.15178665324599955,0.0,0.0,0.0,951.9474283178442,0.0,False,0.0,3.9559866705066504,0.6765757917207137,0.6765757917207137,0.0,0.0,0.0,0.0,0.058,0.058,-2.912871007557862,-2.912871007557862
2016,320,14.0,11.888085125271989,20.258390434369726,1.4295437164957074,3.64276723086457,35.482829943276066,33.089363229482515,0.11420531048678688,0.14695714419185985,0.0,-3.2771036758415537,849.0634373998598,23.297384969145767,False,False,3.9559866705066504,0.6996026541114927,0.7220981251380935,0.0,0.0,0.0,0.0,0.058,0.058,-2.912871007557862,-2.912871007557862
2016,320,14.5,6.617973389980273,7.249643849770979,0.6986366253846875,1.3565771663222124,28.14226672092683,35.40739387219692,0.06746561631190429,0.13343182286121,0.0,-3.1948575894549136,22.835427434718962,22.820741276908663,False,False,3.9559866705066504,0.7265270498717621,0.7220981251380935,0.0,0.0,0.0,0.0,0.058,0.058,-2.912871007557862,-2.912871007557862
2016,320,15.0,3.797992021930847,4.229959474283031,0.39225858929174995,0.9622364014230135,28.44530925930349,37.22017309885279,0.03896791662016858,0.09674998687434092,0.0,-3.124360943980651,22.00264883,21.997800932217306,False,False,3.9559866705066504,0.7396633913523095,0.7220981251380935,0.0,0.0,0.0,0.0,0.058,0.058,-2.912871007557862,-2.912871007557862
2016,320,15.5,5.3189465644686615,5.781834016985648,0.5536252918197723,1.0725868653562431,28.280579100309282,35.55346681885807,0.05467314955401486,0.10756404606841818,0.0,-3.1713587076301595,21.483283479304156,21.486338245320567,False,False,3.9559866705066504,0.7309312687255104,0.7220981251380935,0.0,0.0,0.0,0.0,0.058,0.058,-2.912871007557862,-2.912871007557862
2016,320,16.0,3.8072880154263093,4.159071056887522,0.3864572540018115,0.7847328150844797,28.585454573163425,36.08094416638872,0.039419604574596256,0.0810823020234001,0.0,-3.124360943980651,21.58613729,21.57755534887098,False,False,3.9559866705066504,0.7396633913523095,0.7220981251380935,0.0,0.0,0.0,0.0,0.058,0.058,-2.912871007557862,-2.912871007557862
2016,320,16.5,2.4023813227448727,2.6270246993218764,0.21700432587961535,0.5211544817211411,29.432506451428413,37.78306301810491,0.026439845136540466,0.06411775125868005,0.0,-3.077363180331142,20.37063931745996,20.369558274663838,False,False,3.9559866705066504,0.748290167151844,0.7220981251380935,0.0,0.0,0.0,0.0,0.058,0.058,-2.912871007557862,-2.912871007557862
2016,320,17.0,0.0,0.0,0.0,0.0,0.0,0.0,0.0,0.0,0.0,0.0,0.0,0.0,True,True,3.9559866705066504,0.748290167151844,0.7220981251380935,0.0,0.0,0.0,0.0,0.058,0.058,-2.912871007557862,-2.912871007557862
2016,320,17.5,0.0,0.0,0.0,0.0,0.0,0.0,0.0,0.0,0.0,0.0,0.0,0.0,True,True,3.9559866705066504,0.748290167151844,0.7220981251380935,0.0,0.0,0.0,0.0,0.058,0.058,-2.912871007557862,-2.912871007557862
2016.0,320.0,18.0,0.0,0.0,0.0,0.0,0.0,0.0,0.0,0.0,0.0,0.0,0.0,0.0,0.0,0.0,3.9559866705066504,0.748290167151844,0.7220981251380935,0.0,0.0,0.0,0.0,0.058,0.058,-2.912871007557862,-2.912871007557862
2016.0,320.0,18.5,0.0,0.0,0.0,0.0,0.0,0.0,0.0,0.0,0.0,0.0,0.0,0.0,0.0,0.0,3.9559866705066504,0.748290167151844,0.7220981251380935,0.0,0.0,0.0,0.0,0.058,0.058,-2.912871007557862,-2.912871007557862
2016.0,320.0,19.0,0.0,0.0,0.0,0.0,0.0,0.0,0.0,0.0,0.0,0.0,0.0,0.0,0.0,0.0,3.9559866705066504,0.748290167151844,0.7220981251380935,0.0,0.0,0.0,0.0,0.058,0.058,-2.912871007557862,-2.912871007557862
2016.0,320.0,19.5,0.0,0.0,0.0,0.0,0.0,0.0,0.0,0.0,0.0,0.0,0.0,0.0,0.0,0.0,3.9559866705066504,0.748290167151844,0.7220981251380935,0.0,0.0,0.0,0.0,0.058,0.058,-2.912871007557862,-2.912871007557862
2016.0,320.0,20.0,0.0,0.0,0.0,0.0,0.0,0.0,0.0,0.0,0.0,0.0,0.0,0.0,0.0,0.0,3.9559866705066504,0.748290167151844,0.7220981251380935,0.0,0.0,0.0,0.0,0.058,0.058,-2.912871007557862,-2.912871007557862
2016.0,320.0,20.5,0.0,0.0,0.0,0.0,0.0,0.0,0.0,0.0,0.0,0.0,0.0,0.0,0.0,0.0,3.9559866705066504,0.748290167151844,0.7220981251380935,0.0,0.0,0.0,0.0,0.058,0.058,-2.912871007557862,-2.912871007557862
2016.0,320.0,21.0,0.0,0.0,0.0,0.0,0.0,0.0,0.0,0.0,0.0,0.0,0.0,0.0,0.0,0.0,3.9559866705066504,0.748290167151844,0.7220981251380935,0.0,0.0,0.0,0.0,0.058,0.058,-2.912871007557862,-2.912871007557862
2016.0,320.0,21.5,0.0,0.0,0.0,0.0,0.0,0.0,0.0,0.0,0.0,0.0,0.0,0.0,0.0,0.0,3.9559866705066504,0.748290167151844,0.7220981251380935,0.0,0.0,0.0,0.0,0.058,0.058,-2.912871007557862,-2.912871007557862
2016.0,320.0,22.0,0.0,0.0,0.0,0.0,0.0,0.0,0.0,0.0,0.0,0.0,0.0,0.0,0.0,0.0,3.9559866705066504,0.748290167151844,0.7220981251380935,0.0,0.0,0.0,0.0,0.058,0.058,-2.912871007557862,-2.912871007557862
2016.0,320.0,22.5,0.0,0.0,0.0,0.0,0.0,0.0,0.0,0.0,0.0,0.0,0.0,0.0,0.0,0.0,3.9559866705066504,0.748290167151844,0.7220981251380935,0.0,0.0,0.0,0.0,0.058,0.058,-2.912871007557862,-2.912871007557862
2016.0,320.0,23.0,0.0,0.0,0.0,0.0,0.0,0.0,0.0,0.0,0.0,0.0,0.0,0.0,0.0,0.0,3.9559866705066504,0.748290167151844,0.7220981251380935,0.0,0.0,0.0,0.0,0.058,0.058,-2.912871007557862,-2.912871007557862
2016.0,320.0,23.5,0.0,0.0,0.0,0.0,0.0,0.0,0.0,0.0,0.0,0.0,0.0,0.0,0.0,0.0,3.9559866705066504,0.748290167151844,0.7220981251380935,0.0,0.0,0.0,0.0,0.058,0.058,-2.912871007557862,-2.912871007557862
